,Order_ID,Product_ID,Product_Category,Product_Name,Region,City,Supplier_ID,Supplier_Lead_Time_Days,Warehouse_ID,Current_Inventory,Previous_Day_Sales,Previous_7_Days_Sales,Previous_30_Days_Sales,Average_Daily_Sales,Unit_Price,Discount_Percentage,Promotion,Holiday,Season,Weather,Competitor_Price,Stockout_Days,Delivery_Delay_Days,Transportation_Cost,Customer_Return_Rate,Demand_Quantity,Order_Year,Order_Month,Order_Day,Order_DayOfWeek
0,ORD100000,P-BEA-004,Beauty,Talcum Powder,North,Delhi,SUP-034,4.0,WH-NO-05,310.0,16.0,169.0,533.0,22.23,1023.28,8.0,No,No,Summer,Sunny,1033.61,0.0,21.0,218.83,0.129,22,2024,4,2,1
1,ORD100001,P-CLO-006,Clothing,Cotton Saree,West,Surat,SUP-019,13.0,WH-WE-04,100.0,21.0,127.0,488.0,16.42,574.07,3.9,Yes,No,Spring,Sunny,618.38,0.0,2.0,476.26,0.021,29,2023,2,19,6
2,ORD100002,P-BEA-013,Beauty,Lipstick Set,West,Pune,SUP-028,11.0,WH-WE-02,120.0,30.0,136.0,642.0,21.96,775.39,21.2,No,No,Summer,Sunny,749.79,0.0,1.0,379.62,0.023,20,2024,3,14,3
3,ORD100003,P-FUR-002,Furniture,Study Table,North,Jaipur,SUP-039,2.0,WH-NO-05,156.0,6.0,41.0,238.0,6.76,7612.19,20.2,No,Yes,Autumn,Rainy,7279.16,0.0,,440.4,0.048,9,2021,10,26,1
4,ORD100004,P-ELE-002,Electronics,Smartphone Charger,North,Chandigarh,SUP-002,4.0,WH-NO-05,220.0,15.0,64.0,363.0,12.74,5600.06,13.1,No,No,Winter,Sunny,5218.89,0.0,1.0,239.47,0.072,10,2022,1,27,3
5,ORD100005,P-SPO-005,Sports,Football,South,Chennai,SUP-005,3.0,WH-SO-01,58.0,11.0,56.0,329.0,10.65,3072.38,9.6,Yes,No,Summer,Rainy,3564.05,1.0,0.0,253.36,0.078,13,2021,5,9,6
6,ORD100006,P-BEA-010,Beauty,Lipstick Set,West,Ahmedabad,SUP-037,16.0,WH-WE-01,345.0,36.0,181.0,868.0,30.25,1027.41,10.3,No,No,Autumn,Rainy,1150.14,0.0,1.0,368.05,0.164,36,2023,9,14,3
7,ORD100007,P-BEA-013,Beauty,Talcum Powder,East,Kolkata,SUP-023,5.0,WH-EA-02,431.0,27.0,132.0,485.0,19.85,459.05,3.2,No,No,Winter,Sunny,448.22,0.0,1.0,258.87,0.099,23,2023,12,7,3
8,ORD100008,P-ELE-009,Electronics,Wireless Earbuds,West,Surat,SUP-025,9.0,WH-WE-04,102.0,8.0,91.0,346.0,11.62,5957.28,18.0,No,No,Spring,Cloudy,6519.78,0.0,1.0,347.3,0.025,13,2022,2,19,5
9,ORD100009,P-CLO-008,Clothing,Kids Winter Jacket,South,Chennai,SUP-014,11.0,WH-SO-03,412.0,13.0,151.0,603.0,19.69,518.33,0.3,No,No,Autumn,Sunny,496.51,0.0,1.0,373.85,0.111,24,2022,7,16,5
10,ORD100010,P-GRO-014,Grocery,Wheat Flour 5kg,North,Lucknow,SUP-034,4.0,WH-NO-03,139.0,26.0,238.0,898.0,31.7,389.1,7.3,No,No,Summer,Sunny,384.26,0.0,4.0,419.7,0.072,22,2023,4,12,2
11,ORD100011,P-SPO-003,Sports,Cricket Bat,East,Kolkata,SUP-026,4.0,WH-EA-03,101.0,9.0,70.0,305.0,10.37,4874.94,6.8,No,No,Winter,Sunny,4461.56,0.0,0.0,199.16,0.083,11,2024,1,10,2
12,ORD100012,P-FUR-014,Furniture,Foldable Bed,North,Lucknow,SUP-011,24.0,WH-NO-03,138.0,9.0,79.0,277.0,8.45,15719.15,26.5,No,No,Summer,Sunny,13401.37,0.0,1.0,597.4,0.107,8,2022,3,19,5
13,ORD100013,P-BEA-005,Beauty,Hair Oil 250ml,West,Pune,SUP-026,4.0,WH-WE-04,352.0,29.0,164.0,832.0,28.54,1147.17,19.4,Yes,No,Winter,Cloudy,1093.92,0.0,0.0,281.43,0.117,34,2022,12,15,3
14,ORD100014,P-CLO-005,Clothing,Woolen Sweater,North,Lucknow,SUP-001,4.0,WH-NO-01,540.0,25.0,183.0,916.0,27.1,1227.01,19.9,No,No,Autumn,Cloudy,1185.29,0.0,0.0,241.25,0.095,31,2021,9,29,2
15,ORD100015,P-GRO-015,Grocery,Tea Powder 500g,South,Kochi,SUP-010,6.0,WH-SO-03,906.0,43.0,322.0,1341.0,43.76,106.65,18.9,No,No,Summer,Cloudy,110.29,0.0,0.0,295.01,0.095,46,2024,3,29,4
16,ORD100016,P-CLO-010,Clothing,Denim Jeans,East,Patna,SUP-009,10.0,WH-EA-02,80.0,22.0,121.0,682.0,20.57,392.17,22.5,No,No,Autumn,Cloudy,412.72,0.0,0.0,323.52,0.177,21,2024,6,30,6
17,ORD100017,P-ELE-007,Electronics,Power Bank 10000mAh,East,Kolkata,SUP-032,7.0,WH-EA-04,80.0,6.0,50.0,260.0,7.48,14032.93,13.3,No,No,Winter,Rainy,13895.18,0.0,1.0,336.39,0.012,8,2023,12,17,6
18,ORD100018,P-BEA-005,Beauty,Herbal Shampoo 200ml,East,Bhubaneswar,SUP-030,6.0,WH-EA-01,458.0,7.0,,547.0,20.05,290.81,8.2,No,No,Summer,,267.75,0.0,0.0,266.58,0.083,19,2024,4,6,5
19,ORD100019,P-FUR-007,Furniture,Sofa Cushion Set,South,Chennai,SUP-004,13.0,WH-SO-01,84.0,4.0,32.0,160.0,,14356.89,8.5,,No,Winter,Rainy,13601.21,0.0,2.0,635.66,0.032,6,2024,1,22,0
20,ORD100020,P-BEA-012,Beauty,Talcum Powder,Central,Raipur,SUP-037,5.0,WH-CE-03,157.0,20.0,129.0,514.0,15.14,352.14,11.3,Yes,No,Summer,Cloudy,396.96,1.0,2.0,353.86,0.06,23,2024,5,5,6
21,ORD100021,P-GRO-003,Grocery,Basmati Rice 5kg,West,Surat,SUP-033,9.0,WH-WE-03,656.0,9.0,297.0,1374.0,41.37,100.86,14.4,Yes,No,Autumn,Sunny,105.94,0.0,0.0,269.88,0.04,49,2022,9,20,1
22,ORD100022,P-SPO-003,Sports,Cycling Helmet,West,Mumbai,SUP-018,9.0,WH-WE-03,103.0,,125.0,404.0,13.82,1935.45,0.9,Yes,No,Autumn,,2155.76,0.0,1.0,357.0,0.104,20,2021,10,28,3
23,ORD100023,P-SPO-005,Sports,Football,East,Bhubaneswar,SUP-009,3.0,WH-EA-05,280.0,9.0,96.0,247.0,11.36,4283.3,6.5,Yes,No,Autumn,Cloudy,4892.2,0.0,0.0,166.07,0.031,15,2024,11,5,1
24,ORD100024,P-BEA-008,Beauty,Lipstick Set,East,Kolkata,SUP-017,3.0,WH-EA-04,557.0,34.0,149.0,1022.0,27.37,274.38,6.3,No,No,Winter,Sunny,259.95,0.0,0.0,106.72,0.11,36,2021,1,4,0
25,ORD100025,P-ELE-013,Electronics,LED TV 43in,East,Kolkata,SUP-024,12.0,WH-EA-02,126.0,9.0,72.0,316.0,12.48,11334.61,11.5,Yes,No,Autumn,Rainy,12078.32,0.0,2.0,463.58,,15,2022,8,16,1
26,ORD100026,P-CLO-004,Clothing,Women's Kurti,South,Bengaluru,SUP-026,6.0,WH-SO-04,190.0,,143.0,606.0,16.85,926.61,11.5,Yes,No,Autumn,Rainy,859.73,0.0,0.0,350.61,0.092,18,2023,11,28,1
27,ORD100027,P-ELE-012,Electronics,Laptop Stand,South,Bengaluru,SUP-014,7.0,WH-SO-03,194.0,7.0,69.0,267.0,10.06,9568.9,5.6,No,No,Summer,Stormy,10359.91,0.0,1.0,374.22,0.07,8,2024,3,4,0
28,ORD100028,P-ELE-014,Electronics,Bluetooth Speaker,East,Patna,SUP-005,6.0,WH-EA-02,110.0,7.0,37.0,178.0,6.77,14331.13,,No,No,Autumn,Sunny,15280.23,0.0,0.0,,0.045,7,2023,9,29,4
29,ORD100029,P-FUR-007,Furniture,Foldable Bed,North,Kanpur,SUP-025,8.0,WH-NO-01,60.0,4.0,32.0,119.0,3.95,5988.18,12.9,Yes,No,Winter,Sunny,4975.42,0.0,0.0,372.09,0.033,4,2022,12,17,5
30,ORD100030,P-BEA-015,Beauty,Lipstick Set,North,Kanpur,SUP-029,10.0,WH-NO-01,342.0,26.0,391.0,1353.0,45.4,954.71,10.3,No,No,Autumn,Sunny,985.47,0.0,2.0,401.71,,39,2024,9,9,0
31,ORD100031,P-SPO-014,Sports,Running Shoes,West,Mumbai,SUP-011,10.0,WH-WE-02,234.0,17.0,132.0,564.0,15.43,4714.12,22.0,Yes,No,Winter,Rainy,4391.08,0.0,3.0,320.67,0.049,23,2021,12,10,4
32,ORD100032,P-GRO-012,Grocery,Masala Mix 200g,North,Kanpur,SUP-026,15.0,WH-NO-05,856.0,37.0,274.0,1021.0,36.4,574.13,13.0,No,No,Autumn,Cloudy,558.49,0.0,3.0,573.87,0.155,41,2021,7,27,1
33,ORD100033,P-GRO-006,Grocery,Tea Powder 500g,East,,SUP-023,4.0,WH-EA-03,452.0,33.0,338.0,1340.0,40.92,449.34,3.9,No,No,Summer,,425.63,0.0,0.0,238.38,0.105,26,2023,7,8,5
34,ORD100034,P-CLO-005,Clothing,Women's Kurti,East,Bhubaneswar,SUP-021,9.0,WH-EA-03,578.0,32.0,232.0,969.0,30.73,719.06,9.4,No,No,Summer,Rainy,771.29,0.0,1.0,403.77,0.038,35,2022,4,14,3
35,ORD100035,P-ELE-013,Electronics,LED TV 43in,North,Jaipur,SUP-001,7.0,WH-NO-02,40.0,10.0,59.0,270.0,9.88,,36.6,No,No,Autumn,Sunny,12366.21,0.0,2.0,413.22,0.11,7,2022,11,17,3
36,ORD100036,P-ELE-007,Electronics,Bluetooth Speaker,West,Ahmedabad,SUP-013,11.0,WH-WE-02,388.0,22.0,154.0,599.0,18.9,1861.49,10.3,No,No,Autumn,Sunny,1671.02,1.0,0.0,365.41,0.035,21,2022,10,30,6
37,ORD100037,P-CLO-001,Clothing,Men's Cotton T-Shirt,North,Lucknow,SUP-015,7.0,WH-NO-04,3539.0,23.0,145.0,639.0,21.45,336.96,4.9,No,No,Winter,Rainy,315.19,0.0,1.0,353.76,0.105,22,2022,1,21,4
38,ORD100038,P-GRO-011,Grocery,Sunflower Oil 1L,West,Ahmedabad,SUP-034,4.0,WH-WE-01,280.0,61.0,529.0,1986.0,59.18,144.98,31.9,No,No,Winter,Sunny,142.49,0.0,0.0,291.97,0.155,84,2024,12,29,6
39,ORD100039,P-FUR-006,Furniture,Office Chair,West,Surat,SUP-034,5.0,WH-WE-04,113.0,8.0,32.0,144.0,4.89,7490.81,5.0,No,No,Summer,Cloudy,7736.65,0.0,0.0,253.75,0.029,6,2022,7,13,2
40,ORD100040,P-CLO-015,Clothing,Woolen Sweater,South,Coimbatore,SUP-035,7.0,WH-SO-05,442.0,7.0,120.0,610.0,17.69,1148.05,10.6,No,No,Autumn,Sunny,1257.88,0.0,0.0,348.4,0.048,22,2023,9,7,3
41,ORD100041,P-BEA-013,Beauty,Lipstick Set,North,Delhi,SUP-019,8.0,WH-NO-05,464.0,16.0,152.0,810.0,26.0,577.94,24.3,Yes,No,Summer,Cloudy,601.69,0.0,0.0,455.95,0.155,22,2021,8,22,6
42,ORD100042,P-FUR-002,Furniture,TV Unit,South,Kochi,SUP-014,3.0,WH-SO-02,150.0,12.0,68.0,231.0,8.74,11665.03,21.0,Yes,No,Winter,Stormy,12209.83,0.0,2.0,336.93,0.042,11,2024,12,18,2
43,ORD100043,P-GRO-014,Grocery,Tea Powder 500g,South,Chennai,SUP-020,11.0,WH-SO-05,551.0,22.0,349.0,958.0,38.82,378.75,6.7,No,No,Winter,Sunny,401.13,0.0,0.0,386.71,0.036,56,2024,12,13,4
44,ORD100044,P-BEA-015,Beauty,Sunscreen Lotion,South,Kochi,SUP-032,11.0,WH-SO-02,100.0,40.0,250.0,1132.0,31.88,911.83,11.1,Yes,No,Summer,Cloudy,971.45,0.0,1.0,483.35,0.056,57,2021,4,11,6
45,ORD100045,P-BEA-012,Beauty,Talcum Powder,Central,Indore,SUP-025,7.0,WH-CE-02,331.0,25.0,159.0,,22.48,661.07,10.1,Yes,No,Autumn,Stormy,715.72,0.0,3.0,492.29,0.078,32,2023,7,29,5
46,ORD100046,P-GRO-005,Grocery,Sugar 1kg,North,Delhi,SUP-025,6.0,WH-NO-02,816.0,22.0,234.0,1069.0,35.85,479.66,9.7,Yes,No,Summer,Sunny,575.79,0.0,0.0,282.71,0.022,56,2023,5,19,4
47,ORD100047,P-GRO-011,Grocery,Sunflower Oil 1L,West,,SUP-018,9.0,WH-WE-01,882.0,69.0,334.0,1626.0,52.84,379.29,13.5,Yes,No,Autumn,Cloudy,403.59,0.0,0.0,230.66,0.061,94,2021,9,11,5
48,ORD100048,P-FUR-014,Furniture,Wooden Bookshelf,North,Chandigarh,SUP-028,5.0,WH-NO-02,126.0,7.0,41.0,148.0,4.94,18295.41,24.8,No,No,Winter,Rainy,18714.75,0.0,,218.63,0.01,7,2024,1,30,1
49,ORD100049,P-ELE-013,Electronics,Laptop Stand,Central,Indore,SUP-035,8.0,WH-CE-05,238.0,10.0,64.0,306.0,10.08,7882.87,2.6,,No,Winter,Sunny,7589.49,0.0,0.0,332.71,0.127,16,2024,1,23,1
50,ORD100050,P-ELE-007,Electronics,Wireless Earbuds,North,Delhi,SUP-027,5.0,WH-NO-04,73.0,8.0,40.0,209.0,8.31,13519.13,18.9,No,No,Summer,Sunny,13854.34,1.0,0.0,250.22,0.02,6,2024,5,18,5
51,ORD100051,P-ELE-011,Electronics,Smartphone Charger,South,Bengaluru,SUP-017,5.0,WH-SO-02,221.0,15.0,112.0,363.0,11.06,2378.52,5.2,No,No,Summer,Sunny,2598.08,0.0,1.0,266.7,0.027,20,2023,5,30,1
52,ORD100052,P-BEA-006,Beauty,Face Wash 100ml,East,Kolkata,SUP-034,8.0,WH-EA-02,413.0,11.0,168.0,701.0,22.94,543.6,20.8,No,No,Autumn,Sunny,490.62,0.0,1.0,380.36,0.087,23,2023,10,31,1
53,ORD100053,P-FUR-004,Furniture,Sofa Cushion Set,North,Kanpur,SUP-038,10.0,WH-NO-02,148.0,7.0,39.0,190.0,5.9,3562.43,24.4,No,No,,,3921.12,0.0,4.0,469.33,0.078,8,2023,11,22,2
54,ORD100054,P-FUR-011,Furniture,Plastic Storage Rack,West,Mumbai,SUP-032,6.0,WH-WE-01,32.0,2.0,18.0,81.0,2.84,8133.92,25.6,No,No,Winter,Sunny,7856.23,0.0,,368.8,0.133,1,2024,1,27,5
55,ORD100055,P-BEA-007,Beauty,Face Wash 100ml,South,Bengaluru,SUP-036,13.0,WH-SO-01,114.0,26.0,167.0,661.0,22.05,,20.4,No,No,Summer,Sunny,1065.86,0.0,1.0,390.75,0.043,21,2023,5,4,3
56,ORD100056,P-CLO-004,Clothing,Cotton Saree,East,Ranchi,SUP-011,3.0,WH-EA-05,80.0,14.0,84.0,373.0,14.52,810.43,34.5,No,No,Winter,Rainy,844.26,0.0,0.0,245.81,0.08,14,2023,12,24,6
57,ORD100057,P-CLO-010,Clothing,Cotton Saree,East,Ranchi,SUP-017,9.0,WH-EA-04,278.0,19.0,124.0,651.0,19.52,479.38,3.1,No,No,Summer,Sunny,459.18,0.0,20.0,433.55,0.186,20,2021,3,30,1
58,ORD100058,P-ELE-005,Electronics,Laptop Stand,East,Patna,SUP-010,5.0,WH-EA-04,142.0,11.0,53.0,212.0,7.14,1825.61,26.6,Yes,No,Summer,Cloudy,1892.62,0.0,0.0,251.21,0.044,12,2023,6,22,3
59,ORD100059,P-ELE-009,Electronics,Smartphone Charger,North,Jaipur,SUP-015,12.0,WH-NO-02,116.0,4.0,46.0,173.0,7.6,12998.6,12.3,No,Yes,Autumn,Sunny,11800.48,0.0,2.0,477.06,0.026,8,2021,10,24,6
60,ORD100060,P-FUR-006,Furniture,Dining Chair,North,Chandigarh,SUP-030,27.0,WH-NO-05,206.0,10.0,48.0,241.0,8.31,12584.77,3.9,No,Yes,Autumn,Cloudy,13466.67,0.0,1.0,496.89,0.138,9,2022,8,18,3
61,ORD100061,P-CLO-014,Clothing,Women's Kurti,North,Chandigarh,SUP-028,6.0,WH-NO-01,449.0,20.0,134.0,650.0,20.85,1893.17,11.1,No,No,Winter,Sunny,1922.85,0.0,1.0,329.39,,27,2024,1,29,0
62,ORD100062,P-CLO-013,Clothing,Kids Winter Jacket,South,Chennai,SUP-001,2.0,WH-SO-05,501.0,21.0,137.0,705.0,20.48,2303.3,4.8,,No,Summer,Sunny,2302.62,0.0,0.0,277.88,0.051,25,2021,6,16,2
63,ORD100063,P-BEA-008,Beauty,Sunscreen Lotion,North,Jaipur,SUP-031,6.0,WH-NO-03,153.0,37.0,201.0,764.0,29.8,575.36,19.1,No,,Winter,Stormy,588.0,0.0,,381.76,0.052,26,2024,1,8,0
64,ORD100064,P-FUR-011,Furniture,Office Chair,Central,Jabalpur,SUP-008,5.0,WH-CE-02,,6.0,35.0,177.0,5.21,7504.1,,No,No,Winter,Rainy,7492.0,0.0,2.0,382.61,,5,2022,1,15,5
65,ORD100065,P-CLO-003,Clothing,Formal Shirt,East,Guwahati,SUP-008,9.0,WH-EA-04,727.0,37.0,225.0,991.0,30.82,1646.71,13.3,Yes,No,Winter,Cloudy,1704.88,1.0,0.0,366.63,0.051,66,2024,1,7,6
66,ORD100066,P-CLO-015,Clothing,Men's Cotton T-Shirt,East,Ranchi,SUP-022,7.0,WH-EA-03,314.0,22.0,183.0,838.0,29.24,2340.98,5.5,,Yes,Winter,Cloudy,2302.16,0.0,21.0,375.77,0.083,33,2024,1,26,4
67,ORD100067,P-GRO-004,Grocery,Toor Dal 1kg,South,Bengaluru,SUP-010,,WH-SO-02,190.0,53.0,330.0,,45.06,296.65,5.9,No,No,Winter,Sunny,289.75,0.0,2.0,495.45,0.081,50,2021,1,23,5
68,ORD100068,P-ELE-014,Electronics,Laptop Stand,South,Coimbatore,SUP-039,4.0,WH-SO-04,94.0,13.0,70.0,340.0,10.99,11838.83,5.9,No,No,Winter,Sunny,10164.38,0.0,2.0,355.08,0.13,9,2021,12,8,2
69,ORD100069,P-CLO-013,Clothing,Denim Jeans,East,Ranchi,SUP-006,9.0,WH-EA-04,93.0,18.0,106.0,435.0,15.35,624.54,2.8,No,No,Spring,Cloudy,692.73,0.0,0.0,325.45,0.166,16,2024,3,22,4
70,ORD100070,P-GRO-003,Grocery,Tea Powder 500g,South,Hyderabad,SUP-007,8.0,WH-SO-04,737.0,43.0,227.0,1193.0,35.8,509.39,3.8,Yes,No,Summer,Rainy,462.0,0.0,1.0,315.08,0.251,44,2022,5,15,6
71,ORD100071,P-GRO-001,Grocery,Masala Mix 200g,South,Kochi,SUP-031,7.0,WH-SO-03,1561.0,68.0,337.0,2258.0,66.01,77.93,8.2,No,Yes,Autumn,Stormy,88.0,0.0,0.0,289.67,0.064,74,2022,10,4,1
72,ORD100072,P-BEA-012,Beauty,Herbal Shampoo 200ml,South,Chennai,SUP-012,15.0,WH-SO-02,856.0,27.0,305.0,1075.0,41.68,780.24,6.0,No,No,Winter,Cloudy,765.11,0.0,3.0,581.05,0.049,44,2021,1,23,5
73,ORD100073,P-GRO-014,Grocery,Wheat Flour 5kg,East,Ranchi,SUP-029,7.0,WH-EA-03,179.0,29.0,270.0,1034.0,33.25,398.33,7.4,Yes,No,Autumn,Sunny,437.13,0.0,0.0,352.17,0.154,47,2023,10,11,2
74,ORD100074,P-ELE-011,Electronics,Wireless Earbuds,Central,Jabalpur,SUP-028,5.0,WH-CE-05,155.0,7.0,59.0,242.0,8.18,3174.31,31.8,Yes,No,Summer,Cloudy,3438.98,0.0,0.0,246.32,0.169,18,2021,5,17,0
75,ORD100075,P-GRO-001,Grocery,Tea Powder 500g,North,Jaipur,SUP-008,9.0,WH-NO-02,117.0,34.0,192.0,1058.0,33.68,310.15,30.1,No,No,Winter,Cloudy,334.02,,0.0,305.75,0.146,32,2022,2,2,2
76,ORD100076,P-GRO-010,Grocery,Sunflower Oil 1L,East,Guwahati,SUP-024,6.0,WH-EA-05,379.0,36.0,228.0,1182.0,40.74,406.49,14.6,No,No,Autumn,Sunny,408.0,0.0,1.0,361.05,0.055,51,2022,11,28,0
77,ORD100077,P-FUR-006,Furniture,Dining Chair,North,Chandigarh,SUP-022,10.0,WH-NO-01,28.0,7.0,38.0,165.0,4.79,6856.72,,Yes,No,Winter,Sunny,6201.41,0.0,1.0,462.69,0.012,4,2024,1,30,1
78,ORD100078,P-CLO-014,Clothing,Denim Jeans,South,Chennai,SUP-004,,WH-SO-01,533.0,27.0,178.0,584.0,23.97,1978.2,8.4,Yes,No,Winter,Sunny,,0.0,2.0,503.76,0.126,27,2022,12,29,3
79,ORD100079,P-BEA-013,Beauty,Hair Oil 250ml,West,Ahmedabad,SUP-031,3.0,WH-WE-02,306.0,32.0,233.0,994.0,32.53,1044.46,19.7,No,No,Winter,Sunny,1018.18,0.0,0.0,277.99,0.103,39,2024,12,6,4
80,ORD100080,P-FUR-012,Furniture,Office Chair,North,Kanpur,SUP-035,7.0,WH-NO-01,176.0,8.0,58.0,207.0,7.3,9491.02,15.7,,No,Spring,Rainy,9413.45,0.0,0.0,272.56,0.098,9,2023,2,3,4
81,ORD100081,P-GRO-007,Grocery,Wheat Flour 5kg,East,Kolkata,SUP-038,4.0,WH-EA-05,65.0,24.0,167.0,635.0,21.66,,15.9,No,No,Winter,Sunny,189.15,0.0,1.0,243.73,0.038,20,2022,1,6,3
82,ORD100082,P-BEA-005,Beauty,Herbal Shampoo 200ml,South,Chennai,SUP-004,4.0,WH-SO-02,537.0,66.0,284.0,963.0,39.77,333.86,2.5,No,No,Autumn,Cloudy,326.21,0.0,0.0,358.81,0.129,50,2021,10,6,2
83,ORD100083,P-ELE-013,Electronics,Smartwatch,North,Chandigarh,SUP-008,12.0,WH-NO-01,302.0,15.0,111.0,443.0,13.09,3371.57,,No,No,Winter,Sunny,2583.25,0.0,1.0,442.12,0.062,16,2024,2,20,1
84,ORD100084,P-ELE-002,Electronics,Wireless Earbuds,Central,Indore,SUP-034,5.0,WH-CE-04,70.0,8.0,75.0,220.0,8.54,12623.03,19.0,No,No,Autumn,Sunny,12319.77,0.0,2.0,336.97,0.036,8,2022,11,3,3
85,ORD100085,P-ELE-002,Electronics,Wireless Earbuds,South,Coimbatore,SUP-013,4.0,WH-SO-05,144.0,6.0,75.0,281.0,8.97,3770.07,8.6,No,No,Autumn,Cloudy,3808.01,0.0,2.0,307.82,0.049,9,2023,6,3,5
86,ORD100086,P-BEA-001,Beauty,Sunscreen Lotion,West,Pune,SUP-026,12.0,WH-WE-05,325.0,37.0,271.0,983.0,34.71,543.0,14.7,No,No,Summer,Cloudy,509.03,0.0,4.0,630.98,,29,2022,6,25,5
87,ORD100087,P-CLO-008,Clothing,Kids Winter Jacket,South,Coimbatore,SUP-014,7.0,WH-SO-01,215.0,59.0,260.0,1065.0,36.53,1169.37,8.6,No,No,Winter,Rainy,,1.0,1.0,328.47,0.104,37,2022,2,3,3
88,ORD100088,P-ELE-002,Electronics,LED TV 43in,Central,Bhopal,SUP-009,5.0,WH-CE-04,144.0,6.0,47.0,212.0,6.68,2844.54,1.2,No,No,Summer,Cloudy,2881.54,0.0,1.0,388.74,0.009,6,2023,5,27,5
89,ORD100089,P-CLO-009,Clothing,Formal Shirt,South,Chennai,SUP-025,5.0,WH-SO-02,194.0,22.0,233.0,1009.0,29.94,1351.44,11.5,No,No,Summer,Rainy,1460.94,0.0,2.0,401.86,0.18,28,2022,3,7,0
90,ORD100090,P-ELE-003,Electronics,Bluetooth Speaker,South,Coimbatore,SUP-009,5.0,WH-SO-05,186.0,17.0,83.0,337.0,12.97,13687.32,3.5,Yes,No,Winter,Sunny,14842.13,2.0,0.0,258.36,0.178,20,2024,12,31,1
91,ORD100091,P-FUR-014,Furniture,Dining Chair,West,Ahmedabad,SUP-006,7.0,WH-WE-04,137.0,9.0,63.0,260.0,9.05,5063.34,12.7,Yes,No,Winter,Cloudy,5187.04,0.0,1.0,450.19,0.037,9,2023,12,5,1
92,ORD100092,P-CLO-007,Clothing,Formal Shirt,South,Coimbatore,SUP-022,9.0,WH-SO-04,75.0,13.0,161.0,781.0,25.32,1744.64,9.6,Yes,No,Summer,Sunny,1740.54,0.0,1.0,,0.135,19,2024,4,12,4
93,ORD100093,P-GRO-002,Grocery,Instant Noodles Pack,South,Coimbatore,SUP-008,11.0,WH-SO-05,858.0,41.0,268.0,1157.0,38.74,139.36,10.4,No,No,Spring,Cloudy,143.32,0.0,2.0,418.31,0.034,39,2022,2,20,6
94,ORD100094,P-GRO-011,Grocery,Sunflower Oil 1L,Central,Indore,SUP-008,3.0,WH-CE-05,111.0,30.0,136.0,722.0,,585.81,16.3,No,No,Spring,Cloudy,670.16,0.0,0.0,330.82,0.088,24,2021,2,12,4
95,ORD100095,P-FUR-006,Furniture,Office Chair,East,Bhubaneswar,SUP-032,6.0,WH-EA-01,40.0,2.0,28.0,145.0,4.19,12663.6,21.5,No,No,Summer,Sunny,13171.65,0.0,0.0,339.65,0.125,2,2021,3,11,3
96,ORD100096,P-GRO-004,Grocery,Toor Dal 1kg,West,Nagpur,SUP-022,,WH-WE-04,438.0,64.0,347.0,1474.0,52.64,525.33,22.9,No,No,Autumn,,536.28,0.0,2.0,329.94,0.021,76,2024,6,8,5
97,ORD100097,P-ELE-010,Electronics,Wireless Earbuds,East,Ranchi,SUP-022,7.0,WH-EA-01,37.0,5.0,59.0,198.0,,12231.74,19.2,Yes,No,Summer,Cloudy,13281.6,1.0,2.0,436.53,0.238,5,2024,6,30,6
98,ORD100098,P-ELE-015,Electronics,Laptop Stand,West,Mumbai,SUP-006,9.0,WH-WE-05,86.0,6.0,52.0,199.0,6.3,6533.75,10.4,No,No,Autumn,Sunny,6558.86,0.0,2.0,482.31,0.085,6,2023,9,20,2
99,ORD100099,P-SPO-015,Sports,Badminton Racket,West,Surat,SUP-007,8.0,WH-WE-04,264.0,11.0,95.0,331.0,12.52,3998.57,15.3,No,No,Summer,Cloudy,3725.59,0.0,0.0,360.87,0.104,14,2023,5,11,3
100,ORD100100,P-SPO-007,Sports,Yoga Mat,East,Bhubaneswar,SUP-016,7.0,WH-EA-01,212.0,12.0,49.0,283.0,9.02,3079.75,16.4,No,No,Autumn,Rainy,3192.88,0.0,1.0,313.92,0.089,13,2021,11,2,1
101,ORD100101,P-FUR-013,Furniture,Foldable Bed,South,Bengaluru,SUP-016,2.0,WH-SO-02,15.0,9.0,,202.0,6.76,17748.9,10.8,No,No,Winter,Sunny,17990.77,0.0,,249.64,0.19,10,2024,1,14,6
102,ORD100102,P-GRO-004,Grocery,Basmati Rice 5kg,North,Jaipur,SUP-019,5.0,WH-NO-05,1305.0,31.0,416.0,1550.0,52.54,549.92,7.2,,No,Winter,Cloudy,540.3,0.0,0.0,212.2,0.1,59,2023,1,25,2
103,ORD100103,P-SPO-013,Sports,Badminton Racket,East,Kolkata,SUP-006,1.0,WH-EA-04,213.0,,80.0,385.0,12.0,1719.56,3.0,No,No,Summer,Rainy,1794.36,0.0,1.0,233.68,0.175,12,2023,6,1,3
104,ORD100104,P-BEA-015,Beauty,Talcum Powder,West,Pune,SUP-036,9.0,WH-WE-02,233.0,11.0,157.0,574.0,20.12,259.4,13.7,Yes,No,Winter,Sunny,221.79,0.0,0.0,316.14,0.154,17,2021,2,5,4
105,ORD100105,P-FUR-008,Furniture,Sofa Cushion Set,South,Coimbatore,SUP-015,5.0,WH-SO-05,87.0,6.0,46.0,230.0,5.76,18349.0,2.8,No,No,Winter,Sunny,17555.36,0.0,1.0,364.8,0.067,9,2023,1,25,2
106,ORD100106,P-CLO-008,Clothing,Kids Winter Jacket,North,Kanpur,SUP-033,12.0,WH-NO-04,201.0,5.0,85.0,467.0,16.05,2012.97,38.4,No,No,Autumn,Cloudy,1871.47,0.0,0.0,436.69,0.052,11,2023,10,11,2
107,ORD100107,P-GRO-009,Grocery,Tea Powder 500g,South,Hyderabad,SUP-017,10.0,WH-SO-01,2846.0,35.0,343.0,1190.0,42.87,472.82,7.6,Yes,,Winter,Cloudy,443.51,0.0,1.0,309.14,0.097,44,2024,1,30,1
108,ORD100108,P-ELE-002,Electronics,Bluetooth Speaker,East,Ranchi,SUP-019,13.0,WH-EA-02,212.0,12.0,62.0,338.0,9.18,9689.78,25.9,No,,Summer,Rainy,9570.42,3.0,1.0,,0.038,10,2021,8,1,6
109,ORD100109,P-SPO-013,Sports,Cycling Helmet,West,Nagpur,SUP-005,7.0,WH-WE-05,78.0,19.0,91.0,488.0,16.32,456.91,13.6,Yes,No,Winter,Cloudy,423.65,0.0,1.0,342.35,0.086,17,2021,2,16,1
110,ORD100110,P-CLO-012,Clothing,Woolen Sweater,North,Chandigarh,SUP-028,7.0,WH-NO-02,285.0,10.0,151.0,564.0,21.04,384.59,4.4,No,No,Autumn,Cloudy,436.19,0.0,0.0,327.95,0.071,22,2024,6,4,1
111,ORD100111,P-GRO-014,Grocery,Toor Dal 1kg,East,Kolkata,SUP-003,22.0,WH-EA-01,1080.0,52.0,325.0,1454.0,49.27,85.71,18.0,No,No,Summer,Cloudy,88.81,0.0,2.0,703.67,0.036,72,2022,4,1,4
112,ORD100112,P-GRO-002,Grocery,Masala Mix 200g,West,Surat,SUP-030,10.0,WH-WE-04,419.0,25.0,281.0,1261.0,35.55,395.35,8.7,Yes,No,Autumn,Sunny,370.23,0.0,1.0,366.26,0.05,39,2022,11,22,1
113,ORD100113,P-CLO-013,Clothing,Men's Cotton T-Shirt,Central,Bhopal,SUP-036,2.0,WH-CE-05,199.0,18.0,171.0,688.0,22.36,1123.41,3.4,Yes,No,Autumn,Cloudy,966.99,0.0,1.0,254.34,0.099,23,2023,7,6,3
114,ORD100114,P-ELE-006,Electronics,LED TV 43in,North,Kanpur,SUP-015,7.0,WH-NO-03,96.0,7.0,,245.0,9.01,6911.64,6.2,Yes,No,Winter,Sunny,6589.04,0.0,0.0,348.45,0.013,8,2022,12,19,0
115,ORD100115,P-BEA-013,Beauty,Moisturizer Cream,Central,Indore,SUP-036,12.0,WH-CE-05,920.0,33.0,239.0,1271.0,38.69,696.96,8.6,No,No,Autumn,Stormy,678.58,0.0,,425.96,0.252,41,2024,10,11,4
116,ORD100116,P-BEA-015,Beauty,Hair Oil 250ml,East,Guwahati,SUP-028,13.0,WH-EA-01,367.0,22.0,148.0,714.0,22.4,968.52,5.3,Yes,No,Summer,Sunny,919.32,1.0,1.0,344.58,0.032,31,2024,5,15,2
117,ORD100117,P-FUR-014,Furniture,Foldable Bed,West,Surat,SUP-001,8.0,WH-WE-04,19.0,3.0,27.0,129.0,4.05,10221.16,12.1,No,No,Autumn,Sunny,12300.13,0.0,1.0,465.31,0.253,4,2022,7,30,5
118,ORD100118,P-CLO-014,Clothing,Formal Shirt,North,Chandigarh,SUP-009,12.0,WH-NO-04,379.0,15.0,146.0,477.0,19.0,1971.21,9.7,No,No,Autumn,Rainy,1710.35,0.0,3.0,517.02,0.168,14,2021,10,7,3
119,ORD100119,P-FUR-002,Furniture,Wooden Bookshelf,East,Ranchi,SUP-026,10.0,WH-EA-05,,5.0,31.0,97.0,3.62,6928.74,0.3,No,No,Autumn,Sunny,6957.03,,0.0,409.49,0.097,5,2024,11,25,0
120,ORD100120,P-CLO-005,Clothing,Kids Winter Jacket,East,Guwahati,SUP-029,16.0,WH-EA-03,224.0,31.0,,773.0,30.49,1453.64,0.8,Yes,No,Autumn,Sunny,,0.0,2.0,,0.045,33,2023,11,1,2
121,ORD100121,P-FUR-005,Furniture,Wooden Bookshelf,South,Kochi,SUP-004,9.0,WH-SO-05,,4.0,33.0,154.0,5.31,8574.34,10.7,No,No,Winter,Rainy,8403.45,0.0,1.0,293.67,0.159,7,2024,1,9,1
122,ORD100122,P-ELE-008,Electronics,Bluetooth Speaker,South,Bengaluru,SUP-028,10.0,WH-SO-01,62.0,14.0,87.0,457.0,13.28,4697.38,0.5,No,No,Autumn,Rainy,3968.58,0.0,1.0,386.15,0.083,9,2022,11,9,2
123,ORD100123,P-GRO-015,Grocery,Wheat Flour 5kg,East,Bhubaneswar,SUP-033,7.0,WH-EA-01,170.0,26.0,343.0,1126.0,46.11,259.78,29.8,No,No,Winter,Sunny,258.89,0.0,2.0,,0.029,43,2022,12,10,5
124,ORD100124,P-ELE-011,Electronics,Home Router,East,Ranchi,SUP-004,20.0,WH-EA-04,103.0,6.0,49.0,157.0,5.94,14812.59,10.8,No,No,Autumn,Sunny,,0.0,1.0,612.95,0.088,10,2021,9,23,3
125,ORD100125,P-CLO-009,Clothing,Cotton Saree,North,Kanpur,SUP-036,7.0,WH-NO-01,353.0,17.0,98.0,354.0,14.25,1018.8,4.5,Yes,No,Autumn,Cloudy,1076.64,0.0,2.0,359.86,0.092,23,2022,9,20,1
126,ORD100126,P-GRO-013,Grocery,Sunflower Oil 1L,South,Hyderabad,SUP-022,9.0,WH-SO-05,290.0,61.0,381.0,1598.0,49.4,233.86,11.8,No,No,Spring,Cloudy,242.9,0.0,0.0,396.79,0.092,59,2023,3,4,5
127,ORD100127,P-ELE-003,Electronics,Home Router,North,Delhi,SUP-025,10.0,WH-NO-01,211.0,9.0,44.0,289.0,8.12,8548.08,0.8,No,No,Summer,Sunny,9381.18,0.0,1.0,312.17,0.036,12,2021,7,9,4
128,ORD100128,P-ELE-010,Electronics,Laptop Stand,Central,Indore,SUP-003,5.0,WH-CE-04,109.0,5.0,48.0,231.0,7.52,9853.41,3.4,Yes,No,Autumn,Sunny,8240.44,1.0,,295.61,0.095,9,2023,7,18,1
129,ORD100129,P-CLO-008,Clothing,Denim Jeans,Central,Raipur,SUP-025,11.0,WH-CE-03,369.0,15.0,136.0,552.0,17.56,341.19,19.7,No,No,Autumn,Rainy,,0.0,1.0,420.68,0.09,21,2023,6,18,6
130,ORD100130,P-ELE-004,Electronics,Smartwatch,South,Coimbatore,SUP-019,14.0,WH-SO-04,66.0,6.0,20.0,133.0,4.46,6597.41,1.4,Yes,No,Summer,Sunny,,0.0,1.0,1632.24,0.123,6,2024,5,13,0
131,ORD100131,P-SPO-010,Sports,Football,North,Kanpur,SUP-015,12.0,WH-NO-04,145.0,11.0,,365.0,12.38,3761.97,4.6,No,No,Spring,Rainy,4081.01,0.0,0.0,476.03,,13,2021,3,18,3
132,ORD100132,P-CLO-013,Clothing,Men's Cotton T-Shirt,North,Delhi,SUP-032,5.0,WH-NO-03,171.0,27.0,205.0,889.0,27.7,266.57,22.7,No,No,Autumn,Sunny,235.57,0.0,0.0,263.36,0.131,24,2021,11,26,4
133,ORD100133,P-GRO-013,Grocery,Toor Dal 1kg,South,Chennai,SUP-010,6.0,WH-SO-03,470.0,33.0,194.0,744.0,27.29,187.07,26.5,Yes,No,Autumn,Cloudy,188.39,0.0,0.0,247.97,0.063,43,2022,9,19,0
134,ORD100134,P-CLO-013,Clothing,Track Pants,West,Pune,SUP-003,5.0,WH-WE-03,669.0,41.0,136.0,891.0,27.93,1206.48,8.7,No,No,Autumn,,1105.39,0.0,1.0,255.47,0.101,33,2024,7,9,1
135,ORD100135,P-ELE-013,Electronics,LED TV 43in,East,,SUP-020,6.0,WH-EA-04,74.0,8.0,63.0,228.0,7.84,7910.52,9.2,No,No,Winter,Sunny,7637.43,0.0,0.0,219.25,0.126,9,2021,12,14,1
136,ORD100136,P-SPO-008,Sports,Badminton Racket,North,Delhi,SUP-030,,WH-NO-04,143.0,9.0,94.0,312.0,10.43,4793.04,13.2,No,No,Autumn,Cloudy,5559.8,0.0,1.0,450.24,0.027,14,2024,11,21,3
137,ORD100137,P-CLO-001,Clothing,Woolen Sweater,North,Lucknow,SUP-006,3.0,WH-NO-03,299.0,36.0,153.0,,22.67,1338.08,11.6,Yes,No,Autumn,Sunny,1440.68,0.0,0.0,199.27,0.01,51,2024,10,29,1
138,ORD100138,P-BEA-015,Beauty,Talcum Powder,North,Lucknow,SUP-040,6.0,WH-NO-02,133.0,38.0,,571.0,24.15,160.54,16.6,Yes,,Summer,Rainy,141.02,0.0,0.0,312.87,0.045,23,2021,5,19,2
139,ORD100139,P-ELE-007,Electronics,Bluetooth Speaker,West,Mumbai,SUP-027,8.0,WH-WE-01,46.0,14.0,95.0,458.0,14.23,4885.6,15.9,No,No,Autumn,,4586.51,0.0,5.0,496.77,0.016,11,2022,6,15,2
140,ORD100140,P-CLO-010,Clothing,Men's Cotton T-Shirt,East,Guwahati,SUP-038,16.0,WH-EA-04,463.0,20.0,158.0,600.0,20.25,765.7,23.0,No,Yes,Winter,Sunny,765.75,0.0,3.0,617.29,0.092,42,2022,1,14,4
141,ORD100141,P-CLO-001,Clothing,Cotton Saree,East,Bhubaneswar,SUP-019,8.0,WH-EA-02,482.0,33.0,207.0,766.0,25.72,2049.16,17.4,No,No,Winter,Cloudy,2005.83,,,383.73,0.021,28,2022,12,16,4
142,ORD100142,P-SPO-014,Sports,Running Shoes,South,Hyderabad,SUP-005,8.0,WH-SO-03,359.0,16.0,109.0,513.0,14.39,3539.23,5.1,No,No,Autumn,Rainy,3627.92,0.0,1.0,403.84,0.059,20,2024,9,12,3
143,ORD100143,P-CLO-014,Clothing,Woolen Sweater,Central,Jabalpur,SUP-008,12.0,WH-CE-05,431.0,19.0,126.0,570.0,18.75,1877.78,6.4,No,No,Autumn,Sunny,1761.45,0.0,4.0,693.6,0.124,17,2022,7,3,6
144,ORD100144,P-CLO-014,Clothing,Woolen Sweater,South,Hyderabad,SUP-021,4.0,WH-SO-04,466.0,24.0,163.0,553.0,,673.42,7.7,No,No,,,653.69,0.0,1.0,275.48,0.039,25,2023,8,27,6
145,ORD100145,P-GRO-003,Grocery,Sugar 1kg,West,Pune,SUP-024,10.0,WH-WE-02,229.0,27.0,193.0,842.0,33.24,149.36,7.4,No,No,Summer,Rainy,139.97,0.0,0.0,360.99,0.098,31,2021,7,20,1
146,ORD100146,P-GRO-013,Grocery,Basmati Rice 5kg,West,Pune,SUP-030,12.0,WH-WE-03,997.0,89.0,551.0,1941.0,66.9,126.7,3.8,No,Yes,Summer,Sunny,122.97,0.0,0.0,392.9,0.097,108,2023,4,14,4
147,ORD100147,P-CLO-010,Clothing,Women's Kurti,East,Ranchi,SUP-032,9.0,WH-EA-02,200.0,20.0,141.0,525.0,16.82,672.99,28.4,No,No,Summer,,710.89,0.0,2.0,440.89,0.165,19,2022,5,31,1
148,ORD100148,P-CLO-003,Clothing,Cotton Saree,West,Ahmedabad,SUP-031,12.0,WH-WE-04,364.0,24.0,138.0,537.0,20.97,2195.91,5.4,Yes,No,Autumn,Sunny,2248.04,1.0,0.0,356.72,0.163,24,2024,9,2,0
149,ORD100149,P-ELE-009,Electronics,Smartwatch,South,Bengaluru,SUP-024,8.0,WH-SO-01,265.0,13.0,115.0,431.0,12.98,6895.79,11.6,Yes,No,,Cloudy,6508.91,0.0,20.0,,0.189,14,2024,2,13,1
150,ORD100150,P-BEA-008,Beauty,Lipstick Set,East,Guwahati,SUP-001,3.0,WH-EA-05,786.0,26.0,255.0,911.0,31.67,166.36,11.1,No,No,Autumn,Sunny,181.43,0.0,2.0,454.81,0.028,52,2021,11,11,3
151,ORD100151,P-SPO-010,Sports,Badminton Racket,North,Jaipur,SUP-022,5.0,WH-NO-05,52.0,5.0,81.0,341.0,11.58,470.24,8.8,No,No,Summer,Sunny,510.26,0.0,0.0,272.41,0.157,7,2023,6,27,1
152,ORD100152,P-ELE-002,Electronics,Laptop Stand,South,Chennai,SUP-033,8.0,WH-SO-02,,7.0,93.0,416.0,13.93,9714.91,1.4,No,No,Summer,Rainy,9714.04,1.0,0.0,321.8,0.069,15,2022,5,15,6
153,ORD100153,P-CLO-009,Clothing,Formal Shirt,North,Chandigarh,SUP-034,22.0,WH-NO-02,433.0,11.0,167.0,549.0,21.37,,28.3,Yes,Yes,Autumn,Cloudy,2270.21,0.0,1.0,514.06,0.138,29,2022,10,2,6
154,ORD100154,P-ELE-011,Electronics,Smartphone Charger,North,Chandigarh,SUP-034,4.0,WH-NO-03,193.0,13.0,62.0,276.0,9.74,12332.16,3.0,Yes,No,Autumn,Sunny,14071.03,0.0,0.0,164.63,0.158,11,2022,11,7,0
155,ORD100155,P-FUR-011,Furniture,TV Unit,North,Delhi,SUP-001,13.0,WH-NO-04,60.0,5.0,58.0,213.0,6.84,5724.58,13.7,Yes,No,Summer,Cloudy,6460.49,,0.0,338.36,0.138,6,2024,4,13,5
156,ORD100156,P-GRO-012,Grocery,Wheat Flour 5kg,South,Bengaluru,SUP-018,9.0,WH-SO-04,97.0,10.0,104.0,484.0,16.29,116.67,24.5,No,No,Spring,Cloudy,102.53,0.0,1.0,298.38,0.05,10,2022,2,28,0
157,ORD100157,P-FUR-010,Furniture,Wooden Bookshelf,East,Guwahati,SUP-025,8.0,WH-EA-01,52.0,4.0,39.0,115.0,4.05,12573.11,9.0,Yes,No,Winter,Sunny,13774.39,0.0,2.0,329.5,0.161,7,2021,1,7,3
158,ORD100158,P-BEA-011,Beauty,Face Wash 100ml,South,Coimbatore,SUP-010,7.0,WH-SO-04,298.0,17.0,175.0,692.0,23.91,915.31,,No,No,,Cloudy,1041.53,0.0,0.0,267.38,0.065,30,2021,10,9,5
159,ORD100159,P-BEA-002,Beauty,Lipstick Set,South,Coimbatore,SUP-017,10.0,WH-SO-01,554.0,24.0,152.0,858.0,27.16,880.55,11.6,No,No,Summer,,926.81,0.0,,411.97,0.291,24,2024,4,22,0
160,ORD100160,P-ELE-012,Electronics,Home Router,Central,Indore,SUP-004,9.0,WH-CE-02,172.0,8.0,57.0,232.0,6.8,12193.11,6.6,Yes,No,Spring,Sunny,11737.65,0.0,,363.89,0.135,6,2022,3,10,3
161,ORD100161,P-SPO-006,Sports,Football,Central,Raipur,SUP-008,9.0,WH-CE-04,144.0,5.0,38.0,170.0,5.77,955.4,13.3,No,No,Summer,Rainy,928.98,0.0,0.0,276.2,0.166,7,2021,3,28,6
162,ORD100162,P-GRO-009,Grocery,Sunflower Oil 1L,North,Kanpur,SUP-001,8.0,WH-NO-05,,33.0,185.0,999.0,36.63,441.36,11.0,No,No,Autumn,Cloudy,501.76,0.0,0.0,260.77,0.014,37,2022,8,8,0
163,ORD100163,P-ELE-009,Electronics,Smartphone Charger,South,Chennai,SUP-040,15.0,WH-SO-04,78.0,6.0,56.0,233.0,6.24,962.16,15.3,No,No,Summer,Sunny,1026.47,0.0,1.0,605.51,0.055,7,2024,6,25,1
164,ORD100164,P-CLO-015,Clothing,Men's Cotton T-Shirt,East,Guwahati,SUP-035,11.0,WH-EA-01,324.0,9.0,151.0,503.0,15.25,2465.25,34.4,No,,Autumn,Cloudy,2573.18,0.0,1.0,356.18,0.061,25,2024,6,29,5
165,ORD100165,P-GRO-005,Grocery,Tea Powder 500g,West,Mumbai,SUP-017,8.0,WH-WE-04,499.0,44.0,306.0,1199.0,40.54,561.73,3.3,No,No,Autumn,Sunny,666.56,0.0,1.0,326.77,0.082,49,2024,10,16,2
166,ORD100166,P-BEA-006,Beauty,Moisturizer Cream,South,Bengaluru,SUP-001,10.0,WH-SO-01,165.0,40.0,215.0,789.0,28.02,542.41,6.2,No,No,Autumn,Rainy,498.68,0.0,20.0,414.0,0.168,23,2023,9,27,2
167,ORD100167,P-BEA-012,Beauty,Body Lotion 400ml,West,Nagpur,SUP-014,11.0,WH-WE-02,330.0,21.0,177.0,831.0,23.68,496.76,13.9,No,No,Summer,Cloudy,493.15,0.0,0.0,287.71,0.121,30,2024,4,11,3
168,ORD100168,P-GRO-010,Grocery,Toor Dal 1kg,North,Delhi,SUP-018,10.0,WH-NO-01,806.0,44.0,325.0,1164.0,42.48,259.17,23.1,No,No,Winter,Sunny,263.11,1.0,1.0,,0.288,60,2024,2,4,6
169,ORD100169,P-SPO-005,Sports,Running Shoes,South,Coimbatore,SUP-007,5.0,WH-SO-05,276.0,10.0,88.0,397.0,13.22,2146.89,37.5,Yes,No,Winter,Sunny,,0.0,1.0,246.94,0.043,15,2021,1,29,4
170,ORD100170,P-GRO-006,Grocery,Basmati Rice 5kg,West,Ahmedabad,SUP-027,9.0,WH-WE-02,948.0,38.0,336.0,1537.0,47.97,108.31,6.1,Yes,No,Autumn,Sunny,92.36,0.0,0.0,326.05,0.1,48,2022,9,3,5
171,ORD100171,P-CLO-013,Clothing,Denim Jeans,East,Ranchi,SUP-040,,WH-EA-03,102.0,,91.0,,13.4,1794.38,12.1,No,No,Winter,Cloudy,1938.49,0.0,0.0,236.49,0.263,18,2023,2,8,2
172,ORD100172,P-GRO-013,Grocery,Toor Dal 1kg,West,Ahmedabad,SUP-034,8.0,WH-WE-04,641.0,45.0,304.0,1176.0,43.39,171.64,8.2,Yes,No,Autumn,Rainy,161.32,0.0,0.0,1159.92,0.043,45,2022,11,9,2
173,ORD100173,P-SPO-003,Sports,Cricket Bat,North,Jaipur,SUP-035,5.0,WH-NO-05,65.0,12.0,57.0,285.0,9.91,4949.66,7.0,No,No,Summer,Rainy,4645.1,0.0,1.0,340.68,0.192,9,2024,4,25,3
174,ORD100174,P-ELE-006,Electronics,Bluetooth Speaker,North,Kanpur,SUP-034,9.0,WH-NO-05,43.0,9.0,70.0,261.0,8.71,8395.52,16.1,No,No,Winter,Rainy,8154.37,0.0,0.0,433.83,0.014,8,2024,12,5,3
175,ORD100175,P-ELE-012,Electronics,Bluetooth Speaker,North,Kanpur,SUP-003,9.0,WH-NO-01,246.0,11.0,78.0,292.0,11.02,6101.09,13.9,No,Yes,Spring,Cloudy,5988.72,0.0,0.0,338.56,0.058,16,2023,3,8,2
176,ORD100176,P-CLO-002,Clothing,Formal Shirt,North,Jaipur,SUP-023,9.0,WH-NO-02,139.0,22.0,123.0,465.0,15.8,2340.07,5.9,No,No,Summer,Sunny,2317.32,1.0,3.0,457.09,0.005,20,2021,5,21,4
177,ORD100177,P-SPO-003,Sports,Gym Dumbbells 5kg,North,Delhi,SUP-023,8.0,WH-NO-03,,6.0,96.0,439.0,12.76,699.01,8.8,No,No,Summer,Cloudy,752.9,0.0,1.0,305.14,0.079,14,2022,6,10,4
178,ORD100178,P-SPO-003,Sports,Skipping Rope,East,Kolkata,SUP-005,8.0,WH-EA-04,214.0,8.0,50.0,383.0,10.83,1794.05,20.2,No,No,Autumn,Sunny,1961.81,0.0,2.0,399.87,0.032,15,2021,10,16,5
179,ORD100179,P-BEA-008,Beauty,Body Lotion 400ml,East,Bhubaneswar,SUP-006,6.0,WH-EA-02,275.0,32.0,271.0,1063.0,36.26,410.24,3.5,No,No,Autumn,Sunny,401.73,0.0,0.0,244.56,0.061,29,2022,11,19,5
180,ORD100180,P-SPO-007,Sports,Cricket Bat,East,Guwahati,SUP-023,7.0,WH-EA-02,49.0,14.0,106.0,402.0,13.5,2893.84,15.7,Yes,No,Winter,Sunny,2755.37,0.0,2.0,312.53,0.101,13,2021,12,9,3
181,ORD100181,P-SPO-005,Sports,Running Shoes,South,Coimbatore,SUP-029,2.0,WH-SO-04,166.0,14.0,96.0,459.0,15.63,826.2,5.0,Yes,No,Summer,Rainy,817.71,0.0,0.0,339.12,0.095,13,2021,4,28,2
182,ORD100182,P-CLO-003,Clothing,Woolen Sweater,North,Jaipur,SUP-009,7.0,WH-NO-03,228.0,18.0,116.0,393.0,,584.13,20.8,Yes,No,Autumn,Cloudy,542.37,0.0,3.0,349.57,,19,2021,9,8,2
183,ORD100183,P-GRO-010,Grocery,Instant Noodles Pack,West,Mumbai,SUP-020,3.0,WH-WE-04,270.0,35.0,164.0,771.0,24.6,460.85,13.7,No,No,Winter,Sunny,,0.0,4.0,,0.067,32,2022,12,27,1
184,ORD100184,P-BEA-013,Beauty,Moisturizer Cream,North,Delhi,SUP-004,7.0,WH-NO-02,209.0,14.0,161.0,667.0,21.71,167.94,4.5,No,No,Autumn,Rainy,155.23,0.0,0.0,374.97,0.093,22,2021,7,26,0
185,ORD100185,P-FUR-004,Furniture,Dining Chair,West,Mumbai,SUP-005,10.0,WH-WE-03,12.0,6.0,26.0,126.0,3.81,3992.27,26.2,No,No,Spring,Rainy,4671.67,0.0,0.0,,0.075,4,2021,2,10,2
186,ORD100186,P-GRO-010,Grocery,Instant Noodles Pack,North,Chandigarh,SUP-024,10.0,WH-NO-01,605.0,36.0,200.0,1279.0,38.6,241.69,10.0,No,No,Spring,Cloudy,244.16,0.0,0.0,267.92,0.068,41,2022,2,14,0
187,ORD100187,P-ELE-012,Electronics,LED TV 43in,East,Guwahati,SUP-023,3.0,WH-EA-01,120.0,9.0,50.0,268.0,8.43,9420.02,17.7,Yes,No,Autumn,Sunny,9014.71,0.0,1.0,275.05,0.063,12,2023,7,31,0
188,ORD100188,P-BEA-009,Beauty,Body Lotion 400ml,West,Mumbai,SUP-031,6.0,WH-WE-01,,29.0,223.0,927.0,29.11,664.9,10.8,No,No,Autumn,Sunny,702.45,0.0,1.0,270.76,0.154,40,2023,7,11,1
189,ORD100189,P-GRO-009,Grocery,Sugar 1kg,East,Ranchi,SUP-037,5.0,WH-EA-01,185.0,35.0,241.0,866.0,32.25,414.55,6.7,Yes,No,Summer,,373.69,0.0,1.0,411.8,0.013,39,2022,7,25,0
190,ORD100190,P-SPO-003,Sports,Skipping Rope,East,Patna,SUP-008,8.0,WH-EA-02,127.0,12.0,86.0,275.0,9.02,852.75,22.0,Yes,No,Summer,Cloudy,804.21,0.0,2.0,438.01,0.078,13,2023,8,28,0
191,ORD100191,P-GRO-015,Grocery,Sugar 1kg,West,Surat,SUP-014,7.0,WH-WE-01,539.0,24.0,258.0,942.0,36.62,163.09,15.0,No,No,Autumn,Cloudy,168.62,2.0,2.0,446.21,0.103,39,2021,10,7,3
192,ORD100192,P-ELE-015,Electronics,Power Bank 10000mAh,North,Jaipur,SUP-035,24.0,WH-NO-01,142.0,8.0,53.0,293.0,10.17,13319.76,7.2,No,No,Autumn,Sunny,13464.02,0.0,1.0,583.53,0.136,9,2023,11,22,2
193,ORD100193,P-BEA-011,Beauty,Talcum Powder,West,Mumbai,SUP-003,23.0,WH-WE-05,272.0,71.0,507.0,2069.0,59.4,777.68,7.0,No,Yes,Winter,Sunny,842.93,0.0,2.0,620.88,0.117,100,2021,1,26,1
194,ORD100194,P-ELE-014,Electronics,Power Bank 10000mAh,West,Nagpur,SUP-034,8.0,WH-WE-05,69.0,8.0,,337.0,10.68,11805.54,8.4,No,No,Autumn,,9227.6,0.0,1.0,395.59,0.044,8,2021,7,17,5
195,ORD100195,P-ELE-010,Electronics,Bluetooth Speaker,Central,,SUP-038,7.0,WH-CE-02,37.0,4.0,50.0,251.0,8.14,5496.4,16.0,Yes,No,Autumn,Rainy,5856.14,0.0,2.0,362.78,0.024,10,2024,9,9,0
196,ORD100196,P-CLO-010,Clothing,Kids Winter Jacket,South,Kochi,SUP-004,9.0,WH-SO-05,259.0,42.0,275.0,1038.0,34.79,600.34,25.8,No,No,Autumn,Sunny,574.24,0.0,1.0,465.79,0.021,36,2022,11,15,1
197,ORD100197,P-SPO-013,Sports,Running Shoes,South,Bengaluru,SUP-006,2.0,WH-SO-01,183.0,11.0,101.0,410.0,13.71,622.87,19.1,No,No,Summer,Cloudy,564.56,0.0,3.0,316.05,,13,2023,3,24,4
198,ORD100198,P-ELE-001,Electronics,Power Bank 10000mAh,West,Pune,SUP-028,4.0,WH-WE-01,144.0,10.0,46.0,231.0,7.59,11296.1,14.5,No,No,Summer,Stormy,9738.91,0.0,1.0,381.95,0.021,7,2022,8,4,3
199,ORD100199,P-GRO-004,Grocery,Toor Dal 1kg,East,Patna,SUP-020,9.0,WH-EA-02,488.0,39.0,331.0,1364.0,45.14,466.23,3.0,Yes,Yes,Summer,Cloudy,,0.0,1.0,320.65,0.079,57,2023,8,4,4
200,ORD100200,P-BEA-004,Beauty,Moisturizer Cream,South,Hyderabad,SUP-040,15.0,WH-SO-02,427.0,56.0,268.0,1336.0,41.84,1051.9,12.9,No,No,Winter,Sunny,1185.7,0.0,2.0,472.39,0.132,49,2023,12,29,4
201,ORD100201,P-SPO-010,Sports,Running Shoes,North,Kanpur,SUP-022,13.0,WH-NO-01,199.0,17.0,86.0,565.0,15.68,2663.07,26.7,No,No,Spring,Cloudy,2869.53,0.0,0.0,378.1,0.013,17,2024,2,13,1
202,ORD100202,P-CLO-004,Clothing,Woolen Sweater,North,Jaipur,SUP-027,14.0,WH-NO-05,369.0,18.0,156.0,783.0,22.82,343.46,8.9,,No,Winter,Rainy,388.37,0.0,1.0,425.73,0.173,40,2021,12,30,3
203,ORD100203,P-ELE-006,Electronics,Home Router,South,Coimbatore,SUP-010,10.0,WH-SO-05,107.0,4.0,46.0,,5.98,2239.58,11.6,No,No,Autumn,Rainy,2219.19,0.0,1.0,344.15,0.118,8,2023,7,5,2
204,ORD100204,P-ELE-008,Electronics,Smartphone Charger,North,Chandigarh,SUP-013,13.0,WH-NO-02,61.0,5.0,40.0,160.0,5.7,2619.83,31.8,No,No,Spring,Sunny,2642.21,2.0,2.0,351.04,0.007,6,2024,2,20,1
205,ORD100205,P-GRO-012,Grocery,Masala Mix 200g,North,Kanpur,SUP-008,3.0,WH-NO-02,350.0,43.0,266.0,1191.0,41.93,410.35,4.9,No,No,Summer,Sunny,358.51,0.0,2.0,333.1,0.095,36,2022,8,27,5
206,ORD100206,P-ELE-008,Electronics,Power Bank 10000mAh,North,Kanpur,SUP-006,6.0,WH-NO-04,107.0,7.0,61.0,227.0,8.07,4002.91,10.5,No,No,Summer,Sunny,3497.11,0.0,21.0,325.72,0.026,8,2022,7,13,2
207,ORD100207,P-FUR-001,Furniture,Office Chair,Central,Jabalpur,SUP-005,11.0,WH-CE-05,81.0,3.0,31.0,113.0,,7386.24,4.2,No,No,Autumn,Sunny,7299.64,0.0,0.0,338.94,0.01,2,2023,7,6,3
208,ORD100208,P-ELE-011,Electronics,Wireless Earbuds,North,Kanpur,SUP-036,7.0,WH-NO-02,104.0,10.0,68.0,341.0,11.25,6476.4,0.6,No,No,Summer,Cloudy,5763.38,0.0,0.0,342.91,0.003,11,2023,4,19,2
209,ORD100209,P-CLO-007,Clothing,Women's Kurti,North,Jaipur,SUP-003,29.0,WH-NO-04,67.0,23.0,115.0,456.0,15.87,1461.68,16.8,No,No,Winter,Sunny,1361.44,0.0,4.0,750.15,0.09,16,2022,1,4,1
210,ORD100210,P-FUR-002,Furniture,TV Unit,South,Bengaluru,SUP-021,5.0,WH-SO-01,98.0,6.0,35.0,155.0,5.17,4655.95,14.4,Yes,No,Autumn,,4672.07,1.0,0.0,270.56,0.102,10,2024,10,31,3
211,ORD100211,P-CLO-010,Clothing,Track Pants,South,Chennai,SUP-021,16.0,WH-SO-03,637.0,23.0,251.0,800.0,28.07,747.87,31.9,No,No,Summer,Cloudy,823.99,0.0,1.0,434.72,0.036,33,2023,4,1,5
212,ORD100212,P-ELE-005,Electronics,Smartwatch,Central,Gwalior,SUP-003,8.0,WH-CE-05,93.0,5.0,42.0,157.0,5.22,8051.65,11.8,Yes,No,Summer,Cloudy,8057.99,0.0,0.0,419.94,0.131,7,2023,4,5,2
213,ORD100213,P-BEA-007,Beauty,Hair Oil 250ml,Central,Indore,SUP-034,11.0,WH-CE-03,555.0,33.0,217.0,770.0,27.5,696.05,14.8,No,No,Autumn,Sunny,620.3,0.0,2.0,494.88,,40,2021,10,28,3
214,ORD100214,P-FUR-015,Furniture,Plastic Storage Rack,South,Bengaluru,SUP-021,4.0,WH-SO-04,165.0,5.0,34.0,186.0,6.61,5297.52,,No,No,Autumn,Sunny,,0.0,2.0,337.45,0.041,6,2023,9,14,3
215,ORD100215,P-BEA-004,Beauty,Talcum Powder,South,Kochi,SUP-006,5.0,WH-SO-04,196.0,,201.0,928.0,25.79,267.15,22.3,No,No,Autumn,Sunny,269.71,0.0,1.0,317.79,0.079,26,2024,9,2,0
216,ORD100216,P-ELE-014,Electronics,Smartphone Charger,South,Hyderabad,SUP-006,8.0,WH-SO-04,83.0,10.0,80.0,264.0,10.04,6449.42,1.9,Yes,No,Autumn,Rainy,6124.84,0.0,1.0,257.16,0.102,13,2023,11,27,0
217,ORD100217,P-ELE-007,Electronics,LED TV 43in,North,Kanpur,SUP-029,5.0,WH-NO-04,186.0,9.0,56.0,417.0,10.59,30360.26,9.4,Yes,No,Winter,Sunny,9804.99,0.0,1.0,275.32,0.044,16,2023,1,15,6
218,ORD100218,P-SPO-014,Sports,Football,South,Chennai,SUP-025,10.0,WH-SO-05,403.0,10.0,100.0,423.0,16.33,1646.64,4.8,Yes,No,Summer,Sunny,1619.74,0.0,3.0,560.28,0.122,19,2023,7,20,3
219,ORD100219,P-GRO-013,Grocery,Instant Noodles Pack,North,Lucknow,SUP-017,6.0,WH-NO-01,407.0,30.0,158.0,,25.4,172.23,1.9,No,No,Winter,Sunny,171.26,0.0,4.0,,0.205,22,2021,12,8,2
220,ORD100220,P-GRO-013,Grocery,Tea Powder 500g,North,Lucknow,SUP-017,7.0,WH-NO-05,1259.0,20.0,431.0,1388.0,52.96,562.59,8.2,No,No,Summer,,616.67,0.0,1.0,335.74,0.015,58,2021,3,30,1
221,ORD100221,P-CLO-004,Clothing,Cotton Saree,East,Patna,SUP-002,11.0,WH-EA-05,434.0,15.0,150.0,521.0,18.08,1529.83,8.0,No,No,Summer,Cloudy,1658.78,,1.0,303.16,0.05,26,2023,7,24,0
222,ORD100222,P-FUR-012,Furniture,TV Unit,North,Chandigarh,SUP-002,6.0,WH-NO-05,157.0,6.0,48.0,153.0,7.7,13921.93,15.4,Yes,No,Autumn,Stormy,14332.73,0.0,2.0,398.45,0.115,10,2021,9,23,3
223,ORD100223,P-SPO-006,Sports,Football,North,Lucknow,SUP-022,5.0,WH-NO-02,224.0,12.0,86.0,488.0,14.8,485.66,23.7,Yes,No,Summer,Sunny,450.88,0.0,1.0,,0.015,22,2021,5,12,2
224,ORD100224,P-GRO-014,Grocery,Masala Mix 200g,East,Ranchi,SUP-015,4.0,WH-EA-03,1148.0,90.0,298.0,1721.0,62.53,337.46,20.3,No,No,Winter,Sunny,322.58,0.0,1.0,233.34,0.027,56,2024,2,7,2
225,ORD100225,P-SPO-015,Sports,Football,South,Chennai,SUP-011,19.0,WH-SO-02,214.0,11.0,64.0,376.0,12.15,2658.57,23.3,Yes,No,Autumn,Rainy,2820.9,0.0,4.0,562.7,0.017,19,2022,9,27,1
226,ORD100226,P-ELE-010,Electronics,Power Bank 10000mAh,North,Chandigarh,SUP-016,8.0,WH-NO-05,183.0,17.0,83.0,465.0,13.21,2563.3,19.6,Yes,No,Summer,Sunny,2830.17,0.0,0.0,441.99,0.036,22,2024,5,31,4
227,ORD100227,P-CLO-014,Clothing,Cotton Saree,North,Kanpur,SUP-025,3.0,WH-NO-03,94.0,17.0,,476.0,16.76,267.28,12.5,No,No,Autumn,Sunny,240.04,0.0,0.0,214.39,0.036,12,2024,6,19,2
228,ORD100228,P-FUR-008,Furniture,Dining Chair,North,,SUP-012,10.0,WH-NO-02,34.0,8.0,46.0,206.0,6.62,19865.69,10.5,No,No,Autumn,,22293.32,0.0,2.0,387.76,0.089,9,2021,6,29,1
229,ORD100229,P-ELE-001,Electronics,Smartphone Charger,North,Delhi,SUP-014,5.0,WH-NO-04,42.0,11.0,96.0,343.0,12.6,8205.02,20.0,Yes,No,Winter,Cloudy,7693.19,0.0,2.0,398.31,0.115,12,2024,1,27,5
230,ORD100230,P-ELE-014,Electronics,Home Router,West,Mumbai,SUP-012,13.0,WH-WE-01,138.0,12.0,70.0,315.0,9.7,4668.16,7.2,No,No,Summer,,4917.92,0.0,0.0,270.04,0.114,13,2022,5,5,3
231,ORD100231,P-GRO-008,Grocery,Instant Noodles Pack,Central,Raipur,SUP-027,8.0,WH-CE-02,235.0,16.0,127.0,624.0,20.11,170.92,4.6,Yes,No,Autumn,Stormy,209.22,0.0,0.0,410.06,0.012,29,2023,10,25,2
232,ORD100232,P-SPO-001,Sports,Cricket Bat,South,Coimbatore,SUP-003,9.0,WH-SO-02,529.0,12.0,94.0,358.0,13.65,3733.12,0.5,No,No,Spring,Sunny,3258.35,0.0,1.0,343.85,0.058,6,2021,3,6,5
233,ORD100233,P-CLO-001,Clothing,Kids Winter Jacket,South,Kochi,SUP-037,3.0,WH-SO-02,385.0,16.0,,660.0,19.36,1440.16,12.4,No,No,Autumn,Sunny,1498.37,0.0,2.0,305.95,0.076,20,2022,11,19,5
234,ORD100234,P-SPO-011,Sports,Skipping Rope,West,Mumbai,SUP-023,12.0,WH-WE-03,297.0,12.0,119.0,539.0,18.16,3443.55,20.1,No,No,Summer,Sunny,3357.06,,1.0,367.09,0.092,16,2023,7,8,5
235,ORD100235,P-BEA-014,Beauty,Lipstick Set,East,Bhubaneswar,SUP-010,9.0,WH-EA-01,225.0,17.0,117.0,514.0,17.44,439.0,14.0,,No,Autumn,,454.71,0.0,1.0,373.98,0.226,18,2022,10,15,5
236,ORD100236,P-CLO-011,Clothing,Formal Shirt,North,Lucknow,SUP-031,4.0,WH-NO-05,412.0,22.0,135.0,555.0,17.32,2250.05,18.8,No,No,Summer,Sunny,2138.63,0.0,0.0,215.11,,20,2023,3,18,5
237,ORD100237,P-BEA-007,Beauty,Moisturizer Cream,North,Chandigarh,SUP-038,5.0,WH-NO-03,274.0,20.0,179.0,743.0,22.45,963.53,25.1,No,No,Winter,Rainy,772.41,0.0,0.0,262.16,0.077,23,2021,1,17,6
238,ORD100238,P-ELE-005,Electronics,Smartwatch,South,Hyderabad,SUP-003,4.0,WH-SO-02,130.0,7.0,57.0,252.0,,5978.01,16.3,No,No,Winter,Stormy,5617.51,0.0,0.0,194.49,0.015,9,2021,1,11,0
239,ORD100239,P-ELE-007,Electronics,Home Router,East,Patna,SUP-009,10.0,WH-EA-01,165.0,12.0,54.0,253.0,7.72,8026.16,6.1,No,No,Summer,Cloudy,8248.97,0.0,4.0,514.19,0.079,11,2023,5,27,5
240,ORD100240,P-BEA-005,Beauty,Sunscreen Lotion,North,Delhi,SUP-006,7.0,WH-NO-05,683.0,26.0,227.0,883.0,29.31,780.01,23.7,No,No,,Rainy,864.2,0.0,3.0,396.68,0.11,36,2022,8,31,2
241,ORD100241,P-BEA-005,Beauty,Hair Oil 250ml,South,Bengaluru,SUP-003,4.0,WH-SO-05,452.0,35.0,197.0,841.0,28.75,948.22,27.9,No,No,Summer,Sunny,978.98,0.0,1.0,304.95,0.012,32,2023,4,24,0
242,ORD100242,P-GRO-002,Grocery,Instant Noodles Pack,South,Hyderabad,SUP-030,9.0,WH-SO-03,417.0,29.0,195.0,824.0,29.37,361.67,22.4,No,,Summer,Sunny,404.28,0.0,0.0,310.72,0.07,38,2022,6,10,4
243,ORD100243,P-CLO-009,Clothing,Track Pants,South,Chennai,SUP-008,9.0,WH-SO-02,133.0,24.0,148.0,563.0,18.34,1883.3,18.2,No,No,Winter,Sunny,1808.96,0.0,1.0,468.55,0.098,23,2021,1,8,4
244,ORD100244,P-FUR-004,Furniture,Plastic Storage Rack,South,Chennai,SUP-016,7.0,WH-SO-03,16.0,5.0,40.0,134.0,5.22,13995.25,10.3,No,No,Autumn,Cloudy,13351.71,0.0,1.0,330.95,0.07,3,2023,10,21,5
245,ORD100245,P-SPO-003,Sports,Skipping Rope,East,Kolkata,SUP-033,9.0,WH-EA-05,231.0,11.0,76.0,299.0,10.88,3516.24,25.7,No,No,Autumn,Sunny,3612.75,0.0,1.0,412.23,0.118,13,2021,7,20,1
246,ORD100246,P-FUR-005,Furniture,Wooden Bookshelf,East,Kolkata,SUP-025,9.0,WH-EA-02,39.0,4.0,22.0,90.0,3.62,6015.99,4.0,,No,Spring,Sunny,5835.51,0.0,0.0,326.3,0.158,3,2024,2,21,2
247,ORD100247,P-GRO-012,Grocery,Tea Powder 500g,North,Delhi,SUP-028,9.0,WH-NO-04,807.0,32.0,187.0,1139.0,35.04,278.43,13.0,Yes,No,Winter,Rainy,303.43,0.0,0.0,380.75,0.209,49,2021,1,19,1
248,ORD100248,P-GRO-009,Grocery,Wheat Flour 5kg,North,Lucknow,SUP-004,14.0,WH-NO-05,796.0,57.0,402.0,1705.0,55.91,554.43,5.4,No,No,Autumn,Sunny,492.09,0.0,1.0,411.63,0.059,62,2024,9,19,3
249,ORD100249,P-CLO-008,Clothing,Woolen Sweater,West,Mumbai,SUP-039,7.0,WH-WE-04,218.0,20.0,196.0,789.0,25.71,1075.76,14.2,Yes,No,Winter,Cloudy,1150.0,0.0,0.0,280.58,0.033,32,2022,1,5,2
250,ORD100250,P-FUR-009,Furniture,Sofa Cushion Set,South,Chennai,SUP-004,7.0,WH-SO-05,21.0,,27.0,131.0,4.59,9041.67,32.9,No,No,Autumn,Sunny,9915.48,0.0,7.0,583.05,0.028,4,2024,7,28,6
251,ORD100251,P-SPO-009,Sports,Gym Dumbbells 5kg,North,Lucknow,SUP-029,8.0,WH-NO-05,207.0,29.0,129.0,471.0,16.01,2887.97,13.0,Yes,No,Winter,Cloudy,2972.32,0.0,2.0,271.15,0.044,27,2021,1,6,2
252,ORD100252,P-CLO-008,Clothing,Formal Shirt,South,,SUP-026,12.0,WH-SO-01,479.0,14.0,131.0,578.0,,403.55,21.5,No,No,Autumn,Cloudy,433.02,0.0,1.0,437.53,0.1,30,2022,10,20,3
253,ORD100253,P-GRO-013,Grocery,Tea Powder 500g,West,Mumbai,SUP-017,6.0,WH-WE-02,1327.0,77.0,363.0,2179.0,70.26,220.42,12.7,No,No,Autumn,Sunny,208.97,0.0,0.0,241.36,0.118,83,2022,9,2,4
254,ORD100254,P-GRO-011,Grocery,Instant Noodles Pack,West,Mumbai,SUP-034,5.0,WH-WE-01,500.0,36.0,271.0,917.0,36.1,537.47,9.8,No,No,Summer,Sunny,,0.0,1.0,288.82,0.212,22,2021,8,29,6
255,ORD100255,P-BEA-003,Beauty,Moisturizer Cream,West,Nagpur,SUP-036,15.0,WH-WE-03,118.0,16.0,170.0,745.0,24.59,554.83,18.2,Yes,No,Autumn,Cloudy,570.46,,2.0,553.75,0.086,34,2022,11,28,0
256,ORD100256,P-BEA-013,Beauty,Body Lotion 400ml,East,Guwahati,SUP-003,10.0,WH-EA-03,270.0,25.0,138.0,634.0,20.23,,20.3,No,No,Autumn,Cloudy,164.2,0.0,0.0,346.6,0.162,26,2021,11,11,3
257,ORD100257,P-ELE-003,Electronics,LED TV 43in,South,Bengaluru,SUP-039,6.0,WH-SO-01,52.0,6.0,58.0,231.0,7.34,2683.72,8.7,No,No,Autumn,Sunny,2748.24,0.0,1.0,296.59,0.055,8,2022,10,1,5
258,ORD100258,P-ELE-002,Electronics,Smartphone Charger,South,Chennai,SUP-010,11.0,WH-SO-03,,9.0,93.0,391.0,10.87,6312.91,24.0,No,No,Autumn,Sunny,6465.23,0.0,1.0,416.38,0.119,17,2022,7,2,5
259,ORD100259,P-CLO-007,Clothing,Cotton Saree,North,Lucknow,SUP-032,4.0,WH-NO-01,142.0,30.0,160.0,648.0,21.03,801.54,5.0,Yes,No,,Sunny,797.22,0.0,1.0,260.61,0.097,22,2021,10,19,1
260,ORD100260,P-ELE-006,Electronics,Laptop Stand,East,Ranchi,SUP-033,9.0,WH-EA-03,36.0,7.0,52.0,256.0,7.84,11602.43,10.7,Yes,No,Spring,Sunny,11864.46,0.0,2.0,411.07,0.025,8,2024,2,27,1
261,ORD100261,P-BEA-012,Beauty,Moisturizer Cream,East,Ranchi,SUP-023,23.0,WH-EA-02,,27.0,103.0,655.0,19.94,1081.34,18.0,No,No,Spring,Rainy,1136.25,0.0,1.0,525.89,,18,2023,2,4,5
262,ORD100262,P-GRO-011,Grocery,Sugar 1kg,North,Jaipur,SUP-035,5.0,WH-NO-05,776.0,47.0,309.0,1122.0,40.4,458.31,1.7,No,No,Summer,Sunny,454.64,0.0,1.0,369.54,0.223,47,2024,5,9,3
263,ORD100263,P-ELE-001,Electronics,Laptop Stand,West,Mumbai,SUP-034,10.0,WH-WE-04,329.0,15.0,102.0,469.0,14.49,4741.49,30.6,Yes,No,Summer,Cloudy,4560.61,0.0,2.0,355.87,0.243,15,2024,4,4,3
264,ORD100264,P-SPO-008,Sports,Skipping Rope,South,Hyderabad,SUP-021,11.0,WH-SO-04,156.0,21.0,108.0,422.0,17.42,3971.81,,No,No,Winter,Cloudy,4233.21,0.0,1.0,428.67,0.068,21,2022,1,19,2
265,ORD100265,P-ELE-012,Electronics,Home Router,North,Chandigarh,SUP-008,,WH-NO-05,86.0,7.0,35.0,148.0,5.36,11656.86,1.4,No,No,Spring,Rainy,11911.7,0.0,3.0,485.75,0.165,6,2022,3,2,2
266,ORD100266,P-GRO-011,Grocery,Instant Noodles Pack,South,Coimbatore,SUP-018,8.0,WH-SO-01,565.0,43.0,393.0,1469.0,45.79,423.94,16.2,Yes,No,Autumn,Sunny,439.24,0.0,1.0,353.84,0.044,63,2024,10,22,1
267,ORD100267,P-ELE-008,Electronics,Bluetooth Speaker,West,Nagpur,SUP-037,2.0,WH-WE-02,117.0,12.0,103.0,344.0,12.93,4078.9,21.2,No,No,Summer,Cloudy,4269.0,0.0,0.0,251.28,0.02,19,2022,4,2,5
268,ORD100268,P-ELE-010,Electronics,Smartphone Charger,Central,Indore,SUP-009,7.0,WH-CE-04,58.0,5.0,33.0,133.0,4.0,11509.25,2.3,Yes,No,Summer,Cloudy,11646.03,0.0,0.0,244.84,0.017,5,2021,5,19,2
269,ORD100269,P-ELE-009,Electronics,Wireless Earbuds,East,Bhubaneswar,SUP-040,9.0,WH-EA-04,138.0,10.0,46.0,187.0,5.65,3560.48,37.5,No,No,Summer,,3462.44,0.0,1.0,400.14,0.122,8,2023,3,5,6
270,ORD100270,P-ELE-004,Electronics,Smartwatch,Central,Indore,SUP-008,15.0,WH-CE-01,127.0,6.0,79.0,340.0,10.87,14307.24,5.9,,Yes,Autumn,Sunny,13601.22,0.0,2.0,503.12,0.022,15,2024,11,13,2
271,ORD100271,P-ELE-009,Electronics,Laptop Stand,West,Pune,SUP-027,12.0,WH-WE-02,123.0,9.0,80.0,,13.49,2983.47,12.5,No,No,Winter,,2962.36,0.0,1.0,394.57,,10,2021,12,8,2
272,ORD100272,P-ELE-011,Electronics,Laptop Stand,West,Pune,SUP-026,17.0,WH-WE-02,40.0,8.0,,310.0,10.57,14997.79,9.0,No,No,Autumn,Sunny,15575.81,2.0,2.0,542.05,0.1,9,2023,7,21,4
273,ORD100273,P-CLO-001,Clothing,Men's Cotton T-Shirt,West,Surat,SUP-008,22.0,WH-WE-01,93.0,22.0,186.0,,24.24,1382.56,6.7,Yes,No,Summer,Sunny,1441.0,0.0,1.0,646.64,,30,2022,5,9,0
274,ORD100274,P-FUR-011,Furniture,Sofa Cushion Set,South,Hyderabad,SUP-019,10.0,WH-SO-04,111.0,6.0,56.0,269.0,8.13,13116.98,2.7,No,No,Summer,,13267.99,1.0,1.0,403.99,0.048,7,2022,7,17,6
275,ORD100275,P-GRO-004,Grocery,Instant Noodles Pack,West,Surat,SUP-006,12.0,WH-WE-01,802.0,58.0,,1630.0,48.67,151.11,0.2,No,Yes,Autumn,,155.37,0.0,0.0,309.61,0.141,68,2022,10,24,0
276,ORD100276,P-GRO-001,Grocery,Sugar 1kg,East,Guwahati,SUP-015,25.0,WH-EA-05,578.0,15.0,208.0,831.0,27.38,97.37,6.1,No,No,Autumn,Sunny,88.77,0.0,4.0,678.23,0.059,20,2021,7,29,3
277,ORD100277,P-CLO-012,Clothing,Kids Winter Jacket,West,Pune,SUP-039,8.0,WH-WE-03,210.0,19.0,171.0,556.0,21.38,829.07,19.5,No,No,Autumn,,798.27,0.0,1.0,306.07,0.17,24,2022,7,19,1
278,ORD100278,P-SPO-006,Sports,Cricket Bat,North,Kanpur,SUP-003,2.0,WH-NO-04,265.0,13.0,121.0,442.0,15.14,593.19,23.8,No,No,Winter,Sunny,625.03,0.0,1.0,241.59,0.062,20,2022,2,3,3
279,ORD100279,P-BEA-007,Beauty,Lipstick Set,West,Mumbai,SUP-035,4.0,WH-WE-03,82.0,37.0,190.0,885.0,28.74,484.14,1.7,No,No,Summer,Cloudy,451.86,0.0,0.0,283.14,0.084,25,2024,4,10,2
280,ORD100280,P-ELE-010,Electronics,Laptop Stand,Central,Jabalpur,SUP-028,8.0,WH-CE-05,44.0,9.0,51.0,294.0,9.07,4051.66,0.9,No,No,Autumn,Sunny,4097.45,1.0,1.0,396.68,0.128,9,2021,11,29,0
281,ORD100281,P-ELE-009,Electronics,Smartwatch,South,Bengaluru,SUP-030,8.0,WH-SO-02,295.0,8.0,121.0,439.0,14.01,10884.89,0.7,No,No,Summer,Sunny,10929.79,0.0,1.0,386.46,0.082,22,2024,5,25,5
282,ORD100282,P-GRO-010,Grocery,Tea Powder 500g,Central,Indore,SUP-012,,WH-CE-03,248.0,193.0,263.0,1215.0,35.83,525.44,7.5,No,No,Winter,Cloudy,520.65,0.0,0.0,68.02,0.049,34,2021,1,25,0
283,ORD100283,P-GRO-015,Grocery,Tea Powder 500g,South,Kochi,SUP-038,6.0,WH-SO-01,575.0,,198.0,827.0,29.56,363.8,14.6,No,No,Summer,Cloudy,383.56,0.0,3.0,430.71,0.154,29,2022,8,12,4
284,ORD100284,P-CLO-010,Clothing,Kids Winter Jacket,North,Jaipur,SUP-011,2.0,WH-NO-05,364.0,12.0,90.0,502.0,17.92,1996.89,4.3,Yes,No,Winter,Cloudy,2033.18,0.0,3.0,,0.081,22,2022,1,28,4
285,ORD100285,P-GRO-001,Grocery,Wheat Flour 5kg,North,Lucknow,SUP-021,5.0,WH-NO-03,1014.0,56.0,324.0,1382.0,41.84,580.91,18.7,No,No,Autumn,Sunny,525.26,,1.0,350.38,0.139,46,2022,10,17,0
286,ORD100286,P-ELE-004,Electronics,Smartwatch,West,Nagpur,SUP-002,7.0,WH-WE-01,104.0,12.0,99.0,361.0,13.23,5132.54,14.0,Yes,No,Spring,Sunny,5344.48,,1.0,411.31,0.055,14,2024,2,1,3
287,ORD100287,P-GRO-007,Grocery,Wheat Flour 5kg,East,Kolkata,SUP-036,4.0,WH-EA-05,869.0,47.0,274.0,1099.0,40.81,334.02,5.2,Yes,No,Autumn,Rainy,320.47,0.0,2.0,247.15,0.067,42,2024,10,30,2
288,ORD100288,P-CLO-008,Clothing,Formal Shirt,South,Coimbatore,SUP-029,24.0,WH-SO-05,135.0,15.0,129.0,527.0,17.44,2354.13,24.5,No,No,Autumn,Sunny,2097.27,0.0,1.0,586.92,0.117,22,2023,11,30,3
289,ORD100289,P-ELE-006,Electronics,Bluetooth Speaker,East,Bhubaneswar,SUP-007,4.0,WH-EA-01,46.0,8.0,60.0,227.0,7.04,,21.4,No,,Winter,Sunny,2083.85,0.0,1.0,345.22,0.044,7,2023,1,6,4
290,ORD100290,P-BEA-003,Beauty,Hair Oil 250ml,South,Chennai,SUP-027,12.0,WH-SO-05,425.0,37.0,147.0,794.0,25.87,191.72,6.0,No,No,Winter,Cloudy,173.53,0.0,1.0,,0.155,29,2023,1,19,3
291,ORD100291,P-ELE-002,Electronics,Home Router,South,Kochi,SUP-008,4.0,WH-SO-04,61.0,11.0,84.0,228.0,10.31,1153.47,21.1,No,No,Winter,Rainy,1120.74,0.0,1.0,364.78,0.046,9,2024,12,21,5
292,ORD100292,P-SPO-003,Sports,Running Shoes,West,Surat,SUP-018,5.0,WH-WE-02,262.0,13.0,89.0,439.0,14.83,1196.35,10.2,Yes,No,Winter,Rainy,1224.44,0.0,0.0,343.01,0.072,22,2024,12,19,3
293,ORD100293,P-ELE-015,Electronics,Smartphone Charger,West,Mumbai,SUP-021,4.0,WH-WE-04,181.0,5.0,49.0,236.0,8.5,2891.47,10.2,No,No,Winter,Sunny,2874.51,0.0,5.0,442.37,0.055,10,2024,1,20,5
294,ORD100294,P-BEA-006,Beauty,Hair Oil 250ml,West,,SUP-038,12.0,WH-WE-04,506.0,29.0,155.0,775.0,23.06,745.58,16.4,No,No,Autumn,Stormy,708.34,0.0,0.0,332.01,0.3,26,2021,8,29,6
295,ORD100295,P-SPO-015,Sports,Yoga Mat,East,Kolkata,SUP-014,23.0,WH-EA-03,62.0,59.0,103.0,310.0,12.19,3605.53,12.2,No,No,Winter,Sunny,3318.9,0.0,1.0,534.76,0.044,11,2022,1,22,5
296,ORD100296,P-SPO-006,Sports,Cricket Bat,Central,Raipur,SUP-001,9.0,WH-CE-04,65.0,14.0,76.0,392.0,12.36,1877.99,6.1,No,No,Winter,Rainy,1763.8,1.0,0.0,388.05,,9,2022,2,2,2
297,ORD100297,P-BEA-005,Beauty,Herbal Shampoo 200ml,South,Hyderabad,SUP-018,14.0,WH-SO-01,333.0,21.0,150.0,656.0,21.82,918.36,16.0,No,No,Winter,Sunny,839.2,0.0,1.0,488.95,0.067,26,2021,12,1,2
298,ORD100298,P-BEA-008,Beauty,Talcum Powder,South,Coimbatore,SUP-038,6.0,WH-SO-05,509.0,39.0,,889.0,28.85,625.8,8.9,No,No,Autumn,Rainy,619.47,0.0,1.0,346.24,0.055,34,2024,11,14,3
299,ORD100299,P-FUR-015,Furniture,Plastic Storage Rack,North,Jaipur,SUP-032,5.0,WH-NO-05,167.0,8.0,65.0,281.0,8.68,17546.73,13.7,No,No,Summer,Rainy,16781.18,0.0,0.0,272.81,0.044,13,2021,8,21,5
300,ORD100300,P-BEA-009,Beauty,Herbal Shampoo 200ml,East,Kolkata,SUP-003,12.0,WH-EA-02,139.0,26.0,134.0,643.0,21.89,775.25,15.5,No,No,Summer,Rainy,689.74,1.0,0.0,409.09,0.101,16,2024,5,31,4
301,ORD100301,P-ELE-001,Electronics,Smartphone Charger,East,Bhubaneswar,SUP-003,,WH-EA-03,143.0,13.0,53.0,245.0,8.09,6594.67,1.9,No,No,Summer,Cloudy,6442.09,0.0,,546.6,0.048,11,2024,3,23,5
302,ORD100302,P-CLO-005,Clothing,Cotton Saree,West,Surat,SUP-031,11.0,WH-WE-02,258.0,17.0,134.0,,16.9,646.49,19.6,No,No,Winter,Sunny,613.22,0.0,1.0,380.08,0.099,20,2023,2,12,6
303,ORD100303,P-CLO-015,Clothing,Track Pants,South,Kochi,SUP-029,17.0,WH-SO-02,215.0,22.0,157.0,825.0,25.0,262.55,,No,No,Summer,Cloudy,268.18,,2.0,607.47,0.026,27,2022,3,25,4
304,ORD100304,P-BEA-003,Beauty,Moisturizer Cream,North,Lucknow,SUP-023,11.0,WH-NO-02,203.0,19.0,171.0,754.0,22.98,558.98,7.7,No,No,Winter,Sunny,575.17,2.0,0.0,1103.86,0.119,21,2022,1,24,0
305,ORD100305,P-CLO-013,Clothing,Men's Cotton T-Shirt,East,Kolkata,SUP-004,10.0,WH-EA-05,570.0,19.0,171.0,762.0,23.29,439.16,0.3,Yes,No,Autumn,Cloudy,486.31,0.0,2.0,480.32,0.125,59,2023,9,15,4
306,ORD100306,P-GRO-014,Grocery,Wheat Flour 5kg,Central,Bhopal,SUP-012,5.0,WH-CE-04,,52.0,372.0,1833.0,51.34,375.26,0.9,Yes,No,Autumn,Sunny,394.71,0.0,0.0,206.31,0.01,86,2023,9,8,4
307,ORD100307,P-FUR-004,Furniture,Sofa Cushion Set,South,Chennai,SUP-034,6.0,WH-SO-05,45.0,7.0,29.0,155.0,4.88,14713.66,28.3,Yes,No,Summer,Sunny,13432.69,0.0,0.0,307.69,0.028,4,2023,3,1,2
308,ORD100308,P-GRO-009,Grocery,Basmati Rice 5kg,North,Chandigarh,SUP-006,8.0,WH-NO-04,200.0,37.0,236.0,997.0,32.83,598.41,3.4,No,No,Summer,Sunny,494.38,0.0,2.0,467.78,,26,2023,4,11,1
309,ORD100309,P-ELE-009,Electronics,LED TV 43in,South,Chennai,SUP-009,6.0,WH-SO-04,209.0,11.0,72.0,337.0,10.56,9039.02,13.5,No,No,Summer,Rainy,7940.78,0.0,3.0,456.69,0.045,10,2024,4,21,6
310,ORD100310,P-CLO-012,Clothing,Men's Cotton T-Shirt,South,Bengaluru,SUP-019,9.0,WH-SO-01,158.0,17.0,111.0,470.0,16.57,2056.43,17.2,No,No,Winter,Sunny,1973.76,1.0,0.0,340.82,0.039,17,2024,1,8,0
311,ORD100311,P-GRO-012,Grocery,Toor Dal 1kg,South,Chennai,SUP-030,4.0,WH-SO-05,139.0,24.0,352.0,1477.0,45.39,443.74,29.9,No,No,Winter,Cloudy,386.66,0.0,0.0,153.11,0.027,30,2024,1,2,1
312,ORD100312,P-GRO-001,Grocery,Sunflower Oil 1L,South,Chennai,SUP-034,10.0,WH-SO-04,710.0,40.0,234.0,1363.0,41.19,248.02,28.7,No,No,Winter,Sunny,235.8,,2.0,367.27,0.028,37,2022,2,14,0
313,ORD100313,P-GRO-005,Grocery,Sunflower Oil 1L,East,Bhubaneswar,SUP-024,6.0,WH-EA-01,464.0,23.0,205.0,941.0,32.42,505.29,,Yes,No,Summer,Sunny,,0.0,0.0,314.01,0.17,54,2021,4,4,6
314,ORD100314,P-GRO-015,Grocery,Basmati Rice 5kg,South,Bengaluru,SUP-020,4.0,WH-SO-01,199.0,37.0,179.0,757.0,25.56,212.52,6.2,No,No,Autumn,Cloudy,202.95,0.0,0.0,241.77,0.145,26,2022,11,2,2
315,ORD100315,P-GRO-006,Grocery,Sugar 1kg,South,Coimbatore,SUP-016,5.0,WH-SO-04,1063.0,34.0,395.0,1425.0,45.88,338.79,2.5,No,,Summer,Sunny,346.34,0.0,1.0,280.54,0.062,56,2022,5,10,1
316,ORD100316,P-GRO-004,Grocery,Toor Dal 1kg,North,Chandigarh,SUP-002,20.0,WH-NO-02,1391.0,43.0,364.0,2005.0,71.33,180.87,5.9,No,No,Summer,Cloudy,172.07,0.0,2.0,414.78,0.057,49,2022,5,5,3
317,ORD100317,P-FUR-010,Furniture,TV Unit,Central,Indore,SUP-011,13.0,WH-CE-02,29.0,2.0,32.0,119.0,4.41,4189.42,1.4,No,No,Winter,Sunny,3934.05,0.0,2.0,453.41,0.047,4,2023,1,30,0
318,ORD100318,P-GRO-003,Grocery,Toor Dal 1kg,South,Kochi,SUP-009,10.0,WH-SO-02,743.0,23.0,201.0,866.0,29.55,597.08,0.7,No,No,Autumn,Stormy,678.67,0.0,0.0,351.19,0.024,33,2024,9,13,4
319,ORD100319,P-SPO-003,Sports,Football,South,Coimbatore,SUP-003,10.0,WH-SO-05,187.0,2.0,132.0,512.0,16.93,1422.58,24.0,No,No,Summer,Sunny,1418.82,0.0,0.0,313.84,0.082,16,2024,3,20,2
320,ORD100320,P-SPO-012,Sports,Football,North,Delhi,SUP-030,16.0,WH-NO-02,96.0,12.0,70.0,357.0,,427.12,3.6,Yes,No,Autumn,Sunny,430.95,0.0,0.0,438.08,0.076,12,2023,9,14,3
321,ORD100321,P-CLO-002,Clothing,Woolen Sweater,East,Kolkata,SUP-015,15.0,WH-EA-02,84.0,19.0,122.0,569.0,17.96,370.84,3.3,No,No,Autumn,Rainy,395.89,0.0,,478.2,0.24,16,2023,11,10,4
322,ORD100322,P-GRO-014,Grocery,Tea Powder 500g,West,Mumbai,SUP-021,8.0,WH-WE-02,650.0,25.0,225.0,1108.0,37.08,563.99,24.0,No,No,Autumn,Rainy,603.56,0.0,1.0,398.03,0.104,47,2022,8,28,6
323,ORD100323,P-CLO-004,Clothing,Denim Jeans,North,Chandigarh,SUP-009,10.0,WH-NO-01,224.0,17.0,87.0,420.0,13.22,,9.7,No,No,Spring,Cloudy,1872.69,0.0,1.0,378.5,0.008,13,2023,3,14,1
324,ORD100324,P-BEA-002,Beauty,Hair Oil 250ml,North,Lucknow,SUP-024,5.0,WH-NO-01,348.0,26.0,210.0,781.0,27.46,995.05,,No,No,Autumn,Sunny,1078.31,0.0,0.0,258.21,0.126,49,2022,9,26,0
325,ORD100325,P-FUR-012,Furniture,Foldable Bed,North,Lucknow,SUP-006,,WH-NO-03,55.0,,33.0,113.0,4.42,12672.59,19.0,No,No,Spring,Sunny,12217.52,0.0,1.0,395.31,0.09,7,2024,3,27,2
326,ORD100326,P-BEA-003,Beauty,Face Wash 100ml,East,Bhubaneswar,SUP-028,10.0,WH-EA-01,,19.0,103.0,449.0,15.27,962.09,14.1,,No,Winter,Cloudy,1040.31,0.0,0.0,315.53,0.075,25,2024,12,17,1
327,ORD100327,P-CLO-006,Clothing,Cotton Saree,Central,Raipur,SUP-030,11.0,WH-CE-04,85.0,24.0,144.0,557.0,18.11,1161.72,6.7,No,No,Autumn,Sunny,1047.05,0.0,0.0,422.84,0.022,14,2022,9,28,2
328,ORD100328,P-FUR-006,Furniture,Study Table,South,Bengaluru,SUP-013,11.0,WH-SO-03,170.0,9.0,119.0,351.0,12.41,5147.76,10.7,No,No,Autumn,Sunny,5021.44,0.0,0.0,324.69,0.179,12,2023,11,20,0
329,ORD100329,P-GRO-008,Grocery,Sunflower Oil 1L,South,Bengaluru,SUP-009,7.0,WH-SO-03,,30.0,322.0,1335.0,52.13,530.62,18.3,No,No,Summer,Cloudy,540.07,0.0,0.0,344.58,0.049,49,2021,3,23,1
330,ORD100330,P-BEA-008,Beauty,Hair Oil 250ml,West,Surat,SUP-032,6.0,WH-WE-02,584.0,24.0,208.0,,27.56,891.97,13.6,No,No,Autumn,Sunny,917.72,0.0,1.0,277.86,0.106,31,2022,8,10,2
331,ORD100331,P-GRO-003,Grocery,Toor Dal 1kg,West,Nagpur,SUP-009,16.0,WH-WE-04,1632.0,138.0,667.0,2494.0,94.51,270.63,3.1,,No,Autumn,Rainy,252.37,0.0,2.0,615.76,0.17,89,2024,6,25,1
332,ORD100332,P-FUR-004,Furniture,Office Chair,South,Kochi,SUP-008,11.0,WH-SO-03,93.0,3.0,32.0,101.0,3.9,8425.05,15.9,No,No,Autumn,Sunny,7313.78,0.0,0.0,507.88,0.089,4,2023,9,30,5
333,ORD100333,P-SPO-003,Sports,Cricket Bat,North,Kanpur,SUP-014,10.0,WH-NO-01,406.0,22.0,107.0,505.0,16.73,4381.85,12.5,No,No,Winter,Stormy,4543.21,0.0,1.0,414.04,0.04,21,2023,2,9,3
334,ORD100334,P-ELE-001,Electronics,Smartwatch,South,Hyderabad,SUP-039,3.0,WH-SO-03,287.0,11.0,123.0,514.0,15.3,7594.96,41.1,No,No,Autumn,Cloudy,7469.37,0.0,2.0,356.54,0.087,17,2021,11,9,1
335,ORD100335,P-FUR-010,Furniture,Sofa Cushion Set,West,Nagpur,SUP-019,6.0,WH-WE-01,26.0,4.0,,141.0,4.68,19349.19,5.8,No,No,Summer,Stormy,18744.33,0.0,2.0,364.64,0.167,5,2024,3,27,2
336,ORD100336,P-ELE-008,Electronics,Smartphone Charger,West,Nagpur,SUP-011,4.0,WH-WE-03,51.0,9.0,74.0,366.0,10.91,9752.51,,Yes,No,Autumn,Rainy,11043.28,0.0,2.0,343.58,0.106,12,2024,11,18,0
337,ORD100337,P-BEA-002,Beauty,Lipstick Set,West,Nagpur,SUP-021,3.0,WH-WE-03,489.0,27.0,170.0,527.0,23.77,121.87,4.5,Yes,No,,Sunny,119.01,2.0,0.0,195.96,0.078,30,2022,7,27,2
338,ORD100338,P-ELE-005,Electronics,LED TV 43in,West,Mumbai,SUP-014,6.0,WH-WE-03,137.0,9.0,64.0,271.0,8.87,2160.72,18.8,No,No,Summer,Sunny,2071.36,0.0,1.0,268.46,0.128,7,2024,3,28,3
339,ORD100339,P-SPO-011,Sports,Cycling Helmet,South,Bengaluru,SUP-027,6.0,WH-SO-02,243.0,11.0,93.0,487.0,15.36,4238.48,22.1,No,No,Summer,Sunny,3628.09,0.0,2.0,396.56,0.161,13,2023,5,10,2
340,ORD100340,P-ELE-005,Electronics,Power Bank 10000mAh,South,,SUP-018,7.0,WH-SO-03,90.0,5.0,44.0,173.0,6.23,10405.26,26.2,Yes,No,Autumn,Cloudy,9503.91,0.0,1.0,292.56,0.044,9,2022,8,4,3
341,ORD100341,P-SPO-007,Sports,Yoga Mat,North,Chandigarh,SUP-024,11.0,WH-NO-04,51.0,7.0,87.0,281.0,10.29,584.22,7.2,No,No,Summer,Sunny,625.15,0.0,2.0,479.34,0.056,10,2022,4,29,4
342,ORD100342,P-BEA-012,Beauty,Sunscreen Lotion,West,Nagpur,SUP-018,11.0,WH-WE-05,,31.0,170.0,850.0,29.37,667.99,24.6,Yes,No,Winter,Cloudy,629.22,0.0,2.0,494.6,0.098,35,2023,1,5,3
343,ORD100343,P-CLO-011,Clothing,Woolen Sweater,East,Patna,SUP-020,6.0,WH-EA-05,81.0,8.0,82.0,359.0,10.97,1208.64,6.7,No,No,Summer,Rainy,1269.41,0.0,2.0,443.27,0.08,9,2022,8,22,0
344,ORD100344,P-BEA-011,Beauty,Moisturizer Cream,South,Kochi,SUP-018,11.0,WH-SO-01,379.0,24.0,187.0,614.0,23.18,963.88,13.3,No,No,Summer,Sunny,864.21,0.0,0.0,311.38,0.038,25,2023,6,21,2
345,ORD100345,P-BEA-006,Beauty,Herbal Shampoo 200ml,North,Kanpur,SUP-016,9.0,WH-NO-04,245.0,,116.0,457.0,16.58,369.36,3.6,No,No,Summer,Cloudy,343.68,0.0,3.0,387.72,0.068,15,2021,8,4,2
346,ORD100346,P-SPO-008,Sports,Yoga Mat,West,Nagpur,SUP-039,8.0,WH-WE-01,31.0,13.0,71.0,275.0,10.53,1730.64,16.0,Yes,No,Autumn,Rainy,1606.77,0.0,1.0,397.39,0.133,13,2022,11,29,1
347,ORD100347,P-GRO-013,Grocery,Tea Powder 500g,West,Mumbai,SUP-011,8.0,WH-WE-03,684.0,70.0,409.0,1854.0,58.28,450.69,12.5,Yes,No,Winter,Rainy,467.88,0.0,24.0,400.1,0.1,75,2023,12,20,2
348,ORD100348,P-CLO-014,Clothing,Woolen Sweater,West,Pune,SUP-033,4.0,WH-WE-04,143.0,25.0,134.0,622.0,22.28,1894.24,41.7,No,No,Summer,Sunny,1862.13,0.0,0.0,297.17,0.231,17,2024,5,19,6
349,ORD100349,P-ELE-001,Electronics,LED TV 43in,North,Lucknow,SUP-029,4.0,WH-NO-03,91.0,5.0,54.0,236.0,7.95,11949.61,11.7,No,No,Spring,Sunny,10887.88,0.0,1.0,343.88,0.198,8,2022,2,14,0
350,ORD100350,P-FUR-013,Furniture,Study Table,Central,Gwalior,SUP-022,6.0,WH-CE-05,49.0,3.0,35.0,126.0,4.0,18003.51,2.9,Yes,No,Summer,Cloudy,19032.57,0.0,1.0,274.08,0.049,4,2023,5,27,5
351,ORD100351,P-ELE-014,Electronics,Smartphone Charger,West,Surat,SUP-013,2.0,WH-WE-05,129.0,7.0,68.0,284.0,9.95,4075.27,11.9,Yes,No,Spring,Sunny,4236.42,0.0,7.0,507.13,0.097,11,2022,3,17,3
352,ORD100352,P-CLO-015,Clothing,Formal Shirt,East,Bhubaneswar,SUP-020,7.0,WH-EA-05,345.0,16.0,116.0,423.0,16.53,970.07,4.5,No,No,Winter,Cloudy,996.49,0.0,0.0,288.48,0.019,17,2024,2,29,3
353,ORD100353,P-CLO-005,Clothing,Men's Cotton T-Shirt,East,Kolkata,SUP-034,8.0,WH-EA-04,69.0,19.0,85.0,444.0,14.09,2073.6,13.9,No,No,Summer,Stormy,2122.58,0.0,,364.74,0.103,9,2022,6,2,3
354,ORD100354,P-CLO-008,Clothing,Men's Cotton T-Shirt,Central,Raipur,SUP-008,16.0,WH-CE-04,162.0,17.0,162.0,694.0,21.86,462.31,2.8,No,No,Autumn,Cloudy,430.73,0.0,1.0,510.72,0.087,18,2023,9,11,0
355,ORD100355,P-CLO-001,Clothing,Cotton Saree,Central,Gwalior,SUP-024,9.0,WH-CE-05,198.0,13.0,85.0,502.0,14.43,1866.98,40.7,No,No,Autumn,Sunny,2054.96,0.0,3.0,485.4,0.069,21,2022,9,24,5
356,ORD100356,P-BEA-002,Beauty,Body Lotion 400ml,East,Bhubaneswar,SUP-031,8.0,WH-EA-02,773.0,,270.0,1231.0,39.8,385.12,18.0,No,Yes,Winter,Sunny,382.01,0.0,1.0,374.31,0.045,53,2022,1,26,2
357,ORD100357,P-BEA-009,Beauty,Herbal Shampoo 200ml,South,Chennai,SUP-026,8.0,WH-SO-02,498.0,13.0,92.0,669.0,22.12,1094.67,7.0,No,No,Summer,Rainy,1118.14,0.0,0.0,325.36,0.049,23,2023,4,22,5
358,ORD100358,P-CLO-004,Clothing,Kids Winter Jacket,South,Hyderabad,SUP-006,10.0,WH-SO-02,356.0,38.0,185.0,810.0,26.27,2283.28,6.2,No,No,Autumn,Sunny,2353.22,0.0,0.0,328.93,0.126,45,2023,7,1,5
359,ORD100359,P-CLO-004,Clothing,Kids Winter Jacket,West,Surat,SUP-021,16.0,WH-WE-04,561.0,29.0,174.0,715.0,24.28,619.57,13.1,No,No,Autumn,Sunny,572.74,0.0,1.0,490.06,0.002,33,2023,9,25,0
360,ORD100360,P-SPO-005,Sports,Running Shoes,East,Bhubaneswar,SUP-008,4.0,WH-EA-02,198.0,10.0,77.0,372.0,12.43,1308.4,12.1,Yes,No,Spring,Cloudy,1506.9,0.0,0.0,291.84,0.003,17,2024,3,2,5
361,ORD100361,P-ELE-007,Electronics,Home Router,North,Kanpur,SUP-038,17.0,WH-NO-01,204.0,9.0,64.0,280.0,9.93,12045.19,7.9,No,No,Autumn,Cloudy,12019.11,0.0,1.0,553.12,0.035,12,2023,9,15,4
362,ORD100362,P-ELE-003,Electronics,Home Router,North,Lucknow,SUP-015,6.0,WH-NO-04,113.0,16.0,66.0,325.0,10.54,4350.08,4.3,,No,Summer,Sunny,4361.7,0.0,0.0,361.08,0.104,10,2024,5,28,1
363,ORD100363,P-ELE-013,Electronics,LED TV 43in,Central,,SUP-017,10.0,WH-CE-04,106.0,9.0,83.0,332.0,10.76,7105.87,10.7,Yes,No,Autumn,Cloudy,6871.37,0.0,1.0,423.42,0.094,16,2022,9,11,6
364,ORD100364,P-FUR-011,Furniture,TV Unit,West,Nagpur,SUP-035,13.0,WH-WE-03,99.0,6.0,34.0,157.0,5.31,6250.31,2.6,No,No,Winter,Cloudy,6825.32,1.0,2.0,548.44,0.084,8,2023,1,14,5
365,ORD100365,P-GRO-012,Grocery,Basmati Rice 5kg,Central,Indore,SUP-018,25.0,WH-CE-05,743.0,80.0,419.0,1349.0,49.64,193.43,21.2,No,No,Winter,Sunny,211.88,0.0,1.0,654.94,0.011,103,2022,12,6,1
366,ORD100366,P-BEA-014,Beauty,Talcum Powder,South,Chennai,SUP-008,14.0,WH-SO-04,359.0,23.0,201.0,603.0,23.59,1025.89,21.3,No,No,Summer,Sunny,1038.88,,1.0,357.73,0.085,30,2023,4,25,1
367,ORD100367,P-FUR-010,Furniture,Office Chair,West,Mumbai,SUP-036,13.0,WH-WE-05,84.0,4.0,28.0,114.0,4.02,14978.01,24.6,No,No,Autumn,Cloudy,13221.6,2.0,5.0,644.56,0.158,4,2021,7,25,6
368,ORD100368,P-GRO-006,Grocery,Basmati Rice 5kg,West,Pune,SUP-026,13.0,WH-WE-02,874.0,83.0,432.0,1408.0,,264.5,3.6,No,No,Summer,Sunny,261.02,0.0,0.0,333.52,0.035,75,2024,6,1,5
369,ORD100369,P-SPO-015,Sports,Cricket Bat,South,Bengaluru,SUP-025,5.0,WH-SO-01,150.0,13.0,159.0,538.0,18.68,1271.89,33.2,No,No,Winter,Stormy,1265.28,0.0,0.0,360.91,0.072,20,2023,2,1,2
370,ORD100370,P-BEA-009,Beauty,Face Wash 100ml,North,Jaipur,SUP-004,7.0,WH-NO-02,172.0,27.0,204.0,787.0,27.5,1186.95,0.9,No,No,Summer,Sunny,1144.06,0.0,2.0,264.32,0.029,16,2023,3,20,0
371,ORD100371,P-GRO-007,Grocery,Toor Dal 1kg,Central,Bhopal,SUP-018,8.0,WH-CE-05,101.0,32.0,174.0,1009.0,28.7,492.49,,Yes,No,Summer,Cloudy,453.75,0.0,0.0,196.27,0.06,30,2024,7,5,4
372,ORD100372,P-GRO-007,Grocery,Sugar 1kg,North,Jaipur,SUP-019,9.0,WH-NO-05,613.0,17.0,236.0,922.0,,81.02,6.5,No,No,Autumn,Cloudy,70.95,0.0,1.0,476.67,0.106,31,2022,11,11,4
373,ORD100373,P-GRO-001,Grocery,Sugar 1kg,East,Bhubaneswar,SUP-011,11.0,WH-EA-01,470.0,20.0,220.0,789.0,30.36,77.23,26.7,No,No,Autumn,Cloudy,86.32,0.0,1.0,518.59,0.043,36,2022,11,4,4
374,ORD100374,P-ELE-015,Electronics,Wireless Earbuds,East,Ranchi,SUP-023,7.0,WH-EA-05,82.0,7.0,51.0,237.0,7.88,12242.47,3.2,Yes,No,Summer,Sunny,12968.79,0.0,1.0,415.17,0.072,9,2023,4,6,3
375,ORD100375,P-ELE-013,Electronics,LED TV 43in,West,Pune,SUP-010,15.0,WH-WE-03,72.0,13.0,108.0,341.0,11.81,10558.53,6.6,No,Yes,Autumn,Cloudy,10587.63,0.0,2.0,589.77,0.137,14,2024,10,2,2
376,ORD100376,P-SPO-011,Sports,Football,South,Chennai,SUP-019,6.0,WH-SO-05,74.0,10.0,,416.0,11.69,1512.98,9.2,Yes,No,Winter,Stormy,1434.33,0.0,0.0,214.02,0.025,15,2022,1,6,3
377,ORD100377,P-CLO-004,Clothing,Women's Kurti,West,Pune,SUP-033,11.0,WH-WE-04,363.0,21.0,123.0,659.0,21.34,1498.43,4.2,No,No,Autumn,Sunny,1541.6,0.0,1.0,468.1,0.127,26,2021,8,16,0
378,ORD100378,P-GRO-014,Grocery,Sugar 1kg,North,Chandigarh,SUP-030,12.0,WH-NO-01,,39.0,233.0,1025.0,31.34,413.59,,Yes,No,Summer,Sunny,420.34,0.0,,487.81,0.031,38,2021,6,7,0
379,ORD100379,P-BEA-003,Beauty,Hair Oil 250ml,West,Pune,SUP-012,8.0,WH-WE-03,371.0,29.0,174.0,740.0,24.6,647.16,3.8,No,No,Winter,Sunny,626.39,0.0,2.0,467.58,0.159,33,2023,12,13,2
380,ORD100380,P-CLO-004,Clothing,Women's Kurti,North,Delhi,SUP-009,14.0,WH-NO-01,328.0,10.0,195.0,797.0,26.07,1692.2,2.6,No,No,Winter,Sunny,1744.95,,2.0,463.95,,32,2021,1,16,5
381,ORD100381,P-SPO-002,Sports,Yoga Mat,West,Nagpur,SUP-001,14.0,WH-WE-02,198.0,12.0,77.0,,,1696.08,18.5,No,No,Autumn,Sunny,1765.6,0.0,0.0,404.12,0.06,22,2023,11,1,2
382,ORD100382,P-BEA-005,Beauty,Talcum Powder,West,Surat,SUP-014,21.0,WH-WE-04,596.0,34.0,164.0,861.0,28.84,236.66,3.1,Yes,No,Summer,Rainy,249.67,0.0,3.0,695.87,,42,2024,7,16,1
383,ORD100383,P-CLO-005,Clothing,Kids Winter Jacket,North,Delhi,SUP-001,10.0,WH-NO-04,419.0,18.0,147.0,496.0,18.16,548.71,17.0,Yes,No,Autumn,Stormy,509.72,0.0,3.0,467.81,0.268,23,2023,9,23,5
384,ORD100384,P-GRO-012,Grocery,Sunflower Oil 1L,North,Jaipur,SUP-006,6.0,WH-NO-04,1036.0,50.0,385.0,,43.25,476.03,3.0,,No,Autumn,Rainy,492.45,0.0,0.0,320.22,0.055,47,2021,9,7,1
385,ORD100385,P-SPO-005,Sports,Cycling Helmet,West,Pune,SUP-040,8.0,WH-WE-04,152.0,14.0,76.0,356.0,11.5,3620.67,6.4,Yes,No,Summer,Sunny,3961.76,0.0,0.0,278.98,0.073,19,2023,8,27,6
386,ORD100386,P-FUR-015,Furniture,Office Chair,North,Delhi,SUP-035,15.0,WH-NO-01,102.0,28.0,37.0,170.0,5.46,7596.11,2.3,No,No,Autumn,Cloudy,7776.21,,3.0,501.52,0.021,5,2022,10,10,0
387,ORD100387,P-SPO-005,Sports,Yoga Mat,North,Chandigarh,SUP-023,7.0,WH-NO-03,202.0,11.0,96.0,358.0,11.68,4858.3,12.6,No,No,Winter,Sunny,5716.55,0.0,1.0,328.99,0.115,17,2021,2,2,1
388,ORD100388,P-ELE-008,Electronics,Laptop Stand,South,Coimbatore,SUP-031,7.0,WH-SO-03,184.0,14.0,85.0,366.0,13.01,7952.99,,No,Yes,Autumn,Sunny,7838.22,0.0,1.0,280.34,0.034,16,2021,10,16,5
389,ORD100389,P-BEA-009,Beauty,Sunscreen Lotion,Central,Bhopal,SUP-020,5.0,WH-CE-03,216.0,4.0,108.0,499.0,13.61,109.08,11.9,No,No,Winter,Cloudy,94.09,0.0,0.0,315.58,0.038,12,2023,12,21,3
390,ORD100390,P-FUR-013,Furniture,Study Table,East,Patna,SUP-025,7.0,WH-EA-02,81.0,6.0,30.0,130.0,4.39,1645.38,22.1,No,No,Spring,Sunny,1533.64,0.0,3.0,444.76,0.067,5,2023,3,31,4
391,ORD100391,P-ELE-012,Electronics,Power Bank 10000mAh,South,Kochi,SUP-037,13.0,WH-SO-04,164.0,10.0,45.0,223.0,7.27,6049.26,13.6,No,No,,Sunny,5725.36,0.0,1.0,354.52,0.26,9,2023,1,1,6
392,ORD100392,P-CLO-014,Clothing,Women's Kurti,Central,Indore,SUP-004,8.0,WH-CE-04,,18.0,83.0,438.0,12.97,1472.33,1.9,No,No,Spring,Rainy,1538.12,1.0,0.0,407.72,,12,2024,2,9,4
393,ORD100393,P-FUR-015,Furniture,Sofa Cushion Set,South,Bengaluru,SUP-015,6.0,WH-SO-03,26.0,6.0,40.0,158.0,5.8,17227.15,18.7,No,No,Winter,Rainy,18373.56,0.0,3.0,498.99,0.063,6,2023,2,5,6
394,ORD100394,P-ELE-002,Electronics,LED TV 43in,South,Hyderabad,SUP-005,4.0,WH-SO-01,98.0,14.0,81.0,340.0,11.55,8804.02,5.8,Yes,No,Autumn,Rainy,8899.88,0.0,0.0,257.2,0.087,15,2024,11,15,4
395,ORD100395,P-CLO-002,Clothing,Track Pants,South,Coimbatore,SUP-032,10.0,WH-SO-01,268.0,,75.0,460.0,12.95,817.67,24.6,Yes,No,Spring,Sunny,836.81,1.0,0.0,318.97,,21,2021,3,16,1
396,ORD100396,P-BEA-007,Beauty,Talcum Powder,South,Kochi,SUP-033,10.0,WH-SO-02,227.0,17.0,109.0,474.0,15.11,876.75,20.8,No,No,Spring,Rainy,1011.07,1.0,0.0,425.53,0.122,18,2022,2,23,2
397,ORD100397,P-GRO-003,Grocery,Instant Noodles Pack,South,Coimbatore,SUP-029,9.0,WH-SO-03,961.0,79.0,262.0,1810.0,55.89,260.95,10.6,No,No,Autumn,Sunny,243.6,0.0,0.0,281.84,0.162,78,2021,10,3,6
398,ORD100398,P-CLO-008,Clothing,Woolen Sweater,West,Mumbai,SUP-025,4.0,WH-WE-05,,9.0,153.0,574.0,19.88,1945.55,22.6,No,No,Summer,Sunny,1934.21,0.0,1.0,396.32,0.058,16,2022,8,28,6
399,ORD100399,P-CLO-009,Clothing,Kids Winter Jacket,North,,SUP-020,5.0,WH-NO-04,101.0,15.0,105.0,386.0,13.4,1528.05,4.1,No,No,Autumn,Cloudy,1472.74,0.0,1.0,314.75,0.094,16,2024,8,23,4
400,ORD100400,P-GRO-005,Grocery,Basmati Rice 5kg,West,Surat,SUP-001,4.0,WH-WE-03,685.0,28.0,235.0,1015.0,37.92,421.07,3.7,Yes,No,,Cloudy,381.53,0.0,2.0,420.79,0.169,27,2022,8,22,0
401,ORD100401,P-SPO-002,Sports,Gym Dumbbells 5kg,North,Jaipur,SUP-031,5.0,WH-NO-02,72.0,8.0,,421.0,11.7,513.56,13.7,No,No,Summer,Sunny,430.37,0.0,1.0,360.81,0.13,12,2022,4,6,2
402,ORD100402,P-BEA-015,Beauty,Lipstick Set,South,Kochi,SUP-036,6.0,WH-SO-01,329.0,21.0,143.0,628.0,21.92,998.34,17.2,No,No,Summer,Rainy,1101.89,0.0,2.0,531.85,0.05,30,2021,5,4,1
403,ORD100403,P-ELE-006,Electronics,Laptop Stand,North,Jaipur,SUP-039,7.0,WH-NO-01,58.0,6.0,64.0,253.0,9.74,8180.77,7.7,Yes,No,Autumn,Sunny,7680.63,0.0,0.0,352.31,0.202,10,2022,7,30,5
404,ORD100404,P-SPO-013,Sports,Football,East,Patna,SUP-014,5.0,WH-EA-01,66.0,5.0,54.0,271.0,,1817.59,6.8,No,No,Winter,Rainy,1781.18,0.0,0.0,392.22,0.08,12,2021,12,1,2
405,ORD100405,P-SPO-010,Sports,Running Shoes,West,Ahmedabad,SUP-009,11.0,WH-WE-05,244.0,8.0,105.0,428.0,15.27,3436.87,14.5,No,No,Autumn,Sunny,3555.26,0.0,0.0,336.87,0.07,18,2021,10,4,0
406,ORD100406,P-GRO-010,Grocery,Toor Dal 1kg,South,Hyderabad,SUP-027,3.0,WH-SO-01,892.0,32.0,242.0,1204.0,37.49,546.64,6.5,Yes,No,Autumn,Cloudy,494.6,1.0,2.0,268.36,0.036,48,2021,7,15,3
407,ORD100407,P-BEA-012,Beauty,Hair Oil 250ml,North,Chandigarh,SUP-001,7.0,WH-NO-05,290.0,29.0,181.0,797.0,24.88,571.11,2.8,No,No,Autumn,Rainy,532.99,0.0,1.0,332.55,0.025,20,2023,7,13,3
408,ORD100408,P-ELE-004,Electronics,Bluetooth Speaker,North,Jaipur,SUP-003,6.0,WH-NO-03,196.0,14.0,99.0,380.0,11.48,14594.48,26.3,Yes,No,Autumn,Cloudy,14569.09,0.0,0.0,297.81,0.071,18,2023,11,2,3
409,ORD100409,P-SPO-004,Sports,Badminton Racket,West,Surat,SUP-033,,WH-WE-04,556.0,40.0,190.0,655.0,25.37,1737.85,17.6,No,Yes,Winter,Rainy,1676.92,0.0,,511.74,0.194,45,2023,12,19,1
410,ORD100410,P-FUR-015,Furniture,Office Chair,South,Bengaluru,SUP-039,10.0,WH-SO-05,70.0,7.0,58.0,266.0,8.53,16716.12,33.3,No,No,Summer,Cloudy,15009.88,0.0,0.0,351.24,0.076,7,2021,3,20,5
411,ORD100411,P-FUR-011,Furniture,Dining Chair,West,Ahmedabad,SUP-017,8.0,WH-WE-04,112.0,6.0,40.0,130.0,4.87,6941.96,15.3,No,Yes,Autumn,Sunny,7279.17,0.0,2.0,421.03,0.01,11,2024,9,7,5
412,ORD100412,P-ELE-005,Electronics,Wireless Earbuds,South,Bengaluru,SUP-021,12.0,WH-SO-01,,12.0,90.0,332.0,10.99,12531.36,8.5,No,No,Winter,Cloudy,12065.96,,2.0,508.5,0.248,12,2023,1,11,2
413,ORD100413,P-SPO-010,Sports,Football,North,Chandigarh,SUP-022,9.0,WH-NO-05,125.0,17.0,126.0,519.0,15.93,1198.29,3.8,No,No,Summer,Cloudy,1211.4,0.0,1.0,298.72,0.016,15,2023,4,2,6
414,ORD100414,P-ELE-006,Electronics,Bluetooth Speaker,West,Ahmedabad,SUP-006,10.0,WH-WE-01,116.0,10.0,64.0,216.0,,2453.32,5.7,Yes,No,Autumn,Sunny,2464.49,0.0,5.0,541.78,0.028,8,2024,7,5,4
415,ORD100415,P-GRO-013,Grocery,Sunflower Oil 1L,South,Chennai,SUP-009,14.0,WH-SO-03,795.0,47.0,283.0,1088.0,37.94,104.99,20.6,Yes,No,Spring,Sunny,113.13,0.0,1.0,425.02,0.048,60,2022,2,7,0
416,ORD100416,P-ELE-008,Electronics,Home Router,North,Kanpur,SUP-012,13.0,WH-NO-04,188.0,15.0,103.0,363.0,13.36,6655.83,13.7,No,No,Winter,Sunny,6843.83,0.0,2.0,489.06,0.07,11,2023,1,6,4
417,ORD100417,P-BEA-005,Beauty,Moisturizer Cream,Central,Indore,SUP-034,10.0,WH-CE-02,342.0,16.0,152.0,564.0,18.49,568.38,10.1,No,No,Summer,Sunny,529.16,1.0,3.0,466.08,0.153,16,2021,4,14,2
418,ORD100418,P-ELE-011,Electronics,Smartphone Charger,North,Delhi,SUP-018,13.0,WH-NO-04,119.0,16.0,83.0,,13.25,9139.76,5.6,Yes,No,Winter,Stormy,9989.54,0.0,0.0,2304.6,0.096,12,2022,12,21,2
419,ORD100419,P-SPO-012,Sports,Yoga Mat,South,Chennai,SUP-029,6.0,WH-SO-04,124.0,12.0,102.0,476.0,14.85,,1.0,No,,Winter,Rainy,1047.56,0.0,0.0,318.75,0.023,14,2022,1,24,0
420,ORD100420,P-FUR-006,Furniture,Office Chair,South,Coimbatore,SUP-008,23.0,WH-SO-05,137.0,8.0,53.0,197.0,6.72,15783.72,11.9,No,No,Autumn,Cloudy,14756.06,1.0,1.0,649.7,0.193,8,2021,9,24,4
421,ORD100421,P-ELE-012,Electronics,Laptop Stand,East,Kolkata,SUP-039,34.0,WH-EA-05,126.0,10.0,70.0,295.0,9.89,10816.15,7.4,No,No,Autumn,Sunny,9983.72,0.0,1.0,735.91,0.007,12,2023,6,23,4
422,ORD100422,P-ELE-004,Electronics,Bluetooth Speaker,West,Ahmedabad,SUP-036,15.0,WH-WE-02,139.0,3.0,54.0,234.0,7.64,3318.54,7.1,No,No,Autumn,Sunny,2696.38,0.0,0.0,478.95,0.053,7,2021,7,10,5
423,ORD100423,P-ELE-004,Electronics,Smartphone Charger,North,Chandigarh,SUP-020,10.0,WH-NO-04,249.0,10.0,81.0,221.0,10.2,12596.83,13.2,No,No,Autumn,Sunny,11983.64,0.0,1.0,358.93,0.074,14,2024,11,24,6
424,ORD100424,P-FUR-013,Furniture,Dining Chair,Central,Jabalpur,SUP-010,11.0,WH-CE-05,109.0,6.0,26.0,115.0,4.3,2082.52,15.9,No,No,Winter,Sunny,2148.6,0.0,1.0,347.26,0.28,7,2021,12,6,0
425,ORD100425,P-BEA-010,Beauty,Hair Oil 250ml,East,Kolkata,SUP-040,5.0,WH-EA-01,382.0,27.0,223.0,960.0,27.94,1024.3,2.7,No,No,Summer,Rainy,912.7,0.0,1.0,396.04,0.024,22,2021,4,26,0
426,ORD100426,P-GRO-001,Grocery,Toor Dal 1kg,Central,Bhopal,SUP-033,11.0,WH-CE-04,458.0,32.0,182.0,791.0,30.07,506.78,,No,No,Autumn,,576.05,,1.0,401.89,0.013,28,2022,10,15,5
427,ORD100427,P-BEA-011,Beauty,Sunscreen Lotion,West,Ahmedabad,SUP-021,6.0,WH-WE-05,238.0,21.0,161.0,653.0,24.33,304.65,3.0,No,No,Summer,Cloudy,250.04,0.0,0.0,288.29,0.017,16,2022,7,22,4
428,ORD100428,P-ELE-005,Electronics,Laptop Stand,Central,Bhopal,SUP-011,6.0,WH-CE-01,,5.0,31.0,166.0,5.75,9745.93,17.6,Yes,No,Summer,Sunny,9135.29,0.0,0.0,242.95,0.077,9,2023,8,20,6
429,ORD100429,P-BEA-005,Beauty,Herbal Shampoo 200ml,East,Guwahati,SUP-025,10.0,WH-EA-04,468.0,28.0,140.0,692.0,21.41,169.79,9.8,Yes,No,Autumn,Rainy,149.58,0.0,,293.08,0.068,36,2023,9,2,5
430,ORD100430,P-SPO-007,Sports,Skipping Rope,South,Chennai,SUP-015,5.0,WH-SO-01,110.0,14.0,120.0,409.0,15.83,3110.34,10.0,No,No,Summer,Sunny,3338.78,0.0,0.0,372.44,0.136,17,2023,5,16,1
431,ORD100431,P-BEA-007,Beauty,Moisturizer Cream,South,Hyderabad,SUP-027,18.0,WH-SO-03,122.0,17.0,186.0,753.0,25.78,1162.26,22.1,No,No,Summer,Sunny,1222.93,0.0,5.0,732.09,0.053,19,2023,4,20,3
432,ORD100432,P-FUR-014,Furniture,Study Table,East,Kolkata,SUP-034,13.0,WH-EA-05,109.0,3.0,61.0,302.0,8.98,11486.0,14.9,Yes,No,Winter,Sunny,11241.54,0.0,,342.47,0.045,12,2024,2,10,5
433,ORD100433,P-BEA-007,Beauty,Sunscreen Lotion,South,Coimbatore,SUP-020,4.0,WH-SO-05,343.0,18.0,,735.0,23.76,1948.91,5.3,No,No,Autumn,Sunny,617.4,0.0,0.0,215.79,0.11,25,2023,8,11,4
434,ORD100434,P-ELE-005,Electronics,Home Router,West,Ahmedabad,SUP-002,6.0,WH-WE-04,28.0,5.0,61.0,220.0,8.13,1757.61,7.0,No,No,Autumn,Cloudy,1589.1,0.0,3.0,422.67,,8,2021,7,23,4
435,ORD100435,P-GRO-012,Grocery,Sugar 1kg,North,Delhi,SUP-023,5.0,WH-NO-04,424.0,,230.0,1294.0,39.1,369.96,18.0,No,No,Autumn,Cloudy,377.36,,,250.53,0.244,40,2022,11,8,1
436,ORD100436,P-ELE-009,Electronics,LED TV 43in,West,Pune,SUP-035,,WH-WE-02,96.0,9.0,112.0,400.0,13.78,1639.19,5.0,No,Yes,Autumn,Cloudy,1550.52,0.0,3.0,378.87,0.129,10,2023,10,2,0
437,ORD100437,P-CLO-001,Clothing,Formal Shirt,North,Delhi,SUP-009,16.0,WH-NO-05,486.0,14.0,150.0,,19.75,1173.78,14.6,No,Yes,Winter,Sunny,1121.0,0.0,1.0,435.38,0.112,31,2022,1,26,2
438,ORD100438,P-BEA-010,Beauty,Sunscreen Lotion,Central,Bhopal,SUP-039,15.0,WH-CE-04,447.0,19.0,149.0,753.0,27.24,949.61,8.7,No,No,Summer,Stormy,944.01,0.0,0.0,413.2,0.099,17,2024,6,15,5
439,ORD100439,P-FUR-008,Furniture,Office Chair,North,Jaipur,SUP-015,11.0,WH-NO-05,95.0,8.0,49.0,187.0,5.66,19659.3,16.8,Yes,No,Winter,Cloudy,19010.42,0.0,1.0,320.82,0.081,13,2022,12,7,2
440,ORD100440,P-BEA-009,Beauty,Body Lotion 400ml,North,Chandigarh,SUP-028,12.0,WH-NO-04,124.0,19.0,249.0,1075.0,37.06,1150.22,28.8,No,No,Summer,Rainy,989.22,0.0,2.0,412.17,0.125,19,2022,4,15,4
441,ORD100441,P-ELE-003,Electronics,LED TV 43in,West,Nagpur,SUP-029,6.0,WH-WE-01,56.0,16.0,79.0,413.0,,10543.73,26.6,Yes,No,Summer,Sunny,9421.12,0.0,0.0,355.36,0.111,9,2022,7,12,1
442,ORD100442,P-BEA-008,Beauty,Herbal Shampoo 200ml,West,Pune,SUP-008,5.0,WH-WE-03,343.0,38.0,186.0,805.0,32.83,991.46,10.4,Yes,No,Autumn,Rainy,887.82,0.0,2.0,290.05,0.042,32,2023,6,24,5
443,ORD100443,P-ELE-010,Electronics,Wireless Earbuds,West,Surat,SUP-002,13.0,WH-WE-04,70.0,,54.0,347.0,10.07,11528.81,18.2,No,No,Autumn,Cloudy,10857.8,0.0,1.0,429.82,0.012,10,2023,11,3,4
444,ORD100444,P-GRO-011,Grocery,Sugar 1kg,Central,Gwalior,SUP-038,13.0,WH-CE-04,130.0,26.0,173.0,901.0,26.57,282.3,11.0,No,No,Winter,Cloudy,284.33,0.0,1.0,451.39,0.018,22,2022,1,9,6
445,ORD100445,P-FUR-011,Furniture,Study Table,South,,SUP-029,9.0,WH-SO-02,48.0,7.0,32.0,137.0,5.17,16086.85,12.1,No,No,Autumn,Sunny,16149.79,0.0,0.0,396.6,0.087,7,2021,9,8,2
446,ORD100446,P-SPO-015,Sports,Skipping Rope,West,Nagpur,SUP-026,14.0,WH-WE-01,278.0,11.0,64.0,383.0,11.07,1009.96,10.8,No,No,Summer,Sunny,1105.83,0.0,1.0,372.05,0.033,10,2021,5,14,4
447,ORD100447,P-FUR-008,Furniture,TV Unit,South,Coimbatore,SUP-013,13.0,WH-SO-05,115.0,4.0,32.0,124.0,4.78,,27.2,No,No,Winter,,10780.51,2.0,,383.83,0.054,3,2022,12,26,0
448,ORD100448,P-ELE-007,Electronics,Wireless Earbuds,East,Guwahati,SUP-005,9.0,WH-EA-05,135.0,11.0,73.0,223.0,8.51,5207.89,7.9,No,No,Autumn,Sunny,5335.55,0.0,4.0,,0.052,12,2024,9,16,0
449,ORD100449,P-FUR-009,Furniture,Study Table,South,Coimbatore,SUP-011,11.0,WH-SO-05,97.0,6.0,41.0,193.0,6.56,8267.7,10.0,No,No,Autumn,Cloudy,7747.43,0.0,1.0,,0.206,9,2024,11,2,5
450,ORD100450,P-ELE-005,Electronics,Home Router,North,Chandigarh,SUP-022,7.0,WH-NO-04,66.0,3.0,38.0,174.0,5.69,3099.76,10.3,No,No,Spring,Cloudy,3589.65,0.0,0.0,343.37,0.061,6,2023,3,29,2
451,ORD100451,P-SPO-005,Sports,Cricket Bat,East,Guwahati,SUP-028,6.0,WH-EA-05,243.0,11.0,73.0,312.0,9.56,753.77,8.8,No,No,Spring,Rainy,747.38,0.0,1.0,426.71,0.026,8,2023,2,16,3
452,ORD100452,P-FUR-011,Furniture,Plastic Storage Rack,West,Nagpur,SUP-013,8.0,WH-WE-03,35.0,7.0,48.0,161.0,5.4,15103.84,0.9,No,No,Winter,Sunny,,0.0,1.0,321.81,0.113,4,2023,1,6,4
453,ORD100453,P-ELE-005,Electronics,Power Bank 10000mAh,North,Jaipur,SUP-009,4.0,WH-NO-04,145.0,15.0,100.0,,13.91,3921.67,1.2,No,No,Winter,Rainy,4007.73,0.0,0.0,215.02,0.032,16,2021,12,13,0
454,ORD100454,P-ELE-012,Electronics,Smartphone Charger,Central,Gwalior,SUP-010,4.0,WH-CE-03,72.0,4.0,32.0,141.0,4.23,6369.6,13.1,Yes,No,Summer,Sunny,6470.02,0.0,2.0,299.54,0.028,4,2022,8,31,2
455,ORD100455,P-ELE-012,Electronics,Laptop Stand,East,Kolkata,SUP-039,6.0,WH-EA-04,248.0,14.0,101.0,377.0,12.79,9772.63,11.5,Yes,No,Autumn,Rainy,9475.59,0.0,1.0,288.55,0.097,10,2024,9,29,6
456,ORD100456,P-SPO-015,Sports,Badminton Racket,North,Chandigarh,SUP-026,10.0,WH-NO-01,53.0,24.0,150.0,639.0,20.03,3823.56,11.2,No,Yes,Autumn,Sunny,4005.24,0.0,4.0,455.84,,19,2023,6,20,1
457,ORD100457,P-CLO-002,Clothing,Formal Shirt,East,Kolkata,SUP-040,12.0,WH-EA-02,73.0,7.0,52.0,323.0,9.82,1920.7,17.6,No,No,,Sunny,2152.78,1.0,6.0,644.89,0.035,9,2021,12,23,3
458,ORD100458,P-BEA-006,Beauty,Talcum Powder,North,Delhi,SUP-001,9.0,WH-NO-02,134.0,8.0,128.0,585.0,20.66,614.37,10.9,No,No,Summer,Sunny,659.5,0.0,3.0,351.73,0.158,13,2021,5,9,6
459,ORD100459,P-FUR-012,Furniture,Sofa Cushion Set,North,Lucknow,SUP-019,5.0,WH-NO-03,38.0,6.0,52.0,197.0,6.75,19545.06,23.7,No,No,Winter,Rainy,19312.25,0.0,2.0,427.66,,7,2024,1,3,2
460,ORD100460,P-CLO-007,Clothing,Denim Jeans,West,Ahmedabad,SUP-019,10.0,WH-WE-05,351.0,24.0,118.0,586.0,18.33,1896.6,9.1,Yes,No,Summer,Cloudy,2166.17,0.0,0.0,340.61,0.113,39,2024,8,12,0
461,ORD100461,P-ELE-010,Electronics,Home Router,North,Chandigarh,SUP-017,5.0,WH-NO-01,143.0,6.0,49.0,284.0,8.63,3465.63,6.6,No,No,Autumn,Sunny,3599.29,0.0,0.0,299.02,0.294,10,2021,6,10,3
462,ORD100462,P-SPO-012,Sports,Gym Dumbbells 5kg,North,Kanpur,SUP-016,8.0,WH-NO-04,417.0,14.0,157.0,659.0,23.37,1915.68,11.4,No,No,,Sunny,1747.45,0.0,1.0,277.94,0.242,24,2022,7,3,6
463,ORD100463,P-GRO-014,Grocery,Basmati Rice 5kg,West,Surat,SUP-004,5.0,WH-WE-05,320.0,40.0,288.0,1137.0,,78.44,7.8,No,No,Summer,Cloudy,78.78,0.0,2.0,306.96,0.124,38,2024,5,29,2
464,ORD100464,P-CLO-004,Clothing,Formal Shirt,North,Chandigarh,SUP-002,20.0,WH-NO-04,,15.0,125.0,429.0,16.58,723.57,19.3,No,No,Winter,Sunny,711.02,0.0,1.0,503.45,0.011,14,2022,1,5,2
465,ORD100465,P-FUR-004,Furniture,Office Chair,West,Pune,SUP-032,10.0,WH-WE-04,195.0,6.0,56.0,229.0,7.95,5054.24,3.4,,No,Autumn,Sunny,4835.33,0.0,1.0,358.97,0.117,10,2021,9,21,1
466,ORD100466,P-FUR-008,Furniture,Sofa Cushion Set,West,Surat,SUP-018,5.0,WH-WE-01,50.0,6.0,23.0,153.0,4.45,2416.37,8.1,No,No,Autumn,Cloudy,2477.14,0.0,1.0,1056.09,0.272,5,2022,7,30,5
467,ORD100467,P-SPO-008,Sports,Skipping Rope,North,Lucknow,SUP-007,12.0,WH-NO-04,108.0,13.0,119.0,405.0,16.52,4504.33,9.3,No,No,Autumn,Sunny,3827.24,0.0,1.0,419.14,0.132,11,2022,7,30,5
468,ORD100468,P-ELE-014,Electronics,Wireless Earbuds,East,Ranchi,SUP-014,6.0,WH-EA-02,78.0,11.0,54.0,340.0,9.58,12036.71,4.4,No,No,Winter,Sunny,13580.41,0.0,2.0,335.8,0.123,9,2022,12,5,0
469,ORD100469,P-CLO-001,Clothing,Track Pants,North,Jaipur,SUP-038,10.0,WH-NO-02,491.0,41.0,249.0,1166.0,32.82,307.64,29.5,No,,Autumn,Sunny,322.7,0.0,1.0,429.75,0.056,47,2024,11,11,0
470,ORD100470,P-GRO-004,Grocery,Masala Mix 200g,East,Guwahati,SUP-019,7.0,WH-EA-05,739.0,36.0,,1015.0,38.43,261.24,14.3,No,No,Autumn,Cloudy,222.76,0.0,0.0,352.8,0.201,31,2024,11,21,3
471,ORD100471,P-CLO-014,Clothing,Woolen Sweater,North,Lucknow,SUP-040,9.0,WH-NO-04,83.0,23.0,120.0,503.0,18.72,808.65,18.1,Yes,No,Summer,Cloudy,847.47,0.0,0.0,440.51,0.046,17,2023,4,27,3
472,ORD100472,P-ELE-010,Electronics,Laptop Stand,Central,Gwalior,SUP-007,16.0,WH-CE-05,161.0,9.0,40.0,213.0,7.09,4334.0,8.7,No,No,Summer,Sunny,4487.69,0.0,1.0,493.73,0.059,9,2021,4,20,1
473,ORD100473,P-ELE-011,Electronics,LED TV 43in,North,Kanpur,SUP-005,9.0,WH-NO-03,125.0,17.0,135.0,475.0,16.49,12295.83,15.5,Yes,No,Winter,Cloudy,13737.2,0.0,1.0,363.26,0.108,33,2022,1,21,4
474,ORD100474,P-GRO-004,Grocery,Sunflower Oil 1L,West,Mumbai,SUP-023,19.0,WH-WE-02,979.0,40.0,329.0,1493.0,44.98,486.64,9.5,Yes,,Autumn,Sunny,553.76,0.0,5.0,691.48,0.109,68,2021,9,22,2
475,ORD100475,P-GRO-010,Grocery,Masala Mix 200g,North,Delhi,SUP-028,9.0,WH-NO-05,611.0,57.0,241.0,1296.0,40.06,348.08,19.2,No,No,Winter,Sunny,400.78,0.0,1.0,400.61,0.101,71,2021,1,1,4
476,ORD100476,P-CLO-006,Clothing,Formal Shirt,North,Chandigarh,SUP-040,6.0,WH-NO-04,,25.0,167.0,581.0,19.52,2235.82,14.2,Yes,No,Summer,Sunny,2186.13,0.0,1.0,287.59,0.131,27,2022,7,14,3
477,ORD100477,P-FUR-011,Furniture,Wooden Bookshelf,South,Chennai,SUP-019,6.0,WH-SO-05,41.0,9.0,50.0,186.0,7.12,8479.44,25.5,No,No,Winter,Sunny,8846.31,2.0,1.0,380.87,0.01,7,2021,1,10,6
478,ORD100478,P-FUR-002,Furniture,Sofa Cushion Set,East,Guwahati,SUP-009,7.0,WH-EA-01,69.0,4.0,,126.0,4.3,11062.16,9.0,No,No,Summer,Cloudy,10637.04,0.0,2.0,428.24,0.134,4,2023,4,20,3
479,ORD100479,P-GRO-005,Grocery,Sugar 1kg,Central,Raipur,SUP-022,6.0,WH-CE-03,354.0,22.0,214.0,995.0,26.42,146.97,16.3,No,No,Winter,Sunny,158.47,0.0,1.0,229.57,0.19,42,2022,2,6,6
480,ORD100480,P-GRO-010,Grocery,Instant Noodles Pack,North,Kanpur,SUP-013,10.0,WH-NO-05,544.0,14.0,268.0,1050.0,34.18,177.72,9.4,No,No,Autumn,Stormy,146.99,0.0,1.0,503.73,0.069,23,2023,11,25,5
481,ORD100481,P-GRO-010,Grocery,Masala Mix 200g,North,Lucknow,SUP-008,11.0,WH-NO-05,697.0,34.0,224.0,1012.0,29.46,516.19,19.1,No,No,Spring,Stormy,463.52,0.0,1.0,423.03,0.058,26,2023,2,9,3
482,ORD100482,P-CLO-013,Clothing,Woolen Sweater,South,Chennai,SUP-004,6.0,WH-SO-04,156.0,19.0,152.0,653.0,20.96,1142.89,11.2,No,No,Autumn,,1103.22,0.0,1.0,276.02,0.018,21,2024,10,21,0
483,ORD100483,P-GRO-013,Grocery,Sunflower Oil 1L,South,Bengaluru,SUP-029,6.0,WH-SO-01,771.0,41.0,221.0,1339.0,37.98,288.1,5.5,No,No,Winter,Cloudy,286.71,0.0,0.0,232.38,0.092,43,2022,12,10,5
484,ORD100484,P-ELE-001,Electronics,Smartphone Charger,West,Pune,SUP-026,20.0,WH-WE-03,191.0,20.0,68.0,345.0,11.55,13921.3,6.0,No,Yes,Summer,Cloudy,14103.36,0.0,2.0,594.1,0.021,16,2021,8,17,1
485,ORD100485,P-GRO-002,Grocery,Sunflower Oil 1L,Central,Indore,SUP-007,6.0,WH-CE-01,783.0,43.0,207.0,1062.0,31.51,102.52,4.0,No,No,Autumn,Sunny,112.97,0.0,1.0,281.28,0.037,34,2024,9,8,6
486,ORD100486,P-CLO-006,Clothing,Cotton Saree,West,Surat,SUP-023,7.0,WH-WE-05,204.0,25.0,109.0,729.0,22.11,703.29,19.3,No,No,Spring,Sunny,666.71,0.0,0.0,250.55,0.127,27,2022,3,28,0
487,ORD100487,P-GRO-015,Grocery,Tea Powder 500g,North,Lucknow,SUP-036,14.0,WH-NO-04,744.0,32.0,242.0,1007.0,33.22,585.33,1.6,Yes,No,Winter,Stormy,524.82,0.0,5.0,586.27,0.031,42,2024,1,22,0
488,ORD100488,P-CLO-008,Clothing,Track Pants,South,Chennai,SUP-033,12.0,WH-SO-01,232.0,37.0,210.0,919.0,30.31,1079.94,4.0,No,No,Spring,Sunny,1046.46,0.0,0.0,410.42,0.03,28,2024,2,18,6
489,ORD100489,P-CLO-014,Clothing,Track Pants,West,Pune,SUP-019,7.0,WH-WE-04,549.0,,219.0,798.0,31.09,1112.09,9.1,No,No,Autumn,Cloudy,1058.17,1.0,0.0,284.85,0.09,34,2024,9,13,4
490,ORD100490,P-FUR-001,Furniture,Dining Chair,South,Hyderabad,SUP-003,8.0,WH-SO-04,123.0,6.0,60.0,200.0,6.92,6036.54,28.9,Yes,,Autumn,,6303.7,0.0,0.0,269.99,0.068,12,2023,7,25,1
491,ORD100491,P-FUR-015,Furniture,Study Table,West,Surat,SUP-026,13.0,WH-WE-01,111.0,7.0,46.0,298.0,7.95,12906.37,13.6,No,No,Winter,Sunny,14480.95,0.0,0.0,488.38,0.184,10,2023,1,18,2
492,ORD100492,P-FUR-001,Furniture,Sofa Cushion Set,North,Kanpur,SUP-021,10.0,WH-NO-01,53.0,5.0,31.0,154.0,4.35,7158.56,9.3,No,No,Autumn,Cloudy,7980.37,0.0,1.0,419.97,,6,2022,7,17,6
493,ORD100493,P-GRO-013,Grocery,Instant Noodles Pack,South,Bengaluru,SUP-037,13.0,WH-SO-02,880.0,28.0,212.0,1091.0,36.6,189.4,3.3,No,No,Autumn,Rainy,205.91,0.0,0.0,343.78,0.135,35,2022,10,15,5
494,ORD100494,P-BEA-014,Beauty,Talcum Powder,West,Nagpur,SUP-023,11.0,WH-WE-01,432.0,18.0,,619.0,22.48,812.93,25.8,Yes,,Spring,Sunny,775.89,0.0,1.0,418.26,0.024,26,2024,2,15,3
495,ORD100495,P-CLO-005,Clothing,Denim Jeans,South,Chennai,SUP-030,15.0,WH-SO-03,286.0,10.0,86.0,492.0,14.57,1271.66,6.9,No,No,Summer,Sunny,1255.21,0.0,0.0,433.66,0.021,9,2023,4,8,5
496,ORD100496,P-CLO-005,Clothing,Track Pants,Central,Jabalpur,SUP-022,15.0,WH-CE-05,276.0,21.0,125.0,431.0,13.92,1262.57,1.7,Yes,No,Spring,Sunny,1305.46,1.0,0.0,425.01,0.035,21,2021,3,13,5
497,ORD100497,P-FUR-009,Furniture,Plastic Storage Rack,South,Bengaluru,SUP-022,,WH-SO-01,113.0,6.0,64.0,337.0,10.68,19665.51,15.0,No,No,Autumn,Rainy,18453.13,0.0,1.0,392.87,0.016,8,2022,6,28,1
498,ORD100498,P-GRO-011,Grocery,Sunflower Oil 1L,North,Jaipur,SUP-013,12.0,WH-NO-04,280.0,25.0,304.0,1211.0,41.52,488.07,18.9,Yes,No,Autumn,Cloudy,461.62,0.0,2.0,2005.31,0.1,55,2024,8,28,2
499,ORD100499,P-CLO-002,Clothing,Denim Jeans,South,Kochi,SUP-017,4.0,WH-SO-03,225.0,10.0,241.0,1104.0,31.94,920.71,8.9,No,No,Autumn,Cloudy,948.29,0.0,1.0,327.92,0.047,28,2021,11,4,3
500,ORD100500,P-BEA-004,Beauty,Moisturizer Cream,North,Delhi,SUP-012,11.0,WH-NO-05,596.0,43.0,290.0,1131.0,36.64,795.47,6.5,No,No,Autumn,Rainy,708.64,0.0,1.0,403.8,0.236,25,2022,11,21,0
501,ORD100501,P-SPO-012,Sports,Cycling Helmet,East,Guwahati,SUP-019,6.0,WH-EA-03,112.0,6.0,53.0,286.0,8.96,2633.05,4.9,No,No,Summer,Stormy,2863.2,0.0,0.0,,,9,2024,5,7,1
502,ORD100502,P-SPO-013,Sports,Football,North,Delhi,SUP-039,5.0,WH-NO-04,135.0,16.0,77.0,359.0,13.35,919.39,3.3,No,No,Summer,Sunny,889.86,0.0,0.0,302.21,0.028,14,2022,3,1,1
503,ORD100503,P-CLO-003,Clothing,Women's Kurti,East,Ranchi,SUP-014,11.0,WH-EA-05,106.0,16.0,105.0,448.0,16.14,923.84,,No,No,Autumn,Rainy,963.79,0.0,0.0,362.53,0.183,13,2023,9,22,4
504,ORD100504,P-CLO-014,Clothing,Kids Winter Jacket,West,Surat,SUP-019,5.0,WH-WE-01,216.0,36.0,202.0,696.0,26.13,2049.45,2.0,Yes,No,Spring,Sunny,2083.36,0.0,0.0,319.64,,43,2024,2,22,3
505,ORD100505,P-BEA-014,Beauty,Sunscreen Lotion,South,Kochi,SUP-038,1.0,WH-SO-02,273.0,21.0,200.0,898.0,28.58,1118.08,8.6,No,No,Summer,Sunny,1230.26,0.0,1.0,335.42,0.071,32,2022,4,21,3
506,ORD100506,P-GRO-014,Grocery,Tea Powder 500g,North,Kanpur,SUP-007,12.0,WH-NO-02,1311.0,78.0,623.0,2323.0,76.63,57.04,35.4,No,Yes,Autumn,Sunny,47.33,0.0,0.0,365.02,0.064,86,2024,8,1,3
507,ORD100507,P-BEA-004,Beauty,Herbal Shampoo 200ml,South,Chennai,SUP-011,1.0,WH-SO-01,475.0,37.0,172.0,730.0,28.03,255.19,16.3,Yes,No,Autumn,,280.92,0.0,0.0,183.62,0.049,57,2022,10,15,5
508,ORD100508,P-CLO-011,Clothing,Formal Shirt,West,Ahmedabad,SUP-020,18.0,WH-WE-04,502.0,36.0,180.0,828.0,26.72,1741.82,2.3,Yes,No,Summer,Rainy,1914.34,0.0,0.0,389.37,0.021,39,2022,3,9,2
509,ORD100509,P-ELE-003,Electronics,Home Router,East,Guwahati,SUP-017,13.0,WH-EA-01,132.0,9.0,47.0,205.0,6.74,3131.08,18.5,No,No,Autumn,Cloudy,3201.52,0.0,1.0,477.74,0.015,11,2021,11,26,4
510,ORD100510,P-ELE-003,Electronics,Wireless Earbuds,North,Delhi,SUP-014,13.0,WH-NO-02,140.0,,46.0,,6.7,13831.78,16.6,No,No,Winter,Cloudy,14408.63,1.0,0.0,,0.094,8,2022,1,25,1
511,ORD100511,P-BEA-002,Beauty,Body Lotion 400ml,East,Patna,SUP-032,10.0,WH-EA-01,107.0,24.0,187.0,685.0,24.59,865.28,3.7,No,No,Summer,,906.56,0.0,0.0,282.01,0.032,19,2023,4,3,0
512,ORD100512,P-ELE-008,Electronics,Smartphone Charger,South,Bengaluru,SUP-020,5.0,WH-SO-04,177.0,12.0,83.0,309.0,10.05,10816.24,4.9,No,No,,Sunny,10036.53,0.0,1.0,283.79,0.137,10,2021,11,26,4
513,ORD100513,P-GRO-011,Grocery,Sunflower Oil 1L,South,Kochi,SUP-015,3.0,WH-SO-04,1064.0,28.0,296.0,1250.0,46.43,191.08,21.5,Yes,No,Summer,Rainy,191.91,0.0,0.0,272.58,0.09,50,2022,6,8,2
514,ORD100514,P-GRO-003,Grocery,Masala Mix 200g,North,Lucknow,SUP-020,2.0,WH-NO-03,1422.0,51.0,375.0,1683.0,57.59,235.42,14.1,No,No,Autumn,Rainy,252.18,0.0,1.0,318.12,0.027,56,2023,11,5,6
515,ORD100515,P-ELE-003,Electronics,LED TV 43in,Central,Raipur,SUP-036,5.0,WH-CE-03,22.0,,57.0,216.0,7.77,13398.1,6.0,No,No,Summer,Cloudy,11482.04,2.0,2.0,389.0,0.07,6,2024,7,3,2
516,ORD100516,P-GRO-005,Grocery,Tea Powder 500g,North,Chandigarh,SUP-040,6.0,WH-NO-03,594.0,64.0,366.0,1257.0,49.74,522.68,1.5,No,No,Autumn,Sunny,542.38,0.0,1.0,327.92,0.104,54,2023,9,19,1
517,ORD100517,P-BEA-003,Beauty,Lipstick Set,North,Lucknow,SUP-010,11.0,WH-NO-01,298.0,22.0,279.0,811.0,34.3,1049.1,15.9,No,No,,Sunny,1056.41,0.0,0.0,409.42,0.012,47,2023,2,11,5
518,ORD100518,P-ELE-013,Electronics,Smartwatch,North,Jaipur,SUP-002,6.0,WH-NO-02,64.0,10.0,63.0,236.0,8.91,5724.74,17.2,Yes,No,Autumn,Stormy,6012.05,0.0,0.0,297.31,0.175,13,2023,10,15,6
519,ORD100519,P-BEA-003,Beauty,Lipstick Set,East,Ranchi,SUP-002,12.0,WH-EA-05,321.0,13.0,121.0,644.0,17.9,494.99,10.1,No,No,Summer,Sunny,444.62,0.0,2.0,473.42,0.059,13,2022,8,25,3
520,ORD100520,P-BEA-005,Beauty,Lipstick Set,South,Hyderabad,SUP-018,9.0,WH-SO-01,539.0,42.0,403.0,1199.0,45.64,879.13,16.7,No,No,Winter,Sunny,826.83,0.0,1.0,328.56,0.102,53,2022,1,31,0
521,ORD100521,P-GRO-005,Grocery,Instant Noodles Pack,South,Kochi,SUP-026,9.0,WH-SO-04,1005.0,70.0,358.0,1437.0,48.76,461.37,20.7,,No,Winter,Cloudy,409.84,0.0,2.0,480.82,0.084,74,2024,1,1,0
522,ORD100522,P-ELE-004,Electronics,Smartwatch,South,Bengaluru,SUP-003,5.0,WH-SO-01,178.0,5.0,81.0,310.0,10.4,13063.99,16.4,No,No,Autumn,Rainy,11593.63,0.0,0.0,316.87,0.149,10,2021,7,17,5
523,ORD100523,P-FUR-015,Furniture,Foldable Bed,West,Nagpur,SUP-021,5.0,WH-WE-01,62.0,4.0,33.0,221.0,6.18,6408.92,10.1,No,Yes,Autumn,,,0.0,2.0,333.78,,11,2024,8,15,3
524,ORD100524,P-ELE-004,Electronics,Power Bank 10000mAh,South,Bengaluru,SUP-016,9.0,WH-SO-02,62.0,11.0,71.0,245.0,10.3,7570.3,15.3,Yes,No,Autumn,Rainy,7213.66,0.0,2.0,482.4,0.019,10,2022,9,19,0
525,ORD100525,P-GRO-008,Grocery,Toor Dal 1kg,Central,Bhopal,SUP-038,6.0,WH-CE-02,211.0,48.0,346.0,1178.0,42.32,219.41,3.4,No,Yes,Summer,Sunny,207.78,0.0,0.0,215.43,0.057,44,2024,4,9,1
526,ORD100526,P-SPO-009,Sports,Skipping Rope,South,Bengaluru,SUP-025,6.0,WH-SO-02,112.0,10.0,78.0,338.0,10.97,1205.98,20.0,No,No,Summer,,1311.2,0.0,2.0,323.77,0.081,12,2021,5,25,1
527,ORD100527,P-SPO-004,Sports,Running Shoes,North,Lucknow,SUP-017,14.0,WH-NO-05,262.0,29.0,151.0,645.0,21.79,4442.91,8.7,No,Yes,Winter,Sunny,4320.82,0.0,2.0,418.13,0.057,30,2022,12,25,6
528,ORD100528,P-BEA-008,Beauty,Talcum Powder,Central,Jabalpur,SUP-024,8.0,WH-CE-05,97.0,18.0,97.0,554.0,19.3,374.83,15.8,No,No,Autumn,Rainy,403.73,0.0,0.0,296.95,0.215,13,2022,9,9,4
529,ORD100529,P-GRO-003,Grocery,Toor Dal 1kg,West,Pune,SUP-006,4.0,WH-WE-04,329.0,,167.0,769.0,24.32,483.12,6.0,No,No,Summer,Cloudy,442.56,0.0,0.0,217.44,0.038,23,2022,6,5,6
530,ORD100530,P-FUR-008,Furniture,Foldable Bed,South,Coimbatore,SUP-020,10.0,WH-SO-01,115.0,6.0,46.0,131.0,5.55,16355.13,21.0,No,No,Winter,Stormy,15902.07,0.0,3.0,527.92,0.028,4,2023,1,18,2
531,ORD100531,P-FUR-001,Furniture,Office Chair,West,Ahmedabad,SUP-014,4.0,WH-WE-05,61.0,7.0,54.0,223.0,7.69,19345.78,27.5,No,No,Summer,Cloudy,17944.1,0.0,0.0,268.84,0.029,7,2023,8,26,5
532,ORD100532,P-GRO-007,Grocery,Basmati Rice 5kg,East,Kolkata,SUP-008,8.0,WH-EA-05,134.0,34.0,208.0,781.0,27.68,495.53,3.0,No,No,Autumn,Rainy,517.25,0.0,0.0,304.59,0.057,26,2024,10,8,1
533,ORD100533,P-FUR-006,Furniture,Study Table,South,Hyderabad,SUP-016,14.0,WH-SO-01,244.0,8.0,70.0,344.0,10.57,10741.58,5.8,Yes,No,Summer,Cloudy,10563.77,0.0,3.0,556.71,0.025,11,2024,4,8,0
534,ORD100534,P-ELE-006,Electronics,Laptop Stand,West,Pune,SUP-026,5.0,WH-WE-02,120.0,17.0,79.0,281.0,,3493.25,27.3,Yes,No,Winter,Cloudy,3697.57,1.0,6.0,563.27,0.097,21,2021,12,5,6
535,ORD100535,P-GRO-002,Grocery,Wheat Flour 5kg,West,Pune,SUP-024,5.0,WH-WE-04,801.0,100.0,547.0,2265.0,77.44,331.61,10.3,No,No,Autumn,Sunny,335.67,0.0,2.0,434.13,,98,2024,11,30,5
536,ORD100536,P-CLO-015,Clothing,Denim Jeans,South,Hyderabad,SUP-039,5.0,WH-SO-01,81.0,22.0,130.0,508.0,17.29,1778.64,9.5,,No,Winter,Rainy,1501.75,0.0,3.0,391.26,0.051,15,2022,12,30,4
537,ORD100537,P-ELE-001,Electronics,Smartwatch,East,Guwahati,SUP-011,8.0,WH-EA-01,94.0,10.0,46.0,,5.85,14951.46,2.6,Yes,No,Autumn,Sunny,14635.6,0.0,3.0,440.76,0.051,11,2022,10,31,0
538,ORD100538,P-ELE-003,Electronics,Bluetooth Speaker,South,Hyderabad,SUP-028,8.0,WH-SO-04,184.0,11.0,74.0,268.0,9.53,14262.69,5.1,No,No,Winter,Cloudy,12510.74,0.0,0.0,259.97,0.109,14,2021,1,17,6
539,ORD100539,P-BEA-002,Beauty,Herbal Shampoo 200ml,North,Lucknow,SUP-023,10.0,WH-NO-02,164.0,19.0,123.0,545.0,18.51,196.84,4.0,Yes,No,Autumn,Cloudy,202.3,0.0,1.0,402.68,0.077,26,2023,9,4,0
540,ORD100540,P-SPO-015,Sports,Gym Dumbbells 5kg,Central,Gwalior,SUP-035,13.0,WH-CE-03,105.0,11.0,69.0,317.0,9.56,890.15,,Yes,No,Summer,Rainy,929.69,0.0,1.0,,0.079,9,2024,7,19,4
541,ORD100541,P-CLO-005,Clothing,Kids Winter Jacket,East,Guwahati,SUP-037,8.0,WH-EA-04,583.0,21.0,137.0,766.0,24.09,678.66,20.8,No,No,Spring,Cloudy,714.43,0.0,,367.71,0.165,30,2022,3,5,5
542,ORD100542,P-BEA-007,Beauty,Herbal Shampoo 200ml,East,Patna,SUP-029,4.0,WH-EA-03,304.0,19.0,140.0,533.0,19.25,127.95,19.3,No,No,Summer,Cloudy,126.69,0.0,0.0,264.08,0.088,23,2024,6,21,4
543,ORD100543,P-SPO-012,Sports,Yoga Mat,East,Ranchi,SUP-017,11.0,WH-EA-04,164.0,6.0,37.0,211.0,7.62,1782.98,8.9,Yes,No,Summer,Cloudy,1550.18,0.0,1.0,392.26,0.141,7,2021,5,8,5
544,ORD100544,P-ELE-001,Electronics,Smartphone Charger,East,Ranchi,SUP-022,5.0,WH-EA-01,120.0,15.0,,284.0,10.68,2572.4,6.1,No,Yes,Autumn,Cloudy,2615.53,0.0,0.0,298.07,0.071,20,2024,11,13,2
545,ORD100545,P-CLO-002,Clothing,Cotton Saree,South,Coimbatore,SUP-027,7.0,WH-SO-01,327.0,22.0,229.0,1041.0,31.69,2481.69,25.2,No,No,Winter,Sunny,2562.52,0.0,4.0,453.17,0.015,38,2022,1,5,2
546,ORD100546,P-GRO-003,Grocery,Sunflower Oil 1L,Central,Indore,SUP-033,5.0,WH-CE-02,133.0,16.0,162.0,600.0,21.43,329.34,16.6,Yes,No,Winter,Rainy,324.53,1.0,6.0,528.49,0.063,23,2022,12,5,0
547,ORD100547,P-ELE-011,Electronics,Wireless Earbuds,East,Patna,SUP-010,12.0,WH-EA-02,51.0,6.0,34.0,154.0,5.91,7277.98,18.5,Yes,No,Winter,Rainy,7327.75,0.0,1.0,,0.1,5,2021,1,22,4
548,ORD100548,P-BEA-015,Beauty,Moisturizer Cream,West,Ahmedabad,SUP-035,20.0,WH-WE-02,,18.0,204.0,810.0,26.94,682.92,10.6,Yes,No,Summer,Cloudy,579.78,0.0,1.0,587.19,0.1,25,2024,8,5,0
549,ORD100549,P-CLO-010,Clothing,Formal Shirt,South,Bengaluru,SUP-033,6.0,WH-SO-04,156.0,14.0,115.0,517.0,16.88,445.59,21.0,No,No,Winter,Sunny,447.95,0.0,3.0,440.09,0.047,16,2023,1,15,6
550,ORD100550,P-CLO-014,Clothing,Track Pants,South,Chennai,SUP-004,7.0,WH-SO-01,204.0,19.0,171.0,604.0,20.89,1785.69,15.0,Yes,No,Autumn,Sunny,1770.21,0.0,0.0,370.58,0.183,24,2024,11,19,1
551,ORD100551,P-ELE-014,Electronics,Wireless Earbuds,North,Delhi,SUP-011,3.0,WH-NO-01,199.0,16.0,108.0,380.0,12.64,14803.98,2.0,,No,Summer,Rainy,13367.72,0.0,0.0,252.56,0.016,13,2022,6,30,3
552,ORD100552,P-ELE-005,Electronics,Home Router,South,Bengaluru,SUP-010,13.0,WH-SO-02,170.0,5.0,39.0,246.0,8.41,8588.0,10.8,Yes,No,Summer,Rainy,8950.94,0.0,1.0,432.04,0.134,12,2021,3,29,0
553,ORD100553,P-SPO-003,Sports,Yoga Mat,North,Jaipur,SUP-024,7.0,WH-NO-02,384.0,13.0,140.0,486.0,15.54,1726.08,19.8,No,No,Autumn,Sunny,1657.83,0.0,2.0,300.98,0.126,20,2023,9,18,0
554,ORD100554,P-ELE-003,Electronics,LED TV 43in,West,Mumbai,SUP-009,6.0,WH-WE-01,58.0,12.0,88.0,337.0,11.03,7858.65,1.5,No,No,Summer,Rainy,8002.7,0.0,1.0,,0.113,10,2021,8,27,4
555,ORD100555,P-GRO-012,Grocery,Basmati Rice 5kg,West,Ahmedabad,SUP-013,11.0,WH-WE-01,423.0,42.0,277.0,1010.0,36.31,330.24,24.5,No,No,Autumn,Sunny,343.13,0.0,3.0,490.14,0.007,38,2023,6,18,6
556,ORD100556,P-GRO-011,Grocery,Wheat Flour 5kg,South,Hyderabad,SUP-008,6.0,WH-SO-03,326.0,53.0,197.0,937.0,29.57,142.07,10.7,No,No,Spring,Rainy,145.81,0.0,0.0,276.03,0.075,25,2021,2,20,5
557,ORD100557,P-CLO-013,Clothing,Formal Shirt,South,Bengaluru,SUP-003,5.0,WH-SO-01,298.0,50.0,264.0,949.0,34.91,1922.69,9.9,No,Yes,Autumn,Rainy,1716.46,0.0,0.0,324.3,0.06,38,2021,9,3,4
558,ORD100558,P-CLO-008,Clothing,Cotton Saree,West,Nagpur,SUP-019,15.0,WH-WE-01,,33.0,163.0,583.0,22.0,851.15,18.4,Yes,No,Summer,Cloudy,825.0,0.0,1.0,510.97,0.028,22,2023,7,21,4
559,ORD100559,P-CLO-015,Clothing,Track Pants,North,Kanpur,SUP-013,14.0,WH-NO-05,179.0,12.0,173.0,662.0,21.9,423.46,,No,No,Autumn,Stormy,495.6,0.0,1.0,427.33,0.08,19,2023,9,12,1
560,ORD100560,P-ELE-014,Electronics,Smartwatch,Central,Gwalior,SUP-021,3.0,WH-CE-01,68.0,8.0,52.0,219.0,7.08,3574.09,2.3,No,No,Summer,Cloudy,3973.11,0.0,0.0,265.45,0.101,5,2021,8,11,2
561,ORD100561,P-GRO-013,Grocery,Basmati Rice 5kg,South,Coimbatore,SUP-009,8.0,WH-SO-01,596.0,49.0,312.0,1325.0,41.02,497.0,15.6,Yes,No,Autumn,Sunny,530.18,3.0,1.0,363.09,0.068,51,2021,10,1,4
562,ORD100562,P-BEA-013,Beauty,Lipstick Set,North,Lucknow,SUP-012,6.0,WH-NO-01,98.0,16.0,198.0,899.0,25.46,156.83,20.5,Yes,No,Summer,Rainy,160.27,0.0,2.0,438.6,0.05,28,2024,6,8,5
563,ORD100563,P-FUR-002,Furniture,Sofa Cushion Set,North,Kanpur,SUP-036,8.0,WH-NO-03,60.0,4.0,23.0,111.0,4.57,5186.17,4.4,No,,Winter,Sunny,4776.23,0.0,3.0,379.78,0.053,7,2021,1,9,5
564,ORD100564,P-FUR-012,Furniture,Sofa Cushion Set,Central,Gwalior,SUP-033,6.0,WH-CE-04,128.0,7.0,36.0,151.0,5.39,17972.03,9.8,No,No,Winter,Sunny,17738.7,0.0,2.0,449.64,0.077,6,2021,12,3,4
565,ORD100565,P-FUR-015,Furniture,Foldable Bed,South,Hyderabad,SUP-011,21.0,WH-SO-04,96.0,6.0,33.0,142.0,4.71,8943.3,13.2,No,No,Autumn,Sunny,8641.06,2.0,1.0,618.29,0.027,7,2024,11,18,0
566,ORD100566,P-BEA-005,Beauty,Sunscreen Lotion,West,Surat,SUP-007,8.0,WH-WE-04,822.0,66.0,314.0,1654.0,47.52,751.67,19.8,No,No,Summer,Cloudy,746.58,,4.0,456.86,0.056,48,2023,3,11,5
567,ORD100567,P-ELE-013,Electronics,Smartwatch,North,Kanpur,SUP-039,6.0,WH-NO-01,159.0,12.0,92.0,322.0,11.26,6757.22,1.7,Yes,No,Winter,Cloudy,5975.28,0.0,1.0,299.06,0.02,13,2021,2,9,1
568,ORD100568,P-GRO-006,Grocery,Masala Mix 200g,North,Jaipur,SUP-028,2.0,WH-NO-02,516.0,35.0,361.0,1028.0,41.41,443.03,1.7,No,No,Summer,Rainy,476.86,0.0,1.0,293.98,0.031,31,2024,7,28,6
569,ORD100569,P-CLO-004,Clothing,Kids Winter Jacket,West,Mumbai,SUP-020,5.0,WH-WE-04,,25.0,149.0,551.0,20.82,1909.16,26.8,Yes,Yes,Summer,Rainy,1498.85,0.0,2.0,275.4,0.084,21,2022,5,15,6
570,ORD100570,P-GRO-011,Grocery,Tea Powder 500g,North,Lucknow,SUP-028,23.0,WH-NO-04,863.0,57.0,,1552.0,53.28,,7.7,No,No,Autumn,Rainy,552.62,0.0,3.0,679.23,0.04,42,2023,11,11,5
571,ORD100571,P-BEA-003,Beauty,Moisturizer Cream,North,Delhi,SUP-009,,WH-NO-02,294.0,25.0,154.0,666.0,21.54,513.08,15.4,No,No,Summer,Cloudy,549.05,0.0,0.0,345.73,0.036,24,2023,7,21,4
572,ORD100572,P-CLO-008,Clothing,Formal Shirt,East,Patna,SUP-018,11.0,WH-EA-05,404.0,9.0,106.0,719.0,19.79,1522.52,9.7,No,No,Summer,,1805.93,0.0,0.0,396.2,0.034,20,2022,6,21,1
573,ORD100573,P-BEA-015,Beauty,Hair Oil 250ml,West,Nagpur,SUP-016,,WH-WE-05,240.0,24.0,143.0,654.0,23.55,107.56,12.6,No,No,Autumn,Sunny,105.41,0.0,1.0,275.8,0.052,22,2022,6,26,6
574,ORD100574,P-BEA-003,Beauty,Body Lotion 400ml,South,Bengaluru,SUP-029,5.0,WH-SO-04,130.0,17.0,92.0,470.0,14.99,349.12,5.8,No,No,Spring,Cloudy,334.6,0.0,0.0,420.63,0.046,12,2023,3,15,2
575,ORD100575,P-CLO-003,Clothing,Track Pants,North,Kanpur,SUP-008,7.0,WH-NO-04,577.0,29.0,229.0,958.0,29.17,2422.66,9.1,No,No,Summer,Sunny,2445.98,0.0,1.0,356.36,0.13,36,2022,7,11,0
576,ORD100576,P-SPO-015,Sports,Running Shoes,Central,Indore,SUP-020,17.0,WH-CE-05,252.0,16.0,107.0,454.0,16.21,4942.31,1.7,No,Yes,Autumn,Sunny,5163.65,1.0,2.0,606.13,0.012,20,2021,9,12,6
577,ORD100577,P-CLO-012,Clothing,Track Pants,West,Ahmedabad,SUP-034,4.0,WH-WE-04,409.0,20.0,143.0,717.0,20.65,1887.3,2.6,Yes,No,Autumn,Sunny,1873.68,0.0,2.0,365.82,0.113,34,2023,11,22,2
578,ORD100578,P-BEA-007,Beauty,Face Wash 100ml,West,Ahmedabad,SUP-008,9.0,WH-WE-03,957.0,34.0,311.0,1273.0,45.5,912.25,10.5,No,No,Autumn,Sunny,825.91,0.0,1.0,426.75,0.096,35,2023,9,13,2
579,ORD100579,P-GRO-007,Grocery,Wheat Flour 5kg,West,Mumbai,SUP-005,7.0,WH-WE-02,660.0,,283.0,1119.0,42.07,498.62,6.6,No,No,Summer,Stormy,520.9,0.0,5.0,435.99,0.077,44,2023,5,30,1
580,ORD100580,P-CLO-015,Clothing,Women's Kurti,West,,SUP-033,9.0,WH-WE-02,451.0,,297.0,1106.0,32.21,2341.79,11.0,No,No,Winter,Cloudy,2341.67,0.0,1.0,481.15,0.261,40,2023,12,20,2
581,ORD100581,P-CLO-011,Clothing,Cotton Saree,South,Chennai,SUP-035,20.0,WH-SO-05,366.0,4.0,108.0,448.0,15.14,1677.17,4.5,No,No,Winter,Rainy,1541.9,0.0,3.0,651.82,0.086,7,2023,1,28,5
582,ORD100582,P-ELE-014,Electronics,Power Bank 10000mAh,South,Bengaluru,SUP-018,5.0,WH-SO-02,193.0,7.0,76.0,235.0,8.92,7874.36,13.3,Yes,No,Autumn,Cloudy,6850.79,0.0,3.0,422.81,0.082,12,2024,9,18,2
583,ORD100583,P-GRO-002,Grocery,Sunflower Oil 1L,West,Surat,SUP-002,5.0,WH-WE-04,710.0,30.0,246.0,1115.0,39.29,481.99,15.4,Yes,,Summer,Cloudy,577.19,0.0,2.0,390.93,0.165,61,2024,7,18,3
584,ORD100584,P-SPO-008,Sports,Football,West,Ahmedabad,SUP-022,7.0,WH-WE-03,185.0,11.0,72.0,342.0,12.4,4879.83,3.3,Yes,No,Winter,Sunny,5204.65,0.0,0.0,333.51,0.038,17,2024,12,4,2
585,ORD100585,P-FUR-011,Furniture,Plastic Storage Rack,Central,Jabalpur,SUP-012,24.0,WH-CE-02,23.0,3.0,30.0,105.0,3.75,11566.3,16.4,No,No,Autumn,Stormy,12083.9,0.0,1.0,611.64,0.019,5,2021,6,7,0
586,ORD100586,P-ELE-001,Electronics,Home Router,East,Ranchi,SUP-024,4.0,WH-EA-03,27.0,8.0,56.0,237.0,7.85,10939.51,9.2,No,No,Summer,Sunny,10838.89,0.0,1.0,286.89,0.086,8,2021,5,29,5
587,ORD100587,P-GRO-008,Grocery,Basmati Rice 5kg,South,Chennai,SUP-006,5.0,WH-SO-01,798.0,43.0,311.0,1162.0,40.54,479.21,5.5,No,No,Autumn,Cloudy,505.66,0.0,0.0,210.86,0.146,57,2022,11,18,4
588,ORD100588,P-ELE-001,Electronics,Home Router,East,Ranchi,SUP-033,11.0,WH-EA-04,50.0,6.0,67.0,271.0,7.54,7190.48,9.8,Yes,No,Autumn,Stormy,6585.17,0.0,0.0,467.36,0.225,6,2023,10,9,0
589,ORD100589,P-ELE-014,Electronics,Smartphone Charger,East,Kolkata,SUP-028,8.0,WH-EA-01,114.0,7.0,53.0,209.0,7.29,9816.84,23.2,No,No,Winter,Rainy,9973.44,0.0,0.0,260.84,0.066,8,2021,12,16,3
590,ORD100590,P-SPO-011,Sports,Yoga Mat,South,Hyderabad,SUP-026,13.0,WH-SO-01,310.0,22.0,139.0,548.0,18.74,3552.72,11.7,Yes,No,Autumn,Rainy,3621.78,0.0,0.0,456.46,0.041,20,2021,6,18,4
591,ORD100591,P-CLO-003,Clothing,Cotton Saree,West,Surat,SUP-021,19.0,WH-WE-02,276.0,14.0,101.0,517.0,15.16,1370.52,5.3,Yes,No,Spring,Sunny,1257.86,0.0,1.0,553.77,0.058,14,2021,2,23,1
592,ORD100592,P-GRO-008,Grocery,Sugar 1kg,East,Bhubaneswar,SUP-009,9.0,WH-EA-03,456.0,38.0,228.0,1067.0,31.93,569.45,3.1,No,No,Spring,Cloudy,564.69,0.0,0.0,296.43,0.109,35,2023,3,22,2
593,ORD100593,P-CLO-002,Clothing,Track Pants,North,Jaipur,SUP-038,13.0,WH-NO-02,409.0,27.0,141.0,620.0,19.42,2375.65,11.0,No,No,Winter,,2297.2,0.0,2.0,518.76,0.05,24,2024,12,1,6
594,ORD100594,P-ELE-013,Electronics,Wireless Earbuds,East,Ranchi,SUP-011,9.0,WH-EA-05,73.0,5.0,52.0,198.0,6.94,2241.53,8.5,No,No,Autumn,Sunny,2104.54,0.0,1.0,351.4,0.18,7,2022,11,10,3
595,ORD100595,P-GRO-003,Grocery,Basmati Rice 5kg,East,Bhubaneswar,SUP-015,2.0,WH-EA-05,103.0,23.0,154.0,715.0,21.01,382.98,16.8,Yes,No,Winter,Sunny,366.47,0.0,3.0,462.75,0.063,21,2023,12,9,5
596,ORD100596,P-FUR-010,Furniture,Plastic Storage Rack,Central,Indore,SUP-038,6.0,WH-CE-02,82.0,7.0,,120.0,4.21,2407.24,10.3,No,No,Spring,Rainy,2078.54,0.0,21.0,327.39,0.055,4,2021,3,17,2
597,ORD100597,P-FUR-002,Furniture,Foldable Bed,South,Hyderabad,SUP-002,10.0,WH-SO-05,30.0,,56.0,172.0,6.49,7939.94,6.2,No,Yes,Autumn,Stormy,8615.03,0.0,0.0,401.98,0.075,7,2021,11,12,4
598,ORD100598,P-SPO-003,Sports,Yoga Mat,East,Ranchi,SUP-006,13.0,WH-EA-01,189.0,10.0,90.0,355.0,12.73,1406.91,11.9,No,No,Autumn,Cloudy,1582.75,0.0,1.0,407.47,0.174,16,2023,9,21,3
599,ORD100599,P-FUR-015,Furniture,Sofa Cushion Set,South,Kochi,SUP-031,7.0,WH-SO-01,57.0,15.0,113.0,418.0,13.04,11785.17,8.1,No,No,Autumn,Rainy,10911.82,0.0,0.0,252.12,0.04,10,2022,8,11,3
600,ORD100600,P-CLO-006,Clothing,Denim Jeans,East,Ranchi,SUP-015,8.0,WH-EA-02,287.0,16.0,104.0,489.0,16.91,2092.4,9.3,No,No,Spring,Cloudy,2278.2,0.0,1.0,357.53,0.185,16,2021,2,8,0
601,ORD100601,P-BEA-002,Beauty,Talcum Powder,North,Lucknow,SUP-024,6.0,WH-NO-05,294.0,18.0,185.0,865.0,28.54,516.68,1.1,No,No,Autumn,Sunny,515.36,0.0,0.0,382.78,0.082,31,2021,11,27,5
602,ORD100602,P-SPO-011,Sports,Football,West,Pune,SUP-024,8.0,WH-WE-03,200.0,,81.0,319.0,11.91,1142.62,1.9,No,No,Summer,Cloudy,1141.69,0.0,,269.57,0.114,12,2024,3,4,0
603,ORD100603,P-BEA-004,Beauty,Hair Oil 250ml,Central,Raipur,SUP-034,6.0,WH-CE-04,257.0,14.0,141.0,691.0,21.48,898.11,10.9,No,No,Autumn,Sunny,805.04,0.0,0.0,255.66,0.107,23,2023,9,28,3
604,ORD100604,P-SPO-009,Sports,Gym Dumbbells 5kg,East,Bhubaneswar,SUP-025,5.0,WH-EA-04,256.0,6.0,81.0,303.0,11.03,582.45,7.1,No,No,Summer,Cloudy,556.46,0.0,0.0,272.72,0.08,10,2024,3,28,3
605,ORD100605,P-BEA-013,Beauty,Face Wash 100ml,East,Guwahati,SUP-018,5.0,WH-EA-03,135.0,21.0,138.0,457.0,16.91,996.47,9.1,No,No,Summer,Rainy,1038.94,0.0,1.0,263.05,0.15,15,2022,5,28,5
606,ORD100606,P-SPO-011,Sports,Gym Dumbbells 5kg,North,Kanpur,SUP-022,5.0,WH-NO-05,102.0,3.0,93.0,321.0,11.04,588.12,6.0,No,No,Autumn,,542.23,0.0,0.0,209.13,0.029,6,2024,9,19,3
607,ORD100607,P-ELE-004,Electronics,Smartphone Charger,East,Bhubaneswar,SUP-030,15.0,WH-EA-05,97.0,13.0,58.0,230.0,8.92,11645.75,1.7,No,,Autumn,Sunny,10954.75,0.0,0.0,480.12,0.01,9,2024,9,5,3
608,ORD100608,P-BEA-004,Beauty,Sunscreen Lotion,South,Chennai,SUP-016,5.0,WH-SO-03,107.0,26.0,143.0,606.0,22.5,976.64,10.1,No,No,Autumn,Sunny,936.94,0.0,0.0,235.71,0.017,21,2022,6,21,1
609,ORD100609,P-CLO-004,Clothing,Cotton Saree,West,Nagpur,SUP-007,7.0,WH-WE-04,,26.0,140.0,,17.99,328.87,12.1,No,No,Autumn,Cloudy,239.23,0.0,,340.88,0.007,17,2021,10,31,6
610,ORD100610,P-CLO-010,Clothing,Men's Cotton T-Shirt,North,Chandigarh,SUP-020,8.0,WH-NO-04,145.0,43.0,170.0,879.0,28.91,1561.86,,Yes,No,Autumn,Sunny,1602.88,0.0,0.0,286.21,0.066,39,2024,11,6,2
611,ORD100611,P-FUR-011,Furniture,Office Chair,West,Surat,SUP-040,8.0,WH-WE-03,,12.0,68.0,244.0,8.85,14320.24,5.6,Yes,No,Summer,Cloudy,15049.96,0.0,2.0,389.4,0.032,12,2022,5,27,4
612,ORD100612,P-SPO-008,Sports,Yoga Mat,South,Bengaluru,SUP-005,9.0,WH-SO-01,69.0,10.0,81.0,368.0,12.03,4721.81,11.6,Yes,No,Winter,Sunny,4859.53,0.0,0.0,363.4,0.074,14,2022,12,26,0
613,ORD100613,P-SPO-006,Sports,Cycling Helmet,East,,SUP-007,3.0,WH-EA-02,118.0,88.0,126.0,565.0,19.34,3136.53,7.5,No,Yes,Autumn,Rainy,3373.11,0.0,0.0,178.28,0.164,18,2024,9,23,0
614,ORD100614,P-GRO-001,Grocery,Sunflower Oil 1L,East,Bhubaneswar,SUP-040,8.0,WH-EA-05,287.0,25.0,97.0,680.0,24.04,505.37,10.1,No,No,Winter,Rainy,487.42,0.0,2.0,1311.74,0.025,22,2022,1,29,5
615,ORD100615,P-BEA-013,Beauty,Talcum Powder,North,,SUP-034,13.0,WH-NO-02,134.0,26.0,146.0,669.0,20.03,837.66,4.0,Yes,No,Autumn,Sunny,959.03,0.0,1.0,400.0,0.138,28,2024,7,16,1
616,ORD100616,P-BEA-010,Beauty,Sunscreen Lotion,South,Chennai,SUP-005,15.0,WH-SO-04,524.0,37.0,193.0,580.0,23.44,921.25,6.7,No,Yes,Summer,Rainy,858.99,0.0,0.0,352.27,0.046,29,2021,8,23,0
617,ORD100617,P-GRO-010,Grocery,Masala Mix 200g,West,Surat,SUP-009,11.0,WH-WE-05,845.0,25.0,204.0,1120.0,35.51,490.74,11.3,No,No,Spring,Sunny,481.93,0.0,0.0,336.55,0.046,31,2022,3,5,5
618,ORD100618,P-ELE-002,Electronics,Power Bank 10000mAh,East,Kolkata,SUP-028,4.0,WH-EA-04,52.0,10.0,58.0,208.0,7.92,846.51,12.4,No,No,Autumn,Sunny,824.62,0.0,1.0,350.05,0.021,6,2022,7,22,4
619,ORD100619,P-ELE-005,Electronics,LED TV 43in,North,Delhi,SUP-032,7.0,WH-NO-02,58.0,7.0,53.0,192.0,7.05,9918.6,21.0,No,No,Winter,Sunny,10066.42,0.0,0.0,322.71,0.041,6,2022,12,7,2
620,ORD100620,P-BEA-005,Beauty,Sunscreen Lotion,South,Bengaluru,SUP-030,,WH-SO-05,246.0,25.0,161.0,709.0,24.95,726.78,27.1,Yes,No,Winter,Sunny,712.85,0.0,0.0,300.32,0.012,42,2021,12,22,2
621,ORD100621,P-CLO-009,Clothing,Cotton Saree,South,Bengaluru,SUP-035,9.0,WH-SO-01,256.0,21.0,128.0,498.0,17.18,586.19,28.7,Yes,No,Autumn,Stormy,581.36,0.0,0.0,202.54,0.109,24,2024,7,15,0
622,ORD100622,P-SPO-012,Sports,Cricket Bat,East,Bhubaneswar,SUP-021,8.0,WH-EA-04,161.0,3.0,,355.0,12.02,1232.04,10.8,,No,Summer,Rainy,1165.17,0.0,3.0,400.57,0.068,10,2023,8,30,2
623,ORD100623,P-CLO-013,Clothing,Cotton Saree,East,Bhubaneswar,SUP-036,9.0,WH-EA-02,199.0,19.0,132.0,551.0,18.35,2382.97,7.4,Yes,No,Autumn,Rainy,2299.38,0.0,0.0,361.41,0.042,22,2023,9,7,3
624,ORD100624,P-SPO-008,Sports,Badminton Racket,North,Jaipur,SUP-024,4.0,WH-NO-04,185.0,13.0,155.0,577.0,20.5,3972.21,5.6,No,No,Winter,Sunny,3262.21,0.0,0.0,237.33,0.065,22,2023,12,6,2
625,ORD100625,P-GRO-006,Grocery,Basmati Rice 5kg,East,Bhubaneswar,SUP-020,9.0,WH-EA-03,466.0,26.0,144.0,481.0,21.35,198.63,5.1,No,No,Summer,Cloudy,211.38,0.0,0.0,337.27,0.177,24,2023,7,21,4
626,ORD100626,P-BEA-007,Beauty,Body Lotion 400ml,West,Ahmedabad,SUP-026,14.0,WH-WE-03,480.0,39.0,277.0,969.0,35.24,611.24,6.9,No,No,,Cloudy,561.27,0.0,1.0,452.9,0.127,33,2023,7,30,6
627,ORD100627,P-ELE-012,Electronics,LED TV 43in,West,Nagpur,SUP-018,12.0,WH-WE-02,78.0,20.0,70.0,432.0,13.44,12533.65,16.3,No,No,Autumn,Sunny,12041.67,0.0,1.0,332.76,0.034,10,2023,8,24,3
628,ORD100628,P-CLO-005,Clothing,Track Pants,North,Lucknow,SUP-025,7.0,WH-NO-03,360.0,26.0,142.0,569.0,18.16,1770.72,1.9,Yes,No,Autumn,Rainy,1620.6,0.0,0.0,279.65,0.098,22,2023,11,19,6
629,ORD100629,P-BEA-007,Beauty,Herbal Shampoo 200ml,South,Coimbatore,SUP-034,11.0,WH-SO-05,239.0,20.0,201.0,763.0,24.26,167.88,31.4,No,No,Autumn,Rainy,175.53,0.0,3.0,431.65,0.203,24,2024,9,7,5
630,ORD100630,P-SPO-012,Sports,Gym Dumbbells 5kg,South,Bengaluru,SUP-039,9.0,WH-SO-05,318.0,17.0,98.0,455.0,15.75,659.16,25.9,Yes,No,Autumn,Rainy,630.51,0.0,1.0,391.79,0.02,15,2021,10,15,4
631,ORD100631,P-BEA-009,Beauty,Moisturizer Cream,North,Kanpur,SUP-024,9.0,WH-NO-03,817.0,63.0,264.0,1327.0,42.68,1172.62,14.3,No,Yes,Winter,Rainy,943.42,0.0,1.0,351.98,0.139,42,2023,1,26,3
632,ORD100632,P-ELE-008,Electronics,Home Router,South,Chennai,SUP-001,16.0,WH-SO-05,40.0,7.0,50.0,164.0,5.79,11688.46,2.6,No,No,Autumn,Sunny,11950.99,0.0,0.0,368.62,0.082,6,2021,9,27,0
633,ORD100633,P-GRO-012,Grocery,Masala Mix 200g,North,Lucknow,SUP-025,9.0,WH-NO-05,460.0,55.0,333.0,1283.0,44.98,361.15,9.3,No,Yes,Autumn,Rainy,339.56,0.0,0.0,328.99,0.194,63,2021,9,23,3
634,ORD100634,P-ELE-005,Electronics,Power Bank 10000mAh,North,Delhi,SUP-011,6.0,WH-NO-04,176.0,15.0,56.0,287.0,10.29,2891.91,28.9,No,No,Autumn,Rainy,2886.5,3.0,0.0,374.21,,15,2024,10,19,5
635,ORD100635,P-ELE-001,Electronics,Power Bank 10000mAh,West,Ahmedabad,SUP-010,7.0,WH-WE-03,202.0,15.0,70.0,,10.29,12788.31,20.6,No,No,Autumn,Cloudy,13639.69,0.0,0.0,206.31,0.012,18,2022,11,22,1
636,ORD100636,P-FUR-012,Furniture,Dining Chair,South,Chennai,SUP-036,8.0,WH-SO-01,72.0,6.0,32.0,133.0,6.08,19096.2,29.8,No,No,Autumn,Sunny,,0.0,4.0,537.35,0.142,4,2023,10,26,3
637,ORD100637,P-FUR-007,Furniture,Wooden Bookshelf,West,Nagpur,SUP-018,2.0,WH-WE-03,65.0,6.0,30.0,132.0,4.4,12294.69,4.6,No,No,Winter,Sunny,12244.65,0.0,0.0,189.64,0.106,7,2023,12,1,4
638,ORD100638,P-BEA-005,Beauty,Talcum Powder,North,Delhi,SUP-032,5.0,WH-NO-02,102.0,26.0,142.0,611.0,20.38,1024.27,7.9,No,No,Spring,Sunny,961.04,0.0,0.0,273.03,0.078,24,2021,2,16,1
639,ORD100639,P-SPO-002,Sports,Gym Dumbbells 5kg,East,Bhubaneswar,SUP-015,2.0,WH-EA-01,34.0,17.0,86.0,340.0,11.26,2755.23,2.0,Yes,No,Winter,Sunny,2972.71,0.0,0.0,135.14,0.168,12,2022,12,21,2
640,ORD100640,P-BEA-014,Beauty,Moisturizer Cream,South,Kochi,SUP-025,4.0,WH-SO-05,168.0,22.0,150.0,626.0,21.3,839.12,6.9,No,No,Autumn,Rainy,844.42,0.0,0.0,274.15,0.053,17,2021,9,21,1
641,ORD100641,P-BEA-011,Beauty,Herbal Shampoo 200ml,West,Nagpur,SUP-027,9.0,WH-WE-02,484.0,49.0,304.0,1168.0,35.04,808.5,20.5,Yes,No,Summer,Stormy,807.01,0.0,1.0,393.22,0.039,39,2022,4,3,6
642,ORD100642,P-ELE-005,Electronics,Laptop Stand,West,Surat,SUP-036,11.0,WH-WE-04,175.0,10.0,82.0,343.0,11.52,1924.58,26.6,No,Yes,Autumn,Rainy,1733.52,0.0,,947.59,0.011,12,2021,10,2,5
643,ORD100643,P-GRO-010,Grocery,Wheat Flour 5kg,South,Hyderabad,SUP-008,20.0,WH-SO-05,141.0,40.0,171.0,990.0,34.17,451.33,5.8,No,No,Autumn,Sunny,478.42,0.0,3.0,645.53,0.105,21,2023,9,1,4
644,ORD100644,P-FUR-007,Furniture,Sofa Cushion Set,East,Ranchi,SUP-023,6.0,WH-EA-03,179.0,10.0,59.0,243.0,7.71,6520.87,6.5,No,No,Summer,Cloudy,6978.42,0.0,0.0,182.78,,10,2021,7,12,0
645,ORD100645,P-BEA-005,Beauty,Face Wash 100ml,North,Lucknow,SUP-017,15.0,WH-NO-04,166.0,35.0,202.0,706.0,28.41,734.49,5.9,No,No,Autumn,Cloudy,689.47,1.0,1.0,471.6,0.096,21,2022,10,20,3
646,ORD100646,P-ELE-005,Electronics,Laptop Stand,East,Ranchi,SUP-019,12.0,WH-EA-04,182.0,9.0,54.0,216.0,7.87,1742.27,13.1,Yes,No,Summer,Cloudy,1763.72,0.0,1.0,434.67,0.036,10,2022,3,23,2
647,ORD100647,P-CLO-002,Clothing,Cotton Saree,North,Chandigarh,SUP-034,7.0,WH-NO-03,477.0,20.0,163.0,659.0,20.11,1265.53,9.3,No,No,Autumn,Sunny,1325.06,0.0,1.0,263.4,0.075,29,2024,11,7,3
648,ORD100648,P-FUR-015,Furniture,Foldable Bed,South,Chennai,SUP-006,14.0,WH-SO-05,75.0,7.0,42.0,163.0,,11807.62,1.2,No,No,Winter,Rainy,13902.74,0.0,1.0,323.57,0.052,6,2024,2,26,0
649,ORD100649,P-ELE-014,Electronics,Laptop Stand,North,Lucknow,SUP-022,11.0,WH-NO-05,,8.0,44.0,182.0,7.15,12481.01,20.2,No,No,Summer,Rainy,12871.54,0.0,0.0,257.15,0.031,8,2022,5,30,0
650,ORD100650,P-GRO-014,Grocery,Masala Mix 200g,West,Ahmedabad,SUP-016,1.0,WH-WE-02,481.0,33.0,230.0,1182.0,31.52,106.91,5.8,,No,Summer,Rainy,106.91,0.0,0.0,228.6,0.214,43,2022,3,5,5
651,ORD100651,P-SPO-005,Sports,Skipping Rope,South,Bengaluru,SUP-036,5.0,WH-SO-05,75.0,16.0,115.0,389.0,13.35,1220.17,23.0,No,No,Autumn,Sunny,1204.98,0.0,1.0,299.17,0.11,18,2023,11,15,2
652,ORD100652,P-FUR-015,Furniture,Plastic Storage Rack,East,Guwahati,SUP-009,7.0,WH-EA-01,19.0,2.0,23.0,88.0,3.23,2812.05,19.8,No,No,Summer,Sunny,2790.41,0.0,0.0,360.6,0.081,4,2023,7,12,2
653,ORD100653,P-GRO-005,Grocery,Instant Noodles Pack,South,Chennai,SUP-010,6.0,WH-SO-01,662.0,55.0,,1221.0,48.21,341.82,3.3,Yes,No,Spring,Cloudy,362.8,0.0,0.0,367.05,0.04,42,2023,3,22,2
654,ORD100654,P-BEA-013,Beauty,Talcum Powder,South,Chennai,SUP-004,5.0,WH-SO-03,216.0,11.0,159.0,723.0,21.47,203.86,24.5,No,No,Summer,Cloudy,189.48,0.0,3.0,,0.116,19,2021,4,16,4
655,ORD100655,P-GRO-002,Grocery,Sunflower Oil 1L,North,Delhi,SUP-018,7.0,WH-NO-04,917.0,36.0,319.0,1282.0,47.8,,22.0,No,No,Summer,Rainy,55.41,0.0,0.0,351.36,0.077,59,2021,4,24,5
656,ORD100656,P-BEA-005,Beauty,Moisturizer Cream,Central,Raipur,SUP-001,9.0,WH-CE-03,149.0,18.0,112.0,453.0,15.93,451.34,29.0,No,No,Summer,Sunny,395.69,0.0,3.0,522.4,0.04,21,2023,7,19,2
657,ORD100657,P-GRO-009,Grocery,Sugar 1kg,West,Pune,SUP-021,4.0,WH-WE-04,232.0,49.0,292.0,1493.0,48.76,182.17,7.1,No,No,,Sunny,191.88,1.0,0.0,282.38,0.015,45,2022,11,18,4
658,ORD100658,P-CLO-015,Clothing,Kids Winter Jacket,North,Delhi,SUP-009,4.0,WH-NO-02,288.0,7.0,103.0,330.0,,2409.71,1.6,No,No,Summer,Rainy,2591.85,1.0,2.0,365.62,0.048,16,2024,4,26,4
659,ORD100659,P-GRO-004,Grocery,Sunflower Oil 1L,West,Nagpur,SUP-017,9.0,WH-WE-05,524.0,15.0,219.0,1101.0,34.3,317.5,20.6,Yes,No,Spring,Cloudy,337.98,0.0,,336.6,0.044,41,2021,2,12,4
660,ORD100660,P-GRO-007,Grocery,Toor Dal 1kg,South,Coimbatore,SUP-025,7.0,WH-SO-05,573.0,34.0,292.0,1001.0,37.17,218.81,19.5,No,No,Autumn,Cloudy,223.54,0.0,0.0,269.58,0.067,45,2021,9,29,2
661,ORD100661,P-SPO-013,Sports,Yoga Mat,North,Lucknow,SUP-028,5.0,WH-NO-01,139.0,,113.0,441.0,13.41,2408.55,20.5,No,No,Spring,Rainy,2484.64,0.0,,249.9,0.069,14,2024,2,28,2
662,ORD100662,P-ELE-008,Electronics,Laptop Stand,East,Kolkata,SUP-003,5.0,WH-EA-03,81.0,4.0,44.0,184.0,6.05,3391.79,28.0,No,No,Winter,Cloudy,3283.2,0.0,1.0,387.58,,9,2024,12,1,6
663,ORD100663,P-ELE-011,Electronics,Smartwatch,North,Kanpur,SUP-006,12.0,WH-NO-02,76.0,12.0,83.0,459.0,13.88,7148.24,3.0,Yes,No,Winter,Cloudy,6504.92,0.0,1.0,360.57,0.1,15,2023,12,10,6
664,ORD100664,P-GRO-007,Grocery,Sunflower Oil 1L,North,Jaipur,SUP-013,4.0,WH-NO-04,788.0,53.0,261.0,1271.0,42.01,474.1,5.0,No,No,Winter,Sunny,483.57,0.0,1.0,239.0,0.116,67,2021,1,19,1
665,ORD100665,P-FUR-001,Furniture,Study Table,West,Ahmedabad,SUP-021,21.0,WH-WE-03,32.0,4.0,43.0,194.0,5.94,4239.8,2.1,,No,Summer,Cloudy,4263.2,0.0,2.0,573.32,0.115,2,2021,3,15,0
666,ORD100666,P-BEA-005,Beauty,Moisturizer Cream,South,Coimbatore,SUP-036,15.0,WH-SO-02,378.0,7.0,136.0,574.0,18.5,473.58,16.5,No,No,Autumn,Cloudy,508.58,0.0,1.0,,0.039,16,2024,7,7,6
667,ORD100667,P-SPO-009,Sports,Football,West,Mumbai,SUP-006,17.0,WH-WE-02,214.0,24.0,110.0,,17.12,1376.62,24.5,No,No,Winter,Cloudy,1361.06,0.0,2.0,635.91,0.202,21,2023,1,1,6
668,ORD100668,P-GRO-001,Grocery,Masala Mix 200g,East,Bhubaneswar,SUP-003,6.0,WH-EA-02,187.0,60.0,323.0,1461.0,47.63,400.57,10.1,Yes,No,Winter,Cloudy,405.66,,,321.03,0.034,56,2022,12,27,1
669,ORD100669,P-GRO-004,Grocery,Wheat Flour 5kg,West,Mumbai,SUP-026,9.0,WH-WE-01,813.0,39.0,267.0,727.0,35.06,197.15,17.1,No,No,Autumn,Sunny,201.68,0.0,0.0,358.11,0.061,39,2024,11,5,1
670,ORD100670,P-ELE-015,Electronics,Laptop Stand,East,Guwahati,SUP-040,7.0,WH-EA-01,156.0,,58.0,199.0,,14100.19,12.7,No,No,,Sunny,14745.86,0.0,1.0,340.67,0.039,8,2021,12,29,2
671,ORD100671,P-CLO-001,Clothing,Women's Kurti,West,Nagpur,SUP-034,9.0,WH-WE-04,103.0,32.0,135.0,643.0,19.38,1006.79,3.8,No,No,Spring,Cloudy,1083.19,0.0,2.0,448.05,0.099,21,2022,2,20,6
672,ORD100672,P-SPO-004,Sports,Badminton Racket,South,Hyderabad,SUP-023,10.0,WH-SO-05,50.0,15.0,102.0,346.0,13.39,941.55,1.6,No,No,Autumn,Cloudy,869.71,0.0,1.0,272.98,0.126,11,2023,9,30,5
673,ORD100673,P-FUR-010,Furniture,TV Unit,East,Guwahati,SUP-001,15.0,WH-EA-03,35.0,4.0,27.0,109.0,3.9,8009.05,23.0,Yes,No,Autumn,Sunny,,0.0,1.0,534.27,0.081,6,2024,8,14,2
674,ORD100674,P-CLO-009,Clothing,Cotton Saree,East,Guwahati,SUP-024,4.0,WH-EA-05,227.0,18.0,138.0,471.0,18.78,1249.33,7.9,No,No,,,1231.28,0.0,0.0,258.35,0.283,19,2022,6,19,6
675,ORD100675,P-GRO-004,Grocery,Wheat Flour 5kg,Central,Jabalpur,SUP-019,15.0,WH-CE-01,632.0,47.0,264.0,1018.0,41.86,59.39,5.7,No,No,Summer,Sunny,62.44,0.0,1.0,432.03,0.057,45,2021,8,9,0
676,ORD100676,P-SPO-001,Sports,Running Shoes,North,Delhi,SUP-018,6.0,WH-NO-05,233.0,10.0,96.0,370.0,12.99,4656.21,17.2,No,No,Summer,Cloudy,5206.94,0.0,0.0,253.89,0.161,13,2021,3,24,2
677,ORD100677,P-CLO-014,Clothing,Kids Winter Jacket,East,Patna,SUP-020,4.0,WH-EA-03,364.0,20.0,125.0,459.0,14.86,1147.89,3.1,Yes,No,Winter,Cloudy,954.28,0.0,1.0,322.22,0.103,22,2021,1,10,6
678,ORD100678,P-ELE-009,Electronics,Smartphone Charger,West,Pune,SUP-023,5.0,WH-WE-04,102.0,11.0,56.0,220.0,7.65,3767.28,10.8,No,No,Autumn,Cloudy,4133.29,0.0,0.0,359.8,0.03,11,2022,7,1,4
679,ORD100679,P-GRO-009,Grocery,Masala Mix 200g,South,Coimbatore,SUP-029,7.0,WH-SO-01,1086.0,97.0,525.0,1821.0,70.51,190.09,2.9,Yes,No,Spring,Sunny,188.29,0.0,,384.98,0.041,75,2023,2,15,2
680,ORD100680,P-ELE-001,Electronics,Home Router,West,Ahmedabad,SUP-008,12.0,WH-WE-04,225.0,9.0,57.0,247.0,9.47,11884.29,4.5,No,No,Winter,Sunny,11070.97,0.0,0.0,337.31,0.07,10,2022,12,16,4
681,ORD100681,P-GRO-004,Grocery,Tea Powder 500g,South,Coimbatore,SUP-003,8.0,WH-SO-02,560.0,56.0,369.0,1339.0,50.19,335.49,6.5,No,No,Winter,Sunny,323.75,0.0,0.0,361.47,0.04,65,2021,12,16,3
682,ORD100682,P-ELE-002,Electronics,Wireless Earbuds,North,Chandigarh,SUP-003,5.0,WH-NO-05,146.0,4.0,29.0,175.0,6.09,9099.05,6.0,No,No,Autumn,Sunny,8348.25,1.0,3.0,346.5,0.063,7,2023,9,16,5
683,ORD100683,P-CLO-015,Clothing,Formal Shirt,East,Ranchi,SUP-017,10.0,WH-EA-04,151.0,9.0,108.0,376.0,14.08,546.7,23.1,Yes,No,Summer,Sunny,568.9,0.0,0.0,308.28,0.08,16,2024,7,8,0
684,ORD100684,P-FUR-012,Furniture,Foldable Bed,South,Coimbatore,SUP-021,6.0,WH-SO-05,166.0,10.0,70.0,272.0,8.28,1911.75,6.9,No,No,Winter,Cloudy,1753.49,0.0,2.0,362.3,0.195,6,2021,12,7,1
685,ORD100685,P-GRO-009,Grocery,Masala Mix 200g,North,Delhi,SUP-032,12.0,WH-NO-05,615.0,41.0,209.0,889.0,32.42,469.23,13.3,No,No,Autumn,Cloudy,514.44,0.0,2.0,485.74,0.114,43,2023,9,12,1
686,ORD100686,P-CLO-011,Clothing,Cotton Saree,North,Kanpur,SUP-018,5.0,WH-NO-04,,9.0,130.0,540.0,19.21,587.25,13.8,No,Yes,Spring,Sunny,619.76,0.0,0.0,305.06,,22,2023,3,8,2
687,ORD100687,P-SPO-003,Sports,Football,North,Kanpur,SUP-022,5.0,WH-NO-02,102.0,9.0,121.0,472.0,15.15,4623.66,14.5,Yes,No,Autumn,Cloudy,4707.68,0.0,1.0,327.28,0.024,14,2023,10,1,6
688,ORD100688,P-BEA-015,Beauty,Sunscreen Lotion,West,Mumbai,SUP-040,2.0,WH-WE-02,357.0,18.0,151.0,579.0,24.66,973.07,3.4,No,No,Winter,,814.56,0.0,1.0,183.29,0.014,17,2021,1,22,4
689,ORD100689,P-CLO-008,Clothing,Women's Kurti,West,Pune,SUP-030,7.0,WH-WE-05,78.0,29.0,195.0,889.0,26.07,1579.77,8.3,No,No,Autumn,Rainy,1412.62,0.0,2.0,419.79,0.085,21,2023,9,11,0
690,ORD100690,P-GRO-008,Grocery,Toor Dal 1kg,East,Ranchi,SUP-028,10.0,WH-EA-04,671.0,27.0,191.0,984.0,30.69,381.85,11.9,Yes,No,Winter,Cloudy,379.4,1.0,0.0,476.82,0.048,41,2023,12,28,3
691,ORD100691,P-SPO-015,Sports,Gym Dumbbells 5kg,North,Kanpur,SUP-015,10.0,WH-NO-05,119.0,9.0,103.0,432.0,13.5,2618.47,15.0,Yes,No,Autumn,Cloudy,2613.09,0.0,2.0,466.08,0.076,15,2023,9,19,1
692,ORD100692,P-GRO-002,Grocery,Tea Powder 500g,East,Bhubaneswar,SUP-007,16.0,WH-EA-04,857.0,35.0,262.0,1064.0,38.89,80.7,6.2,No,No,Summer,Sunny,86.77,0.0,1.0,550.24,0.018,44,2024,5,12,6
693,ORD100693,P-GRO-007,Grocery,Toor Dal 1kg,West,,SUP-037,8.0,WH-WE-04,585.0,37.0,169.0,1113.0,41.24,306.59,23.3,No,No,Winter,Cloudy,235.15,0.0,0.0,359.51,0.062,25,2023,12,28,3
694,ORD100694,P-SPO-002,Sports,Badminton Racket,West,Mumbai,SUP-023,9.0,WH-WE-01,202.0,15.0,68.0,321.0,11.59,3995.12,19.4,Yes,No,Winter,Sunny,3752.48,0.0,3.0,506.36,0.092,18,2024,12,9,0
695,ORD100695,P-CLO-007,Clothing,Track Pants,South,Hyderabad,SUP-004,15.0,WH-SO-05,160.0,18.0,135.0,554.0,19.52,406.44,2.7,No,No,Autumn,Stormy,433.66,3.0,,341.3,0.063,14,2023,9,6,2
696,ORD100696,P-BEA-005,Beauty,Sunscreen Lotion,North,Jaipur,SUP-020,9.0,WH-NO-02,300.0,28.0,178.0,661.0,19.81,765.46,9.7,No,No,,Sunny,744.81,0.0,0.0,286.21,0.034,28,2022,10,14,4
697,ORD100697,P-CLO-007,Clothing,Men's Cotton T-Shirt,Central,Indore,SUP-004,14.0,WH-CE-02,270.0,5.0,96.0,337.0,14.19,2344.94,19.3,Yes,No,Summer,Cloudy,2257.27,0.0,2.0,561.7,0.106,12,2024,5,3,4
698,ORD100698,P-FUR-011,Furniture,Sofa Cushion Set,West,Pune,SUP-040,8.0,WH-WE-01,111.0,7.0,40.0,212.0,6.33,2893.5,13.9,No,No,Autumn,Rainy,2520.3,1.0,2.0,452.03,0.078,6,2023,10,13,4
699,ORD100699,P-GRO-005,Grocery,Tea Powder 500g,North,Kanpur,SUP-022,10.0,WH-NO-01,684.0,63.0,283.0,1118.0,38.63,577.73,7.9,No,No,Summer,Cloudy,,0.0,0.0,332.17,0.071,55,2023,3,27,0
700,ORD100700,P-GRO-001,Grocery,Sugar 1kg,West,Ahmedabad,SUP-032,8.0,WH-WE-02,918.0,51.0,199.0,1738.0,52.97,547.23,10.3,No,No,Summer,Cloudy,526.0,0.0,0.0,332.39,0.149,49,2023,4,26,2
701,ORD100701,P-GRO-003,Grocery,Sugar 1kg,North,Lucknow,SUP-019,7.0,WH-NO-05,128.0,29.0,265.0,975.0,31.72,458.32,5.7,No,No,Summer,Rainy,,0.0,0.0,362.76,,34,2022,5,28,5
702,ORD100702,P-ELE-011,Electronics,Smartphone Charger,North,Lucknow,SUP-001,13.0,WH-NO-05,31.0,7.0,70.0,289.0,9.19,6560.88,10.6,No,No,Autumn,Sunny,7330.21,0.0,,454.44,0.054,9,2023,6,16,4
703,ORD100703,P-SPO-009,Sports,Cycling Helmet,West,Ahmedabad,SUP-026,6.0,WH-WE-03,482.0,12.0,138.0,693.0,21.36,1248.24,16.2,No,No,Autumn,,1379.77,0.0,2.0,430.04,0.063,22,2022,11,14,0
704,ORD100704,P-GRO-015,Grocery,Masala Mix 200g,East,Patna,SUP-027,17.0,WH-EA-02,583.0,47.0,278.0,1048.0,35.86,206.1,11.1,Yes,No,,Rainy,205.57,0.0,2.0,515.4,0.018,47,2021,7,11,6
705,ORD100705,P-CLO-014,Clothing,Women's Kurti,South,Hyderabad,SUP-010,4.0,WH-SO-02,540.0,21.0,202.0,737.0,27.57,987.19,,No,No,Autumn,Sunny,948.95,0.0,1.0,366.4,0.047,28,2022,10,6,3
706,ORD100706,P-BEA-003,Beauty,Herbal Shampoo 200ml,Central,Jabalpur,SUP-029,11.0,WH-CE-05,406.0,26.0,139.0,545.0,20.28,537.96,25.1,Yes,No,,Rainy,514.19,0.0,1.0,424.86,0.211,24,2024,10,19,5
707,ORD100707,P-BEA-012,Beauty,Herbal Shampoo 200ml,West,Surat,SUP-010,5.0,WH-WE-01,707.0,36.0,246.0,1054.0,,460.9,3.0,No,No,Summer,,533.48,0.0,0.0,218.5,0.066,38,2022,5,1,6
708,ORD100708,P-CLO-002,Clothing,Woolen Sweater,North,Lucknow,SUP-028,3.0,WH-NO-01,420.0,24.0,137.0,679.0,19.85,972.17,24.4,No,No,Autumn,,955.69,0.0,2.0,442.28,0.088,24,2023,9,17,6
709,ORD100709,P-CLO-002,Clothing,Woolen Sweater,East,Bhubaneswar,SUP-030,14.0,WH-EA-01,87.0,9.0,90.0,343.0,12.53,564.28,6.2,Yes,No,Autumn,Sunny,611.82,0.0,1.0,574.17,0.061,18,2022,8,30,1
710,ORD100710,P-SPO-012,Sports,Yoga Mat,West,Ahmedabad,SUP-006,9.0,WH-WE-05,263.0,18.0,123.0,534.0,16.22,2165.73,12.3,No,No,Spring,Rainy,2249.31,0.0,0.0,303.93,0.069,20,2022,2,22,1
711,ORD100711,P-FUR-007,Furniture,Sofa Cushion Set,East,Guwahati,SUP-012,25.0,WH-EA-01,69.0,5.0,34.0,168.0,5.18,1635.84,7.8,No,No,Summer,Sunny,1581.98,0.0,22.0,712.69,0.077,2,2022,7,17,6
712,ORD100712,P-BEA-015,Beauty,Herbal Shampoo 200ml,Central,Gwalior,SUP-007,8.0,WH-CE-05,396.0,22.0,143.0,521.0,20.77,1039.26,2.9,No,No,Autumn,Sunny,1018.22,0.0,3.0,483.37,0.084,15,2024,11,2,5
713,ORD100713,P-SPO-001,Sports,Cricket Bat,West,Ahmedabad,SUP-030,6.0,WH-WE-01,272.0,3.0,69.0,388.0,11.98,1360.05,2.2,No,No,Autumn,Sunny,1488.81,0.0,0.0,282.25,,7,2021,6,12,5
714,ORD100714,P-BEA-008,Beauty,Herbal Shampoo 200ml,North,Lucknow,SUP-010,19.0,WH-NO-03,843.0,43.0,212.0,1042.0,37.48,964.2,,No,No,Autumn,Sunny,966.61,0.0,1.0,523.79,0.24,37,2023,9,3,6
715,ORD100715,P-ELE-005,Electronics,Wireless Earbuds,North,Jaipur,SUP-026,4.0,WH-NO-05,75.0,18.0,56.0,367.0,10.76,7321.08,3.6,Yes,No,Summer,Sunny,7055.29,,0.0,342.98,0.104,15,2024,4,28,6
716,ORD100716,P-CLO-015,Clothing,Track Pants,West,Mumbai,SUP-017,12.0,WH-WE-01,355.0,12.0,143.0,590.0,19.43,1039.64,,Yes,No,Autumn,Rainy,972.53,0.0,1.0,347.72,0.055,22,2021,9,28,1
717,ORD100717,P-ELE-011,Electronics,Power Bank 10000mAh,Central,Gwalior,SUP-004,8.0,WH-CE-02,73.0,14.0,74.0,415.0,11.16,6626.41,1.5,No,No,,Cloudy,6796.08,0.0,0.0,285.25,0.021,12,2024,1,11,3
718,ORD100718,P-FUR-012,Furniture,Office Chair,North,Kanpur,SUP-036,11.0,WH-NO-04,,7.0,45.0,230.0,7.76,4863.11,3.4,No,No,Summer,Sunny,4662.18,0.0,1.0,405.35,0.123,10,2023,7,20,3
719,ORD100719,P-SPO-005,Sports,Gym Dumbbells 5kg,North,Jaipur,SUP-029,10.0,WH-NO-05,107.0,9.0,83.0,350.0,12.58,693.69,8.2,Yes,No,Summer,Sunny,726.65,0.0,1.0,398.31,0.043,12,2022,5,9,0
720,ORD100720,P-CLO-014,Clothing,Women's Kurti,West,Ahmedabad,SUP-011,5.0,WH-WE-05,62.0,15.0,108.0,575.0,18.38,1805.09,22.2,No,No,Autumn,Sunny,2172.48,0.0,1.0,401.45,0.076,17,2021,9,16,3
721,ORD100721,P-CLO-013,Clothing,Kids Winter Jacket,North,Kanpur,SUP-036,5.0,WH-NO-01,105.0,34.0,168.0,749.0,23.39,2403.98,29.1,No,No,Autumn,Sunny,2503.62,0.0,1.0,374.37,0.003,26,2024,10,12,5
722,ORD100722,P-ELE-012,Electronics,Home Router,North,Chandigarh,SUP-029,9.0,WH-NO-04,119.0,10.0,71.0,277.0,8.8,12547.7,13.8,,No,Autumn,Sunny,14358.69,0.0,1.0,335.39,0.073,14,2021,10,15,4
723,ORD100723,P-SPO-008,Sports,Cycling Helmet,West,Ahmedabad,SUP-033,7.0,WH-WE-02,293.0,29.0,250.0,851.0,29.75,2292.21,12.3,No,No,Autumn,,2161.13,0.0,0.0,329.43,0.022,42,2024,10,19,5
724,ORD100724,P-ELE-014,Electronics,Power Bank 10000mAh,West,Nagpur,SUP-008,10.0,WH-WE-03,193.0,4.0,53.0,251.0,7.82,12358.59,3.3,Yes,No,Autumn,Sunny,13034.83,0.0,0.0,314.51,0.064,13,2023,8,5,5
725,ORD100725,P-ELE-011,Electronics,Smartphone Charger,West,Mumbai,SUP-001,12.0,WH-WE-05,107.0,17.0,97.0,374.0,14.28,6102.56,17.9,No,No,Summer,Sunny,6715.57,0.0,4.0,625.3,0.063,16,2024,6,5,2
726,ORD100726,P-GRO-001,Grocery,Sunflower Oil 1L,East,Guwahati,SUP-003,14.0,WH-EA-05,632.0,38.0,145.0,653.0,28.45,62.19,11.6,No,No,Spring,Cloudy,69.05,0.0,0.0,387.86,0.057,31,2022,3,9,2
727,ORD100727,P-ELE-014,Electronics,Smartphone Charger,South,Coimbatore,SUP-022,5.0,WH-SO-01,140.0,9.0,45.0,256.0,,10700.93,0.3,No,No,Spring,Sunny,11796.08,0.0,0.0,216.3,0.176,9,2021,2,12,4
728,ORD100728,P-CLO-001,Clothing,Women's Kurti,Central,Raipur,SUP-032,7.0,WH-CE-03,189.0,9.0,115.0,497.0,13.64,683.32,3.3,No,No,Autumn,Rainy,684.23,0.0,0.0,371.08,0.039,14,2023,8,16,2
729,ORD100729,P-CLO-011,Clothing,Kids Winter Jacket,South,Bengaluru,SUP-037,13.0,WH-SO-02,181.0,26.0,161.0,709.0,22.44,649.59,32.6,No,No,Autumn,Cloudy,695.84,0.0,0.0,286.23,0.117,28,2022,6,27,0
730,ORD100730,P-GRO-004,Grocery,Sugar 1kg,South,Coimbatore,SUP-039,6.0,WH-SO-04,112.0,48.0,253.0,849.0,30.95,301.0,21.0,No,No,Spring,Sunny,276.5,0.0,1.0,297.39,,25,2023,3,15,2
731,ORD100731,P-ELE-014,Electronics,Home Router,West,Pune,SUP-024,9.0,WH-WE-05,123.0,9.0,48.0,275.0,9.55,8352.51,16.6,Yes,No,Autumn,Rainy,9426.39,0.0,0.0,180.93,0.216,12,2022,10,31,0
732,ORD100732,P-ELE-011,Electronics,Wireless Earbuds,West,Nagpur,SUP-026,11.0,WH-WE-02,88.0,9.0,49.0,210.0,7.05,11424.7,8.5,Yes,No,Summer,,10554.46,0.0,2.0,477.04,0.153,5,2022,4,15,4
733,ORD100733,P-GRO-013,Grocery,Wheat Flour 5kg,West,Surat,SUP-012,6.0,WH-WE-01,219.0,25.0,139.0,727.0,26.87,255.94,10.8,No,No,,Sunny,281.62,0.0,4.0,393.95,0.042,24,2023,11,17,4
734,ORD100734,P-ELE-011,Electronics,Laptop Stand,North,Lucknow,SUP-001,2.0,WH-NO-01,170.0,9.0,43.0,244.0,9.12,1510.66,26.3,No,No,Winter,Cloudy,1636.78,0.0,0.0,308.15,0.083,13,2023,1,2,0
735,ORD100735,P-FUR-009,Furniture,Sofa Cushion Set,Central,Raipur,SUP-008,10.0,WH-CE-01,112.0,7.0,39.0,200.0,6.47,16772.5,7.4,Yes,No,Autumn,Cloudy,18164.21,0.0,0.0,417.75,0.026,12,2023,7,17,0
736,ORD100736,P-GRO-013,Grocery,Toor Dal 1kg,East,Kolkata,SUP-003,16.0,WH-EA-02,367.0,33.0,328.0,1144.0,36.83,421.72,6.3,No,No,Autumn,Sunny,491.41,0.0,4.0,567.15,0.095,46,2023,9,10,6
737,ORD100737,P-GRO-005,Grocery,Sunflower Oil 1L,West,Ahmedabad,SUP-028,8.0,WH-WE-05,1009.0,37.0,261.0,1143.0,42.37,88.82,12.1,Yes,No,Autumn,Sunny,96.3,0.0,1.0,491.93,0.071,69,2023,9,19,1
738,ORD100738,P-GRO-008,Grocery,Toor Dal 1kg,Central,Bhopal,SUP-021,12.0,WH-CE-02,1247.0,60.0,498.0,1537.0,59.96,557.86,5.8,No,No,Summer,,498.66,0.0,1.0,365.09,0.149,55,2022,4,28,3
739,ORD100739,P-GRO-005,Grocery,Sunflower Oil 1L,South,Kochi,SUP-031,5.0,WH-SO-03,465.0,40.0,208.0,900.0,30.93,454.72,18.5,No,Yes,,Cloudy,476.18,0.0,1.0,249.54,0.017,43,2024,1,26,4
740,ORD100740,P-ELE-002,Electronics,Smartwatch,West,Surat,SUP-006,8.0,WH-WE-04,220.0,11.0,90.0,308.0,10.84,5571.69,3.1,No,No,Autumn,Cloudy,4729.54,1.0,0.0,288.53,0.159,10,2021,11,17,2
741,ORD100741,P-ELE-014,Electronics,Home Router,East,,SUP-037,,WH-EA-04,129.0,6.0,,201.0,6.35,5568.45,27.3,No,No,Autumn,Cloudy,5527.85,0.0,0.0,,0.261,9,2024,10,17,3
742,ORD100742,P-SPO-008,Sports,Football,West,Nagpur,SUP-029,8.0,WH-WE-02,202.0,15.0,123.0,401.0,14.62,3801.05,19.0,No,No,Summer,Cloudy,3672.6,0.0,0.0,363.34,0.034,17,2024,3,28,3
743,ORD100743,P-ELE-001,Electronics,Wireless Earbuds,West,Mumbai,SUP-037,7.0,WH-WE-01,182.0,11.0,49.0,232.0,7.55,9274.73,35.7,Yes,No,Spring,Cloudy,9748.0,0.0,2.0,479.67,0.17,12,2023,3,17,4
744,ORD100744,P-CLO-013,Clothing,Cotton Saree,West,Ahmedabad,SUP-026,6.0,WH-WE-01,335.0,14.0,140.0,594.0,19.21,562.78,4.7,No,No,Autumn,Sunny,525.73,0.0,2.0,378.68,0.201,16,2021,9,21,1
745,ORD100745,P-CLO-015,Clothing,Men's Cotton T-Shirt,North,Delhi,SUP-014,11.0,WH-NO-02,81.0,27.0,158.0,712.0,22.21,1541.48,8.6,No,No,Autumn,Sunny,1443.69,0.0,0.0,345.14,0.073,19,2024,8,13,1
746,ORD100746,P-GRO-010,Grocery,Masala Mix 200g,North,Delhi,SUP-026,4.0,WH-NO-01,458.0,44.0,338.0,1030.0,35.0,584.05,31.8,No,No,Spring,Cloudy,607.47,0.0,0.0,256.69,0.103,34,2023,3,22,2
747,ORD100747,P-CLO-005,Clothing,Track Pants,Central,Indore,SUP-025,,WH-CE-03,269.0,13.0,106.0,369.0,13.36,513.1,,Yes,No,Summer,Cloudy,561.32,0.0,0.0,288.92,0.133,17,2024,4,5,4
748,ORD100748,P-BEA-013,Beauty,Lipstick Set,Central,Indore,SUP-008,,WH-CE-04,194.0,21.0,105.0,441.0,15.33,994.41,3.7,Yes,No,Winter,Cloudy,994.62,0.0,1.0,346.63,0.067,15,2021,2,10,2
749,ORD100749,P-BEA-012,Beauty,Moisturizer Cream,Central,Gwalior,SUP-005,4.0,WH-CE-04,543.0,30.0,217.0,690.0,,534.95,3.9,,No,Summer,Cloudy,634.37,0.0,0.0,220.08,0.027,40,2022,5,9,0
750,ORD100750,P-GRO-005,Grocery,Toor Dal 1kg,North,Kanpur,SUP-027,6.0,WH-NO-05,703.0,43.0,319.0,1231.0,34.55,525.92,9.3,No,No,Spring,Cloudy,511.48,0.0,3.0,522.81,0.188,43,2022,3,14,0
751,ORD100751,P-GRO-005,Grocery,Toor Dal 1kg,South,Coimbatore,SUP-004,5.0,WH-SO-02,442.0,18.0,187.0,832.0,29.63,286.63,23.3,No,No,Summer,Sunny,302.22,0.0,0.0,226.33,0.063,38,2024,4,3,2
752,ORD100752,P-GRO-015,Grocery,Instant Noodles Pack,West,Surat,SUP-005,8.0,WH-WE-04,305.0,24.0,211.0,1021.0,28.88,414.37,9.5,Yes,No,Autumn,Rainy,425.68,0.0,2.0,326.93,0.056,30,2022,11,10,3
753,ORD100753,P-CLO-015,Clothing,Track Pants,West,Ahmedabad,SUP-003,4.0,WH-WE-05,153.0,19.0,153.0,692.0,23.22,448.28,15.4,No,No,Summer,Rainy,435.99,0.0,1.0,400.75,0.108,15,2021,6,21,0
754,ORD100754,P-FUR-011,Furniture,Office Chair,North,Lucknow,SUP-025,13.0,WH-NO-01,131.0,6.0,29.0,152.0,5.33,8000.96,3.8,No,No,Autumn,Rainy,8840.35,0.0,5.0,619.77,0.024,7,2023,6,18,6
755,ORD100755,P-GRO-001,Grocery,Sunflower Oil 1L,East,Patna,SUP-038,11.0,WH-EA-04,360.0,46.0,259.0,997.0,36.04,515.1,8.8,No,No,Autumn,Rainy,478.41,0.0,4.0,,0.099,34,2021,8,20,4
756,ORD100756,P-GRO-004,Grocery,Tea Powder 500g,North,Kanpur,SUP-020,19.0,WH-NO-01,647.0,70.0,,2008.0,76.0,162.13,19.9,No,No,Autumn,Rainy,135.21,0.0,3.0,512.11,0.075,40,2022,10,15,5
757,ORD100757,P-SPO-006,Sports,Running Shoes,East,Bhubaneswar,SUP-007,18.0,WH-EA-03,192.0,14.0,107.0,441.0,15.16,3800.59,1.5,No,No,Winter,Sunny,3762.24,0.0,0.0,558.86,0.012,15,2024,12,20,4
758,ORD100758,P-ELE-009,Electronics,Laptop Stand,North,Chandigarh,SUP-021,,WH-NO-05,120.0,15.0,63.0,269.0,9.13,3748.44,14.4,No,No,Autumn,Cloudy,3671.41,0.0,1.0,103.57,0.068,10,2022,9,27,1
759,ORD100759,P-CLO-014,Clothing,Denim Jeans,North,Delhi,SUP-020,,WH-NO-03,337.0,14.0,94.0,404.0,13.62,1923.85,6.4,Yes,No,Autumn,Cloudy,2087.43,0.0,3.0,392.77,,22,2022,9,19,0
760,ORD100760,P-FUR-013,Furniture,Plastic Storage Rack,North,Chandigarh,SUP-024,11.0,WH-NO-03,40.0,9.0,53.0,285.0,7.87,18195.36,35.0,No,No,Spring,Cloudy,16376.18,0.0,0.0,468.32,0.005,4,2021,2,28,6
761,ORD100761,P-ELE-005,Electronics,Wireless Earbuds,Central,Gwalior,SUP-018,18.0,WH-CE-04,167.0,7.0,50.0,257.0,7.6,8350.05,10.5,No,No,Autumn,Rainy,8699.89,0.0,1.0,590.7,0.159,7,2022,11,4,4
762,ORD100762,P-ELE-002,Electronics,Bluetooth Speaker,West,Ahmedabad,SUP-022,8.0,WH-WE-03,105.0,26.0,97.0,,18.61,14714.01,22.9,Yes,No,Autumn,Sunny,15187.98,0.0,1.0,412.32,0.057,25,2024,10,31,3
763,ORD100763,P-ELE-005,Electronics,Laptop Stand,Central,,SUP-013,12.0,WH-CE-04,90.0,7.0,34.0,173.0,6.09,1417.78,8.5,No,No,Autumn,Sunny,1454.39,0.0,0.0,478.3,0.123,8,2024,10,21,0
764,ORD100764,P-SPO-004,Sports,Yoga Mat,South,Kochi,SUP-037,11.0,WH-SO-05,222.0,11.0,73.0,267.0,10.5,2383.92,26.3,No,No,Autumn,Sunny,2583.04,0.0,0.0,358.38,0.081,14,2024,11,8,4
765,ORD100765,P-ELE-014,Electronics,LED TV 43in,South,Bengaluru,SUP-022,9.0,WH-SO-01,281.0,14.0,92.0,402.0,13.21,7948.9,13.4,Yes,No,Summer,Sunny,7933.99,0.0,3.0,383.95,0.169,13,2022,6,13,0
766,ORD100766,P-ELE-001,Electronics,Bluetooth Speaker,South,Kochi,SUP-013,15.0,WH-SO-03,247.0,,78.0,320.0,9.82,2763.69,6.9,No,No,Summer,Sunny,2775.23,0.0,1.0,437.48,0.027,10,2021,4,6,1
767,ORD100767,P-ELE-013,Electronics,Power Bank 10000mAh,East,Ranchi,SUP-001,4.0,WH-EA-05,196.0,8.0,73.0,379.0,11.29,9070.1,27.5,No,No,Winter,Sunny,9396.83,0.0,0.0,182.17,0.32,10,2021,12,13,0
768,ORD100768,P-ELE-010,Electronics,Smartwatch,South,Hyderabad,SUP-028,6.0,WH-SO-02,134.0,7.0,42.0,199.0,7.12,4220.25,4.4,No,No,Autumn,Sunny,4185.83,0.0,0.0,276.31,0.029,9,2021,11,5,4
769,ORD100769,P-FUR-002,Furniture,TV Unit,West,Surat,SUP-016,5.0,WH-WE-03,104.0,,30.0,113.0,4.43,17871.35,14.8,No,No,Summer,Cloudy,15936.56,0.0,4.0,,,5,2021,4,24,5
770,ORD100770,P-GRO-011,Grocery,Basmati Rice 5kg,West,Mumbai,SUP-010,12.0,WH-WE-04,411.0,31.0,160.0,1015.0,34.22,55.3,3.0,No,No,Autumn,Cloudy,53.48,1.0,2.0,513.8,0.035,29,2023,11,3,4
771,ORD100771,P-CLO-009,Clothing,Track Pants,West,Pune,SUP-020,3.0,WH-WE-05,141.0,16.0,85.0,369.0,11.88,2034.66,6.4,Yes,No,Winter,Cloudy,1992.51,0.0,0.0,134.05,0.106,13,2023,2,3,4
772,ORD100772,P-CLO-001,Clothing,Men's Cotton T-Shirt,South,Bengaluru,SUP-020,5.0,WH-SO-02,326.0,17.0,145.0,,19.11,957.77,7.3,,No,Autumn,Sunny,914.68,0.0,1.0,290.81,0.194,20,2023,11,21,1
773,ORD100773,P-BEA-004,Beauty,Moisturizer Cream,East,Guwahati,SUP-033,3.0,WH-EA-05,294.0,6.0,114.0,424.0,13.64,627.17,12.0,No,No,Autumn,Stormy,611.29,0.0,0.0,204.24,0.118,14,2021,10,19,1
774,ORD100774,P-ELE-006,Electronics,Bluetooth Speaker,North,Kanpur,SUP-022,6.0,WH-NO-04,80.0,8.0,69.0,276.0,9.42,13615.63,3.2,No,No,Autumn,Sunny,13811.26,0.0,1.0,308.53,0.159,6,2023,10,14,5
775,ORD100775,P-BEA-004,Beauty,Herbal Shampoo 200ml,North,Jaipur,SUP-029,6.0,WH-NO-01,477.0,12.0,138.0,713.0,23.68,730.61,6.2,Yes,,,Cloudy,714.6,0.0,0.0,275.45,0.152,18,2021,4,5,0
776,ORD100776,P-FUR-009,Furniture,TV Unit,West,Surat,SUP-026,11.0,WH-WE-05,101.0,6.0,32.0,154.0,5.06,17473.94,21.2,Yes,No,Autumn,Rainy,18667.72,0.0,1.0,498.84,0.225,9,2023,11,21,1
777,ORD100777,P-ELE-010,Electronics,Home Router,East,Kolkata,SUP-034,14.0,WH-EA-02,140.0,4.0,58.0,253.0,8.59,5315.47,17.3,Yes,No,Summer,Rainy,5685.25,0.0,2.0,463.95,0.086,10,2024,4,2,1
778,ORD100778,P-BEA-003,Beauty,Sunscreen Lotion,West,Nagpur,SUP-001,7.0,WH-WE-02,231.0,31.0,190.0,781.0,30.27,,5.3,No,No,Winter,Cloudy,251.82,0.0,,356.49,0.162,21,2022,1,6,3
779,ORD100779,P-BEA-002,Beauty,Lipstick Set,North,Delhi,SUP-016,2.0,WH-NO-03,695.0,26.0,195.0,1125.0,33.81,498.51,18.3,No,No,Summer,Sunny,441.35,0.0,1.0,296.45,0.051,29,2022,4,26,1
780,ORD100780,P-GRO-010,Grocery,Instant Noodles Pack,Central,Raipur,SUP-029,9.0,WH-CE-03,1195.0,42.0,330.0,1447.0,51.93,219.17,12.3,No,No,Autumn,Rainy,177.01,0.0,,368.68,0.137,45,2022,9,29,3
781,ORD100781,P-SPO-008,Sports,Running Shoes,Central,Gwalior,SUP-006,5.0,WH-CE-03,116.0,14.0,89.0,250.0,11.07,2397.71,19.7,Yes,No,Summer,Cloudy,2345.19,0.0,0.0,266.23,0.023,14,2023,4,27,3
782,ORD100782,P-CLO-004,Clothing,Formal Shirt,South,Kochi,SUP-018,4.0,WH-SO-01,177.0,24.0,187.0,742.0,25.37,1558.29,9.4,No,No,Winter,Rainy,1516.4,,0.0,239.43,,22,2023,2,12,6
783,ORD100783,P-FUR-004,Furniture,Dining Chair,West,Nagpur,SUP-017,15.0,WH-WE-05,173.0,7.0,58.0,225.0,7.32,5419.56,19.1,No,No,Autumn,Sunny,5485.02,1.0,1.0,442.92,0.094,11,2021,6,2,2
784,ORD100784,P-SPO-001,Sports,Football,South,Hyderabad,SUP-033,7.0,WH-SO-02,78.0,23.0,145.0,762.0,23.51,3133.64,5.6,Yes,No,,Rainy,3344.85,0.0,0.0,312.12,0.092,22,2022,7,8,4
785,ORD100785,P-GRO-013,Grocery,Wheat Flour 5kg,West,Ahmedabad,SUP-039,5.0,WH-WE-01,751.0,29.0,275.0,982.0,32.54,290.6,16.6,Yes,No,,Rainy,289.61,0.0,0.0,227.73,0.045,63,2023,1,9,0
786,ORD100786,P-BEA-013,Beauty,Face Wash 100ml,West,Ahmedabad,SUP-005,7.0,WH-WE-03,300.0,18.0,178.0,719.0,24.14,640.24,,Yes,No,Autumn,Cloudy,609.36,0.0,0.0,349.34,0.053,30,2023,6,16,4
787,ORD100787,P-GRO-009,Grocery,Basmati Rice 5kg,West,Ahmedabad,SUP-009,7.0,WH-WE-04,,15.0,222.0,898.0,29.93,393.51,3.8,No,No,Summer,Rainy,393.37,0.0,1.0,487.32,0.137,30,2023,7,13,3
788,ORD100788,P-BEA-006,Beauty,Herbal Shampoo 200ml,West,Surat,SUP-031,16.0,WH-WE-01,256.0,27.0,165.0,653.0,23.78,837.41,3.8,No,No,Autumn,Cloudy,804.32,0.0,1.0,441.62,0.03,23,2023,8,31,3
789,ORD100789,P-FUR-004,Furniture,Foldable Bed,South,Coimbatore,SUP-007,4.0,WH-SO-05,60.0,6.0,24.0,157.0,5.49,7834.27,10.4,No,No,Autumn,Sunny,6908.36,2.0,2.0,332.63,0.128,2,2022,10,20,3
790,ORD100790,P-GRO-005,Grocery,Instant Noodles Pack,West,Ahmedabad,SUP-020,4.0,WH-WE-04,209.0,50.0,,1197.0,37.17,194.88,0.4,No,No,,Cloudy,209.81,0.0,3.0,410.43,0.111,41,2023,1,5,3
791,ORD100791,P-GRO-014,Grocery,Tea Powder 500g,West,Ahmedabad,SUP-038,13.0,WH-WE-05,754.0,53.0,343.0,1315.0,,,5.0,No,No,Summer,Cloudy,303.09,0.0,2.0,524.96,0.097,62,2022,5,9,0
792,ORD100792,P-GRO-002,Grocery,Toor Dal 1kg,North,Delhi,SUP-040,20.0,WH-NO-04,900.0,41.0,284.0,1437.0,47.92,406.77,12.3,No,No,Winter,Cloudy,453.92,0.0,2.0,612.78,0.091,59,2022,2,1,1
793,ORD100793,P-ELE-013,Electronics,LED TV 43in,North,Delhi,SUP-038,6.0,WH-NO-01,54.0,8.0,77.0,237.0,8.38,14408.04,20.1,No,No,Spring,Sunny,12982.18,2.0,1.0,272.66,0.039,7,2022,3,31,3
794,ORD100794,P-ELE-005,Electronics,Wireless Earbuds,West,Ahmedabad,SUP-006,3.0,WH-WE-02,287.0,16.0,96.0,379.0,13.71,858.71,39.1,No,Yes,Autumn,Cloudy,747.78,0.0,2.0,224.24,0.058,18,2022,10,3,0
795,ORD100795,P-GRO-004,Grocery,Tea Powder 500g,East,Patna,SUP-006,7.0,WH-EA-05,534.0,90.0,446.0,1958.0,67.49,503.43,7.5,No,Yes,Autumn,Sunny,465.73,0.0,1.0,256.14,0.018,103,2021,6,9,2
796,ORD100796,P-ELE-013,Electronics,Smartphone Charger,East,Guwahati,SUP-008,15.0,WH-EA-03,89.0,8.0,52.0,252.0,8.66,12616.03,18.0,No,No,Autumn,Rainy,13018.59,0.0,1.0,509.97,0.192,9,2021,11,16,1
797,ORD100797,P-ELE-015,Electronics,Power Bank 10000mAh,Central,Jabalpur,SUP-031,6.0,WH-CE-01,25.0,7.0,34.0,156.0,5.36,4515.91,19.3,,No,Autumn,Rainy,4826.23,0.0,2.0,344.88,0.024,7,2021,6,19,5
798,ORD100798,P-BEA-015,Beauty,Lipstick Set,East,Guwahati,SUP-008,9.0,WH-EA-01,340.0,17.0,,518.0,17.05,594.45,7.0,No,No,Summer,Sunny,608.06,0.0,3.0,412.64,0.14,16,2022,8,21,6
799,ORD100799,P-FUR-005,Furniture,Wooden Bookshelf,South,Kochi,SUP-018,9.0,WH-SO-03,34.0,4.0,33.0,121.0,5.09,10164.1,5.8,Yes,No,Winter,Rainy,10280.88,1.0,0.0,311.6,0.022,6,2022,12,26,0
800,ORD100800,P-BEA-009,Beauty,Face Wash 100ml,South,Hyderabad,SUP-033,6.0,WH-SO-03,2362.0,31.0,260.0,1074.0,37.92,270.06,1.3,No,No,Autumn,Sunny,288.52,0.0,0.0,323.88,0.002,42,2021,8,27,4
801,ORD100801,P-GRO-005,Grocery,Sunflower Oil 1L,East,Ranchi,SUP-020,,WH-EA-02,161.0,28.0,232.0,954.0,30.55,174.81,8.1,No,No,Autumn,Cloudy,168.38,0.0,6.0,611.47,0.105,21,2021,7,22,3
802,ORD100802,P-SPO-003,Sports,Cricket Bat,West,Nagpur,SUP-038,10.0,WH-WE-01,249.0,11.0,,360.0,10.67,4685.63,6.0,Yes,No,Spring,Rainy,5081.64,1.0,,307.74,0.059,10,2023,2,8,2
803,ORD100803,P-CLO-006,Clothing,Cotton Saree,East,Kolkata,SUP-020,5.0,WH-EA-04,231.0,18.0,82.0,348.0,13.39,1920.34,12.9,No,No,Autumn,Sunny,2225.29,0.0,2.0,291.49,0.029,18,2021,11,23,1
804,ORD100804,P-ELE-001,Electronics,Bluetooth Speaker,East,Guwahati,SUP-016,2.0,WH-EA-03,128.0,11.0,39.0,180.0,6.86,3663.04,23.7,No,No,Autumn,Sunny,3351.61,0.0,0.0,250.59,0.063,8,2024,6,22,5
805,ORD100805,P-ELE-003,Electronics,Power Bank 10000mAh,West,Ahmedabad,SUP-039,25.0,WH-WE-01,200.0,8.0,66.0,250.0,8.28,13354.87,1.6,Yes,No,Summer,Stormy,13083.44,0.0,3.0,713.67,0.043,10,2021,8,29,6
806,ORD100806,P-FUR-009,Furniture,Foldable Bed,West,Nagpur,SUP-022,6.0,WH-WE-01,72.0,3.0,42.0,178.0,5.46,9484.47,9.9,Yes,No,Winter,Sunny,8429.92,0.0,1.0,298.52,0.17,4,2022,12,5,0
807,ORD100807,P-ELE-011,Electronics,Home Router,West,Ahmedabad,SUP-008,4.0,WH-WE-02,170.0,10.0,60.0,328.0,12.02,5122.11,11.5,Yes,No,Summer,,4726.61,0.0,1.0,341.87,0.061,15,2024,3,18,0
808,ORD100808,P-CLO-005,Clothing,Track Pants,North,Delhi,SUP-026,11.0,WH-NO-03,143.0,18.0,130.0,466.0,19.32,360.15,17.3,No,No,Autumn,Cloudy,371.46,0.0,1.0,425.61,0.144,27,2021,6,1,1
809,ORD100809,P-SPO-009,Sports,Football,West,Pune,SUP-031,16.0,WH-WE-02,210.0,16.0,126.0,450.0,14.88,1005.29,11.6,No,No,Autumn,Sunny,869.73,0.0,0.0,380.2,0.103,18,2022,10,20,3
810,ORD100810,P-ELE-012,Electronics,Wireless Earbuds,East,Kolkata,SUP-034,7.0,WH-EA-01,168.0,4.0,74.0,258.0,9.55,9091.07,24.6,No,No,Autumn,Sunny,8524.09,0.0,1.0,331.14,0.039,7,2022,11,21,0
811,ORD100811,P-ELE-014,Electronics,Home Router,North,Lucknow,SUP-001,13.0,WH-NO-05,70.0,14.0,72.0,371.0,10.83,11262.27,26.1,No,No,Summer,Rainy,12211.57,0.0,1.0,500.53,0.089,16,2023,3,19,6
812,ORD100812,P-SPO-009,Sports,Yoga Mat,West,Mumbai,SUP-005,6.0,WH-WE-04,53.0,10.0,97.0,381.0,13.03,2203.09,11.7,No,No,Autumn,Cloudy,2242.47,0.0,2.0,427.4,0.096,10,2024,7,18,3
813,ORD100813,P-CLO-004,Clothing,Track Pants,West,Surat,SUP-026,2.0,WH-WE-03,256.0,,,765.0,29.38,1678.08,17.8,Yes,No,Summer,Sunny,1781.18,0.0,0.0,242.02,0.09,44,2023,5,2,1
814,ORD100814,P-ELE-011,Electronics,Laptop Stand,East,Bhubaneswar,SUP-030,9.0,WH-EA-02,40.0,7.0,67.0,202.0,7.52,6752.66,5.5,Yes,No,Summer,Cloudy,,0.0,0.0,,0.065,6,2022,7,5,1
815,ORD100815,P-SPO-003,Sports,Running Shoes,West,Surat,SUP-027,8.0,WH-WE-04,250.0,10.0,82.0,375.0,12.5,4556.7,4.5,No,No,Summer,Sunny,4581.39,1.0,1.0,380.74,0.156,15,2022,8,3,2
816,ORD100816,P-SPO-003,Sports,Yoga Mat,South,Kochi,SUP-016,3.0,WH-SO-05,380.0,24.0,147.0,497.0,17.41,2878.92,1.4,No,No,,Sunny,3313.46,0.0,0.0,264.74,0.133,23,2023,7,1,5
817,ORD100817,P-CLO-006,Clothing,Denim Jeans,North,Jaipur,SUP-031,3.0,WH-NO-04,180.0,18.0,134.0,622.0,20.85,893.94,10.6,Yes,No,Spring,Stormy,846.6,0.0,0.0,227.25,0.012,13,2022,3,13,6
818,ORD100818,P-FUR-005,Furniture,Foldable Bed,South,Hyderabad,SUP-024,6.0,WH-SO-02,50.0,5.0,41.0,249.0,6.51,2978.15,10.5,No,No,Autumn,Rainy,2861.88,0.0,2.0,359.06,0.071,6,2023,9,28,3
819,ORD100819,P-GRO-003,Grocery,Basmati Rice 5kg,South,Chennai,SUP-038,12.0,WH-SO-02,683.0,45.0,263.0,1021.0,,489.95,21.4,No,No,Autumn,Cloudy,512.75,,1.0,450.18,0.134,52,2022,7,13,2
820,ORD100820,P-ELE-001,Electronics,LED TV 43in,West,Surat,SUP-015,6.0,WH-WE-05,196.0,,69.0,307.0,9.66,2239.0,15.2,Yes,No,Summer,Cloudy,2077.82,0.0,0.0,253.8,0.027,12,2021,3,30,1
821,ORD100821,P-CLO-015,Clothing,Kids Winter Jacket,West,,SUP-031,9.0,WH-WE-01,354.0,19.0,155.0,665.0,19.83,1170.51,17.1,No,No,Winter,Rainy,1237.67,0.0,2.0,458.06,0.017,30,2023,2,21,1
822,ORD100822,P-GRO-011,Grocery,Sunflower Oil 1L,West,Surat,SUP-006,14.0,WH-WE-02,709.0,,303.0,1454.0,43.9,566.56,14.2,No,No,Winter,Cloudy,485.13,0.0,1.0,494.13,0.029,48,2022,1,3,0
823,ORD100823,P-FUR-011,Furniture,Wooden Bookshelf,North,Delhi,SUP-030,13.0,WH-NO-01,,7.0,34.0,138.0,5.2,5919.44,1.5,No,No,Autumn,Sunny,4770.76,0.0,1.0,350.47,0.091,4,2022,6,8,2
824,ORD100824,P-BEA-001,Beauty,Talcum Powder,South,Bengaluru,SUP-030,12.0,WH-SO-04,482.0,25.0,165.0,806.0,27.01,567.62,4.6,No,No,Summer,Sunny,581.9,0.0,0.0,290.07,0.04,31,2022,4,19,1
825,ORD100825,P-ELE-012,Electronics,LED TV 43in,North,Delhi,SUP-011,23.0,WH-NO-03,229.0,12.0,99.0,327.0,12.96,13897.19,5.5,,No,Summer,Sunny,12807.84,0.0,1.0,567.78,0.053,8,2021,7,19,0
826,ORD100826,P-CLO-006,Clothing,Woolen Sweater,West,Surat,SUP-003,,WH-WE-01,160.0,24.0,139.0,632.0,19.81,1051.51,,No,No,Spring,Stormy,1003.92,0.0,0.0,441.3,0.067,19,2022,2,27,6
827,ORD100827,P-GRO-012,Grocery,Masala Mix 200g,South,Hyderabad,SUP-040,23.0,WH-SO-05,187.0,,377.0,1451.0,51.53,275.26,18.7,Yes,No,Autumn,Cloudy,294.56,0.0,4.0,816.38,0.073,59,2024,8,27,1
828,ORD100828,P-SPO-008,Sports,Running Shoes,East,Patna,SUP-004,5.0,WH-EA-03,211.0,9.0,87.0,358.0,11.72,4026.63,7.6,No,No,Summer,Sunny,4227.71,0.0,0.0,50.0,0.108,11,2022,4,13,2
829,ORD100829,P-GRO-004,Grocery,Sunflower Oil 1L,West,Pune,SUP-019,3.0,WH-WE-02,636.0,62.0,522.0,2075.0,61.67,353.59,15.8,No,No,Winter,Sunny,318.87,1.0,5.0,459.66,0.06,75,2023,12,7,3
830,ORD100830,P-FUR-004,Furniture,Office Chair,West,Surat,SUP-001,5.0,WH-WE-05,34.0,7.0,79.0,293.0,9.68,12974.02,22.0,No,No,Autumn,Rainy,13513.46,0.0,0.0,276.96,0.172,7,2022,8,21,6
831,ORD100831,P-CLO-003,Clothing,Woolen Sweater,South,Kochi,SUP-017,12.0,WH-SO-04,66.0,18.0,142.0,553.0,18.29,1866.27,5.8,No,No,Summer,Sunny,1821.45,0.0,2.0,403.08,0.047,15,2021,4,7,2
832,ORD100832,P-GRO-013,Grocery,Basmati Rice 5kg,South,Kochi,SUP-033,15.0,WH-SO-01,151.0,34.0,180.0,762.0,26.38,55.49,20.5,Yes,No,Summer,Rainy,57.34,0.0,,455.36,0.095,27,2024,5,8,2
833,ORD100833,P-FUR-007,Furniture,Foldable Bed,East,Bhubaneswar,SUP-021,3.0,WH-EA-05,21.0,2.0,20.0,,3.46,14015.99,22.1,No,No,Summer,Rainy,13993.38,1.0,2.0,284.2,0.054,4,2024,8,16,4
834,ORD100834,P-BEA-012,Beauty,Sunscreen Lotion,East,Guwahati,SUP-010,9.0,WH-EA-01,671.0,36.0,237.0,1016.0,36.41,684.51,19.0,No,,Winter,Rainy,602.18,,0.0,321.78,0.086,42,2021,12,11,5
835,ORD100835,P-CLO-013,Clothing,Track Pants,North,Delhi,SUP-016,7.0,WH-NO-05,532.0,27.0,155.0,694.0,22.51,1304.75,18.7,No,No,Autumn,Sunny,1230.31,0.0,1.0,334.53,0.045,18,2021,9,7,1
836,ORD100836,P-BEA-003,Beauty,Talcum Powder,West,Nagpur,SUP-004,2.0,WH-WE-02,129.0,21.0,137.0,682.0,21.8,815.85,3.8,Yes,No,Autumn,Rainy,658.42,0.0,0.0,163.53,0.196,18,2024,9,21,5
837,ORD100837,P-SPO-005,Sports,Yoga Mat,East,Kolkata,SUP-024,6.0,WH-EA-02,307.0,24.0,129.0,539.0,16.93,2474.36,11.3,No,No,Summer,,2511.01,0.0,2.0,355.99,0.024,22,2021,5,23,6
838,ORD100838,P-GRO-002,Grocery,Tea Powder 500g,South,Chennai,SUP-001,8.0,WH-SO-01,537.0,38.0,264.0,1140.0,37.33,440.62,25.4,Yes,No,Summer,Rainy,454.61,0.0,2.0,384.01,0.058,53,2024,7,22,0
839,ORD100839,P-CLO-001,Clothing,Cotton Saree,North,Jaipur,SUP-014,4.0,WH-NO-05,348.0,21.0,115.0,506.0,19.01,1960.15,5.8,No,No,Autumn,Sunny,1849.69,0.0,0.0,301.18,0.168,20,2021,9,11,5
840,ORD100840,P-ELE-015,Electronics,Home Router,South,Kochi,SUP-003,11.0,WH-SO-03,67.0,13.0,76.0,266.0,9.0,9994.51,5.9,No,No,Autumn,Cloudy,9901.99,0.0,1.0,415.23,0.219,7,2024,6,20,3
841,ORD100841,P-BEA-010,Beauty,Sunscreen Lotion,South,Bengaluru,SUP-010,9.0,WH-SO-04,213.0,42.0,273.0,899.0,36.53,1039.19,25.9,Yes,No,Autumn,Cloudy,958.21,0.0,0.0,382.24,0.038,43,2024,9,25,2
842,ORD100842,P-CLO-007,Clothing,Men's Cotton T-Shirt,South,Coimbatore,SUP-003,8.0,WH-SO-05,490.0,23.0,167.0,679.0,23.51,958.76,,Yes,Yes,Winter,Rainy,1055.13,0.0,1.0,388.34,0.174,27,2021,12,17,4
843,ORD100843,P-GRO-004,Grocery,Masala Mix 200g,East,Kolkata,SUP-038,4.0,WH-EA-03,986.0,,389.0,1506.0,47.73,529.61,23.9,Yes,No,Autumn,Sunny,475.13,0.0,1.0,383.5,,69,2021,11,20,5
844,ORD100844,P-ELE-009,Electronics,Smartwatch,South,,SUP-031,8.0,WH-SO-02,258.0,11.0,69.0,363.0,11.14,13472.04,19.1,No,No,Autumn,Sunny,13136.82,0.0,0.0,301.79,0.038,14,2021,6,5,5
845,ORD100845,P-SPO-009,Sports,Football,West,Ahmedabad,SUP-038,4.0,WH-WE-04,,21.0,123.0,538.0,19.42,4628.94,21.5,Yes,No,Spring,Rainy,4148.17,0.0,0.0,315.19,0.024,16,2024,2,24,5
846,ORD100846,P-GRO-004,Grocery,Sunflower Oil 1L,Central,Raipur,SUP-028,5.0,WH-CE-03,553.0,29.0,251.0,1354.0,37.83,60.99,18.1,,No,Summer,Sunny,62.14,0.0,0.0,279.52,0.04,52,2022,5,26,3
847,ORD100847,P-FUR-001,Furniture,Office Chair,North,Lucknow,SUP-020,10.0,WH-NO-02,76.0,9.0,48.0,158.0,6.31,8246.11,10.2,No,No,Autumn,Sunny,8931.0,0.0,1.0,481.57,0.077,9,2023,7,29,5
848,ORD100848,P-ELE-008,Electronics,Laptop Stand,North,Kanpur,SUP-007,22.0,WH-NO-05,248.0,19.0,81.0,341.0,11.0,11701.72,24.0,No,No,,Sunny,9758.31,1.0,2.0,631.97,0.028,14,2023,6,17,5
849,ORD100849,P-SPO-008,Sports,Cycling Helmet,West,Surat,SUP-039,3.0,WH-WE-05,241.0,16.0,167.0,509.0,16.25,4484.25,28.2,No,No,Winter,Rainy,4718.87,0.0,1.0,227.59,0.101,27,2023,1,28,5
850,ORD100850,P-ELE-012,Electronics,Bluetooth Speaker,Central,Raipur,SUP-037,,WH-CE-02,41.0,3.0,39.0,206.0,6.56,11790.54,25.1,No,No,Winter,Cloudy,13329.49,1.0,0.0,,0.074,6,2021,12,21,1
851,ORD100851,P-ELE-006,Electronics,Wireless Earbuds,West,Ahmedabad,SUP-017,7.0,WH-WE-04,109.0,14.0,81.0,352.0,11.4,9176.33,7.4,Yes,No,Summer,Cloudy,9271.0,0.0,1.0,333.13,0.114,15,2022,6,19,6
852,ORD100852,P-BEA-002,Beauty,Talcum Powder,North,Chandigarh,SUP-010,8.0,WH-NO-05,421.0,27.0,175.0,781.0,26.09,355.75,9.9,Yes,No,Winter,Rainy,336.55,0.0,1.0,310.75,0.121,29,2023,1,2,0
853,ORD100853,P-SPO-014,Sports,Running Shoes,South,Bengaluru,SUP-016,10.0,WH-SO-04,293.0,23.0,142.0,661.0,19.01,2395.97,12.4,No,No,Summer,Rainy,2388.67,0.0,0.0,321.96,0.1,23,2021,5,16,6
854,ORD100854,P-GRO-007,Grocery,Tea Powder 500g,North,Jaipur,SUP-016,6.0,WH-NO-01,1077.0,54.0,435.0,1460.0,54.95,514.02,0.6,No,No,Autumn,Cloudy,491.58,0.0,0.0,164.54,,61,2022,8,13,5
855,ORD100855,P-CLO-011,Clothing,Men's Cotton T-Shirt,West,Surat,SUP-037,13.0,WH-WE-05,826.0,42.0,239.0,946.0,32.94,1467.87,13.6,No,Yes,Autumn,Sunny,1698.54,0.0,0.0,359.63,0.139,59,2023,11,5,6
856,ORD100856,P-BEA-001,Beauty,Talcum Powder,East,Bhubaneswar,SUP-003,8.0,WH-EA-01,344.0,22.0,206.0,838.0,27.91,715.7,15.7,No,No,Autumn,Cloudy,763.51,0.0,0.0,360.96,0.129,30,2022,9,9,4
857,ORD100857,P-SPO-001,Sports,Cricket Bat,East,Bhubaneswar,SUP-026,6.0,WH-EA-04,179.0,14.0,85.0,376.0,12.83,323.55,11.8,,No,Summer,Cloudy,346.86,0.0,0.0,323.39,0.112,22,2022,7,31,6
858,ORD100858,P-GRO-001,Grocery,Tea Powder 500g,East,Ranchi,SUP-031,13.0,WH-EA-03,576.0,41.0,327.0,1009.0,37.5,131.96,11.1,Yes,No,Summer,Sunny,154.71,0.0,0.0,364.2,0.048,70,2024,5,12,6
859,ORD100859,P-CLO-012,Clothing,Kids Winter Jacket,South,Coimbatore,SUP-031,7.0,WH-SO-01,350.0,22.0,126.0,613.0,19.44,2290.73,9.3,No,No,Winter,Rainy,2537.13,0.0,,366.94,0.011,17,2023,2,21,1
860,ORD100860,P-BEA-004,Beauty,Sunscreen Lotion,East,Patna,SUP-008,12.0,WH-EA-04,210.0,30.0,90.0,739.0,24.26,559.11,9.5,Yes,No,Winter,Sunny,553.68,0.0,3.0,576.08,0.122,31,2023,12,14,3
861,ORD100861,P-BEA-012,Beauty,Sunscreen Lotion,North,Delhi,SUP-017,13.0,WH-NO-02,412.0,33.0,165.0,897.0,25.82,855.64,15.3,No,No,Spring,Sunny,857.38,0.0,1.0,390.85,0.082,26,2021,3,17,2
862,ORD100862,P-BEA-015,Beauty,Lipstick Set,East,Ranchi,SUP-014,7.0,WH-EA-05,205.0,16.0,227.0,768.0,23.88,1061.7,2.2,No,No,Autumn,Cloudy,1262.13,0.0,0.0,217.55,0.059,33,2024,9,18,2
863,ORD100863,P-CLO-010,Clothing,Kids Winter Jacket,West,Surat,SUP-017,2.0,WH-WE-05,317.0,32.0,,,25.49,1235.67,0.9,No,No,Winter,Rainy,1162.59,0.0,0.0,231.22,0.034,28,2024,2,8,3
864,ORD100864,P-ELE-015,Electronics,LED TV 43in,West,Surat,SUP-004,9.0,WH-WE-03,177.0,13.0,96.0,418.0,12.73,887.95,7.0,,Yes,Summer,Sunny,875.76,0.0,1.0,455.27,0.036,17,2024,4,23,1
865,ORD100865,P-SPO-014,Sports,Badminton Racket,South,Chennai,SUP-004,15.0,WH-SO-04,318.0,23.0,151.0,652.0,24.43,2960.95,31.8,No,No,Autumn,Sunny,,0.0,0.0,,0.033,26,2023,10,9,0
866,ORD100866,P-SPO-011,Sports,Running Shoes,West,Mumbai,SUP-001,9.0,WH-WE-01,220.0,16.0,107.0,410.0,14.28,1258.42,,No,No,Spring,Cloudy,1075.37,0.0,1.0,363.31,0.123,16,2023,2,26,6
867,ORD100867,P-BEA-013,Beauty,Hair Oil 250ml,West,Ahmedabad,SUP-039,11.0,WH-WE-05,306.0,33.0,249.0,878.0,30.47,624.8,25.6,No,No,Spring,Stormy,580.83,0.0,1.0,449.68,0.015,18,2023,2,13,0
868,ORD100868,P-ELE-010,Electronics,Smartphone Charger,North,Jaipur,SUP-017,6.0,WH-NO-04,216.0,9.0,58.0,295.0,8.89,13333.75,12.2,Yes,No,Summer,Sunny,12416.25,0.0,0.0,288.82,0.048,11,2023,7,2,6
869,ORD100869,P-GRO-004,Grocery,Masala Mix 200g,North,Lucknow,SUP-010,8.0,WH-NO-02,773.0,22.0,384.0,1395.0,46.03,513.15,17.9,Yes,No,Winter,Sunny,487.49,,0.0,438.98,0.087,75,2022,12,27,1
870,ORD100870,P-BEA-002,Beauty,Face Wash 100ml,East,Bhubaneswar,SUP-032,8.0,WH-EA-01,124.0,19.0,150.0,551.0,18.44,1028.59,11.1,No,No,Winter,Rainy,1078.97,0.0,1.0,392.91,0.018,16,2023,12,2,5
871,ORD100871,P-ELE-006,Electronics,LED TV 43in,South,Kochi,SUP-020,,WH-SO-03,158.0,8.0,59.0,238.0,8.01,12599.12,14.0,Yes,No,Summer,Cloudy,12587.13,0.0,2.0,307.04,0.047,9,2022,5,8,6
872,ORD100872,P-SPO-008,Sports,Yoga Mat,North,Lucknow,SUP-015,12.0,WH-NO-05,143.0,14.0,89.0,426.0,12.88,1430.61,,Yes,No,Winter,Sunny,1546.32,1.0,2.0,436.63,0.095,24,2024,1,30,1
873,ORD100873,P-GRO-006,Grocery,Wheat Flour 5kg,North,Lucknow,SUP-005,2.0,WH-NO-05,270.0,27.0,185.0,736.0,27.32,348.05,3.5,No,No,Summer,,352.25,0.0,2.0,314.55,0.105,38,2022,5,16,0
874,ORD100874,P-FUR-002,Furniture,Wooden Bookshelf,North,Lucknow,SUP-016,4.0,WH-NO-01,128.0,10.0,37.0,180.0,5.98,6994.42,9.9,No,No,Autumn,Cloudy,7094.61,0.0,0.0,201.75,0.039,8,2022,11,27,6
875,ORD100875,P-SPO-008,Sports,Yoga Mat,South,Kochi,SUP-026,14.0,WH-SO-04,160.0,10.0,65.0,383.0,11.14,2319.77,6.1,No,No,Summer,Cloudy,2265.7,0.0,0.0,424.59,0.019,9,2021,4,11,6
876,ORD100876,P-GRO-008,Grocery,Toor Dal 1kg,East,Bhubaneswar,SUP-025,9.0,WH-EA-01,101.0,14.0,203.0,837.0,26.61,253.59,10.2,No,No,Autumn,Sunny,293.09,0.0,1.0,344.56,0.042,18,2024,8,8,3
877,ORD100877,P-GRO-015,Grocery,Instant Noodles Pack,North,,SUP-016,13.0,WH-NO-02,1200.0,379.0,513.0,2006.0,69.62,567.69,2.4,No,No,Autumn,Sunny,548.46,0.0,2.0,514.41,0.024,78,2023,10,1,6
878,ORD100878,P-FUR-015,Furniture,Dining Chair,West,Nagpur,SUP-025,7.0,WH-WE-03,50.0,8.0,66.0,273.0,8.88,12342.22,8.3,No,No,Winter,,13247.33,0.0,1.0,284.24,0.059,9,2021,12,31,4
879,ORD100879,P-CLO-010,Clothing,Denim Jeans,South,Hyderabad,SUP-031,9.0,WH-SO-01,601.0,35.0,268.0,852.0,33.31,1546.68,14.2,No,No,Spring,Cloudy,1400.4,0.0,2.0,399.15,0.06,37,2021,3,7,6
880,ORD100880,P-GRO-013,Grocery,Wheat Flour 5kg,South,Bengaluru,SUP-038,9.0,WH-SO-01,607.0,35.0,280.0,1119.0,40.09,386.8,17.0,Yes,No,Summer,Cloudy,379.27,,0.0,407.6,0.008,53,2024,5,29,2
881,ORD100881,P-FUR-005,Furniture,Sofa Cushion Set,North,Lucknow,SUP-022,13.0,WH-NO-05,58.0,7.0,47.0,164.0,5.65,13774.14,15.5,No,No,Winter,Sunny,15986.34,2.0,2.0,480.84,0.031,10,2021,1,3,6
882,ORD100882,P-SPO-015,Sports,Cricket Bat,West,Ahmedabad,SUP-010,5.0,WH-WE-04,405.0,18.0,94.0,,17.72,2414.95,14.7,No,No,Winter,Sunny,2547.3,2.0,0.0,288.82,0.184,18,2022,12,6,1
883,ORD100883,P-CLO-015,Clothing,Formal Shirt,Central,Indore,SUP-006,13.0,WH-CE-04,138.0,19.0,151.0,545.0,17.04,1758.64,16.2,No,No,Spring,Stormy,1561.71,0.0,1.0,,0.267,17,2021,2,15,0
884,ORD100884,P-ELE-002,Electronics,Smartphone Charger,East,,SUP-007,4.0,WH-EA-03,69.0,11.0,51.0,195.0,7.37,11123.53,8.7,No,No,Autumn,Cloudy,10205.3,0.0,0.0,241.37,0.063,4,2023,10,11,2
885,ORD100885,P-GRO-011,Grocery,Tea Powder 500g,North,Kanpur,SUP-001,18.0,WH-NO-03,,35.0,212.0,1136.0,33.92,71.26,15.7,No,No,Autumn,Sunny,80.39,0.0,2.0,517.96,0.119,34,2021,10,25,0
886,ORD100886,P-GRO-007,Grocery,Basmati Rice 5kg,South,Chennai,SUP-023,5.0,WH-SO-01,731.0,,343.0,1573.0,49.88,471.3,7.2,No,No,Autumn,Cloudy,474.63,0.0,0.0,266.83,0.192,51,2022,9,16,4
887,ORD100887,P-ELE-004,Electronics,Power Bank 10000mAh,North,Jaipur,SUP-009,13.0,WH-NO-03,77.0,5.0,52.0,169.0,6.03,13269.86,42.6,No,No,Summer,Sunny,12977.67,0.0,0.0,535.72,0.106,5,2023,4,14,4
888,ORD100888,P-ELE-007,Electronics,LED TV 43in,West,Nagpur,SUP-010,9.0,WH-WE-04,120.0,7.0,72.0,322.0,11.34,3415.75,9.9,No,No,Summer,Sunny,3202.87,0.0,0.0,377.13,0.275,12,2022,6,26,6
889,ORD100889,P-FUR-014,Furniture,Foldable Bed,North,,SUP-029,17.0,WH-NO-02,112.0,4.0,39.0,163.0,,14653.21,12.7,No,No,Autumn,Sunny,14281.13,0.0,4.0,632.64,0.077,6,2023,9,23,5
890,ORD100890,P-GRO-014,Grocery,Tea Powder 500g,Central,Gwalior,SUP-013,8.0,WH-CE-03,1033.0,0.0,249.0,1376.0,42.19,150.32,9.1,No,No,Winter,Rainy,167.32,0.0,1.0,335.37,0.096,52,2023,1,13,4
891,ORD100891,P-SPO-006,Sports,Badminton Racket,East,Kolkata,SUP-034,7.0,WH-EA-03,210.0,20.0,117.0,469.0,15.77,4345.1,15.3,No,No,Autumn,Cloudy,4101.77,0.0,0.0,272.93,0.071,20,2022,9,7,2
892,ORD100892,P-GRO-007,Grocery,Toor Dal 1kg,East,Guwahati,SUP-006,7.0,WH-EA-05,672.0,21.0,322.0,1276.0,38.75,557.8,6.3,No,No,Summer,Cloudy,530.94,0.0,0.0,312.56,0.064,45,2022,4,16,5
893,ORD100893,P-ELE-008,Electronics,LED TV 43in,West,Nagpur,SUP-014,7.0,WH-WE-01,140.0,9.0,56.0,229.0,7.67,,2.8,No,No,Autumn,Sunny,5032.73,1.0,2.0,420.05,0.031,12,2022,8,21,6
894,ORD100894,P-BEA-012,Beauty,Body Lotion 400ml,North,Kanpur,SUP-003,9.0,WH-NO-01,318.0,,112.0,539.0,,102.22,22.3,No,No,Summer,Rainy,93.72,0.0,0.0,341.74,0.132,16,2022,4,15,4
895,ORD100895,P-SPO-008,Sports,Gym Dumbbells 5kg,West,Mumbai,SUP-022,15.0,WH-WE-02,207.0,9.0,65.0,339.0,9.9,447.06,14.1,No,No,Summer,Sunny,,0.0,2.0,465.3,0.043,15,2023,4,23,6
896,ORD100896,P-GRO-006,Grocery,Sunflower Oil 1L,North,Lucknow,SUP-005,11.0,WH-NO-01,706.0,56.0,269.0,1156.0,37.79,,3.6,Yes,No,Winter,Sunny,141.62,0.0,1.0,414.0,0.037,55,2024,1,22,0
897,ORD100897,P-GRO-014,Grocery,Wheat Flour 5kg,West,Mumbai,SUP-010,9.0,WH-WE-05,726.0,27.0,224.0,791.0,29.54,318.21,8.6,No,No,Summer,Rainy,319.01,0.0,0.0,378.82,0.18,31,2023,5,22,0
898,ORD100898,P-ELE-006,Electronics,Bluetooth Speaker,East,Ranchi,SUP-030,8.0,WH-EA-02,194.0,6.0,65.0,242.0,8.25,3031.12,9.4,No,No,Winter,Rainy,2834.89,0.0,0.0,393.89,0.05,12,2021,2,16,1
899,ORD100899,P-CLO-004,Clothing,Track Pants,North,Lucknow,SUP-036,15.0,WH-NO-02,263.0,14.0,94.0,571.0,15.97,2302.7,2.2,No,No,Summer,Sunny,2389.87,0.0,1.0,531.21,0.051,19,2024,5,19,6
900,ORD100900,P-CLO-005,Clothing,Woolen Sweater,West,Ahmedabad,SUP-022,11.0,WH-WE-02,210.0,11.0,117.0,513.0,18.05,1681.3,3.7,Yes,No,,Sunny,1710.73,0.0,2.0,420.88,0.004,22,2024,2,23,4
901,ORD100901,P-GRO-005,Grocery,Toor Dal 1kg,North,Chandigarh,SUP-039,11.0,WH-NO-05,1189.0,,412.0,1182.0,48.37,337.42,1.8,,Yes,Summer,Cloudy,284.15,1.0,4.0,366.63,0.105,44,2024,4,11,3
902,ORD100902,P-ELE-009,Electronics,Bluetooth Speaker,North,Jaipur,SUP-031,13.0,WH-NO-04,109.0,,73.0,265.0,9.77,9981.99,6.9,No,No,Summer,Sunny,10605.26,0.0,0.0,322.83,0.179,12,2021,3,14,6
903,ORD100903,P-CLO-010,Clothing,Women's Kurti,West,Nagpur,SUP-031,10.0,WH-WE-03,168.0,16.0,128.0,522.0,17.86,1627.89,24.0,No,No,Summer,Cloudy,1553.71,0.0,1.0,315.95,0.062,16,2024,4,18,3
904,ORD100904,P-SPO-003,Sports,Gym Dumbbells 5kg,South,Chennai,SUP-040,6.0,WH-SO-04,51.0,16.0,102.0,411.0,13.09,1686.88,3.4,Yes,No,Autumn,Cloudy,1795.66,0.0,1.0,341.0,0.184,16,2022,11,14,0
905,ORD100905,P-FUR-014,Furniture,Office Chair,West,Surat,SUP-004,8.0,WH-WE-01,161.0,8.0,,220.0,6.61,16502.79,,No,No,Summer,Cloudy,19248.45,0.0,0.0,258.33,0.084,6,2024,5,18,5
906,ORD100906,P-CLO-004,Clothing,Track Pants,East,Patna,SUP-010,22.0,WH-EA-04,347.0,14.0,121.0,433.0,15.75,2125.43,1.1,No,No,Spring,Sunny,2114.02,0.0,3.0,607.21,0.064,13,2024,2,16,4
907,ORD100907,P-ELE-002,Electronics,Smartwatch,East,Kolkata,SUP-018,6.0,WH-EA-02,60.0,8.0,70.0,247.0,7.29,7025.17,18.5,Yes,,Summer,Rainy,6662.75,0.0,0.0,267.53,0.072,9,2024,7,9,1
908,ORD100908,P-GRO-011,Grocery,Sunflower Oil 1L,South,Bengaluru,SUP-025,6.0,WH-SO-02,566.0,45.0,340.0,1542.0,48.05,360.08,3.9,No,No,Summer,Rainy,399.8,0.0,0.0,479.57,0.048,55,2021,6,28,0
909,ORD100909,P-GRO-004,Grocery,Masala Mix 200g,North,Lucknow,SUP-040,5.0,WH-NO-01,226.0,24.0,215.0,974.0,29.42,343.31,9.7,No,No,Spring,Cloudy,320.26,1.0,2.0,448.61,0.044,31,2023,3,23,3
910,ORD100910,P-BEA-012,Beauty,Body Lotion 400ml,Central,Raipur,SUP-004,6.0,WH-CE-01,647.0,6.0,176.0,872.0,26.51,1103.45,24.0,Yes,No,Winter,Sunny,1270.51,0.0,0.0,267.38,0.064,34,2023,12,1,4
911,ORD100911,P-SPO-015,Sports,Yoga Mat,North,Jaipur,SUP-010,15.0,WH-NO-04,80.0,21.0,141.0,675.0,23.46,3271.9,11.7,No,No,Summer,Stormy,,1.0,1.0,575.36,0.049,13,2023,5,20,5
912,ORD100912,P-SPO-011,Sports,Cricket Bat,East,Ranchi,SUP-012,6.0,WH-EA-05,42.0,12.0,79.0,430.0,12.18,3223.31,13.5,No,No,Summer,Sunny,3061.65,0.0,1.0,337.64,0.059,13,2024,3,31,6
913,ORD100913,P-SPO-012,Sports,Yoga Mat,South,Hyderabad,SUP-027,19.0,WH-SO-05,238.0,8.0,103.0,440.0,13.0,1793.5,5.1,No,No,Autumn,Sunny,2132.96,0.0,3.0,560.82,0.01,20,2023,11,29,2
914,ORD100914,P-SPO-008,Sports,Badminton Racket,South,Hyderabad,SUP-039,9.0,WH-SO-02,90.0,17.0,100.0,400.0,13.23,1136.34,13.9,No,Yes,Winter,Sunny,1169.34,0.0,3.0,481.61,0.018,17,2021,2,22,0
915,ORD100915,P-SPO-006,Sports,Badminton Racket,East,Kolkata,SUP-038,13.0,WH-EA-04,41.0,10.0,64.0,359.0,10.5,1601.98,2.7,No,No,Autumn,Sunny,1809.85,,1.0,377.98,0.067,14,2021,10,18,0
916,ORD100916,P-ELE-010,Electronics,Power Bank 10000mAh,West,Nagpur,SUP-030,3.0,WH-WE-01,185.0,12.0,70.0,420.0,11.09,2257.55,17.2,No,No,Autumn,Sunny,2252.81,0.0,0.0,127.27,0.018,17,2023,7,16,6
917,ORD100917,P-ELE-006,Electronics,Home Router,West,Pune,SUP-031,4.0,WH-WE-04,123.0,10.0,60.0,309.0,9.39,8974.05,10.9,No,No,Summer,Rainy,8904.15,0.0,0.0,135.3,0.02,11,2022,6,11,5
918,ORD100918,P-GRO-014,Grocery,Sugar 1kg,West,Surat,SUP-017,16.0,WH-WE-03,605.0,53.0,392.0,1323.0,54.63,291.48,27.2,No,Yes,Autumn,Sunny,223.27,0.0,0.0,507.23,0.065,57,2022,6,6,0
919,ORD100919,P-CLO-008,Clothing,Track Pants,South,Coimbatore,SUP-025,5.0,WH-SO-05,65.0,17.0,137.0,509.0,20.24,2481.62,27.0,No,No,Summer,Sunny,2682.47,0.0,1.0,305.8,,22,2024,8,26,0
920,ORD100920,P-ELE-008,Electronics,Smartphone Charger,South,Kochi,SUP-007,5.0,WH-SO-01,37.0,6.0,,252.0,8.16,5613.6,6.1,No,No,Summer,Rainy,5786.61,0.0,,249.46,0.031,5,2021,5,11,1
921,ORD100921,P-BEA-011,Beauty,Herbal Shampoo 200ml,North,Kanpur,SUP-021,17.0,WH-NO-04,,11.0,134.0,622.0,22.78,967.34,3.5,No,No,Spring,Sunny,958.69,0.0,1.0,516.65,0.094,25,2023,2,3,4
922,ORD100922,P-FUR-003,Furniture,TV Unit,West,Surat,SUP-012,14.0,WH-WE-03,110.0,7.0,43.0,137.0,4.93,12301.7,25.8,No,No,Summer,Cloudy,12884.22,0.0,0.0,320.56,0.028,3,2022,4,1,4
923,ORD100923,P-CLO-009,Clothing,Kids Winter Jacket,South,Coimbatore,SUP-038,10.0,WH-SO-03,217.0,23.0,156.0,655.0,21.31,2272.6,12.3,Yes,No,Summer,Rainy,2279.56,0.0,1.0,324.39,0.11,34,2021,3,17,2
924,ORD100924,P-ELE-012,Electronics,Smartphone Charger,East,Kolkata,SUP-015,7.0,WH-EA-03,171.0,6.0,51.0,227.0,7.86,7765.21,10.5,No,No,Summer,Sunny,7179.16,0.0,1.0,371.45,0.053,8,2022,7,2,5
925,ORD100925,P-GRO-012,Grocery,Instant Noodles Pack,North,Delhi,SUP-016,17.0,WH-NO-04,1209.0,64.0,337.0,1784.0,54.73,442.06,15.4,No,No,Summer,Sunny,454.88,0.0,1.0,607.73,0.195,64,2022,8,16,1
926,ORD100926,P-ELE-004,Electronics,Smartphone Charger,West,Ahmedabad,SUP-017,10.0,WH-WE-03,176.0,5.0,55.0,275.0,8.35,4511.62,3.6,No,No,Autumn,Sunny,4442.79,0.0,3.0,389.34,0.091,7,2022,10,27,3
927,ORD100927,P-BEA-001,Beauty,Body Lotion 400ml,West,Surat,SUP-037,11.0,WH-WE-03,745.0,37.0,263.0,860.0,31.91,247.22,14.1,Yes,No,Summer,Cloudy,261.88,0.0,1.0,338.25,,57,2021,8,23,0
928,ORD100928,P-CLO-003,Clothing,Woolen Sweater,West,Surat,SUP-038,7.0,WH-WE-03,5327.0,32.0,242.0,869.0,28.14,530.98,15.6,No,No,Autumn,,519.07,1.0,0.0,293.31,0.093,40,2023,11,30,3
929,ORD100929,P-BEA-013,Beauty,Lipstick Set,North,Lucknow,SUP-018,9.0,WH-NO-01,216.0,19.0,151.0,681.0,23.87,842.83,23.1,Yes,No,Autumn,Rainy,811.23,0.0,3.0,492.85,0.115,26,2022,6,5,6
930,ORD100930,P-GRO-004,Grocery,Sugar 1kg,Central,Raipur,SUP-040,7.0,WH-CE-04,83.0,14.0,173.0,851.0,26.44,135.56,28.9,No,No,Summer,Cloudy,129.66,0.0,,323.78,0.09,18,2023,4,18,1
931,ORD100931,P-GRO-001,Grocery,Sugar 1kg,South,Kochi,SUP-031,10.0,WH-SO-04,800.0,57.0,353.0,1975.0,67.22,483.0,32.9,No,Yes,Spring,Cloudy,448.84,0.0,3.0,442.02,0.084,77,2023,3,8,2
932,ORD100932,P-GRO-009,Grocery,Masala Mix 200g,South,,SUP-034,20.0,WH-SO-03,532.0,30.0,155.0,959.0,29.2,70.6,14.6,No,No,Summer,Rainy,67.65,0.0,2.0,570.49,0.305,27,2023,4,5,2
933,ORD100933,P-BEA-014,Beauty,Sunscreen Lotion,South,Chennai,SUP-037,7.0,WH-SO-04,304.0,15.0,203.0,846.0,28.39,665.65,12.2,Yes,Yes,,Sunny,688.65,0.0,0.0,317.91,0.032,42,2023,1,9,0
934,ORD100934,P-BEA-004,Beauty,Moisturizer Cream,South,Kochi,SUP-014,7.0,WH-SO-02,281.0,15.0,130.0,675.0,19.44,1167.77,7.5,No,No,Summer,Rainy,1097.73,0.0,0.0,409.38,0.071,20,2022,3,17,3
935,ORD100935,P-GRO-001,Grocery,Sunflower Oil 1L,East,Kolkata,SUP-023,8.0,WH-EA-02,315.0,42.0,,943.0,30.6,513.15,23.3,Yes,No,Winter,Cloudy,464.9,0.0,2.0,452.91,0.126,45,2022,12,18,6
936,ORD100936,P-SPO-003,Sports,Yoga Mat,North,Lucknow,SUP-012,7.0,WH-NO-05,140.0,12.0,77.0,302.0,11.88,4493.97,8.3,No,No,Spring,Cloudy,,0.0,1.0,294.94,0.063,17,2023,2,14,1
937,ORD100937,P-ELE-002,Electronics,Wireless Earbuds,South,Hyderabad,SUP-013,7.0,WH-SO-05,195.0,26.0,108.0,,14.66,3088.31,6.3,Yes,No,Winter,Cloudy,3054.18,,0.0,213.64,0.046,25,2021,1,27,2
938,ORD100938,P-SPO-004,Sports,Running Shoes,East,,SUP-019,6.0,WH-EA-05,232.0,12.0,76.0,311.0,10.69,1535.45,,Yes,No,Autumn,Sunny,1629.79,0.0,0.0,328.47,0.142,26,2023,11,24,4
939,ORD100939,P-ELE-003,Electronics,LED TV 43in,West,Pune,SUP-003,10.0,WH-WE-01,361.0,16.0,139.0,410.0,17.12,7201.56,27.9,No,No,Autumn,Rainy,7074.65,0.0,0.0,273.62,0.115,21,2022,10,13,3
940,ORD100940,P-GRO-010,Grocery,Sugar 1kg,West,Surat,SUP-009,,WH-WE-03,1274.0,38.0,515.0,1536.0,52.93,462.41,11.0,Yes,No,Summer,Cloudy,441.26,0.0,1.0,354.65,0.103,81,2022,3,4,4
941,ORD100941,P-BEA-004,Beauty,Face Wash 100ml,East,Patna,SUP-033,14.0,WH-EA-04,146.0,11.0,103.0,553.0,17.46,434.78,10.0,No,No,Spring,Rainy,374.15,1.0,2.0,534.32,0.118,10,2021,2,12,4
942,ORD100942,P-ELE-009,Electronics,LED TV 43in,North,Lucknow,SUP-007,4.0,WH-NO-01,96.0,8.0,42.0,240.0,7.43,4011.31,31.3,Yes,No,Spring,Rainy,3648.71,1.0,5.0,521.99,0.179,6,2022,3,22,1
943,ORD100943,P-GRO-007,Grocery,Toor Dal 1kg,West,Ahmedabad,SUP-025,6.0,WH-WE-05,995.0,47.0,482.0,1775.0,55.48,487.47,8.9,No,Yes,Summer,Cloudy,453.44,0.0,0.0,224.0,0.019,81,2022,8,15,0
944,ORD100944,P-CLO-010,Clothing,Men's Cotton T-Shirt,North,Delhi,SUP-031,6.0,WH-NO-04,277.0,18.0,140.0,606.0,20.23,1772.01,10.0,Yes,No,Summer,Stormy,1811.84,0.0,2.0,418.38,0.055,22,2024,5,7,1
945,ORD100945,P-GRO-010,Grocery,Instant Noodles Pack,South,Coimbatore,SUP-011,6.0,WH-SO-02,365.0,32.0,237.0,873.0,30.22,213.31,17.1,,No,Summer,Sunny,211.45,0.0,0.0,355.44,0.107,31,2023,8,4,4
946,ORD100946,P-FUR-009,Furniture,Foldable Bed,North,Jaipur,SUP-019,10.0,WH-NO-03,41.0,4.0,28.0,131.0,4.81,8509.17,7.5,Yes,No,Autumn,Sunny,7811.07,0.0,2.0,414.98,0.102,5,2022,9,4,6
947,ORD100947,P-BEA-014,Beauty,Body Lotion 400ml,West,Nagpur,SUP-036,7.0,WH-WE-05,293.0,24.0,111.0,615.0,18.9,769.91,11.2,No,No,Autumn,Sunny,598.64,0.0,1.0,290.76,0.038,18,2021,7,3,5
948,ORD100948,P-SPO-003,Sports,Skipping Rope,South,Chennai,SUP-034,8.0,WH-SO-05,558.0,25.0,186.0,756.0,23.56,2611.24,6.8,Yes,No,Winter,Sunny,2707.88,0.0,0.0,318.9,0.034,38,2022,2,6,6
949,ORD100949,P-GRO-008,Grocery,Basmati Rice 5kg,East,Patna,SUP-037,5.0,WH-EA-05,702.0,29.0,204.0,1013.0,35.88,517.34,11.5,No,No,Autumn,Cloudy,553.65,0.0,0.0,280.49,0.101,41,2024,9,1,6
950,ORD100950,P-CLO-006,Clothing,Track Pants,South,Kochi,SUP-026,8.0,WH-SO-05,259.0,20.0,164.0,662.0,19.23,989.3,22.7,No,,,Sunny,1065.65,0.0,2.0,456.36,0.079,29,2021,7,6,1
951,ORD100951,P-GRO-008,Grocery,Basmati Rice 5kg,South,Bengaluru,SUP-036,10.0,WH-SO-04,569.0,11.0,282.0,1172.0,35.82,430.14,8.1,No,No,Autumn,Cloudy,396.94,0.0,2.0,433.77,0.105,35,2023,7,11,1
952,ORD100952,P-GRO-003,Grocery,Instant Noodles Pack,South,Hyderabad,SUP-016,10.0,WH-SO-05,312.0,53.0,302.0,1577.0,48.14,582.7,5.4,No,Yes,Winter,Rainy,630.57,0.0,1.0,408.21,0.005,68,2023,1,26,3
953,ORD100953,P-ELE-005,Electronics,Laptop Stand,North,Chandigarh,SUP-025,12.0,WH-NO-05,118.0,7.0,55.0,,,6551.19,5.5,No,No,Autumn,,6847.84,0.0,1.0,460.55,0.001,7,2021,11,14,6
954,ORD100954,P-SPO-015,Sports,Skipping Rope,South,Hyderabad,SUP-027,12.0,WH-SO-01,243.0,5.0,109.0,520.0,14.44,4728.88,8.0,No,No,Summer,Sunny,4941.19,0.0,1.0,409.49,0.081,13,2024,6,30,6
955,ORD100955,P-SPO-013,Sports,Badminton Racket,East,Bhubaneswar,SUP-040,6.0,WH-EA-04,148.0,6.0,98.0,398.0,14.42,856.57,3.2,Yes,No,Autumn,,814.81,0.0,0.0,296.7,0.029,12,2022,7,30,5
956,ORD100956,P-BEA-007,Beauty,Herbal Shampoo 200ml,East,Guwahati,SUP-015,7.0,WH-EA-02,790.0,29.0,229.0,761.0,32.23,675.14,15.5,No,No,Autumn,,667.97,0.0,1.0,291.73,0.161,38,2023,8,25,4
957,ORD100957,P-CLO-002,Clothing,Women's Kurti,North,Delhi,SUP-035,12.0,WH-NO-03,195.0,19.0,120.0,792.0,24.2,1182.55,10.6,No,No,Summer,Rainy,1355.82,,1.0,420.5,0.129,30,2021,5,22,5
958,ORD100958,P-CLO-010,Clothing,Men's Cotton T-Shirt,West,Nagpur,SUP-021,3.0,WH-WE-01,299.0,27.0,154.0,903.0,27.45,1702.03,10.1,No,No,Autumn,Sunny,1930.42,0.0,0.0,232.35,,35,2024,11,11,0
959,ORD100959,P-CLO-005,Clothing,Track Pants,South,Kochi,SUP-005,10.0,WH-SO-04,428.0,31.0,238.0,993.0,30.48,576.5,9.4,No,No,Winter,Cloudy,574.27,0.0,1.0,382.34,0.112,34,2021,2,2,1
960,ORD100960,P-CLO-005,Clothing,Kids Winter Jacket,North,Delhi,SUP-027,19.0,WH-NO-05,433.0,26.0,131.0,613.0,18.18,1808.53,0.6,,No,Spring,Sunny,1836.26,0.0,4.0,578.24,0.053,23,2022,3,30,2
961,ORD100961,P-CLO-002,Clothing,Women's Kurti,North,Kanpur,SUP-040,5.0,WH-NO-03,160.0,13.0,127.0,498.0,14.87,910.38,20.2,No,No,Autumn,Sunny,750.52,0.0,0.0,272.84,0.148,18,2024,8,31,5
962,ORD100962,P-ELE-005,Electronics,Wireless Earbuds,East,Patna,SUP-019,9.0,WH-EA-04,148.0,11.0,71.0,324.0,9.62,6228.31,6.2,Yes,No,Autumn,Sunny,6828.2,0.0,1.0,333.81,0.02,16,2023,7,21,4
963,ORD100963,P-ELE-004,Electronics,Wireless Earbuds,South,Bengaluru,SUP-022,3.0,WH-SO-02,77.0,7.0,47.0,253.0,8.1,14154.04,18.9,No,No,Autumn,,14998.33,0.0,1.0,278.99,,7,2023,9,14,3
964,ORD100964,P-SPO-001,Sports,Yoga Mat,West,Pune,SUP-038,14.0,WH-WE-04,76.0,16.0,84.0,442.0,14.17,4392.45,18.0,Yes,No,Summer,Sunny,,0.0,1.0,455.11,0.041,15,2022,4,5,1
965,ORD100965,P-CLO-009,Clothing,Cotton Saree,South,Coimbatore,SUP-037,6.0,WH-SO-01,208.0,15.0,109.0,539.0,17.68,2093.27,2.0,No,No,Winter,Sunny,1992.39,0.0,2.0,474.67,0.031,23,2024,2,14,2
966,ORD100966,P-SPO-015,Sports,Cycling Helmet,West,Nagpur,SUP-017,14.0,WH-WE-05,426.0,12.0,129.0,674.0,20.25,3793.87,10.8,No,No,Autumn,Cloudy,3814.03,0.0,5.0,574.74,0.064,19,2024,9,23,0
967,ORD100967,P-ELE-002,Electronics,Smartwatch,South,Coimbatore,SUP-031,9.0,WH-SO-02,127.0,9.0,82.0,320.0,11.43,3453.19,24.5,Yes,,Summer,Sunny,3858.11,0.0,1.0,329.25,0.098,13,2023,6,28,2
968,ORD100968,P-CLO-001,Clothing,Woolen Sweater,East,Ranchi,SUP-026,12.0,WH-EA-03,193.0,14.0,104.0,372.0,12.55,1086.32,4.1,No,No,Autumn,Sunny,1117.78,0.0,,,0.033,14,2021,11,16,1
969,ORD100969,P-GRO-002,Grocery,Toor Dal 1kg,West,Pune,SUP-026,3.0,WH-WE-05,860.0,29.0,348.0,1220.0,45.41,61.01,9.4,Yes,No,Autumn,Rainy,73.85,0.0,8.0,508.02,0.027,84,2024,8,17,5
970,ORD100970,P-GRO-009,Grocery,Wheat Flour 5kg,South,Kochi,SUP-029,10.0,WH-SO-01,845.0,59.0,478.0,1837.0,57.43,484.79,8.9,No,No,Winter,Rainy,516.26,0.0,3.0,342.37,0.137,90,2021,1,7,3
971,ORD100971,P-ELE-013,Electronics,Laptop Stand,North,Jaipur,SUP-014,6.0,WH-NO-05,90.0,9.0,63.0,299.0,8.54,4867.48,19.7,No,No,Summer,Rainy,4509.71,0.0,0.0,270.03,0.004,8,2024,8,1,3
972,ORD100972,P-ELE-005,Electronics,Smartphone Charger,East,Kolkata,SUP-013,14.0,WH-EA-04,218.0,9.0,54.0,228.0,8.25,12044.47,22.6,No,No,Winter,Cloudy,11648.64,0.0,2.0,482.73,0.025,8,2021,1,14,3
973,ORD100973,P-SPO-002,Sports,Cycling Helmet,Central,Bhopal,SUP-002,8.0,WH-CE-05,114.0,17.0,76.0,342.0,13.64,2581.48,3.3,No,No,Summer,Sunny,2434.89,0.0,0.0,328.38,0.089,15,2021,3,26,4
974,ORD100974,P-GRO-002,Grocery,Instant Noodles Pack,Central,Indore,SUP-035,11.0,WH-CE-03,190.0,45.0,213.0,831.0,27.84,392.82,0.8,No,No,Spring,Sunny,419.77,0.0,2.0,429.27,0.168,34,2021,3,3,2
975,ORD100975,P-FUR-010,Furniture,Study Table,North,Delhi,SUP-012,3.0,WH-NO-02,111.0,3.0,39.0,175.0,5.65,7935.95,10.6,Yes,No,Autumn,Cloudy,8668.31,2.0,0.0,199.56,0.078,8,2021,10,4,0
976,ORD100976,P-CLO-006,Clothing,Women's Kurti,West,Pune,SUP-027,2.0,WH-WE-03,83.0,24.0,217.0,819.0,27.71,362.41,11.0,Yes,No,Autumn,Rainy,412.17,0.0,0.0,248.57,0.084,19,2023,11,29,2
977,ORD100977,P-GRO-006,Grocery,Sugar 1kg,South,Kochi,SUP-028,12.0,WH-SO-03,442.0,32.0,210.0,870.0,32.92,593.97,6.3,No,,Autumn,,578.18,0.0,0.0,352.46,0.036,35,2022,8,2,1
978,ORD100978,P-CLO-004,Clothing,Cotton Saree,North,Lucknow,SUP-029,11.0,WH-NO-05,188.0,,146.0,557.0,16.73,1597.26,20.3,No,No,Summer,,1657.06,0.0,0.0,331.54,0.225,21,2021,4,26,0
979,ORD100979,P-ELE-014,Electronics,Smartphone Charger,West,Surat,SUP-035,5.0,WH-WE-03,48.0,8.0,55.0,195.0,,5001.25,4.0,Yes,No,Summer,Rainy,5513.55,0.0,1.0,,0.027,8,2022,5,14,5
980,ORD100980,P-SPO-006,Sports,Running Shoes,East,Ranchi,SUP-035,8.0,WH-EA-03,269.0,28.0,125.0,727.0,20.52,4760.04,9.0,No,No,Winter,Cloudy,5350.22,1.0,0.0,312.29,0.12,25,2024,12,28,5
981,ORD100981,P-BEA-011,Beauty,Lipstick Set,East,Patna,SUP-001,11.0,WH-EA-01,338.0,39.0,172.0,772.0,23.45,343.24,19.2,No,No,Winter,Sunny,309.45,,3.0,563.59,0.058,24,2023,2,7,1
982,ORD100982,P-BEA-012,Beauty,Hair Oil 250ml,West,Surat,SUP-034,13.0,WH-WE-02,463.0,36.0,202.0,1040.0,37.83,995.04,7.0,No,No,Winter,Rainy,1044.4,0.0,1.0,371.97,0.08,38,2023,12,2,5
983,ORD100983,P-CLO-001,Clothing,Formal Shirt,South,Hyderabad,SUP-009,9.0,WH-SO-03,395.0,11.0,104.0,532.0,16.9,,11.2,No,No,Winter,Cloudy,,0.0,,440.57,0.123,14,2022,1,25,1
984,ORD100984,P-ELE-004,Electronics,Bluetooth Speaker,West,Pune,SUP-026,10.0,WH-WE-02,355.0,13.0,88.0,458.0,14.42,7619.73,26.1,Yes,No,Winter,Rainy,7252.91,0.0,1.0,418.4,0.038,21,2023,1,31,1
985,ORD100985,P-SPO-014,Sports,Badminton Racket,South,Kochi,SUP-027,16.0,WH-SO-02,61.0,9.0,78.0,428.0,12.26,649.73,14.3,No,No,Spring,Sunny,581.81,0.0,0.0,376.6,0.132,7,2024,3,11,0
986,ORD100986,P-GRO-014,Grocery,Sunflower Oil 1L,North,Jaipur,SUP-003,4.0,WH-NO-01,1268.0,71.0,383.0,1613.0,57.03,293.67,1.3,No,No,Autumn,Sunny,279.08,0.0,0.0,245.8,0.046,58,2023,9,13,2
987,ORD100987,P-ELE-007,Electronics,Smartphone Charger,South,Hyderabad,SUP-012,6.0,WH-SO-05,141.0,12.0,59.0,253.0,9.62,11619.65,4.1,Yes,No,Winter,Sunny,10272.05,0.0,0.0,254.52,0.211,9,2021,1,11,0
988,ORD100988,P-GRO-003,Grocery,Sunflower Oil 1L,Central,Jabalpur,SUP-037,12.0,WH-CE-05,311.0,29.0,171.0,717.0,23.82,203.81,1.5,No,No,Summer,Sunny,184.54,0.0,1.0,453.47,0.091,19,2023,6,6,1
989,ORD100989,P-BEA-005,Beauty,Body Lotion 400ml,East,Ranchi,SUP-006,4.0,WH-EA-02,531.0,44.0,,802.0,27.28,917.32,11.7,,No,Summer,Sunny,850.94,0.0,1.0,264.41,0.104,25,2024,3,2,5
990,ORD100990,P-FUR-015,Furniture,Plastic Storage Rack,North,Jaipur,SUP-010,11.0,WH-NO-01,116.0,6.0,47.0,172.0,5.86,2135.3,11.3,No,No,Autumn,Sunny,2187.08,1.0,1.0,353.38,0.082,10,2021,7,17,5
991,ORD100991,P-BEA-011,Beauty,Lipstick Set,West,Nagpur,SUP-004,11.0,WH-WE-05,431.0,,122.0,644.0,20.76,698.55,6.0,No,No,Autumn,Sunny,700.44,0.0,0.0,393.61,0.03,24,2022,7,29,4
992,ORD100992,P-BEA-002,Beauty,Body Lotion 400ml,Central,Indore,SUP-007,3.0,WH-CE-05,74.0,13.0,89.0,281.0,13.01,1138.45,28.1,No,No,Summer,Cloudy,988.72,0.0,2.0,313.27,0.042,9,2023,8,1,1
993,ORD100993,P-GRO-011,Grocery,Masala Mix 200g,Central,Indore,SUP-026,4.0,WH-CE-05,160.0,27.0,249.0,1010.0,37.95,533.86,8.5,No,No,Winter,Sunny,650.94,0.0,1.0,168.31,0.047,44,2021,1,8,4
994,ORD100994,P-SPO-003,Sports,Football,East,Patna,SUP-034,10.0,WH-EA-03,216.0,9.0,95.0,358.0,11.8,4316.58,21.7,No,No,Autumn,Sunny,4147.88,0.0,1.0,458.63,0.035,14,2023,11,5,6
995,ORD100995,P-CLO-005,Clothing,Denim Jeans,South,Coimbatore,SUP-024,5.0,WH-SO-04,,22.0,146.0,651.0,21.89,1637.58,7.1,No,No,Summer,,1463.44,0.0,1.0,304.55,0.075,23,2024,5,22,2
996,ORD100996,P-FUR-008,Furniture,Plastic Storage Rack,East,Ranchi,SUP-012,10.0,WH-EA-04,108.0,5.0,41.0,172.0,4.77,9202.65,23.0,No,No,Spring,Sunny,9631.53,0.0,2.0,420.15,0.283,3,2023,2,8,2
997,ORD100997,P-ELE-006,Electronics,Power Bank 10000mAh,West,Surat,SUP-035,18.0,WH-WE-02,211.0,7.0,72.0,293.0,9.77,862.3,15.0,No,No,Autumn,Sunny,861.98,0.0,4.0,688.86,0.125,10,2022,10,15,5
998,ORD100998,P-SPO-011,Sports,Running Shoes,West,Ahmedabad,SUP-015,9.0,WH-WE-03,220.0,10.0,96.0,413.0,15.93,1229.11,6.0,No,No,Summer,Stormy,1149.2,0.0,1.0,407.8,0.324,10,2021,5,15,5
999,ORD100999,P-GRO-003,Grocery,Tea Powder 500g,West,Surat,SUP-013,7.0,WH-WE-02,572.0,64.0,359.0,1480.0,53.02,229.13,29.5,No,No,Autumn,,236.29,0.0,0.0,437.39,0.026,80,2023,11,25,5
1000,ORD101000,P-ELE-014,Electronics,Smartphone Charger,South,Bengaluru,SUP-021,9.0,WH-SO-04,123.0,7.0,65.0,308.0,9.33,14383.14,8.4,Yes,No,Autumn,Rainy,13609.43,0.0,0.0,295.17,0.08,10,2024,10,10,3
1001,ORD101001,P-CLO-009,Clothing,Formal Shirt,North,Lucknow,SUP-006,7.0,WH-NO-05,192.0,25.0,184.0,692.0,23.67,2002.26,18.0,No,No,Autumn,Sunny,1954.9,0.0,0.0,352.39,,24,2024,7,7,6
1002,ORD101002,P-ELE-005,Electronics,Wireless Earbuds,East,Guwahati,SUP-015,7.0,WH-EA-01,58.0,12.0,63.0,208.0,8.72,7372.23,16.1,No,No,Summer,Cloudy,8236.62,0.0,0.0,265.81,0.081,9,2023,3,15,2
1003,ORD101003,P-ELE-015,Electronics,Laptop Stand,North,Delhi,SUP-032,9.0,WH-NO-01,257.0,16.0,85.0,404.0,12.62,11584.19,12.3,Yes,No,Winter,,11698.68,0.0,1.0,399.04,0.015,17,2021,2,20,5
1004,ORD101004,P-FUR-008,Furniture,TV Unit,North,Kanpur,SUP-025,28.0,WH-NO-02,32.0,4.0,21.0,116.0,3.46,17572.44,3.9,No,No,Winter,Sunny,18435.77,0.0,1.0,725.03,0.059,6,2022,2,22,1
1005,ORD101005,P-GRO-007,Grocery,Instant Noodles Pack,East,Kolkata,SUP-040,14.0,WH-EA-01,238.0,43.0,244.0,965.0,32.53,436.53,22.0,No,No,Winter,Rainy,418.3,0.0,2.0,460.12,0.017,47,2022,1,19,2
1006,ORD101006,P-SPO-001,Sports,Yoga Mat,East,Guwahati,SUP-032,10.0,WH-EA-01,83.0,15.0,94.0,404.0,14.25,1964.74,10.1,No,No,Winter,Rainy,1988.82,0.0,0.0,495.78,0.034,17,2021,1,11,0
1007,ORD101007,P-GRO-015,Grocery,Toor Dal 1kg,West,Surat,SUP-015,10.0,WH-WE-05,650.0,48.0,446.0,2323.0,71.37,232.52,9.7,No,No,Summer,Cloudy,218.18,0.0,2.0,466.52,0.165,47,2021,6,23,2
1008,ORD101008,P-BEA-013,Beauty,Talcum Powder,West,Nagpur,SUP-031,6.0,WH-WE-03,128.0,62.0,211.0,857.0,35.69,1119.33,10.5,No,No,Summer,Sunny,1046.34,0.0,0.0,,0.17,34,2023,4,20,3
1009,ORD101009,P-CLO-003,Clothing,Formal Shirt,West,Surat,SUP-035,3.0,WH-WE-04,155.0,33.0,237.0,948.0,29.36,2059.29,15.9,No,No,Summer,Cloudy,1991.35,0.0,1.0,,0.139,28,2021,5,24,0
1010,ORD101010,P-FUR-015,Furniture,Dining Chair,West,Ahmedabad,SUP-026,9.0,WH-WE-03,182.0,15.0,70.0,387.0,12.85,13111.76,0.7,No,No,Winter,,12383.26,,0.0,339.28,0.025,11,2021,2,26,4
1011,ORD101011,P-CLO-012,Clothing,Kids Winter Jacket,West,Surat,SUP-031,6.0,WH-WE-04,487.0,23.0,167.0,728.0,22.29,345.08,8.3,Yes,No,Autumn,Cloudy,373.74,0.0,0.0,380.27,0.093,38,2024,10,13,6
1012,ORD101012,P-CLO-007,Clothing,Formal Shirt,North,Lucknow,SUP-021,11.0,WH-NO-04,839.0,17.0,245.0,,34.89,254.16,13.0,No,No,Autumn,Cloudy,265.94,,1.0,427.57,0.078,34,2023,6,3,5
1013,ORD101013,P-SPO-014,Sports,Gym Dumbbells 5kg,East,Bhubaneswar,SUP-037,11.0,WH-EA-01,125.0,9.0,82.0,382.0,12.81,875.06,17.1,Yes,No,Spring,Cloudy,714.59,0.0,2.0,485.83,0.053,16,2024,3,22,4
1014,ORD101014,P-GRO-009,Grocery,Sunflower Oil 1L,North,Kanpur,SUP-010,3.0,WH-NO-01,390.0,49.0,207.0,1089.0,33.08,570.15,13.3,No,No,Winter,Sunny,648.79,0.0,0.0,236.71,0.028,55,2021,12,30,3
1015,ORD101015,P-ELE-011,Electronics,Bluetooth Speaker,North,Delhi,SUP-017,6.0,WH-NO-03,50.0,3.0,42.0,191.0,6.03,13875.46,1.5,No,,Autumn,,14587.14,0.0,1.0,,0.28,5,2022,6,17,4
1016,ORD101016,P-FUR-003,Furniture,Wooden Bookshelf,North,Lucknow,SUP-011,14.0,WH-NO-02,67.0,5.0,34.0,117.0,5.21,12471.7,8.0,Yes,No,Summer,Sunny,13613.71,0.0,,448.0,0.029,7,2023,6,11,6
1017,ORD101017,P-BEA-002,Beauty,Body Lotion 400ml,West,Mumbai,SUP-005,7.0,WH-WE-05,713.0,44.0,262.0,1336.0,41.04,999.79,20.4,Yes,Yes,Autumn,Cloudy,986.12,0.0,0.0,280.59,0.038,48,2023,10,2,0
1018,ORD101018,P-ELE-008,Electronics,Smartwatch,West,Ahmedabad,SUP-025,4.0,WH-WE-02,191.0,8.0,73.0,300.0,9.04,13250.62,7.4,No,No,Summer,Cloudy,11666.85,0.0,0.0,,0.073,8,2022,6,22,2
1019,ORD101019,P-CLO-005,Clothing,Formal Shirt,Central,Gwalior,SUP-005,10.0,WH-CE-02,152.0,28.0,119.0,542.0,17.33,754.7,2.3,Yes,No,Autumn,Sunny,674.76,0.0,1.0,384.7,0.103,25,2024,9,5,3
1020,ORD101020,P-SPO-015,Sports,Skipping Rope,Central,Bhopal,SUP-010,16.0,WH-CE-03,392.0,10.0,127.0,547.0,18.12,2627.86,1.5,No,No,Autumn,Sunny,2986.77,0.0,8.0,,0.074,24,2023,10,25,2
1021,ORD101021,P-BEA-002,Beauty,Lipstick Set,West,Ahmedabad,SUP-031,22.0,WH-WE-01,480.0,22.0,173.0,929.0,28.15,267.62,9.2,No,No,,Cloudy,232.78,0.0,4.0,684.71,0.272,23,2021,11,19,4
1022,ORD101022,P-SPO-012,Sports,Cycling Helmet,North,Chandigarh,SUP-010,11.0,WH-NO-05,490.0,24.0,174.0,657.0,21.62,1094.72,5.7,No,No,Summer,Cloudy,968.12,0.0,0.0,426.05,0.023,21,2021,5,24,0
1023,ORD101023,P-CLO-010,Clothing,Kids Winter Jacket,West,Surat,SUP-035,7.0,WH-WE-01,233.0,32.0,239.0,712.0,28.88,755.6,16.5,No,No,Winter,Sunny,729.44,0.0,1.0,473.67,0.103,33,2021,1,21,3
1024,ORD101024,P-FUR-014,Furniture,TV Unit,West,Pune,SUP-002,5.0,WH-WE-05,77.0,8.0,57.0,219.0,7.88,5640.55,2.8,Yes,No,Summer,Sunny,5015.68,0.0,0.0,251.03,0.069,9,2024,5,18,5
1025,ORD101025,P-GRO-015,Grocery,Masala Mix 200g,West,Mumbai,SUP-019,5.0,WH-WE-04,144.0,43.0,340.0,1384.0,39.95,339.36,32.2,No,No,Summer,Sunny,353.83,0.0,0.0,378.24,0.151,34,2024,4,19,4
1026,ORD101026,P-SPO-014,Sports,Yoga Mat,North,Delhi,SUP-003,10.0,WH-NO-05,238.0,14.0,114.0,521.0,17.78,1498.99,6.4,No,Yes,Winter,,1572.24,2.0,0.0,389.74,0.083,28,2022,12,1,3
1027,ORD101027,P-GRO-006,Grocery,Wheat Flour 5kg,North,Chandigarh,SUP-003,6.0,WH-NO-02,577.0,46.0,404.0,1558.0,50.75,225.89,31.1,Yes,Yes,Autumn,Cloudy,233.37,0.0,0.0,258.4,0.051,91,2023,11,22,2
1028,ORD101028,P-BEA-011,Beauty,Body Lotion 400ml,Central,Raipur,SUP-032,3.0,WH-CE-05,459.0,13.0,127.0,480.0,19.21,1083.57,16.1,No,No,Summer,Sunny,1030.33,0.0,3.0,451.47,0.074,19,2024,7,14,6
1029,ORD101029,P-GRO-003,Grocery,Sunflower Oil 1L,North,Kanpur,SUP-003,18.0,WH-NO-05,923.0,51.0,295.0,1436.0,45.41,502.33,8.3,Yes,No,Summer,Sunny,513.93,0.0,1.0,548.65,0.094,67,2021,8,23,0
1030,ORD101030,P-CLO-008,Clothing,Track Pants,South,Hyderabad,SUP-036,4.0,WH-SO-03,,15.0,266.0,1000.0,31.44,1516.63,12.6,No,No,Winter,Sunny,1733.03,0.0,1.0,345.38,0.144,44,2024,12,3,1
1031,ORD101031,P-FUR-005,Furniture,Office Chair,South,Bengaluru,SUP-024,8.0,WH-SO-02,234.0,7.0,78.0,432.0,11.71,12527.44,7.0,No,No,Winter,Sunny,11090.3,,0.0,181.79,0.079,13,2022,12,17,5
1032,ORD101032,P-CLO-004,Clothing,Track Pants,North,Jaipur,SUP-020,,WH-NO-01,179.0,22.0,105.0,566.0,17.46,765.47,9.6,No,No,Autumn,Sunny,833.85,0.0,1.0,354.8,,18,2022,10,3,0
1033,ORD101033,P-SPO-009,Sports,Running Shoes,North,,SUP-037,11.0,WH-NO-01,214.0,11.0,71.0,456.0,13.86,580.24,17.6,Yes,No,Autumn,Stormy,617.75,,1.0,401.85,0.325,15,2021,8,23,0
1034,ORD101034,P-GRO-002,Grocery,Tea Powder 500g,Central,Indore,SUP-016,6.0,WH-CE-03,758.0,72.0,294.0,1030.0,41.96,84.36,10.0,Yes,No,Autumn,Cloudy,83.65,,0.0,315.11,0.224,60,2023,9,10,6
1035,ORD101035,P-FUR-009,Furniture,Plastic Storage Rack,West,Surat,SUP-016,5.0,WH-WE-05,116.0,5.0,36.0,174.0,6.13,4837.61,12.6,Yes,No,Summer,,4902.0,0.0,0.0,312.61,0.21,11,2023,5,31,2
1036,ORD101036,P-GRO-007,Grocery,Sugar 1kg,Central,Indore,SUP-017,5.0,WH-CE-03,385.0,19.0,195.0,782.0,21.52,101.57,19.9,No,No,Spring,Sunny,104.47,0.0,0.0,300.84,0.077,35,2021,2,13,5
1037,ORD101037,P-GRO-004,Grocery,Toor Dal 1kg,South,Hyderabad,SUP-027,12.0,WH-SO-05,308.0,69.0,435.0,1613.0,49.31,510.19,14.3,No,No,Summer,Rainy,470.33,0.0,4.0,569.17,0.185,40,2023,8,5,5
1038,ORD101038,P-CLO-009,Clothing,Formal Shirt,North,Chandigarh,SUP-034,9.0,WH-NO-04,187.0,21.0,62.0,510.0,16.23,1070.91,2.7,No,No,Summer,Cloudy,931.07,0.0,0.0,383.14,0.017,13,2021,7,26,0
1039,ORD101039,P-ELE-012,Electronics,Smartphone Charger,South,Kochi,SUP-022,14.0,WH-SO-04,37.0,,81.0,328.0,9.24,3929.38,29.9,Yes,No,Spring,Sunny,,0.0,0.0,394.46,0.198,10,2022,2,9,2
1040,ORD101040,P-ELE-010,Electronics,Smartphone Charger,South,Chennai,SUP-012,4.0,WH-SO-04,138.0,14.0,88.0,391.0,14.21,8683.66,14.2,No,No,Summer,Cloudy,7818.83,0.0,1.0,,0.23,13,2023,6,13,1
1041,ORD101041,P-FUR-002,Furniture,TV Unit,North,Kanpur,SUP-036,,WH-NO-05,148.0,9.0,60.0,224.0,7.2,7808.93,2.4,No,No,Winter,Sunny,7126.02,0.0,2.0,,0.048,8,2024,2,15,3
1042,ORD101042,P-FUR-009,Furniture,Sofa Cushion Set,West,Surat,SUP-024,15.0,WH-WE-05,84.0,8.0,60.0,233.0,7.4,12313.05,3.1,No,No,Autumn,Rainy,11805.19,0.0,1.0,421.03,0.212,7,2021,7,16,4
1043,ORD101043,P-FUR-010,Furniture,Plastic Storage Rack,Central,Gwalior,SUP-034,,WH-CE-01,27.0,6.0,57.0,201.0,6.79,2339.58,2.6,No,No,Autumn,Sunny,2392.83,0.0,1.0,381.35,0.022,6,2022,11,23,2
1044,ORD101044,P-ELE-011,Electronics,Power Bank 10000mAh,East,Kolkata,SUP-018,15.0,WH-EA-03,201.0,8.0,71.0,207.0,8.03,6631.3,22.5,Yes,No,Winter,Rainy,6366.39,0.0,0.0,363.01,0.17,12,2022,2,21,0
1045,ORD101045,P-GRO-007,Grocery,Tea Powder 500g,South,Bengaluru,SUP-008,4.0,WH-SO-03,334.0,73.0,267.0,,46.13,227.88,0.3,,No,Autumn,Stormy,214.68,0.0,1.0,348.41,0.003,46,2023,10,29,6
1046,ORD101046,P-ELE-002,Electronics,Smartwatch,South,Coimbatore,SUP-038,15.0,WH-SO-05,86.0,8.0,52.0,268.0,8.84,8359.55,16.1,No,No,Summer,Cloudy,8996.72,0.0,1.0,404.23,0.166,9,2024,4,24,2
1047,ORD101047,P-BEA-002,Beauty,Face Wash 100ml,North,Chandigarh,SUP-028,7.0,WH-NO-02,133.0,28.0,243.0,970.0,30.93,436.39,19.3,No,No,Autumn,Rainy,424.76,0.0,1.0,335.4,0.092,28,2023,7,24,0
1048,ORD101048,P-SPO-005,Sports,Gym Dumbbells 5kg,South,Chennai,SUP-013,10.0,WH-SO-05,226.0,10.0,71.0,278.0,9.94,1733.96,5.7,No,No,Summer,Sunny,1623.19,0.0,1.0,372.44,0.062,12,2024,3,7,3
1049,ORD101049,P-GRO-010,Grocery,Basmati Rice 5kg,East,Ranchi,SUP-034,9.0,WH-EA-03,284.0,28.0,214.0,773.0,27.76,147.11,27.0,,No,Autumn,,151.75,0.0,0.0,384.71,0.088,29,2022,10,21,4
1050,ORD101050,P-FUR-012,Furniture,Sofa Cushion Set,South,Chennai,SUP-001,3.0,WH-SO-05,63.0,5.0,39.0,169.0,5.82,7261.15,9.4,No,No,Summer,Sunny,7295.18,0.0,1.0,239.06,0.038,7,2023,5,24,2
1051,ORD101051,P-ELE-011,Electronics,Wireless Earbuds,East,Bhubaneswar,SUP-038,3.0,WH-EA-04,183.0,13.0,70.0,258.0,8.79,11870.76,10.2,Yes,No,Summer,Sunny,11898.03,0.0,1.0,311.03,0.031,13,2022,3,4,4
1052,ORD101052,P-GRO-005,Grocery,Tea Powder 500g,West,Surat,SUP-024,2.0,WH-WE-02,1145.0,66.0,420.0,2486.0,74.5,372.93,21.4,No,,Winter,Cloudy,386.16,0.0,2.0,229.38,0.004,100,2024,12,15,6
1053,ORD101053,P-ELE-007,Electronics,LED TV 43in,North,Kanpur,SUP-024,4.0,WH-NO-05,176.0,9.0,67.0,230.0,7.39,5833.6,4.5,,No,Autumn,Cloudy,5769.45,0.0,12.0,803.85,0.031,10,2021,10,26,1
1054,ORD101054,P-GRO-001,Grocery,Sunflower Oil 1L,North,Kanpur,SUP-001,7.0,WH-NO-01,787.0,,382.0,,39.78,190.02,19.4,Yes,No,Autumn,,202.86,0.0,,1267.43,0.128,77,2024,9,7,5
1055,ORD101055,P-FUR-012,Furniture,Plastic Storage Rack,North,Jaipur,SUP-008,14.0,WH-NO-01,55.0,6.0,33.0,164.0,,3137.69,4.1,No,No,Winter,Sunny,2779.14,,2.0,466.54,0.142,4,2023,12,26,1
1056,ORD101056,P-SPO-006,Sports,Football,North,Delhi,SUP-029,7.0,WH-NO-03,91.0,12.0,94.0,357.0,10.87,1070.12,23.0,No,No,Winter,Sunny,1176.39,0.0,1.0,357.78,0.015,15,2024,12,12,3
1057,ORD101057,P-GRO-008,Grocery,Sunflower Oil 1L,East,Kolkata,SUP-023,5.0,WH-EA-02,384.0,17.0,142.0,909.0,27.43,592.95,22.3,No,No,Summer,Sunny,549.63,0.0,1.0,332.44,0.14,27,2023,7,27,3
1058,ORD101058,P-CLO-007,Clothing,Woolen Sweater,West,Surat,SUP-006,15.0,WH-WE-01,205.0,11.0,106.0,403.0,13.87,1270.74,3.5,No,No,Summer,Cloudy,1104.36,0.0,1.0,435.86,0.105,16,2022,5,30,0
1059,ORD101059,P-FUR-005,Furniture,Wooden Bookshelf,West,Ahmedabad,SUP-027,19.0,WH-WE-05,98.0,8.0,46.0,213.0,7.59,4533.1,4.9,No,No,,,4247.22,0.0,1.0,621.45,0.236,8,2022,2,15,1
1060,ORD101060,P-SPO-003,Sports,Badminton Racket,East,Kolkata,SUP-030,9.0,WH-EA-01,152.0,9.0,73.0,293.0,9.71,3521.13,10.4,Yes,No,Autumn,Sunny,3422.67,0.0,2.0,479.12,0.047,14,2021,9,20,0
1061,ORD101061,P-FUR-015,Furniture,Study Table,South,Coimbatore,SUP-011,,WH-SO-03,,13.0,58.0,310.0,10.28,8014.71,23.3,No,Yes,Autumn,Stormy,7543.45,0.0,1.0,322.83,0.014,11,2024,11,13,2
1062,ORD101062,P-GRO-002,Grocery,Wheat Flour 5kg,North,Kanpur,SUP-028,2.0,WH-NO-02,681.0,48.0,417.0,1731.0,56.11,501.33,25.6,Yes,Yes,Autumn,Stormy,462.62,0.0,1.0,275.05,0.163,66,2021,6,5,5
1063,ORD101063,P-FUR-015,Furniture,Wooden Bookshelf,South,Bengaluru,SUP-039,8.0,WH-SO-02,62.0,5.0,36.0,174.0,5.24,14317.18,1.3,No,No,Spring,Cloudy,15474.67,0.0,2.0,385.24,0.028,5,2024,3,29,4
1064,ORD101064,P-GRO-002,Grocery,Sugar 1kg,South,Kochi,SUP-020,5.0,WH-SO-02,720.0,29.0,236.0,1157.0,35.11,539.05,14.6,No,No,Autumn,Sunny,501.5,0.0,0.0,111.91,0.071,31,2023,10,18,2
1065,ORD101065,P-SPO-002,Sports,Cricket Bat,West,Pune,SUP-010,6.0,WH-WE-02,355.0,21.0,118.0,520.0,15.95,3299.43,17.9,Yes,No,Summer,Cloudy,2703.48,0.0,2.0,379.41,0.065,18,2021,7,5,0
1066,ORD101066,P-GRO-014,Grocery,Masala Mix 200g,East,Patna,SUP-039,6.0,WH-EA-04,293.0,29.0,162.0,837.0,31.04,508.47,4.8,No,No,Summer,Cloudy,494.21,0.0,0.0,243.72,0.055,24,2024,8,30,4
1067,ORD101067,P-FUR-015,Furniture,Office Chair,North,Jaipur,SUP-037,10.0,WH-NO-02,148.0,5.0,51.0,209.0,6.61,6447.37,16.4,No,No,Autumn,Sunny,7502.36,,1.0,382.12,0.095,10,2021,8,26,3
1068,ORD101068,P-ELE-014,Electronics,Laptop Stand,South,Chennai,SUP-019,10.0,WH-SO-04,271.0,9.0,82.0,382.0,12.33,7576.38,18.6,No,No,Summer,Stormy,6931.46,0.0,0.0,372.5,0.059,13,2021,8,23,0
1069,ORD101069,P-GRO-012,Grocery,Basmati Rice 5kg,North,Delhi,SUP-018,10.0,WH-NO-03,283.0,21.0,163.0,795.0,30.4,537.22,4.9,Yes,No,Spring,Sunny,498.56,0.0,2.0,474.54,0.068,32,2023,3,6,0
1070,ORD101070,P-SPO-008,Sports,Skipping Rope,Central,Jabalpur,SUP-034,8.0,WH-CE-04,85.0,12.0,74.0,278.0,9.61,3427.67,24.5,No,No,Summer,Sunny,3316.98,0.0,0.0,339.23,0.109,6,2021,5,31,0
1071,ORD101071,P-FUR-002,Furniture,Sofa Cushion Set,North,Lucknow,SUP-001,15.0,WH-NO-03,135.0,7.0,48.0,239.0,7.59,1871.49,1.9,No,No,Summer,Cloudy,2102.69,0.0,2.0,372.01,0.074,11,2021,5,30,6
1072,ORD101072,P-CLO-009,Clothing,Track Pants,North,Delhi,SUP-013,3.0,WH-NO-02,532.0,53.0,195.0,724.0,28.1,1601.86,13.0,No,No,Summer,Rainy,1555.79,0.0,0.0,244.4,0.24,34,2023,7,2,6
1073,ORD101073,P-SPO-008,Sports,Cycling Helmet,North,Jaipur,SUP-022,15.0,WH-NO-03,212.0,9.0,80.0,307.0,10.89,3477.26,12.5,No,No,Autumn,Rainy,3192.59,0.0,1.0,359.17,0.137,11,2024,11,9,5
1074,ORD101074,P-BEA-012,Beauty,Body Lotion 400ml,West,Pune,SUP-027,8.0,WH-WE-04,72.0,11.0,142.0,621.0,20.51,727.09,9.9,Yes,No,Spring,Sunny,748.21,0.0,0.0,256.29,0.109,18,2021,3,19,4
1075,ORD101075,P-GRO-001,Grocery,Tea Powder 500g,East,Guwahati,SUP-026,6.0,WH-EA-03,481.0,25.0,186.0,769.0,26.75,235.89,12.5,No,No,Summer,Cloudy,241.34,0.0,3.0,524.97,0.053,23,2023,7,22,5
1076,ORD101076,P-CLO-002,Clothing,Track Pants,East,Kolkata,SUP-015,7.0,WH-EA-05,425.0,30.0,138.0,600.0,18.05,2492.67,2.3,No,No,Summer,Rainy,2589.71,0.0,1.0,353.15,0.07,22,2023,5,30,1
1077,ORD101077,P-CLO-009,Clothing,Men's Cotton T-Shirt,South,Hyderabad,SUP-035,2.0,WH-SO-03,154.0,16.0,,473.0,14.68,1799.14,20.5,Yes,No,Summer,Cloudy,1646.24,0.0,0.0,124.37,0.033,15,2021,4,7,2
1078,ORD101078,P-FUR-013,Furniture,Sofa Cushion Set,North,Chandigarh,SUP-026,12.0,WH-NO-02,32.0,5.0,45.0,145.0,5.56,8882.43,9.5,No,No,Summer,Sunny,8481.31,0.0,2.0,449.66,0.077,5,2021,8,7,5
1079,ORD101079,P-GRO-014,Grocery,Masala Mix 200g,West,Nagpur,SUP-022,22.0,WH-WE-01,717.0,37.0,360.0,1202.0,43.83,420.38,8.8,No,No,Autumn,Cloudy,458.24,0.0,2.0,741.13,0.06,62,2022,10,10,0
1080,ORD101080,P-GRO-009,Grocery,Toor Dal 1kg,North,Chandigarh,SUP-038,9.0,WH-NO-02,239.0,,221.0,1159.0,34.67,548.84,11.3,No,No,Autumn,Rainy,566.8,0.0,1.0,343.39,0.091,29,2023,10,10,1
1081,ORD101081,P-SPO-006,Sports,Cycling Helmet,North,Kanpur,SUP-004,6.0,WH-NO-01,102.0,19.0,91.0,450.0,14.18,784.86,3.0,No,No,Autumn,,835.64,0.0,1.0,209.57,0.107,11,2021,11,21,6
1082,ORD101082,P-SPO-008,Sports,Gym Dumbbells 5kg,East,Patna,SUP-029,3.0,WH-EA-01,,9.0,93.0,259.0,12.15,1305.0,21.8,Yes,No,,Cloudy,1299.35,0.0,1.0,280.04,0.017,15,2022,9,27,1
1083,ORD101083,P-BEA-008,Beauty,Lipstick Set,North,Chandigarh,SUP-038,11.0,WH-NO-02,218.0,25.0,213.0,833.0,24.3,1172.22,4.3,No,No,Winter,Cloudy,1271.28,0.0,1.0,537.73,,24,2022,12,18,6
1084,ORD101084,P-SPO-010,Sports,Yoga Mat,North,Kanpur,SUP-027,7.0,WH-NO-02,370.0,22.0,172.0,634.0,21.1,3766.13,12.8,Yes,No,Autumn,Cloudy,3854.45,0.0,4.0,437.62,0.177,36,2023,11,6,0
1085,ORD101085,P-BEA-004,Beauty,Face Wash 100ml,West,Mumbai,SUP-023,16.0,WH-WE-05,207.0,26.0,159.0,785.0,26.28,354.06,10.9,No,No,Winter,Sunny,339.23,0.0,3.0,653.6,0.128,33,2021,12,27,0
1086,ORD101086,P-BEA-006,Beauty,Talcum Powder,East,Ranchi,SUP-015,18.0,WH-EA-04,330.0,20.0,147.0,602.0,22.01,319.73,11.9,No,No,Autumn,Sunny,338.8,0.0,2.0,548.68,0.178,22,2023,10,4,2
1087,ORD101087,P-BEA-009,Beauty,Hair Oil 250ml,South,Coimbatore,SUP-011,3.0,WH-SO-04,444.0,12.0,134.0,739.0,,1037.13,10.5,No,No,Summer,Cloudy,964.53,0.0,2.0,470.49,0.119,22,2024,4,30,1
1088,ORD101088,P-CLO-013,Clothing,Formal Shirt,South,Coimbatore,SUP-022,7.0,WH-SO-03,344.0,28.0,226.0,836.0,26.5,848.03,5.7,No,No,Summer,Sunny,952.75,0.0,0.0,295.08,0.052,33,2023,5,2,1
1089,ORD101089,P-CLO-013,Clothing,Woolen Sweater,West,,SUP-036,6.0,WH-WE-01,384.0,16.0,128.0,508.0,17.15,1039.3,2.7,No,No,Autumn,Sunny,1123.12,0.0,0.0,276.83,0.05,28,2023,11,20,0
1090,ORD101090,P-GRO-012,Grocery,Sunflower Oil 1L,North,Kanpur,SUP-019,11.0,WH-NO-05,319.0,57.0,250.0,914.0,41.95,427.27,0.6,Yes,No,Autumn,Sunny,417.26,0.0,0.0,402.11,0.12,36,2021,9,2,3
1091,ORD101091,P-FUR-004,Furniture,Dining Chair,North,Kanpur,SUP-005,7.0,WH-NO-03,117.0,4.0,30.0,131.0,4.6,5588.85,1.5,Yes,No,Autumn,Sunny,5506.15,0.0,1.0,307.11,0.18,7,2024,8,17,5
1092,ORD101092,P-GRO-007,Grocery,Toor Dal 1kg,East,Patna,SUP-020,7.0,WH-EA-03,172.0,21.0,129.0,576.0,21.54,598.44,17.1,No,No,,Cloudy,604.78,0.0,1.0,321.57,0.079,22,2022,3,17,3
1093,ORD101093,P-GRO-009,Grocery,Tea Powder 500g,East,Bhubaneswar,SUP-004,6.0,WH-EA-04,507.0,31.0,193.0,,29.31,526.04,22.2,No,No,Autumn,Stormy,518.77,0.0,0.0,,0.077,38,2021,10,17,6
1094,ORD101094,P-CLO-015,Clothing,Men's Cotton T-Shirt,Central,Bhopal,SUP-038,8.0,WH-CE-01,200.0,16.0,104.0,375.0,13.71,348.23,3.1,Yes,,Summer,Sunny,384.98,2.0,2.0,502.75,0.067,17,2023,3,13,0
1095,ORD101095,P-GRO-006,Grocery,Tea Powder 500g,South,Chennai,SUP-022,10.0,WH-SO-03,440.0,22.0,308.0,1569.0,48.44,89.02,3.5,No,No,Autumn,Sunny,85.18,0.0,1.0,277.83,0.121,36,2022,7,18,0
1096,ORD101096,P-GRO-014,Grocery,Sugar 1kg,North,Delhi,SUP-009,6.0,WH-NO-04,241.0,36.0,232.0,1134.0,32.72,325.92,14.6,No,No,Autumn,Sunny,286.74,0.0,1.0,258.88,0.032,24,2022,11,5,5
1097,ORD101097,P-BEA-012,Beauty,Talcum Powder,East,Bhubaneswar,SUP-025,21.0,WH-EA-04,57.0,6.0,91.0,369.0,12.38,114.36,12.3,,No,Summer,,111.99,0.0,1.0,651.16,0.054,9,2024,3,22,4
1098,ORD101098,P-SPO-010,Sports,Yoga Mat,East,Bhubaneswar,SUP-022,14.0,WH-EA-03,,6.0,33.0,174.0,6.57,2566.27,14.2,No,No,Spring,Cloudy,2720.77,0.0,1.0,454.5,0.095,5,2023,2,22,2
1099,ORD101099,P-ELE-011,Electronics,Wireless Earbuds,North,Chandigarh,SUP-021,9.0,WH-NO-05,58.0,11.0,48.0,266.0,,9433.3,10.3,No,No,Summer,Rainy,10199.04,1.0,0.0,270.25,0.023,12,2022,7,1,4
1100,ORD101100,P-ELE-012,Electronics,Wireless Earbuds,East,Guwahati,SUP-024,3.0,WH-EA-05,145.0,14.0,55.0,244.0,8.5,4642.0,11.2,No,No,Summer,Cloudy,4684.27,0.0,0.0,946.97,0.027,12,2024,3,15,4
1101,ORD101101,P-GRO-011,Grocery,Sunflower Oil 1L,North,Kanpur,SUP-038,5.0,WH-NO-01,306.0,30.0,256.0,1467.0,42.24,201.55,19.4,No,No,Autumn,Sunny,191.33,,0.0,269.84,0.027,39,2022,7,8,4
1102,ORD101102,P-BEA-011,Beauty,Moisturizer Cream,West,Mumbai,SUP-035,10.0,WH-WE-01,377.0,19.0,186.0,754.0,25.02,291.65,,No,,Autumn,Sunny,290.62,0.0,3.0,434.57,0.139,24,2024,11,1,4
1103,ORD101103,P-BEA-006,Beauty,Body Lotion 400ml,West,Pune,SUP-011,5.0,WH-WE-03,162.0,16.0,209.0,1082.0,31.49,460.06,34.2,Yes,No,Winter,Cloudy,435.95,0.0,1.0,258.51,0.235,27,2024,12,11,2
1104,ORD101104,P-ELE-007,Electronics,Smartphone Charger,South,Chennai,SUP-010,14.0,WH-SO-05,74.0,5.0,47.0,157.0,6.1,9413.79,7.1,No,No,Autumn,Sunny,7677.68,0.0,0.0,387.48,0.113,3,2022,11,17,3
1105,ORD101105,P-BEA-009,Beauty,Herbal Shampoo 200ml,Central,Jabalpur,SUP-040,7.0,WH-CE-03,199.0,19.0,85.0,339.0,11.3,912.11,2.0,,No,Spring,Sunny,849.94,0.0,1.0,211.18,0.09,12,2024,2,1,3
1106,ORD101106,P-ELE-013,Electronics,Wireless Earbuds,Central,Bhopal,SUP-026,10.0,WH-CE-02,135.0,3.0,51.0,174.0,6.49,2914.56,0.8,No,Yes,Autumn,Sunny,3033.57,0.0,4.0,476.27,,6,2023,11,1,2
1107,ORD101107,P-GRO-010,Grocery,Toor Dal 1kg,North,Delhi,SUP-001,6.0,WH-NO-03,869.0,2.0,238.0,1093.0,36.89,531.28,6.2,No,No,Summer,Cloudy,519.78,0.0,0.0,351.17,0.091,33,2024,6,11,1
1108,ORD101108,P-SPO-015,Sports,Gym Dumbbells 5kg,South,Bengaluru,SUP-022,11.0,WH-SO-05,396.0,22.0,119.0,556.0,17.65,3261.46,2.6,No,No,Autumn,Cloudy,3180.95,0.0,1.0,443.84,0.041,17,2022,11,5,5
1109,ORD101109,P-ELE-011,Electronics,LED TV 43in,East,Guwahati,SUP-005,13.0,WH-EA-01,47.0,7.0,54.0,150.0,5.88,9627.38,8.7,Yes,No,Summer,Rainy,10479.85,0.0,1.0,408.62,0.131,10,2022,8,18,3
1110,ORD101110,P-ELE-007,Electronics,Bluetooth Speaker,North,Chandigarh,SUP-002,13.0,WH-NO-03,,8.0,,219.0,7.73,2833.89,5.0,No,,Winter,Sunny,2615.35,2.0,0.0,312.1,0.074,3,2022,2,9,2
1111,ORD101111,P-CLO-009,Clothing,Women's Kurti,South,Kochi,SUP-008,14.0,WH-SO-04,202.0,25.0,187.0,716.0,24.34,1193.93,30.9,No,No,Summer,Rainy,1111.19,1.0,1.0,,0.043,29,2023,5,7,6
1112,ORD101112,P-FUR-010,Furniture,Dining Chair,South,Chennai,SUP-011,8.0,WH-SO-02,986.0,7.0,44.0,167.0,5.45,15898.21,37.4,No,No,,,16319.12,0.0,0.0,178.86,0.145,6,2023,6,19,0
1113,ORD101113,P-SPO-014,Sports,Cricket Bat,Central,Indore,SUP-004,14.0,WH-CE-01,284.0,15.0,88.0,298.0,11.74,,8.7,Yes,No,Autumn,,533.81,0.0,1.0,473.92,0.031,15,2022,10,21,4
1114,ORD101114,P-SPO-004,Sports,Football,South,Hyderabad,SUP-034,13.0,WH-SO-04,351.0,10.0,113.0,444.0,14.21,2115.66,12.7,No,No,Summer,,1994.33,0.0,0.0,425.12,,17,2022,3,30,2
1115,ORD101115,P-ELE-004,Electronics,Smartwatch,West,Mumbai,SUP-018,3.0,WH-WE-04,126.0,5.0,52.0,232.0,7.41,11814.37,2.1,No,No,Autumn,Rainy,13278.63,0.0,2.0,369.88,0.084,6,2022,10,20,3
1116,ORD101116,P-ELE-004,Electronics,Power Bank 10000mAh,South,Kochi,SUP-023,10.0,WH-SO-04,196.0,11.0,119.0,523.0,15.85,3555.1,10.3,Yes,No,Winter,Cloudy,3250.2,0.0,0.0,410.5,0.05,27,2023,1,4,2
1117,ORD101117,P-BEA-001,Beauty,Lipstick Set,North,,SUP-035,6.0,WH-NO-04,408.0,15.0,141.0,491.0,19.45,628.51,30.7,No,No,Summer,Sunny,591.68,0.0,0.0,336.72,,20,2021,7,6,1
1118,ORD101118,P-GRO-011,Grocery,Basmati Rice 5kg,West,Mumbai,SUP-034,14.0,WH-WE-04,1576.0,87.0,393.0,2066.0,71.16,565.49,17.8,Yes,No,Autumn,Sunny,585.35,0.0,2.0,492.75,0.054,91,2023,8,23,2
1119,ORD101119,P-SPO-015,Sports,Gym Dumbbells 5kg,North,Kanpur,SUP-033,15.0,WH-NO-02,141.0,20.0,103.0,454.0,15.17,2358.62,16.3,No,No,Summer,Rainy,2349.39,0.0,2.0,473.27,0.053,20,2024,5,15,2
1120,ORD101120,P-FUR-010,Furniture,Wooden Bookshelf,North,Chandigarh,SUP-008,13.0,WH-NO-01,60.0,5.0,32.0,180.0,5.9,16706.38,14.0,No,No,Summer,Cloudy,14870.73,0.0,1.0,400.11,0.051,5,2022,4,16,5
1121,ORD101121,P-ELE-001,Electronics,LED TV 43in,South,Chennai,SUP-030,11.0,WH-SO-05,157.0,7.0,49.0,192.0,6.37,9974.88,11.9,Yes,No,Summer,Rainy,11398.51,0.0,1.0,398.82,0.066,12,2022,7,25,0
1122,ORD101122,P-BEA-006,Beauty,Talcum Powder,West,Nagpur,SUP-040,6.0,WH-WE-02,586.0,35.0,262.0,1025.0,36.17,532.66,43.4,No,Yes,,Rainy,498.81,0.0,1.0,373.29,0.017,36,2021,5,16,6
1123,ORD101123,P-ELE-014,Electronics,Home Router,South,Hyderabad,SUP-001,6.0,WH-SO-05,220.0,7.0,72.0,274.0,9.06,9053.01,23.2,No,No,Summer,Sunny,8875.19,0.0,1.0,270.75,0.085,11,2023,5,1,0
1124,ORD101124,P-CLO-001,Clothing,Denim Jeans,North,Lucknow,SUP-035,6.0,WH-NO-03,330.0,14.0,114.0,758.0,19.64,1575.56,30.0,No,No,Autumn,Rainy,1630.62,,1.0,343.4,0.032,27,2022,9,17,5
1125,ORD101125,P-CLO-010,Clothing,Kids Winter Jacket,South,Kochi,SUP-035,5.0,WH-SO-03,380.0,15.0,107.0,476.0,15.01,2386.22,12.3,No,No,Summer,Sunny,2799.01,1.0,3.0,332.16,0.059,18,2024,6,6,3
1126,ORD101126,P-CLO-007,Clothing,Kids Winter Jacket,South,Coimbatore,SUP-034,8.0,WH-SO-01,391.0,33.0,194.0,687.0,27.11,852.87,16.9,Yes,No,Autumn,Sunny,824.91,0.0,0.0,345.71,0.049,49,2024,8,18,6
1127,ORD101127,P-FUR-014,Furniture,TV Unit,North,Delhi,SUP-016,9.0,WH-NO-05,155.0,,69.0,263.0,7.6,13912.97,5.5,Yes,No,Winter,Cloudy,12889.63,0.0,0.0,290.8,0.134,12,2024,2,5,0
1128,ORD101128,P-FUR-008,Furniture,TV Unit,East,Guwahati,SUP-008,24.0,WH-EA-03,47.0,3.0,22.0,113.0,3.23,12840.36,17.2,No,No,Autumn,Rainy,13351.63,0.0,,711.77,0.03,1,2021,11,3,2
1129,ORD101129,P-SPO-009,Sports,Yoga Mat,North,Jaipur,SUP-030,3.0,WH-NO-05,273.0,17.0,77.0,388.0,11.93,3554.05,8.3,Yes,No,Autumn,Cloudy,4147.76,0.0,0.0,223.82,0.016,15,2021,10,17,6
1130,ORD101130,P-SPO-011,Sports,Cricket Bat,South,Chennai,SUP-025,12.0,WH-SO-04,146.0,21.0,99.0,479.0,14.13,4586.69,25.0,No,No,Winter,Sunny,4636.58,0.0,1.0,431.01,0.016,15,2022,12,11,6
1131,ORD101131,P-CLO-013,Clothing,Men's Cotton T-Shirt,East,Bhubaneswar,SUP-030,4.0,WH-EA-01,281.0,11.0,169.0,718.0,19.4,797.88,21.6,No,No,Autumn,Cloudy,779.66,0.0,1.0,221.53,,19,2023,6,23,4
1132,ORD101132,P-ELE-008,Electronics,Wireless Earbuds,West,Nagpur,SUP-011,7.0,WH-WE-05,71.0,6.0,75.0,294.0,9.54,6839.71,9.4,Yes,No,Spring,Cloudy,7053.82,0.0,1.0,373.95,0.073,13,2021,2,16,1
1133,ORD101133,P-BEA-011,Beauty,Body Lotion 400ml,South,Bengaluru,SUP-008,8.0,WH-SO-03,567.0,15.0,210.0,907.0,27.34,1110.62,7.1,No,No,Winter,Cloudy,926.22,0.0,0.0,380.01,0.115,20,2022,12,26,0
1134,ORD101134,P-SPO-013,Sports,Running Shoes,South,Coimbatore,SUP-037,6.0,WH-SO-01,160.0,20.0,106.0,541.0,15.65,3000.31,12.2,No,,Summer,Sunny,2852.69,0.0,1.0,277.77,0.207,13,2021,5,7,4
1135,ORD101135,P-GRO-008,Grocery,Instant Noodles Pack,South,Kochi,SUP-021,8.0,WH-SO-03,224.0,65.0,478.0,1955.0,70.61,361.64,18.6,No,No,Winter,Sunny,308.83,0.0,0.0,312.89,0.039,53,2022,1,16,6
1136,ORD101136,P-CLO-011,Clothing,Women's Kurti,Central,Jabalpur,SUP-035,3.0,WH-CE-04,111.0,15.0,128.0,515.0,14.92,288.78,0.5,No,No,Summer,Cloudy,280.46,0.0,1.0,226.21,0.085,13,2022,6,9,3
1137,ORD101137,P-CLO-006,Clothing,Men's Cotton T-Shirt,North,Lucknow,SUP-038,7.0,WH-NO-04,596.0,30.0,169.0,786.0,25.69,1542.99,3.5,No,No,Summer,Sunny,1479.67,0.0,1.0,331.78,0.102,32,2021,3,1,0
1138,ORD101138,P-ELE-006,Electronics,Smartphone Charger,North,Lucknow,SUP-019,13.0,WH-NO-02,182.0,15.0,97.0,493.0,14.97,9965.52,13.6,Yes,No,Winter,Rainy,7862.77,0.0,1.0,488.47,0.292,15,2022,1,19,2
1139,ORD101139,P-FUR-001,Furniture,Sofa Cushion Set,South,Kochi,SUP-011,26.0,WH-SO-05,50.0,7.0,46.0,290.0,8.86,15016.56,8.3,No,No,Autumn,Sunny,15231.89,0.0,2.0,790.28,0.085,6,2023,7,10,0
1140,ORD101140,P-GRO-011,Grocery,Basmati Rice 5kg,North,Chandigarh,SUP-036,13.0,WH-NO-02,827.0,33.0,267.0,1394.0,,81.98,,Yes,No,Winter,Cloudy,86.03,0.0,5.0,638.8,0.088,55,2024,12,28,5
1141,ORD101141,P-BEA-004,Beauty,Hair Oil 250ml,North,Chandigarh,SUP-029,7.0,WH-NO-03,642.0,25.0,223.0,928.0,27.21,931.5,18.1,No,No,Spring,Rainy,917.09,,3.0,349.74,0.008,36,2024,2,14,2
1142,ORD101142,P-BEA-013,Beauty,Talcum Powder,North,Chandigarh,SUP-027,14.0,WH-NO-05,503.0,32.0,125.0,738.0,25.72,796.11,12.2,No,No,Spring,Cloudy,698.77,0.0,3.0,523.34,0.016,25,2022,3,24,3
1143,ORD101143,P-BEA-015,Beauty,Herbal Shampoo 200ml,East,Bhubaneswar,SUP-039,13.0,WH-EA-01,563.0,16.0,289.0,1025.0,33.24,474.04,12.0,No,No,Autumn,Rainy,522.02,0.0,2.0,519.25,0.057,37,2024,10,7,0
1144,ORD101144,P-GRO-014,Grocery,Sugar 1kg,East,Guwahati,SUP-010,8.0,WH-EA-03,526.0,27.0,212.0,1022.0,31.45,240.67,10.7,No,No,Autumn,Sunny,277.2,1.0,1.0,174.8,0.132,38,2022,10,5,2
1145,ORD101145,P-GRO-005,Grocery,Tea Powder 500g,East,Bhubaneswar,SUP-015,5.0,WH-EA-03,435.0,13.0,222.0,955.0,30.12,153.72,0.8,Yes,No,Summer,Sunny,158.64,,1.0,333.66,0.04,33,2022,6,3,4
1146,ORD101146,P-BEA-010,Beauty,Talcum Powder,West,Pune,SUP-002,14.0,WH-WE-04,277.0,29.0,183.0,638.0,22.53,1044.77,3.7,No,No,Summer,Cloudy,1015.17,0.0,0.0,420.22,0.083,23,2024,5,22,2
1147,ORD101147,P-BEA-012,Beauty,Herbal Shampoo 200ml,South,,SUP-016,7.0,WH-SO-04,425.0,23.0,298.0,1223.0,46.76,378.4,5.3,No,No,Summer,Rainy,368.07,0.0,0.0,432.83,0.129,33,2022,8,7,6
1148,ORD101148,P-CLO-008,Clothing,Women's Kurti,Central,Gwalior,SUP-018,4.0,WH-CE-04,390.0,13.0,197.0,711.0,25.82,2490.71,18.6,No,No,Winter,Cloudy,2577.06,0.0,2.0,339.91,0.029,26,2023,12,16,5
1149,ORD101149,P-SPO-008,Sports,Cricket Bat,West,Nagpur,SUP-019,,WH-WE-02,53.0,16.0,77.0,420.0,13.05,3877.23,4.4,No,No,Autumn,Sunny,3905.15,1.0,2.0,548.95,0.085,13,2021,8,27,4
1150,ORD101150,P-ELE-007,Electronics,Laptop Stand,West,Ahmedabad,SUP-007,4.0,WH-WE-03,32.0,6.0,45.0,226.0,7.15,12820.53,6.5,No,No,Summer,Sunny,13267.23,1.0,0.0,244.72,0.142,5,2022,5,1,6
1151,ORD101151,P-SPO-005,Sports,Skipping Rope,West,Surat,SUP-033,6.0,WH-WE-01,245.0,7.0,113.0,444.0,15.1,3324.44,6.4,,No,Winter,Rainy,3444.11,0.0,1.0,370.03,0.049,13,2024,12,9,0
1152,ORD101152,P-ELE-009,Electronics,Wireless Earbuds,South,Hyderabad,SUP-020,19.0,WH-SO-05,107.0,12.0,77.0,302.0,10.3,2506.4,2.0,,No,Winter,Cloudy,2358.39,0.0,2.0,585.13,0.031,12,2021,12,23,3
1153,ORD101153,P-ELE-015,Electronics,Bluetooth Speaker,South,Coimbatore,SUP-018,6.0,WH-SO-02,203.0,10.0,73.0,286.0,9.85,10405.29,8.3,Yes,No,Summer,Sunny,9720.32,0.0,1.0,432.22,0.028,13,2024,5,26,6
1154,ORD101154,P-CLO-004,Clothing,Cotton Saree,South,Chennai,SUP-035,5.0,WH-SO-03,360.0,29.0,158.0,,18.53,1084.96,23.2,No,Yes,Autumn,Cloudy,1060.62,0.0,2.0,439.1,0.081,37,2022,11,13,6
1155,ORD101155,P-ELE-001,Electronics,Power Bank 10000mAh,North,Chandigarh,SUP-020,3.0,WH-NO-04,173.0,5.0,53.0,252.0,7.68,6623.76,2.8,No,No,Autumn,Sunny,6871.5,0.0,0.0,217.89,0.063,5,2024,10,31,3
1156,ORD101156,P-ELE-001,Electronics,Home Router,South,Bengaluru,SUP-036,7.0,WH-SO-04,181.0,9.0,114.0,350.0,13.12,10369.73,8.9,Yes,,Autumn,Sunny,9076.08,0.0,2.0,292.71,0.05,12,2022,8,31,2
1157,ORD101157,P-ELE-009,Electronics,Laptop Stand,North,Lucknow,SUP-009,10.0,WH-NO-01,301.0,11.0,99.0,427.0,14.07,13225.54,6.7,No,Yes,Winter,Rainy,12983.61,0.0,1.0,442.66,0.026,19,2022,12,25,6
1158,ORD101158,P-CLO-005,Clothing,Woolen Sweater,North,,SUP-035,7.0,WH-NO-04,294.0,22.0,127.0,563.0,16.66,1370.16,17.6,Yes,No,Summer,Cloudy,1366.22,0.0,1.0,448.05,0.036,27,2022,7,31,6
1159,ORD101159,P-BEA-007,Beauty,Talcum Powder,Central,Bhopal,SUP-040,13.0,WH-CE-02,613.0,11.0,204.0,783.0,26.2,1140.51,16.4,No,No,Autumn,Sunny,1096.1,0.0,1.0,343.27,0.081,28,2021,11,3,2
1160,ORD101160,P-ELE-015,Electronics,Home Router,West,Pune,SUP-031,4.0,WH-WE-03,161.0,11.0,80.0,428.0,12.33,10070.29,16.2,Yes,No,Summer,Rainy,11200.35,0.0,0.0,365.81,0.067,18,2024,5,17,4
1161,ORD101161,P-FUR-002,Furniture,Plastic Storage Rack,East,Guwahati,SUP-036,6.0,WH-EA-01,153.0,9.0,59.0,221.0,8.24,8455.8,20.1,Yes,No,Summer,Stormy,9289.23,1.0,1.0,279.96,0.042,10,2023,4,18,1
1162,ORD101162,P-BEA-003,Beauty,Lipstick Set,South,Kochi,SUP-030,10.0,WH-SO-04,279.0,44.0,180.0,857.0,32.96,386.52,18.5,Yes,Yes,Winter,Rainy,399.37,0.0,0.0,432.69,0.128,43,2023,1,8,6
1163,ORD101163,P-ELE-004,Electronics,Bluetooth Speaker,East,Bhubaneswar,SUP-025,10.0,WH-EA-03,137.0,5.0,48.0,154.0,6.69,3069.55,14.0,No,No,Autumn,Cloudy,3504.3,0.0,,387.81,0.03,10,2022,6,28,1
1164,ORD101164,P-ELE-007,Electronics,Home Router,West,Ahmedabad,SUP-031,6.0,WH-WE-01,173.0,10.0,63.0,286.0,8.86,6709.1,13.0,Yes,No,Spring,Stormy,7180.53,0.0,0.0,366.45,0.076,12,2024,2,3,5
1165,ORD101165,P-SPO-011,Sports,Yoga Mat,East,Bhubaneswar,SUP-039,4.0,WH-EA-01,241.0,11.0,108.0,344.0,14.29,4576.55,11.1,No,No,Summer,Sunny,4625.65,,1.0,325.56,0.092,15,2022,5,24,1
1166,ORD101166,P-BEA-003,Beauty,Body Lotion 400ml,East,Guwahati,SUP-025,13.0,WH-EA-04,102.0,10.0,114.0,579.0,16.64,1002.09,29.2,Yes,No,Winter,Rainy,963.86,0.0,1.0,500.15,0.095,14,2021,12,14,1
1167,ORD101167,P-CLO-002,Clothing,Cotton Saree,South,Hyderabad,SUP-028,5.0,WH-SO-01,270.0,20.0,185.0,733.0,20.81,381.03,21.6,Yes,No,Summer,Sunny,368.98,0.0,0.0,255.04,0.179,21,2021,5,1,5
1168,ORD101168,P-BEA-002,Beauty,Face Wash 100ml,South,Bengaluru,SUP-004,6.0,WH-SO-03,661.0,24.0,140.0,828.0,26.88,1105.63,3.4,Yes,No,Autumn,Sunny,1139.29,0.0,0.0,208.5,0.087,30,2024,6,29,5
1169,ORD101169,P-ELE-013,Electronics,Bluetooth Speaker,West,Ahmedabad,SUP-039,11.0,WH-WE-04,333.0,15.0,78.0,,13.47,8602.17,7.7,Yes,No,Summer,Sunny,8346.31,0.0,,470.77,0.088,14,2021,4,17,5
1170,ORD101170,P-GRO-001,Grocery,Sunflower Oil 1L,Central,Indore,SUP-032,5.0,WH-CE-05,656.0,43.0,164.0,667.0,27.31,341.1,0.5,No,No,Summer,Sunny,299.71,0.0,0.0,342.48,0.03,26,2024,5,19,6
1171,ORD101171,P-BEA-010,Beauty,Hair Oil 250ml,South,Coimbatore,SUP-007,10.0,WH-SO-01,621.0,29.0,179.0,801.0,25.66,349.16,11.2,No,No,Autumn,Rainy,338.53,0.0,1.0,366.83,0.158,33,2022,7,8,4
1172,ORD101172,P-GRO-009,Grocery,Toor Dal 1kg,South,Bengaluru,SUP-012,19.0,WH-SO-02,918.0,50.0,312.0,1511.0,50.46,591.66,16.8,Yes,No,Winter,Rainy,640.3,0.0,0.0,511.13,0.118,76,2021,1,4,0
1173,ORD101173,P-BEA-002,Beauty,Moisturizer Cream,South,Coimbatore,SUP-010,5.0,WH-SO-01,394.0,26.0,132.0,701.0,22.83,352.37,4.7,No,No,Autumn,Sunny,279.81,1.0,0.0,241.85,0.11,19,2024,9,15,6
1174,ORD101174,P-CLO-009,Clothing,Men's Cotton T-Shirt,South,Bengaluru,SUP-013,9.0,WH-SO-05,422.0,14.0,121.0,590.0,18.66,1534.95,9.8,No,No,Winter,Rainy,1707.24,0.0,0.0,250.62,0.066,32,2023,12,19,1
1175,ORD101175,P-BEA-005,Beauty,Herbal Shampoo 200ml,Central,Jabalpur,SUP-036,14.0,WH-CE-03,426.0,40.0,179.0,878.0,32.85,186.46,21.8,No,No,Autumn,Rainy,195.02,0.0,0.0,432.53,0.15,38,2023,11,23,3
1176,ORD101176,P-CLO-008,Clothing,Track Pants,West,Surat,SUP-019,6.0,WH-WE-05,253.0,20.0,184.0,,24.99,722.66,31.0,No,No,Summer,Sunny,709.11,0.0,0.0,328.9,0.036,26,2023,3,12,6
1177,ORD101177,P-GRO-003,Grocery,Instant Noodles Pack,South,Bengaluru,SUP-017,4.0,WH-SO-01,,65.0,439.0,1827.0,60.0,238.79,12.1,Yes,No,Winter,Cloudy,244.29,0.0,2.0,,0.057,80,2024,1,17,2
1178,ORD101178,P-GRO-011,Grocery,Wheat Flour 5kg,South,Kochi,SUP-032,8.0,WH-SO-04,269.0,47.0,288.0,1871.0,50.78,453.69,1.4,Yes,No,Autumn,Sunny,488.57,0.0,0.0,398.55,0.064,60,2021,7,14,2
1179,ORD101179,P-GRO-012,Grocery,Instant Noodles Pack,South,Hyderabad,SUP-015,11.0,WH-SO-01,504.0,39.0,340.0,1391.0,43.0,507.08,2.1,Yes,No,Winter,Sunny,508.43,0.0,2.0,397.32,0.045,63,2021,12,9,3
1180,ORD101180,P-BEA-001,Beauty,Sunscreen Lotion,North,Jaipur,SUP-036,6.0,WH-NO-01,454.0,31.0,117.0,635.0,20.85,475.47,9.9,No,No,Summer,,511.55,0.0,1.0,403.57,0.077,24,2023,3,6,0
1181,ORD101181,P-ELE-008,Electronics,LED TV 43in,East,Kolkata,SUP-031,9.0,WH-EA-03,149.0,5.0,46.0,,7.19,2601.65,9.2,No,No,Winter,Rainy,2778.73,0.0,2.0,348.38,0.044,9,2023,12,10,6
1182,ORD101182,P-ELE-010,Electronics,Bluetooth Speaker,West,,SUP-011,10.0,WH-WE-02,94.0,9.0,58.0,272.0,8.04,9939.28,14.8,Yes,No,Summer,Sunny,10078.56,0.0,0.0,378.67,0.131,8,2023,5,10,2
1183,ORD101183,P-ELE-001,Electronics,Laptop Stand,West,Nagpur,SUP-026,7.0,WH-WE-02,95.0,7.0,57.0,282.0,,10928.04,11.0,,No,Summer,Sunny,9957.01,0.0,1.0,351.7,0.06,9,2022,8,17,2
1184,ORD101184,P-ELE-011,Electronics,Home Router,North,Chandigarh,SUP-020,2.0,WH-NO-01,88.0,10.0,41.0,194.0,7.6,11627.72,15.0,No,No,Autumn,Cloudy,11536.79,0.0,2.0,369.79,0.092,7,2023,9,9,5
1185,ORD101185,P-BEA-009,Beauty,Lipstick Set,West,Surat,SUP-014,4.0,WH-WE-03,804.0,24.0,301.0,987.0,40.36,650.28,14.9,Yes,Yes,,Cloudy,544.09,0.0,2.0,365.07,0.183,49,2021,3,28,6
1186,ORD101186,P-GRO-005,Grocery,Wheat Flour 5kg,West,Nagpur,SUP-037,11.0,WH-WE-02,339.0,32.0,253.0,1099.0,36.41,506.6,13.7,No,No,Winter,Rainy,524.66,0.0,0.0,391.37,0.033,29,2023,1,13,4
1187,ORD101187,P-SPO-008,Sports,Skipping Rope,South,Hyderabad,SUP-016,7.0,WH-SO-05,262.0,14.0,176.0,578.0,19.63,4110.69,12.2,No,No,Summer,Cloudy,3972.67,0.0,0.0,304.03,0.189,19,2022,7,31,6
1188,ORD101188,P-ELE-011,Electronics,Smartwatch,East,Patna,SUP-005,4.0,WH-EA-04,83.0,15.0,76.0,343.0,10.0,2502.61,15.1,No,No,Winter,Rainy,2379.43,0.0,1.0,333.93,0.063,13,2022,12,29,3
1189,ORD101189,P-FUR-010,Furniture,Plastic Storage Rack,East,Ranchi,SUP-017,7.0,WH-EA-03,118.0,8.0,50.0,156.0,5.86,13546.23,7.7,No,No,Autumn,Cloudy,14256.6,0.0,0.0,230.54,0.078,9,2021,7,11,6
1190,ORD101190,P-CLO-012,Clothing,Formal Shirt,West,Mumbai,SUP-021,5.0,WH-WE-04,558.0,18.0,139.0,627.0,23.07,284.78,40.6,No,No,Summer,Sunny,255.84,0.0,3.0,253.85,0.04,24,2024,8,12,0
1191,ORD101191,P-GRO-001,Grocery,Tea Powder 500g,North,Chandigarh,SUP-006,10.0,WH-NO-03,218.0,29.0,240.0,1140.0,44.86,132.24,7.7,No,No,Autumn,Cloudy,133.43,0.0,1.0,509.45,0.086,23,2024,6,1,5
1192,ORD101192,P-SPO-012,Sports,Football,North,Kanpur,SUP-030,9.0,WH-NO-03,155.0,11.0,105.0,337.0,12.47,1462.34,17.5,No,,Autumn,Sunny,1422.59,0.0,2.0,315.06,0.265,16,2024,10,9,2
1193,ORD101193,P-SPO-001,Sports,Cricket Bat,East,Patna,SUP-010,6.0,WH-EA-05,159.0,11.0,68.0,280.0,9.18,1344.83,16.7,No,No,Summer,Cloudy,1325.42,2.0,1.0,438.1,0.114,6,2024,5,12,6
1194,ORD101194,P-SPO-010,Sports,Running Shoes,North,Lucknow,SUP-004,4.0,WH-NO-03,123.0,13.0,111.0,315.0,12.4,4585.9,22.4,No,No,Autumn,,4690.2,1.0,1.0,257.14,,18,2023,8,29,1
1195,ORD101195,P-ELE-006,Electronics,Smartphone Charger,South,Hyderabad,SUP-022,6.0,WH-SO-03,52.0,6.0,,290.0,7.29,10813.04,27.1,No,No,Winter,Sunny,12390.39,0.0,0.0,380.37,,8,2022,2,24,3
1196,ORD101196,P-GRO-001,Grocery,Tea Powder 500g,West,Mumbai,SUP-007,9.0,WH-WE-03,220.0,66.0,403.0,1114.0,49.65,180.59,22.3,No,No,Autumn,Rainy,186.35,0.0,1.0,460.12,0.051,36,2021,6,16,2
1197,ORD101197,P-FUR-011,Furniture,Dining Chair,North,Delhi,SUP-032,4.0,WH-NO-04,64.0,5.0,32.0,122.0,4.29,9264.95,12.7,Yes,No,Summer,Rainy,10271.7,0.0,1.0,293.2,0.147,5,2023,6,14,2
1198,ORD101198,P-GRO-009,Grocery,Sunflower Oil 1L,South,Chennai,SUP-003,,WH-SO-04,517.0,37.0,304.0,1530.0,49.85,172.8,13.3,No,No,Autumn,Cloudy,192.09,0.0,0.0,298.72,0.048,42,2024,10,14,0
1199,ORD101199,P-BEA-010,Beauty,Lipstick Set,Central,Jabalpur,SUP-017,4.0,WH-CE-03,84.0,9.0,138.0,788.0,23.27,194.55,11.8,No,No,Summer,Rainy,206.53,0.0,4.0,379.47,0.072,15,2022,6,16,3
1200,ORD101200,P-CLO-006,Clothing,Woolen Sweater,East,Patna,SUP-003,8.0,WH-EA-01,298.0,32.0,97.0,536.0,19.88,1788.65,24.0,No,No,Winter,Stormy,1524.8,0.0,2.0,402.68,0.006,21,2024,12,21,5
1201,ORD101201,P-CLO-005,Clothing,Men's Cotton T-Shirt,East,Guwahati,SUP-016,12.0,WH-EA-04,261.0,14.0,97.0,367.0,14.99,582.42,12.6,No,No,Summer,Sunny,571.25,0.0,2.0,480.43,0.131,17,2021,8,14,5
1202,ORD101202,P-BEA-010,Beauty,Body Lotion 400ml,East,Bhubaneswar,SUP-038,6.0,WH-EA-03,448.0,5.0,129.0,496.0,18.43,260.96,20.4,No,No,Winter,Cloudy,238.19,0.0,0.0,419.12,0.082,15,2022,2,18,4
1203,ORD101203,P-FUR-004,Furniture,Office Chair,North,Jaipur,SUP-027,10.0,WH-NO-05,54.0,5.0,32.0,163.0,4.6,9451.83,19.5,No,No,Summer,Sunny,11617.17,0.0,0.0,241.75,0.111,6,2023,8,7,0
1204,ORD101204,P-ELE-013,Electronics,Home Router,North,Lucknow,SUP-022,13.0,WH-NO-05,83.0,4.0,54.0,183.0,7.67,5999.81,15.0,No,No,Winter,Rainy,5518.01,0.0,,,0.269,6,2022,12,21,2
1205,ORD101205,P-ELE-011,Electronics,Bluetooth Speaker,West,Nagpur,SUP-007,5.0,WH-WE-01,74.0,15.0,50.0,350.0,10.55,3799.44,6.3,No,No,Winter,Sunny,3344.34,0.0,3.0,440.18,0.037,9,2024,1,16,1
1206,ORD101206,P-FUR-015,Furniture,Study Table,South,Chennai,SUP-013,8.0,WH-SO-05,105.0,8.0,41.0,173.0,5.62,16091.53,20.8,No,No,Summer,Rainy,12525.17,0.0,24.0,322.38,,4,2022,5,19,3
1207,ORD101207,P-CLO-001,Clothing,Cotton Saree,South,Coimbatore,SUP-016,8.0,WH-SO-05,101.0,30.0,274.0,995.0,31.89,477.59,3.4,No,No,Spring,Sunny,438.0,0.0,5.0,590.56,0.075,25,2024,2,6,1
1208,ORD101208,P-GRO-009,Grocery,Sunflower Oil 1L,North,Kanpur,SUP-024,3.0,WH-NO-05,1376.0,39.0,360.0,1965.0,58.48,,10.7,No,No,Spring,Cloudy,215.6,0.0,3.0,442.19,0.031,56,2022,3,16,2
1209,ORD101209,P-GRO-009,Grocery,Wheat Flour 5kg,West,Ahmedabad,SUP-009,12.0,WH-WE-03,550.0,74.0,356.0,1801.0,64.86,75.74,19.6,No,No,Autumn,Rainy,82.33,0.0,1.0,471.46,0.089,72,2021,8,7,5
1210,ORD101210,P-BEA-013,Beauty,Sunscreen Lotion,North,Jaipur,SUP-040,16.0,WH-NO-02,138.0,31.0,123.0,760.0,23.08,564.37,7.1,No,No,Summer,Sunny,516.05,0.0,1.0,1535.97,0.078,20,2023,4,11,1
1211,ORD101211,P-BEA-007,Beauty,Hair Oil 250ml,West,Mumbai,SUP-027,7.0,WH-WE-04,307.0,20.0,129.0,623.0,20.43,298.15,24.4,No,No,Winter,Rainy,326.09,0.0,2.0,,0.069,24,2023,1,19,3
1212,ORD101212,P-CLO-015,Clothing,Formal Shirt,South,Hyderabad,SUP-013,10.0,WH-SO-05,354.0,19.0,144.0,567.0,21.77,763.39,41.1,Yes,No,Summer,Sunny,759.5,0.0,0.0,342.06,0.014,31,2023,4,9,6
1213,ORD101213,P-GRO-004,Grocery,Instant Noodles Pack,East,Patna,SUP-005,8.0,WH-EA-03,576.0,26.0,245.0,1012.0,34.05,346.66,4.9,No,No,Winter,Cloudy,333.2,0.0,0.0,297.58,0.131,37,2021,2,4,3
1214,ORD101214,P-GRO-013,Grocery,Toor Dal 1kg,South,Kochi,SUP-024,5.0,WH-SO-05,341.0,38.0,334.0,1277.0,42.76,457.51,4.4,No,No,Autumn,Cloudy,463.84,0.0,24.0,364.03,0.177,45,2022,8,24,2
1215,ORD101215,P-CLO-008,Clothing,Denim Jeans,North,Kanpur,SUP-018,10.0,WH-NO-02,471.0,21.0,132.0,501.0,22.11,559.46,8.8,No,No,Summer,Sunny,622.91,0.0,0.0,321.19,0.114,26,2021,5,12,2
1216,ORD101216,P-GRO-015,Grocery,Wheat Flour 5kg,East,Guwahati,SUP-027,5.0,WH-EA-05,177.0,,242.0,1016.0,37.56,193.45,11.9,Yes,No,Spring,Cloudy,194.24,0.0,3.0,451.78,0.143,45,2024,3,21,3
1217,ORD101217,P-CLO-004,Clothing,Track Pants,West,Nagpur,SUP-024,9.0,WH-WE-01,349.0,10.0,,438.0,13.93,1651.44,5.9,No,No,Summer,Cloudy,1505.02,0.0,0.0,390.84,,9,2021,4,29,3
1218,ORD101218,P-FUR-004,Furniture,Sofa Cushion Set,North,Kanpur,SUP-026,16.0,WH-NO-05,117.0,12.0,61.0,243.0,,16134.93,23.8,No,No,Autumn,Cloudy,16682.41,0.0,8.0,827.23,0.019,6,2024,9,23,0
1219,ORD101219,P-ELE-009,Electronics,Smartphone Charger,South,Coimbatore,SUP-034,34.0,WH-SO-05,116.0,14.0,97.0,486.0,14.67,8245.71,11.6,No,Yes,Summer,Cloudy,8514.94,,6.0,906.27,0.07,14,2021,3,25,3
1220,ORD101220,P-ELE-009,Electronics,Power Bank 10000mAh,South,Hyderabad,SUP-022,6.0,WH-SO-04,127.0,7.0,57.0,284.0,8.39,,,No,No,Autumn,Sunny,8796.64,0.0,1.0,366.28,0.049,11,2023,6,12,0
1221,ORD101221,P-GRO-003,Grocery,Toor Dal 1kg,North,Lucknow,SUP-029,12.0,WH-NO-04,562.0,51.0,403.0,1317.0,48.2,401.91,8.2,No,No,Summer,Sunny,434.76,0.0,,403.49,0.261,60,2022,5,3,1
1222,ORD101222,P-SPO-010,Sports,Yoga Mat,East,Ranchi,SUP-015,11.0,WH-EA-03,54.0,11.0,76.0,296.0,10.65,3108.01,8.2,No,No,Summer,Sunny,2538.84,0.0,1.0,533.16,0.018,7,2021,6,11,4
1223,ORD101223,P-FUR-007,Furniture,Study Table,North,Delhi,SUP-038,14.0,WH-NO-05,41.0,5.0,49.0,141.0,5.56,,8.3,No,No,,Rainy,9162.77,0.0,1.0,372.05,0.051,6,2022,6,7,1
1224,ORD101224,P-ELE-003,Electronics,Home Router,East,Kolkata,SUP-017,10.0,WH-EA-01,124.0,5.0,54.0,219.0,6.94,7286.05,8.4,No,No,Spring,Sunny,7743.23,0.0,1.0,399.67,0.02,8,2021,2,28,6
1225,ORD101225,P-SPO-008,Sports,Cricket Bat,North,Kanpur,SUP-028,12.0,WH-NO-02,,12.0,76.0,328.0,11.57,2413.2,31.7,No,No,Autumn,Sunny,2133.5,0.0,2.0,455.91,0.163,12,2023,10,17,1
1226,ORD101226,P-CLO-011,Clothing,Woolen Sweater,East,Kolkata,SUP-040,9.0,WH-EA-01,172.0,14.0,76.0,436.0,13.02,850.9,10.0,No,No,Autumn,Sunny,749.93,0.0,1.0,377.88,0.085,12,2024,6,26,2
1227,ORD101227,P-CLO-001,Clothing,Men's Cotton T-Shirt,South,Bengaluru,SUP-014,4.0,WH-SO-02,617.0,45.0,281.0,1364.0,41.18,1759.73,10.4,No,No,Summer,Rainy,1900.24,0.0,,184.09,0.096,58,2022,4,27,2
1228,ORD101228,P-SPO-014,Sports,Gym Dumbbells 5kg,South,Hyderabad,SUP-005,6.0,WH-SO-03,217.0,18.0,137.0,535.0,16.99,3590.66,20.8,Yes,No,Autumn,Cloudy,3928.03,0.0,0.0,245.6,0.141,24,2022,10,4,1
1229,ORD101229,P-ELE-010,Electronics,Wireless Earbuds,South,Hyderabad,SUP-010,18.0,WH-SO-02,,11.0,55.0,287.0,10.02,12740.0,13.7,No,No,Autumn,Sunny,14125.88,0.0,2.0,467.58,0.053,12,2021,7,25,6
1230,ORD101230,P-GRO-004,Grocery,Toor Dal 1kg,Central,Bhopal,SUP-010,9.0,WH-CE-03,680.0,36.0,342.0,1791.0,53.82,350.07,2.3,No,No,Winter,Rainy,330.66,0.0,0.0,250.24,0.059,56,2022,12,6,1
1231,ORD101231,P-CLO-012,Clothing,Track Pants,East,Patna,SUP-003,11.0,WH-EA-02,161.0,21.0,72.0,351.0,11.7,1478.44,1.1,Yes,No,Autumn,Rainy,1502.22,0.0,1.0,385.27,0.089,18,2024,10,15,1
1232,ORD101232,P-ELE-013,Electronics,Smartwatch,West,Pune,SUP-022,3.0,WH-WE-02,195.0,11.0,65.0,306.0,,3012.32,8.5,Yes,No,Winter,Rainy,3092.63,0.0,0.0,385.53,0.038,10,2023,2,26,6
1233,ORD101233,P-FUR-015,Furniture,Foldable Bed,North,Lucknow,SUP-012,10.0,WH-NO-03,19.0,6.0,37.0,120.0,4.95,18837.29,16.1,No,No,Autumn,Cloudy,16264.56,0.0,0.0,403.23,0.051,5,2024,7,3,2
1234,ORD101234,P-GRO-012,Grocery,Basmati Rice 5kg,South,Bengaluru,SUP-004,14.0,WH-SO-02,282.0,40.0,245.0,1060.0,34.03,104.54,2.9,No,No,Spring,Sunny,105.86,1.0,2.0,451.71,0.13,32,2024,2,14,2
1235,ORD101235,P-ELE-004,Electronics,Home Router,North,Jaipur,SUP-006,9.0,WH-NO-05,,9.0,64.0,268.0,,6581.58,4.4,Yes,No,Summer,Sunny,6654.61,0.0,0.0,326.7,0.07,16,2021,7,1,3
1236,ORD101236,P-GRO-003,Grocery,Toor Dal 1kg,South,Hyderabad,SUP-011,2.0,WH-SO-05,263.0,24.0,191.0,1023.0,34.51,181.88,1.8,No,No,Spring,Sunny,192.72,0.0,0.0,161.05,0.06,26,2021,3,19,4
1237,ORD101237,P-CLO-004,Clothing,Kids Winter Jacket,West,Nagpur,SUP-015,5.0,WH-WE-05,189.0,14.0,113.0,412.0,14.59,1045.67,12.6,Yes,No,Autumn,Cloudy,997.86,0.0,2.0,196.42,0.025,21,2022,6,15,2
1238,ORD101238,P-ELE-014,Electronics,Home Router,West,Mumbai,SUP-039,7.0,WH-WE-01,117.0,6.0,63.0,199.0,7.85,,22.1,No,No,Autumn,Sunny,,0.0,2.0,388.25,0.097,10,2024,10,5,5
1239,ORD101239,P-ELE-005,Electronics,Laptop Stand,East,Guwahati,SUP-029,11.0,WH-EA-03,36.0,3.0,42.0,188.0,6.29,,22.3,No,No,Autumn,Cloudy,1502.56,0.0,3.0,472.53,0.017,6,2021,9,3,4
1240,ORD101240,P-SPO-005,Sports,Running Shoes,East,Ranchi,SUP-029,4.0,WH-EA-04,97.0,17.0,61.0,238.0,10.15,1624.07,12.4,No,,Summer,Cloudy,1846.21,0.0,0.0,249.62,0.055,10,2021,3,6,5
1241,ORD101241,P-GRO-014,Grocery,Sunflower Oil 1L,North,Chandigarh,SUP-028,4.0,WH-NO-02,513.0,40.0,250.0,933.0,31.85,182.82,15.5,No,No,Autumn,Cloudy,193.74,0.0,2.0,314.42,0.017,65,2024,11,2,5
1242,ORD101242,P-GRO-004,Grocery,Toor Dal 1kg,North,Jaipur,SUP-033,14.0,WH-NO-02,767.0,40.0,325.0,1094.0,38.67,318.77,8.7,No,No,Autumn,Sunny,325.85,2.0,1.0,421.06,0.066,56,2021,10,17,6
1243,ORD101243,P-ELE-007,Electronics,Smartwatch,West,Ahmedabad,SUP-013,2.0,WH-WE-04,122.0,10.0,72.0,331.0,9.76,5614.71,18.0,No,No,Autumn,Rainy,5083.83,0.0,2.0,340.58,0.038,9,2022,6,5,6
1244,ORD101244,P-GRO-005,Grocery,Sunflower Oil 1L,North,Chandigarh,SUP-004,14.0,WH-NO-01,76.0,25.0,,764.0,21.45,395.32,21.7,Yes,No,Spring,Cloudy,353.57,1.0,0.0,344.26,0.125,22,2024,2,14,2
1245,ORD101245,P-GRO-005,Grocery,Toor Dal 1kg,North,Kanpur,SUP-021,6.0,WH-NO-04,517.0,28.0,174.0,750.0,29.51,215.76,15.9,No,No,Summer,Cloudy,243.39,0.0,0.0,295.7,0.053,43,2021,5,24,0
1246,ORD101246,P-FUR-009,Furniture,Dining Chair,Central,Raipur,SUP-001,13.0,WH-CE-03,54.0,4.0,37.0,159.0,4.93,11518.51,19.7,Yes,No,Autumn,Rainy,12327.32,0.0,0.0,291.52,0.101,8,2021,9,7,1
1247,ORD101247,P-GRO-012,Grocery,Masala Mix 200g,Central,Raipur,SUP-009,10.0,WH-CE-04,414.0,45.0,170.0,891.0,31.83,119.92,12.5,Yes,No,Autumn,Sunny,117.19,0.0,1.0,505.0,0.088,29,2023,11,28,1
1248,ORD101248,P-SPO-004,Sports,Skipping Rope,East,Ranchi,SUP-031,10.0,WH-EA-04,182.0,6.0,44.0,229.0,8.0,4100.4,6.8,No,No,Winter,Rainy,3963.67,0.0,1.0,436.08,0.048,8,2021,1,10,6
1249,ORD101249,P-SPO-001,Sports,Cycling Helmet,South,Hyderabad,SUP-021,14.0,WH-SO-03,221.0,24.0,128.0,506.0,17.76,2780.39,29.9,No,,Autumn,Rainy,2829.74,0.0,1.0,411.2,0.091,20,2023,11,6,0
1250,ORD101250,P-ELE-010,Electronics,Home Router,West,Mumbai,SUP-028,12.0,WH-WE-03,240.0,11.0,93.0,363.0,10.71,10996.67,3.5,Yes,No,Spring,Stormy,9813.26,0.0,2.0,439.46,0.043,8,2023,3,4,5
1251,ORD101251,P-ELE-009,Electronics,Smartphone Charger,North,Jaipur,SUP-021,6.0,WH-NO-01,157.0,19.0,142.0,513.0,17.3,8230.14,15.3,No,No,Winter,Sunny,7922.22,1.0,0.0,337.9,0.049,23,2021,12,19,6
1252,ORD101252,P-ELE-010,Electronics,Power Bank 10000mAh,South,Coimbatore,SUP-022,15.0,WH-SO-05,258.0,13.0,106.0,449.0,14.36,6746.2,2.1,No,No,Summer,Sunny,7076.78,0.0,1.0,521.21,0.034,13,2023,6,16,4
1253,ORD101253,P-FUR-007,Furniture,Foldable Bed,South,Chennai,SUP-013,7.0,WH-SO-01,59.0,3.0,22.0,117.0,4.67,10512.7,41.4,No,No,Summer,,11140.36,0.0,3.0,392.5,0.292,6,2022,4,15,4
1254,ORD101254,P-ELE-012,Electronics,Power Bank 10000mAh,Central,Gwalior,SUP-009,21.0,WH-CE-05,167.0,6.0,32.0,192.0,7.25,7540.81,,No,No,Autumn,Rainy,7318.75,0.0,3.0,602.16,0.105,8,2024,10,18,4
1255,ORD101255,P-BEA-010,Beauty,Hair Oil 250ml,Central,Bhopal,SUP-011,19.0,WH-CE-05,382.0,21.0,135.0,561.0,19.79,950.84,3.7,No,No,Summer,Sunny,1072.57,0.0,1.0,489.15,0.039,22,2022,8,30,1
1256,ORD101256,P-BEA-012,Beauty,Face Wash 100ml,East,Patna,SUP-032,9.0,WH-EA-04,273.0,23.0,277.0,939.0,31.32,454.7,2.4,No,No,Winter,Sunny,492.71,0.0,0.0,379.01,0.045,47,2023,12,30,5
1257,ORD101257,P-BEA-011,Beauty,Sunscreen Lotion,North,Kanpur,SUP-040,3.0,WH-NO-04,322.0,18.0,150.0,791.0,24.73,150.97,23.3,No,No,Winter,Stormy,141.69,0.0,0.0,228.73,0.175,28,2022,1,27,3
1258,ORD101258,P-CLO-008,Clothing,Track Pants,East,Guwahati,SUP-004,7.0,WH-EA-01,551.0,29.0,188.0,672.0,23.81,685.32,6.5,Yes,No,Summer,Sunny,615.37,0.0,1.0,377.48,0.29,30,2024,5,2,3
1259,ORD101259,P-SPO-005,Sports,Cricket Bat,South,Coimbatore,SUP-022,5.0,WH-SO-05,246.0,16.0,104.0,485.0,14.17,4393.61,4.7,Yes,No,Spring,Sunny,4602.59,0.0,0.0,298.72,0.168,19,2022,2,27,6
1260,ORD101260,P-ELE-009,Electronics,Smartwatch,West,Surat,SUP-019,7.0,WH-WE-03,191.0,5.0,55.0,253.0,8.67,5237.53,1.6,No,No,Winter,Rainy,5048.95,0.0,0.0,280.29,0.215,7,2023,1,13,4
1261,ORD101261,P-GRO-010,Grocery,Sugar 1kg,North,Delhi,SUP-023,11.0,WH-NO-02,278.0,37.0,180.0,764.0,27.37,198.07,13.7,No,No,Spring,Sunny,187.93,,4.0,446.13,0.002,26,2024,3,17,6
1262,ORD101262,P-GRO-009,Grocery,Toor Dal 1kg,North,Kanpur,SUP-010,8.0,WH-NO-04,1287.0,90.0,341.0,2123.0,65.17,72.1,30.7,No,Yes,Autumn,Cloudy,73.39,0.0,0.0,383.4,0.053,105,2024,9,15,6
1263,ORD101263,P-SPO-008,Sports,Skipping Rope,West,Pune,SUP-001,13.0,WH-WE-03,128.0,19.0,151.0,649.0,20.21,3325.39,11.8,No,No,Winter,Sunny,3516.77,0.0,3.0,523.56,0.188,30,2024,1,4,3
1264,ORD101264,P-CLO-006,Clothing,Women's Kurti,South,Coimbatore,SUP-009,9.0,WH-SO-02,622.0,14.0,181.0,704.0,28.63,1763.66,24.5,Yes,No,Autumn,Cloudy,1875.39,0.0,0.0,346.88,0.032,35,2023,9,3,6
1265,ORD101265,P-BEA-003,Beauty,Moisturizer Cream,West,Nagpur,SUP-008,12.0,WH-WE-02,229.0,8.0,115.0,507.0,14.6,269.98,2.2,No,No,Autumn,Sunny,271.17,0.0,1.0,419.17,0.068,16,2023,10,9,0
1266,ORD101266,P-ELE-007,Electronics,Home Router,North,Lucknow,SUP-003,6.0,WH-NO-01,,7.0,60.0,253.0,8.94,2534.72,9.2,No,No,Autumn,Rainy,2069.57,0.0,0.0,215.75,0.043,6,2022,8,17,2
1267,ORD101267,P-SPO-014,Sports,Gym Dumbbells 5kg,West,Surat,SUP-015,13.0,WH-WE-05,183.0,28.0,139.0,609.0,20.77,1523.03,25.8,Yes,No,Autumn,Sunny,1639.32,0.0,1.0,410.98,0.075,27,2023,10,1,6
1268,ORD101268,P-CLO-011,Clothing,Women's Kurti,North,Delhi,SUP-028,15.0,WH-NO-04,189.0,14.0,66.0,380.0,13.88,1429.97,24.8,No,No,Summer,Sunny,1337.76,0.0,2.0,521.21,0.076,14,2023,4,20,3
1269,ORD101269,P-CLO-012,Clothing,Men's Cotton T-Shirt,North,Jaipur,SUP-039,4.0,WH-NO-02,312.0,14.0,159.0,625.0,21.79,1871.91,16.4,No,No,Spring,Stormy,1918.09,0.0,,268.52,0.145,19,2023,2,2,3
1270,ORD101270,P-SPO-012,Sports,Gym Dumbbells 5kg,South,Hyderabad,SUP-027,3.0,WH-SO-04,236.0,17.0,91.0,300.0,12.07,4837.66,18.7,No,No,Summer,Rainy,4790.38,0.0,2.0,347.46,0.076,16,2022,4,3,6
1271,ORD101271,P-GRO-014,Grocery,Masala Mix 200g,North,Delhi,SUP-008,9.0,WH-NO-04,475.0,30.0,254.0,941.0,30.5,461.77,7.2,No,No,Summer,Cloudy,544.67,0.0,1.0,367.46,0.061,38,2022,5,28,5
1272,ORD101272,P-GRO-004,Grocery,Basmati Rice 5kg,East,Guwahati,SUP-015,7.0,WH-EA-01,560.0,34.0,169.0,774.0,27.58,434.62,7.6,,No,Summer,Rainy,506.17,0.0,0.0,222.45,0.149,41,2021,6,30,2
1273,ORD101273,P-CLO-011,Clothing,Men's Cotton T-Shirt,North,Kanpur,SUP-013,10.0,WH-NO-01,649.0,28.0,225.0,896.0,30.86,1388.78,32.9,Yes,No,,Sunny,1337.73,0.0,0.0,239.54,0.075,35,2023,11,19,6
1274,ORD101274,P-ELE-002,Electronics,Bluetooth Speaker,North,Delhi,SUP-009,7.0,WH-NO-02,168.0,4.0,78.0,346.0,10.51,9184.1,10.7,No,No,Spring,Cloudy,8196.16,0.0,0.0,329.28,0.202,7,2021,2,2,1
1275,ORD101275,P-GRO-004,Grocery,Sunflower Oil 1L,West,Nagpur,SUP-040,12.0,WH-WE-01,332.0,20.0,243.0,1347.0,42.99,418.86,13.2,No,No,Autumn,Rainy,376.42,0.0,1.0,1531.86,0.056,37,2021,6,20,6
1276,ORD101276,P-ELE-001,Electronics,Wireless Earbuds,North,Kanpur,SUP-027,5.0,WH-NO-05,270.0,11.0,97.0,458.0,,12378.57,12.1,Yes,No,,Cloudy,12647.5,0.0,0.0,257.45,0.035,17,2022,3,4,4
1277,ORD101277,P-ELE-007,Electronics,LED TV 43in,East,Bhubaneswar,SUP-020,5.0,WH-EA-01,53.0,5.0,28.0,173.0,4.83,12004.56,0.7,No,No,Summer,Sunny,11486.2,2.0,0.0,224.84,0.032,2,2021,7,26,0
1278,ORD101278,P-SPO-003,Sports,Running Shoes,West,Nagpur,SUP-018,2.0,WH-WE-05,58.0,15.0,79.0,357.0,13.52,2191.43,13.1,Yes,No,Winter,Rainy,1996.63,0.0,2.0,372.2,0.109,19,2024,1,1,0
1279,ORD101279,P-CLO-006,Clothing,Track Pants,North,Lucknow,SUP-013,6.0,WH-NO-03,400.0,46.0,195.0,892.0,29.6,2054.65,4.0,No,No,Summer,Sunny,1968.57,0.0,1.0,248.74,0.092,31,2021,7,4,6
1280,ORD101280,P-GRO-003,Grocery,Wheat Flour 5kg,West,Surat,SUP-017,7.0,WH-WE-01,881.0,42.0,266.0,1429.0,42.33,389.78,19.7,No,No,,Sunny,403.85,0.0,2.0,439.97,0.111,50,2022,10,29,5
1281,ORD101281,P-GRO-001,Grocery,Sugar 1kg,South,Coimbatore,SUP-026,6.0,WH-SO-05,530.0,41.0,294.0,1451.0,42.04,213.73,16.8,Yes,No,Winter,Cloudy,212.39,0.0,0.0,205.58,0.062,63,2023,12,7,3
1282,ORD101282,P-CLO-008,Clothing,Track Pants,South,Hyderabad,SUP-038,17.0,WH-SO-01,214.0,14.0,154.0,515.0,20.17,1486.92,1.6,No,No,Summer,Sunny,1429.54,0.0,1.0,529.21,0.177,14,2023,5,11,3
1283,ORD101283,P-FUR-007,Furniture,Study Table,North,Kanpur,SUP-020,15.0,WH-NO-05,34.0,6.0,37.0,137.0,4.92,10778.63,15.1,Yes,No,Summer,Sunny,10470.89,0.0,2.0,495.51,0.053,5,2023,5,15,0
1284,ORD101284,P-SPO-007,Sports,Skipping Rope,West,Nagpur,SUP-008,14.0,WH-WE-01,,26.0,143.0,610.0,18.28,3899.89,9.5,No,No,Summer,Sunny,3849.37,0.0,1.0,455.37,0.088,27,2022,5,18,2
1285,ORD101285,P-SPO-006,Sports,Football,East,Guwahati,SUP-039,12.0,WH-EA-04,84.0,8.0,65.0,276.0,9.66,1501.01,22.6,Yes,No,Autumn,Sunny,1527.74,0.0,0.0,397.13,0.01,13,2022,10,20,3
1286,ORD101286,P-GRO-007,Grocery,Sugar 1kg,East,Bhubaneswar,SUP-013,14.0,WH-EA-02,1480.0,85.0,573.0,2672.0,88.69,113.52,21.3,No,Yes,Winter,Cloudy,116.07,0.0,0.0,399.48,0.041,131,2024,1,26,4
1287,ORD101287,P-GRO-001,Grocery,Instant Noodles Pack,Central,Jabalpur,SUP-004,7.0,WH-CE-03,72.0,25.0,131.0,655.0,22.98,379.46,15.9,No,No,Autumn,Cloudy,329.42,0.0,1.0,385.97,0.14,12,2022,11,27,6
1288,ORD101288,P-CLO-008,Clothing,Track Pants,South,Hyderabad,SUP-022,18.0,WH-SO-05,,25.0,257.0,995.0,33.25,2080.02,2.9,Yes,No,Autumn,Cloudy,2107.76,0.0,0.0,444.34,0.158,45,2023,10,20,4
1289,ORD101289,P-CLO-013,Clothing,Formal Shirt,West,Surat,SUP-032,9.0,WH-WE-04,528.0,12.0,214.0,523.0,26.72,1486.87,12.7,No,No,Summer,Cloudy,1443.8,0.0,,422.54,0.079,30,2024,4,24,2
1290,ORD101290,P-CLO-003,Clothing,Cotton Saree,West,Mumbai,SUP-011,8.0,WH-WE-02,82.0,26.0,209.0,723.0,25.09,2413.92,13.1,No,Yes,Winter,Sunny,2218.14,0.0,1.0,331.59,0.084,18,2021,12,24,4
1291,ORD101291,P-FUR-003,Furniture,Study Table,Central,Indore,SUP-012,8.0,WH-CE-01,25.0,6.0,35.0,142.0,4.76,15918.25,14.5,No,No,Summer,Sunny,15443.62,0.0,5.0,,0.082,5,2021,6,27,6
1292,ORD101292,P-CLO-012,Clothing,Formal Shirt,Central,Jabalpur,SUP-012,10.0,WH-CE-02,508.0,15.0,135.0,595.0,20.79,2169.68,6.6,No,No,Autumn,Stormy,2370.36,0.0,0.0,363.79,0.125,25,2022,11,8,1
1293,ORD101293,P-GRO-008,Grocery,Masala Mix 200g,Central,Raipur,SUP-033,10.0,WH-CE-05,116.0,36.0,,1108.0,36.53,452.92,1.8,No,No,Summer,Sunny,482.22,0.0,1.0,321.53,0.073,29,2022,7,14,3
1294,ORD101294,P-GRO-004,Grocery,Sunflower Oil 1L,North,Chandigarh,SUP-039,5.0,WH-NO-03,500.0,41.0,141.0,654.0,25.13,495.96,21.1,No,No,Autumn,Sunny,499.82,0.0,0.0,330.49,0.012,35,2021,8,7,5
1295,ORD101295,P-GRO-012,Grocery,Sunflower Oil 1L,West,Nagpur,SUP-034,5.0,WH-WE-04,550.0,68.0,252.0,1571.0,50.98,449.59,12.2,No,No,Winter,Stormy,417.32,0.0,0.0,354.38,0.068,60,2024,1,16,1
1296,ORD101296,P-ELE-005,Electronics,Laptop Stand,West,Pune,SUP-010,11.0,WH-WE-03,78.0,8.0,58.0,250.0,7.15,4113.45,16.3,No,No,Autumn,Sunny,3666.03,0.0,0.0,347.39,0.053,9,2023,7,1,5
1297,ORD101297,P-ELE-010,Electronics,Smartwatch,East,Patna,SUP-034,15.0,WH-EA-03,179.0,8.0,73.0,333.0,9.82,6966.88,23.3,No,No,Summer,Cloudy,6441.96,0.0,3.0,578.84,0.061,11,2023,8,20,6
1298,ORD101298,P-BEA-009,Beauty,Lipstick Set,South,Bengaluru,SUP-013,9.0,WH-SO-01,739.0,41.0,329.0,1117.0,34.78,437.96,24.9,No,No,Autumn,Sunny,438.39,1.0,0.0,460.77,0.039,41,2023,11,3,4
1299,ORD101299,P-GRO-003,Grocery,Sunflower Oil 1L,Central,Indore,SUP-035,8.0,WH-CE-01,286.0,12.0,160.0,715.0,23.24,412.27,10.0,No,No,Autumn,Cloudy,413.37,0.0,0.0,329.79,0.264,21,2022,9,28,2
1300,ORD101300,P-GRO-012,Grocery,Sunflower Oil 1L,North,Chandigarh,SUP-040,12.0,WH-NO-04,92.0,25.0,182.0,719.0,25.79,503.42,9.1,Yes,No,Winter,Sunny,477.19,0.0,1.0,344.44,0.054,25,2023,1,16,0
1301,ORD101301,P-CLO-010,Clothing,Cotton Saree,East,Guwahati,SUP-029,20.0,WH-EA-02,376.0,14.0,122.0,471.0,16.51,821.76,13.4,No,No,Autumn,Cloudy,879.47,0.0,2.0,560.28,0.159,16,2021,11,24,2
1302,ORD101302,P-BEA-004,Beauty,Moisturizer Cream,East,Patna,SUP-039,17.0,WH-EA-02,482.0,26.0,164.0,699.0,21.44,260.37,13.6,No,No,Winter,Rainy,268.38,0.0,1.0,456.05,0.151,32,2023,12,5,1
1303,ORD101303,P-GRO-012,Grocery,Instant Noodles Pack,North,Chandigarh,SUP-006,9.0,WH-NO-02,655.0,14.0,255.0,1197.0,40.5,468.98,18.8,,No,Autumn,Cloudy,369.51,0.0,1.0,388.54,0.141,31,2024,10,14,0
1304,ORD101304,P-BEA-010,Beauty,Lipstick Set,West,Pune,SUP-027,18.0,WH-WE-04,251.0,52.0,205.0,1073.0,29.52,337.11,1.3,No,No,Summer,Sunny,340.05,0.0,5.0,741.79,0.184,40,2024,6,30,6
1305,ORD101305,P-SPO-013,Sports,Badminton Racket,North,Kanpur,SUP-003,7.0,WH-NO-05,398.0,14.0,130.0,413.0,16.67,2260.27,,Yes,Yes,Autumn,Sunny,2396.88,0.0,0.0,198.34,0.066,22,2022,8,19,4
1306,ORD101306,P-CLO-013,Clothing,Women's Kurti,West,Ahmedabad,SUP-027,12.0,WH-WE-04,287.0,33.0,193.0,655.0,22.31,1888.32,20.0,No,No,Summer,Rainy,1918.9,0.0,2.0,540.44,0.245,40,2021,3,14,6
1307,ORD101307,P-FUR-005,Furniture,Sofa Cushion Set,West,Mumbai,SUP-014,9.0,WH-WE-04,116.0,6.0,31.0,146.0,5.14,19399.53,20.4,No,No,Autumn,Rainy,20302.01,0.0,0.0,350.14,0.066,4,2024,7,6,5
1308,ORD101308,P-ELE-015,Electronics,LED TV 43in,South,Coimbatore,SUP-039,6.0,WH-SO-05,63.0,8.0,52.0,231.0,7.15,,24.9,Yes,No,Summer,Sunny,8458.02,0.0,2.0,412.23,0.094,6,2023,4,20,3
1309,ORD101309,P-SPO-001,Sports,Cycling Helmet,West,Pune,SUP-020,8.0,WH-WE-03,431.0,20.0,131.0,608.0,18.45,,7.5,No,No,Winter,Sunny,3750.26,1.0,3.0,465.92,0.045,28,2024,2,11,6
1310,ORD101310,P-GRO-006,Grocery,Toor Dal 1kg,North,Kanpur,SUP-031,7.0,WH-NO-01,863.0,45.0,295.0,1148.0,43.94,569.7,16.9,No,No,Summer,Cloudy,567.68,0.0,1.0,307.14,0.063,42,2022,3,16,2
1311,ORD101311,P-SPO-010,Sports,Skipping Rope,West,Pune,SUP-013,10.0,WH-WE-03,168.0,11.0,107.0,344.0,13.25,3572.42,11.4,No,No,Summer,Rainy,3625.03,0.0,1.0,418.91,0.179,16,2024,6,12,2
1312,ORD101312,P-CLO-009,Clothing,Formal Shirt,Central,Jabalpur,SUP-003,20.0,WH-CE-05,45.0,14.0,116.0,342.0,12.35,546.97,10.5,Yes,No,Summer,Rainy,521.63,0.0,1.0,601.48,0.124,12,2024,5,9,3
1313,ORD101313,P-ELE-004,Electronics,Bluetooth Speaker,North,Jaipur,SUP-030,6.0,WH-NO-04,205.0,93.0,131.0,563.0,17.8,12194.82,29.8,No,Yes,Winter,Cloudy,13260.63,0.0,0.0,363.67,0.141,24,2021,1,25,0
1314,ORD101314,P-ELE-003,Electronics,Bluetooth Speaker,West,Mumbai,SUP-009,11.0,WH-WE-02,330.0,17.0,92.0,464.0,14.82,3590.4,2.3,No,No,Summer,Sunny,3999.07,0.0,2.0,,0.184,12,2023,4,6,3
1315,ORD101315,P-FUR-012,Furniture,Plastic Storage Rack,East,Guwahati,SUP-029,15.0,WH-EA-02,120.0,7.0,36.0,165.0,6.58,14266.05,18.5,No,No,Autumn,Rainy,13660.0,0.0,3.0,515.45,0.048,5,2022,11,29,1
1316,ORD101316,P-CLO-014,Clothing,Formal Shirt,East,Guwahati,SUP-019,10.0,WH-EA-05,199.0,18.0,145.0,645.0,20.88,2299.96,19.6,No,No,Autumn,Rainy,2084.92,0.0,0.0,429.61,0.036,20,2023,8,20,6
1317,ORD101317,P-ELE-011,Electronics,Home Router,West,Ahmedabad,SUP-039,13.0,WH-WE-01,167.0,9.0,80.0,307.0,10.07,2677.69,5.5,,Yes,Winter,Sunny,2389.52,0.0,0.0,458.53,0.069,12,2022,1,15,5
1318,ORD101318,P-BEA-008,Beauty,Hair Oil 250ml,East,Kolkata,SUP-015,12.0,WH-EA-05,,31.0,194.0,854.0,28.64,327.25,3.0,No,No,Summer,Cloudy,337.85,0.0,2.0,515.59,0.136,31,2021,5,24,0
1319,ORD101319,P-BEA-012,Beauty,Face Wash 100ml,East,Bhubaneswar,SUP-017,8.0,WH-EA-04,272.0,26.0,166.0,727.0,22.88,560.55,1.1,Yes,No,Spring,Sunny,586.91,0.0,2.0,329.22,0.106,31,2022,2,5,5
1320,ORD101320,P-CLO-004,Clothing,Men's Cotton T-Shirt,North,Jaipur,SUP-030,10.0,WH-NO-05,133.0,14.0,152.0,516.0,16.82,1027.48,10.6,Yes,No,Winter,Sunny,1061.11,0.0,1.0,358.32,0.093,18,2023,2,7,1
1321,ORD101321,P-CLO-015,Clothing,Men's Cotton T-Shirt,South,Bengaluru,SUP-032,3.0,WH-SO-02,593.0,19.0,209.0,821.0,27.16,1324.21,8.6,No,No,Winter,Rainy,1376.67,0.0,0.0,253.75,0.036,31,2022,1,30,6
1322,ORD101322,P-ELE-002,Electronics,Laptop Stand,West,Pune,SUP-006,5.0,WH-WE-04,133.0,10.0,63.0,298.0,8.91,14029.05,3.3,No,No,Autumn,Sunny,13391.15,0.0,0.0,326.61,0.005,14,2022,11,10,3
1323,ORD101323,P-BEA-009,Beauty,Herbal Shampoo 200ml,North,Jaipur,SUP-030,6.0,WH-NO-02,468.0,,167.0,1032.0,29.84,676.49,22.4,Yes,No,,Rainy,568.78,0.0,0.0,203.38,0.048,29,2022,7,23,5
1324,ORD101324,P-GRO-006,Grocery,Toor Dal 1kg,East,Bhubaneswar,SUP-020,28.0,WH-EA-01,1080.0,48.0,362.0,1327.0,46.13,53.33,23.8,No,No,Autumn,Sunny,51.21,0.0,1.0,591.96,0.042,59,2023,10,12,3
1325,ORD101325,P-SPO-014,Sports,Skipping Rope,North,Kanpur,SUP-040,13.0,WH-NO-03,177.0,15.0,114.0,449.0,15.07,4713.27,1.8,No,No,Summer,Sunny,5336.88,0.0,1.0,441.56,0.063,17,2022,8,24,2
1326,ORD101326,P-GRO-004,Grocery,Sunflower Oil 1L,West,Pune,SUP-026,2.0,WH-WE-05,652.0,42.0,270.0,1098.0,34.3,130.67,4.3,No,No,Summer,Cloudy,133.44,0.0,0.0,166.13,0.275,39,2021,7,31,5
1327,ORD101327,P-CLO-010,Clothing,Women's Kurti,East,Guwahati,SUP-031,,WH-EA-02,442.0,14.0,113.0,584.0,19.85,296.28,27.3,,No,Summer,,306.34,0.0,1.0,1046.41,0.048,21,2023,7,16,6
1328,ORD101328,P-GRO-003,Grocery,Basmati Rice 5kg,South,Hyderabad,SUP-014,3.0,WH-SO-01,985.0,46.0,424.0,1955.0,60.92,368.86,11.6,No,Yes,Autumn,Cloudy,395.56,0.0,4.0,398.39,0.045,66,2021,11,7,6
1329,ORD101329,P-ELE-003,Electronics,LED TV 43in,South,Chennai,SUP-012,8.0,WH-SO-05,122.0,6.0,56.0,224.0,7.38,2869.22,7.0,No,No,Spring,Sunny,2676.39,1.0,1.0,239.0,0.093,10,2022,3,15,1
1330,ORD101330,P-BEA-007,Beauty,Face Wash 100ml,South,Kochi,SUP-032,8.0,WH-SO-05,344.0,24.0,133.0,790.0,24.44,784.83,11.4,No,No,Autumn,Cloudy,798.86,0.0,2.0,413.74,0.104,30,2023,10,30,0
1331,ORD101331,P-CLO-012,Clothing,Cotton Saree,Central,Gwalior,SUP-001,2.0,WH-CE-05,144.0,23.0,202.0,907.0,28.33,2202.16,10.6,Yes,No,Winter,Stormy,2292.4,0.0,0.0,219.21,0.027,36,2022,2,3,3
1332,ORD101332,P-CLO-005,Clothing,Cotton Saree,East,Bhubaneswar,SUP-024,14.0,WH-EA-05,245.0,21.0,210.0,766.0,25.74,2383.03,25.1,No,No,Summer,Sunny,2205.25,0.0,4.0,476.89,0.012,22,2021,4,1,3
1333,ORD101333,P-SPO-011,Sports,Football,South,Chennai,SUP-039,3.0,WH-SO-05,143.0,16.0,80.0,414.0,12.66,4049.76,0.4,Yes,No,Autumn,Sunny,4167.64,0.0,1.0,248.86,0.109,13,2022,6,11,5
1334,ORD101334,P-SPO-009,Sports,Gym Dumbbells 5kg,West,Nagpur,SUP-040,9.0,WH-WE-05,81.0,9.0,74.0,294.0,9.16,1823.66,20.0,No,No,Autumn,Rainy,2012.64,0.0,1.0,420.47,0.268,9,2022,7,21,3
1335,ORD101335,P-BEA-015,Beauty,Moisturizer Cream,South,Bengaluru,SUP-029,11.0,WH-SO-05,354.0,282.0,271.0,1425.0,38.56,1100.32,25.1,No,No,Autumn,Sunny,1065.05,0.0,0.0,342.84,0.045,50,2023,9,30,5
1336,ORD101336,P-ELE-005,Electronics,Wireless Earbuds,South,Bengaluru,SUP-020,5.0,WH-SO-04,362.0,16.0,117.0,403.0,16.45,14845.36,9.4,Yes,No,Autumn,Sunny,12799.83,0.0,0.0,274.06,0.047,21,2023,11,2,3
1337,ORD101337,P-CLO-004,Clothing,Formal Shirt,South,Bengaluru,SUP-033,6.0,WH-SO-02,535.0,27.0,271.0,1080.0,33.75,1308.63,21.4,Yes,No,Winter,Rainy,1326.7,0.0,1.0,344.82,0.233,48,2021,1,1,4
1338,ORD101338,P-SPO-014,Sports,Running Shoes,North,Jaipur,SUP-001,,WH-NO-03,314.0,18.0,83.0,439.0,13.26,4357.48,20.0,No,No,Winter,Sunny,4128.61,0.0,1.0,245.33,0.196,17,2024,1,11,3
1339,ORD101339,P-GRO-005,Grocery,Sunflower Oil 1L,West,Mumbai,SUP-032,7.0,WH-WE-02,710.0,48.0,309.0,2008.0,54.74,270.58,6.5,No,No,Winter,Cloudy,274.5,0.0,0.0,388.7,0.059,73,2023,12,28,3
1340,ORD101340,P-ELE-004,Electronics,Power Bank 10000mAh,West,Surat,SUP-008,5.0,WH-WE-03,136.0,9.0,54.0,228.0,8.03,9305.42,25.5,Yes,No,Autumn,Sunny,8678.5,0.0,1.0,340.85,0.07,8,2021,9,11,5
1341,ORD101341,P-BEA-013,Beauty,Talcum Powder,Central,Bhopal,SUP-030,4.0,WH-CE-04,405.0,31.0,189.0,780.0,25.73,856.88,15.3,No,No,Summer,Cloudy,861.06,0.0,3.0,403.38,0.091,29,2022,5,11,2
1342,ORD101342,P-CLO-013,Clothing,Men's Cotton T-Shirt,West,Surat,SUP-014,6.0,WH-WE-02,613.0,24.0,190.0,736.0,25.73,672.79,5.5,Yes,Yes,Winter,Cloudy,738.84,0.0,0.0,327.11,0.031,47,2024,1,26,4
1343,ORD101343,P-CLO-001,Clothing,Women's Kurti,South,Coimbatore,SUP-031,10.0,WH-SO-01,,16.0,130.0,627.0,17.74,1811.04,2.3,Yes,No,Summer,Cloudy,1807.01,0.0,2.0,423.56,0.041,18,2023,4,22,5
1344,ORD101344,P-SPO-013,Sports,Yoga Mat,South,Kochi,SUP-025,13.0,WH-SO-04,140.0,10.0,84.0,376.0,13.57,4629.03,26.6,No,No,Summer,Cloudy,4018.31,0.0,0.0,392.53,0.028,11,2022,5,12,3
1345,ORD101345,P-FUR-010,Furniture,Dining Chair,East,Patna,SUP-038,9.0,WH-EA-05,85.0,5.0,34.0,128.0,,7813.86,19.1,Yes,No,Winter,Sunny,8048.73,0.0,0.0,470.38,0.147,10,2024,1,18,3
1346,ORD101346,P-CLO-005,Clothing,Women's Kurti,Central,Bhopal,SUP-032,,WH-CE-05,391.0,15.0,133.0,495.0,19.3,918.16,17.2,,No,Summer,Sunny,919.62,1.0,0.0,217.41,0.018,24,2023,7,12,2
1347,ORD101347,P-GRO-009,Grocery,Toor Dal 1kg,West,,SUP-037,9.0,WH-WE-01,202.0,34.0,322.0,808.0,37.39,237.28,14.4,Yes,No,Winter,Rainy,241.33,0.0,3.0,490.72,0.095,42,2023,1,17,1
1348,ORD101348,P-GRO-004,Grocery,Tea Powder 500g,East,Bhubaneswar,SUP-007,6.0,WH-EA-03,1054.0,62.0,549.0,2077.0,69.17,1593.41,17.7,Yes,No,Winter,Rainy,496.08,0.0,3.0,346.47,0.05,93,2021,1,9,5
1349,ORD101349,P-ELE-003,Electronics,Smartphone Charger,West,Nagpur,SUP-016,5.0,WH-WE-03,95.0,9.0,84.0,329.0,11.09,7885.78,11.2,No,No,Summer,Rainy,7554.53,0.0,1.0,397.78,0.016,8,2023,8,4,4
1350,ORD101350,P-BEA-002,Beauty,Face Wash 100ml,West,Mumbai,SUP-018,13.0,WH-WE-03,543.0,27.0,174.0,747.0,25.5,318.45,0.4,Yes,No,Autumn,Cloudy,311.11,0.0,4.0,559.32,0.293,29,2021,9,20,0
1351,ORD101351,P-BEA-003,Beauty,Face Wash 100ml,Central,Raipur,SUP-002,7.0,WH-CE-04,314.0,22.0,107.0,513.0,16.11,594.11,14.3,Yes,No,Autumn,Cloudy,545.18,0.0,1.0,,0.148,24,2024,9,6,4
1352,ORD101352,P-GRO-009,Grocery,Basmati Rice 5kg,West,Mumbai,SUP-001,6.0,WH-WE-03,625.0,50.0,277.0,1324.0,40.97,344.6,14.1,No,No,Autumn,Cloudy,349.93,0.0,1.0,,0.11,41,2021,10,4,0
1353,ORD101353,P-GRO-013,Grocery,Tea Powder 500g,South,Hyderabad,SUP-002,6.0,WH-SO-05,710.0,17.0,306.0,1174.0,42.03,339.57,19.3,Yes,No,Winter,Cloudy,344.11,0.0,2.0,433.14,0.162,56,2021,2,13,5
1354,ORD101354,P-SPO-008,Sports,Cycling Helmet,South,Bengaluru,SUP-031,9.0,WH-SO-05,297.0,,104.0,391.0,12.95,4784.25,4.1,No,No,Summer,Sunny,4684.84,0.0,0.0,354.85,0.122,16,2022,7,4,0
1355,ORD101355,P-ELE-001,Electronics,LED TV 43in,East,Guwahati,SUP-018,6.0,WH-EA-04,27.0,11.0,36.0,198.0,6.68,3482.94,1.3,No,,,Sunny,3691.1,0.0,0.0,342.47,0.145,6,2022,5,26,3
1356,ORD101356,P-CLO-007,Clothing,Denim Jeans,South,Coimbatore,SUP-031,8.0,WH-SO-03,290.0,17.0,110.0,508.0,16.92,2410.01,26.2,No,No,Summer,Sunny,2210.13,0.0,2.0,485.12,0.105,17,2022,5,30,0
1357,ORD101357,P-CLO-012,Clothing,Women's Kurti,Central,Bhopal,SUP-034,3.0,WH-CE-03,92.0,19.0,175.0,728.0,21.11,950.1,19.3,Yes,No,Autumn,Sunny,959.75,1.0,2.0,371.85,,25,2024,9,16,0
1358,ORD101358,P-FUR-013,Furniture,TV Unit,East,Bhubaneswar,SUP-002,10.0,WH-EA-05,153.0,9.0,41.0,200.0,6.41,11060.84,11.9,Yes,No,Spring,Cloudy,11592.74,0.0,2.0,403.83,0.131,8,2022,2,6,6
1359,ORD101359,P-ELE-011,Electronics,Home Router,South,Hyderabad,SUP-034,6.0,WH-SO-02,86.0,7.0,46.0,247.0,7.45,13019.19,16.9,No,No,Summer,Sunny,12454.62,0.0,1.0,411.14,0.136,6,2024,5,8,2
1360,ORD101360,P-FUR-006,Furniture,Sofa Cushion Set,South,Coimbatore,SUP-010,10.0,WH-SO-05,56.0,41.0,46.0,167.0,5.7,7183.26,3.5,No,No,Summer,Cloudy,6393.94,0.0,0.0,377.73,0.291,5,2021,8,26,3
1361,ORD101361,P-GRO-010,Grocery,Toor Dal 1kg,East,Bhubaneswar,SUP-017,22.0,WH-EA-03,59.0,20.0,159.0,561.0,21.09,77.41,10.3,No,No,Summer,Stormy,66.91,0.0,2.0,580.32,0.126,13,2023,6,21,2
1362,ORD101362,P-FUR-002,Furniture,Office Chair,East,Bhubaneswar,SUP-039,11.0,WH-EA-01,,5.0,30.0,137.0,4.12,13593.02,33.7,Yes,No,Summer,Rainy,13761.92,0.0,1.0,431.24,0.013,4,2021,7,11,6
1363,ORD101363,P-ELE-007,Electronics,Home Router,North,Kanpur,SUP-013,12.0,WH-NO-04,390.0,13.0,121.0,509.0,15.8,3244.74,19.9,No,No,Winter,Rainy,3684.47,0.0,1.0,444.13,0.096,21,2021,12,2,3
1364,ORD101364,P-CLO-009,Clothing,Men's Cotton T-Shirt,West,Ahmedabad,SUP-038,20.0,WH-WE-02,613.0,40.0,206.0,878.0,30.74,1545.38,11.1,Yes,No,Autumn,Rainy,1470.0,,1.0,548.03,0.15,53,2021,8,5,3
1365,ORD101365,P-CLO-001,Clothing,Women's Kurti,South,Kochi,SUP-021,9.0,WH-SO-03,578.0,24.0,171.0,715.0,24.27,361.25,6.1,No,No,Summer,Sunny,374.29,0.0,3.0,374.73,0.048,29,2022,4,28,3
1366,ORD101366,P-GRO-001,Grocery,Sugar 1kg,South,Kochi,SUP-001,9.0,WH-SO-05,366.0,33.0,225.0,1004.0,31.72,303.71,7.6,No,No,Autumn,,244.78,0.0,1.0,446.52,0.13,27,2022,11,3,3
1367,ORD101367,P-ELE-013,Electronics,Smartphone Charger,North,Kanpur,SUP-034,,WH-NO-04,71.0,9.0,49.0,230.0,7.41,6498.0,16.6,No,No,Summer,Cloudy,6692.04,0.0,1.0,420.19,0.069,9,2024,6,7,4
1368,ORD101368,P-ELE-004,Electronics,Wireless Earbuds,East,Ranchi,SUP-002,16.0,WH-EA-04,128.0,8.0,48.0,216.0,7.28,1482.09,16.9,Yes,No,Winter,Stormy,1353.04,1.0,1.0,444.46,0.051,9,2024,1,10,2
1369,ORD101369,P-GRO-002,Grocery,Tea Powder 500g,West,Surat,SUP-026,11.0,WH-WE-01,1299.0,68.0,434.0,1909.0,71.45,384.41,12.2,Yes,Yes,Autumn,Cloudy,372.31,0.0,22.0,395.4,0.027,148,2023,10,18,2
1370,ORD101370,P-ELE-009,Electronics,Wireless Earbuds,West,Ahmedabad,SUP-019,5.0,WH-WE-05,347.0,9.0,95.0,523.0,14.65,1120.18,16.7,No,,,Sunny,1127.25,0.0,0.0,295.38,0.083,17,2022,12,16,4
1371,ORD101371,P-SPO-005,Sports,Yoga Mat,North,Chandigarh,SUP-006,10.0,WH-NO-02,109.0,14.0,95.0,435.0,14.52,4532.16,5.8,No,No,Winter,Rainy,3930.0,1.0,1.0,296.62,0.048,13,2022,2,22,1
1372,ORD101372,P-GRO-015,Grocery,Sugar 1kg,Central,Indore,SUP-021,8.0,WH-CE-01,611.0,35.0,,1312.0,39.21,204.05,15.0,Yes,No,Summer,Cloudy,255.4,0.0,0.0,,0.161,52,2022,3,10,3
1373,ORD101373,P-BEA-015,Beauty,Herbal Shampoo 200ml,West,Nagpur,SUP-015,13.0,WH-WE-05,370.0,23.0,177.0,526.0,23.21,902.46,11.5,Yes,No,Autumn,Sunny,858.76,0.0,2.0,494.32,0.13,33,2021,7,13,1
1374,ORD101374,P-SPO-013,Sports,Skipping Rope,South,Coimbatore,SUP-004,8.0,WH-SO-01,294.0,15.0,115.0,415.0,15.77,3568.23,0.7,No,No,Autumn,Cloudy,3741.51,0.0,2.0,499.29,0.094,14,2023,8,30,2
1375,ORD101375,P-ELE-005,Electronics,Wireless Earbuds,North,Kanpur,SUP-023,18.0,WH-NO-02,305.0,17.0,108.0,419.0,12.59,11159.99,12.6,No,No,Winter,Cloudy,12492.64,0.0,1.0,515.76,0.108,16,2024,2,15,3
1376,ORD101376,P-FUR-014,Furniture,Foldable Bed,South,Coimbatore,SUP-002,7.0,WH-SO-01,198.0,10.0,48.0,254.0,8.63,19985.56,20.9,No,No,Summer,Cloudy,20454.33,0.0,1.0,447.14,0.054,10,2023,3,12,6
1377,ORD101377,P-SPO-004,Sports,Cricket Bat,West,Ahmedabad,SUP-022,6.0,WH-WE-04,260.0,12.0,81.0,451.0,13.59,4040.33,30.6,No,Yes,Summer,Rainy,3643.5,0.0,0.0,274.1,0.045,13,2023,4,22,5
1378,ORD101378,P-FUR-004,Furniture,Sofa Cushion Set,South,Chennai,SUP-010,5.0,WH-SO-05,103.0,,70.0,246.0,8.72,17501.35,15.1,Yes,No,Autumn,Cloudy,17645.15,0.0,1.0,1170.95,0.046,13,2022,6,29,2
1379,ORD101379,P-CLO-015,Clothing,Track Pants,South,Kochi,SUP-034,12.0,WH-SO-03,446.0,57.0,229.0,1182.0,39.93,2477.07,3.4,No,No,Autumn,Rainy,2112.91,0.0,1.0,321.97,0.076,35,2024,11,8,4
1380,ORD101380,P-CLO-011,Clothing,Track Pants,West,Surat,SUP-039,,WH-WE-05,270.0,12.0,106.0,424.0,15.3,1546.36,5.2,Yes,No,,Sunny,1505.41,0.0,0.0,272.17,0.17,18,2024,7,20,5
1381,ORD101381,P-ELE-002,Electronics,LED TV 43in,West,Nagpur,SUP-038,8.0,WH-WE-05,73.0,6.0,44.0,215.0,6.53,3749.95,10.6,No,No,Summer,Sunny,4253.01,0.0,2.0,377.15,0.089,8,2022,8,17,2
1382,ORD101382,P-CLO-014,Clothing,Women's Kurti,East,Bhubaneswar,SUP-038,6.0,WH-EA-05,550.0,22.0,242.0,816.0,28.13,2444.46,11.9,No,No,Winter,Sunny,2168.49,0.0,2.0,337.36,0.033,30,2024,1,9,1
1383,ORD101383,P-SPO-003,Sports,Cycling Helmet,West,Ahmedabad,SUP-005,8.0,WH-WE-01,309.0,15.0,92.0,431.0,13.27,3344.91,5.8,No,No,Summer,Cloudy,3124.37,0.0,0.0,,0.124,17,2022,5,25,2
1384,ORD101384,P-SPO-011,Sports,Running Shoes,North,Delhi,SUP-021,13.0,WH-NO-02,215.0,22.0,93.0,461.0,,1802.66,12.0,Yes,No,Autumn,Rainy,2069.97,0.0,1.0,378.43,0.107,15,2021,6,30,2
1385,ORD101385,P-ELE-007,Electronics,Smartphone Charger,West,Mumbai,SUP-009,5.0,WH-WE-02,230.0,18.0,96.0,389.0,13.23,9331.23,16.0,No,No,Summer,Cloudy,9201.16,0.0,0.0,221.38,0.012,19,2022,3,1,1
1386,ORD101386,P-FUR-001,Furniture,Study Table,South,Coimbatore,SUP-004,12.0,WH-SO-04,,4.0,29.0,140.0,4.71,10245.79,,No,No,Summer,Sunny,9513.26,0.0,0.0,381.34,0.158,3,2024,5,4,5
1387,ORD101387,P-GRO-012,Grocery,Wheat Flour 5kg,North,Lucknow,SUP-016,3.0,WH-NO-05,759.0,55.0,298.0,1310.0,46.06,181.44,8.2,Yes,No,Winter,Cloudy,187.09,0.0,0.0,282.95,0.028,67,2022,12,6,1
1388,ORD101388,P-SPO-011,Sports,Running Shoes,Central,Bhopal,SUP-018,2.0,WH-CE-02,105.0,11.0,48.0,293.0,,4135.65,4.7,No,No,Autumn,Stormy,3980.55,0.0,4.0,473.07,0.082,8,2024,6,18,1
1389,ORD101389,P-ELE-014,Electronics,LED TV 43in,North,Jaipur,SUP-012,12.0,WH-NO-04,239.0,,86.0,332.0,11.19,11072.34,9.1,No,No,Summer,Sunny,8666.57,0.0,2.0,483.29,,10,2022,4,17,6
1390,ORD101390,P-SPO-010,Sports,Skipping Rope,North,Jaipur,SUP-005,7.0,WH-NO-01,86.0,12.0,136.0,514.0,17.56,1369.57,9.2,No,No,Autumn,Sunny,1220.51,0.0,1.0,250.75,0.094,12,2022,11,4,4
1391,ORD101391,P-BEA-012,Beauty,Sunscreen Lotion,East,,SUP-017,12.0,WH-EA-03,404.0,28.0,136.0,592.0,22.19,710.64,1.7,Yes,No,Summer,Cloudy,827.58,0.0,1.0,439.0,0.102,35,2021,4,17,5
1392,ORD101392,P-ELE-014,Electronics,Home Router,South,Hyderabad,SUP-007,10.0,WH-SO-04,61.0,5.0,61.0,256.0,9.03,7783.37,10.7,Yes,No,Spring,Cloudy,7987.7,0.0,1.0,470.06,0.293,5,2024,2,15,3
1393,ORD101393,P-ELE-015,Electronics,Power Bank 10000mAh,North,Chandigarh,SUP-002,7.0,WH-NO-02,185.0,9.0,64.0,258.0,8.99,10121.32,11.0,Yes,No,Summer,Sunny,11306.48,1.0,1.0,362.4,0.042,13,2022,4,2,5
1394,ORD101394,P-BEA-009,Beauty,Lipstick Set,East,Kolkata,SUP-019,6.0,WH-EA-01,336.0,25.0,113.0,678.0,20.37,286.29,2.1,Yes,,Summer,Sunny,262.72,0.0,0.0,363.74,0.183,26,2021,5,14,4
1395,ORD101395,P-ELE-001,Electronics,Power Bank 10000mAh,West,Surat,SUP-003,11.0,WH-WE-03,115.0,77.0,77.0,296.0,10.16,4224.31,32.5,No,No,Autumn,Cloudy,4205.71,0.0,0.0,345.69,0.153,10,2021,11,16,1
1396,ORD101396,P-CLO-006,Clothing,Formal Shirt,West,Pune,SUP-039,7.0,WH-WE-04,363.0,28.0,170.0,838.0,28.96,,11.1,Yes,No,Autumn,Sunny,914.1,1.0,1.0,310.88,0.058,43,2023,8,31,3
1397,ORD101397,P-SPO-010,Sports,Cricket Bat,North,Kanpur,SUP-034,9.0,WH-NO-05,73.0,12.0,45.0,280.0,8.66,2327.13,13.3,Yes,No,Summer,Sunny,2225.24,0.0,2.0,383.48,0.142,10,2024,4,6,5
1398,ORD101398,P-CLO-002,Clothing,Denim Jeans,East,Kolkata,SUP-038,2.0,WH-EA-04,299.0,229.0,204.0,867.0,28.83,1436.11,39.6,Yes,,Autumn,Sunny,1460.26,0.0,1.0,301.53,0.008,51,2024,10,26,5
1399,ORD101399,P-GRO-002,Grocery,Toor Dal 1kg,West,Nagpur,SUP-005,8.0,WH-WE-04,322.0,82.0,379.0,1327.0,49.62,352.84,23.2,No,No,Winter,Sunny,321.37,,0.0,265.85,0.088,49,2021,12,11,5
1400,ORD101400,P-CLO-006,Clothing,Woolen Sweater,North,Delhi,SUP-019,9.0,WH-NO-03,365.0,24.0,283.0,1235.0,35.64,291.37,21.9,No,No,Summer,Sunny,319.56,0.0,2.0,397.41,0.054,49,2023,5,13,5
1401,ORD101401,P-ELE-014,Electronics,Power Bank 10000mAh,North,Jaipur,SUP-033,7.0,WH-NO-05,126.0,8.0,75.0,285.0,10.06,12413.64,23.7,No,No,Autumn,Rainy,12877.67,0.0,3.0,448.85,0.045,10,2022,11,2,2
1402,ORD101402,P-SPO-005,Sports,Football,North,Jaipur,SUP-024,10.0,WH-NO-05,136.0,17.0,112.0,548.0,17.77,1914.46,2.8,No,Yes,Autumn,Sunny,1887.79,0.0,1.0,470.84,0.024,22,2023,11,12,6
1403,ORD101403,P-GRO-015,Grocery,Basmati Rice 5kg,East,Bhubaneswar,SUP-013,15.0,WH-EA-05,135.0,58.0,370.0,1299.0,41.44,551.58,10.5,No,,Autumn,Cloudy,557.46,0.0,2.0,455.04,0.133,43,2023,9,10,6
1404,ORD101404,P-ELE-013,Electronics,Smartwatch,North,Lucknow,SUP-034,4.0,WH-NO-05,133.0,8.0,47.0,154.0,6.6,3728.52,2.8,Yes,No,Summer,Cloudy,3638.33,0.0,0.0,345.74,0.065,9,2021,4,13,1
1405,ORD101405,P-GRO-005,Grocery,Tea Powder 500g,West,Mumbai,SUP-013,14.0,WH-WE-03,717.0,30.0,209.0,1006.0,34.67,114.01,12.7,No,No,Autumn,,98.29,0.0,1.0,539.73,0.06,42,2021,8,7,5
1406,ORD101406,P-SPO-004,Sports,Running Shoes,Central,Indore,SUP-039,9.0,WH-CE-05,232.0,7.0,84.0,294.0,10.42,1109.1,3.4,,No,Summer,Cloudy,1021.2,0.0,1.0,311.46,0.017,10,2023,5,13,5
1407,ORD101407,P-ELE-013,Electronics,LED TV 43in,North,Jaipur,SUP-005,4.0,WH-NO-04,60.0,6.0,64.0,231.0,8.75,9186.71,34.8,,No,Spring,Sunny,9054.37,1.0,4.0,391.89,0.131,7,2023,2,16,3
1408,ORD101408,P-SPO-012,Sports,Skipping Rope,East,Guwahati,SUP-029,,WH-EA-04,91.0,24.0,144.0,466.0,15.72,4054.87,35.3,No,No,Autumn,Rainy,3940.42,0.0,1.0,401.36,0.095,17,2024,7,18,3
1409,ORD101409,P-FUR-010,Furniture,Plastic Storage Rack,North,Delhi,SUP-001,18.0,WH-NO-04,47.0,6.0,50.0,174.0,5.75,7830.41,15.0,No,No,Summer,Cloudy,8236.08,0.0,2.0,490.72,0.066,8,2024,5,22,2
1410,ORD101410,P-BEA-015,Beauty,Moisturizer Cream,North,Delhi,SUP-037,3.0,WH-NO-01,158.0,38.0,235.0,1127.0,35.66,966.25,,No,No,Summer,Sunny,1009.57,0.0,1.0,300.56,0.044,26,2021,3,27,5
1411,ORD101411,P-SPO-002,Sports,Badminton Racket,West,Ahmedabad,SUP-015,4.0,WH-WE-05,141.0,5.0,43.0,230.0,7.59,2518.05,12.4,No,No,Summer,Rainy,2405.27,0.0,0.0,312.16,0.074,3,2023,5,4,3
1412,ORD101412,P-BEA-006,Beauty,Talcum Powder,South,Hyderabad,SUP-001,13.0,WH-SO-02,771.0,43.0,277.0,1277.0,42.77,316.31,10.0,No,No,Autumn,Sunny,292.09,0.0,1.0,439.49,0.147,41,2022,8,18,3
1413,ORD101413,P-SPO-010,Sports,Badminton Racket,Central,Jabalpur,SUP-034,12.0,WH-CE-04,83.0,8.0,49.0,377.0,10.82,2776.84,10.9,No,,Winter,Sunny,2944.52,0.0,3.0,497.05,0.064,10,2022,12,6,1
1414,ORD101414,P-ELE-002,Electronics,Smartwatch,East,Guwahati,SUP-039,5.0,WH-EA-05,177.0,10.0,65.0,265.0,9.17,12669.26,7.3,No,No,Summer,Sunny,12861.12,0.0,0.0,371.57,0.169,9,2021,4,5,0
1415,ORD101415,P-BEA-015,Beauty,Talcum Powder,North,Chandigarh,SUP-037,9.0,WH-NO-01,309.0,30.0,269.0,835.0,33.47,478.74,11.7,,No,Summer,Cloudy,454.93,0.0,0.0,304.46,0.151,32,2024,5,10,4
1416,ORD101416,P-CLO-009,Clothing,Men's Cotton T-Shirt,South,Hyderabad,SUP-020,7.0,WH-SO-02,307.0,12.0,107.0,422.0,15.3,1984.35,5.4,No,No,Summer,Cloudy,1803.06,0.0,0.0,313.39,0.221,16,2021,8,30,0
1417,ORD101417,P-CLO-005,Clothing,Kids Winter Jacket,North,Jaipur,SUP-003,4.0,WH-NO-05,300.0,41.0,229.0,1018.0,30.51,,16.2,No,No,Autumn,Cloudy,590.86,0.0,0.0,254.29,0.131,38,2024,10,15,1
1418,ORD101418,P-SPO-004,Sports,Running Shoes,West,Ahmedabad,SUP-010,6.0,WH-WE-02,240.0,26.0,146.0,551.0,18.74,,11.5,No,No,Autumn,Rainy,2742.98,0.0,,287.83,0.08,22,2024,9,22,6
1419,ORD101419,P-SPO-001,Sports,Cycling Helmet,West,Surat,SUP-002,3.0,WH-WE-04,514.0,27.0,198.0,632.0,23.09,3540.03,9.6,Yes,No,Summer,Stormy,4017.74,2.0,0.0,197.99,0.064,36,2024,4,14,6
1420,ORD101420,P-FUR-009,Furniture,Study Table,South,,SUP-002,16.0,WH-SO-03,,3.0,43.0,194.0,6.02,9875.6,9.4,,No,Summer,Sunny,9708.18,0.0,1.0,499.32,0.119,5,2021,6,21,0
1421,ORD101421,P-CLO-015,Clothing,Cotton Saree,East,Ranchi,SUP-007,9.0,WH-EA-05,110.0,12.0,123.0,631.0,18.2,1206.99,10.5,No,No,Autumn,Rainy,1126.56,0.0,0.0,431.81,0.009,15,2022,8,20,5
1422,ORD101422,P-CLO-001,Clothing,Track Pants,West,Nagpur,SUP-023,,WH-WE-03,225.0,14.0,129.0,595.0,20.22,1757.58,26.7,Yes,No,Winter,Sunny,2060.9,0.0,9.0,692.12,0.037,27,2021,2,4,3
1423,ORD101423,P-GRO-007,Grocery,Wheat Flour 5kg,West,Ahmedabad,SUP-031,8.0,WH-WE-03,336.0,57.0,315.0,1158.0,36.23,220.01,29.1,No,No,Summer,Stormy,213.46,0.0,0.0,259.39,0.021,37,2023,6,13,1
1424,ORD101424,P-GRO-010,Grocery,Sugar 1kg,North,Chandigarh,SUP-024,6.0,WH-NO-01,491.0,51.0,248.0,1337.0,38.82,81.98,10.5,No,No,Summer,Sunny,76.77,0.0,1.0,288.61,0.063,52,2024,6,16,6
1425,ORD101425,P-GRO-007,Grocery,Toor Dal 1kg,North,Chandigarh,SUP-009,7.0,WH-NO-03,353.0,61.0,389.0,1576.0,43.48,228.96,14.0,No,No,Spring,Sunny,221.5,0.0,0.0,317.05,0.19,59,2023,2,9,3
1426,ORD101426,P-ELE-010,Electronics,Laptop Stand,North,Kanpur,SUP-025,7.0,WH-NO-03,43.0,9.0,79.0,378.0,11.92,12063.45,21.3,No,No,Winter,Sunny,11622.3,0.0,0.0,266.0,0.05,14,2021,2,3,2
1427,ORD101427,P-ELE-011,Electronics,Bluetooth Speaker,South,Bengaluru,SUP-010,12.0,WH-SO-04,168.0,4.0,43.0,209.0,6.99,1528.03,4.2,No,No,Spring,Sunny,1683.35,1.0,,440.28,0.258,6,2022,3,20,6
1428,ORD101428,P-BEA-015,Beauty,Herbal Shampoo 200ml,South,Chennai,SUP-019,5.0,WH-SO-04,629.0,35.0,198.0,791.0,26.53,907.03,12.0,No,No,Autumn,Rainy,785.58,,2.0,388.18,0.072,26,2021,9,6,0
1429,ORD101429,P-CLO-010,Clothing,Track Pants,North,Jaipur,SUP-036,15.0,WH-NO-04,241.0,7.0,163.0,,22.49,434.77,27.2,No,No,,Sunny,455.45,1.0,0.0,403.91,0.013,27,2022,9,29,3
1430,ORD101430,P-SPO-011,Sports,Football,South,Coimbatore,SUP-006,5.0,WH-SO-03,124.0,9.0,46.0,227.0,8.66,1126.71,0.9,No,No,Autumn,Sunny,1125.72,0.0,1.0,182.78,0.063,10,2022,6,28,1
1431,ORD101431,P-FUR-005,Furniture,Office Chair,South,Chennai,SUP-035,19.0,WH-SO-01,120.0,9.0,57.0,231.0,7.32,7350.43,12.6,No,No,Summer,Rainy,7023.07,0.0,1.0,522.88,0.127,5,2024,4,26,4
1432,ORD101432,P-ELE-003,Electronics,Home Router,North,Delhi,SUP-011,13.0,WH-NO-02,64.0,6.0,45.0,335.0,8.85,6013.99,5.2,No,No,Autumn,,5852.37,0.0,11.0,894.93,0.06,6,2021,11,20,5
1433,ORD101433,P-ELE-002,Electronics,Home Router,Central,Raipur,SUP-027,7.0,WH-CE-03,154.0,10.0,62.0,197.0,6.97,12906.62,8.7,No,No,Spring,Cloudy,12647.79,0.0,4.0,489.83,0.027,9,2022,3,16,2
1434,ORD101434,P-GRO-002,Grocery,Tea Powder 500g,East,Guwahati,SUP-011,9.0,WH-EA-05,440.0,49.0,293.0,1562.0,53.23,432.16,14.7,Yes,No,Winter,Stormy,435.21,0.0,1.0,468.96,0.244,62,2021,12,14,1
1435,ORD101435,P-SPO-013,Sports,Gym Dumbbells 5kg,South,Coimbatore,SUP-007,9.0,WH-SO-04,141.0,15.0,101.0,431.0,13.79,2653.79,5.1,No,Yes,Summer,,2557.97,3.0,0.0,381.61,0.202,12,2024,7,23,1
1436,ORD101436,P-GRO-001,Grocery,Wheat Flour 5kg,East,Kolkata,SUP-019,6.0,WH-EA-05,153.0,30.0,196.0,898.0,25.86,225.27,10.1,No,No,Spring,Sunny,224.09,0.0,0.0,260.68,0.152,29,2022,3,7,0
1437,ORD101437,P-CLO-008,Clothing,Kids Winter Jacket,South,Bengaluru,SUP-016,2.0,WH-SO-05,82.0,14.0,105.0,361.0,13.11,2013.16,4.3,No,No,Winter,Sunny,1887.97,0.0,5.0,,0.156,12,2024,12,19,3
1438,ORD101438,P-SPO-010,Sports,Gym Dumbbells 5kg,West,Pune,SUP-021,6.0,WH-WE-01,237.0,13.0,83.0,436.0,15.19,1523.17,6.8,No,No,Autumn,Sunny,1789.05,0.0,2.0,354.09,0.019,19,2023,9,1,4
1439,ORD101439,P-SPO-011,Sports,Gym Dumbbells 5kg,East,Bhubaneswar,SUP-010,3.0,WH-EA-01,367.0,11.0,115.0,457.0,15.18,4866.79,4.8,,No,Summer,Sunny,5259.74,0.0,3.0,341.68,0.084,16,2022,3,25,4
1440,ORD101440,P-GRO-001,Grocery,Sugar 1kg,East,Kolkata,SUP-040,9.0,WH-EA-03,103.0,22.0,117.0,606.0,19.87,269.18,12.0,No,No,Summer,Cloudy,279.7,0.0,0.0,347.14,0.195,15,2023,5,18,3
1441,ORD101441,P-ELE-013,Electronics,Smartwatch,Central,Bhopal,SUP-027,4.0,WH-CE-02,41.0,7.0,43.0,180.0,5.88,12883.35,17.3,No,No,Autumn,,12425.92,0.0,1.0,231.23,0.096,8,2021,6,29,1
1442,ORD101442,P-ELE-007,Electronics,Home Router,West,Ahmedabad,SUP-034,,WH-WE-05,,14.0,53.0,335.0,10.73,9837.01,10.2,No,No,Autumn,Cloudy,10483.47,0.0,1.0,316.32,0.22,10,2024,8,13,1
1443,ORD101443,P-ELE-001,Electronics,Laptop Stand,West,Pune,SUP-032,10.0,WH-WE-03,,9.0,69.0,292.0,9.17,2341.14,1.0,Yes,No,Autumn,Cloudy,2397.19,0.0,0.0,331.48,0.068,10,2024,10,30,2
1444,ORD101444,P-ELE-002,Electronics,Bluetooth Speaker,North,Jaipur,SUP-029,8.0,WH-NO-01,82.0,8.0,64.0,237.0,7.63,6540.6,12.4,,No,Spring,Sunny,6602.89,0.0,0.0,321.24,0.011,7,2022,3,6,6
1445,ORD101445,P-CLO-013,Clothing,Cotton Saree,North,Delhi,SUP-006,8.0,WH-NO-02,124.0,16.0,,662.0,21.97,2063.04,13.2,Yes,No,Autumn,Cloudy,1975.07,0.0,1.0,407.68,0.072,26,2021,9,7,1
1446,ORD101446,P-SPO-015,Sports,Football,West,Nagpur,SUP-024,6.0,WH-WE-02,545.0,32.0,173.0,635.0,24.43,582.83,17.8,No,No,Autumn,Sunny,595.63,0.0,0.0,262.94,0.241,28,2022,9,19,0
1447,ORD101447,P-CLO-012,Clothing,Women's Kurti,South,Bengaluru,SUP-036,5.0,WH-SO-01,349.0,,156.0,533.0,20.34,1445.42,33.0,No,No,Spring,Rainy,,0.0,0.0,147.23,0.075,21,2024,2,2,4
1448,ORD101448,P-FUR-006,Furniture,Dining Chair,West,Ahmedabad,SUP-004,8.0,WH-WE-02,154.0,8.0,48.0,,6.52,19845.27,5.9,Yes,No,Summer,Sunny,19973.35,0.0,1.0,419.73,0.014,8,2023,7,5,2
1449,ORD101449,P-GRO-015,Grocery,Tea Powder 500g,West,Nagpur,SUP-019,34.0,WH-WE-03,882.0,69.0,283.0,1780.0,53.1,564.52,3.1,No,No,Winter,,552.61,0.0,2.0,,,65,2021,2,27,5
1450,ORD101450,P-BEA-005,Beauty,Face Wash 100ml,South,Coimbatore,SUP-008,9.0,WH-SO-05,221.0,23.0,99.0,598.0,17.39,,13.8,No,No,Winter,Cloudy,1175.55,0.0,1.0,361.68,0.181,20,2021,1,13,2
1451,ORD101451,P-FUR-004,Furniture,Wooden Bookshelf,South,Kochi,SUP-032,8.0,WH-SO-04,94.0,4.0,46.0,182.0,6.98,5235.31,9.9,No,No,Winter,Cloudy,,0.0,1.0,406.32,0.135,3,2021,12,11,5
1452,ORD101452,P-SPO-012,Sports,Cycling Helmet,East,Kolkata,SUP-038,5.0,WH-EA-01,146.0,5.0,61.0,283.0,8.59,4663.49,0.6,Yes,No,Winter,Sunny,4459.37,0.0,0.0,341.04,0.099,15,2024,1,8,0
1453,ORD101453,P-SPO-005,Sports,Running Shoes,South,Coimbatore,SUP-003,5.0,WH-SO-03,72.0,11.0,101.0,395.0,15.54,581.6,7.4,No,No,Winter,Sunny,,0.0,0.0,300.14,0.063,12,2022,1,16,6
1454,ORD101454,P-GRO-008,Grocery,Instant Noodles Pack,West,Mumbai,SUP-033,12.0,WH-WE-04,514.0,39.0,401.0,1808.0,56.5,240.89,9.6,Yes,No,Summer,Sunny,256.18,0.0,1.0,421.48,0.015,64,2024,7,30,1
1455,ORD101455,P-ELE-010,Electronics,Smartwatch,West,Surat,SUP-015,10.0,WH-WE-02,197.0,14.0,71.0,255.0,8.85,14448.36,10.0,No,No,Summer,Cloudy,15841.58,0.0,0.0,335.18,0.041,7,2022,3,11,4
1456,ORD101456,P-GRO-003,Grocery,Basmati Rice 5kg,South,Chennai,SUP-039,13.0,WH-SO-03,1403.0,63.0,373.0,1337.0,56.33,346.75,14.0,No,No,Autumn,Cloudy,409.6,1.0,2.0,413.39,0.101,78,2024,7,28,6
1457,ORD101457,P-CLO-014,Clothing,Women's Kurti,West,Surat,SUP-001,13.0,WH-WE-05,227.0,9.0,88.0,408.0,15.04,1611.16,28.1,No,No,Autumn,Rainy,1670.23,,0.0,410.56,0.141,17,2024,9,5,3
1458,ORD101458,P-SPO-003,Sports,Cricket Bat,East,Kolkata,SUP-008,5.0,WH-EA-01,210.0,9.0,97.0,368.0,12.95,813.55,6.4,No,No,Autumn,Sunny,821.15,0.0,,284.56,0.156,13,2023,11,30,3
1459,ORD101459,P-GRO-015,Grocery,Sugar 1kg,West,Nagpur,SUP-029,4.0,WH-WE-03,973.0,71.0,401.0,1525.0,48.44,563.49,21.4,Yes,No,Autumn,Rainy,604.14,,4.0,417.73,0.069,88,2021,9,14,1
1460,ORD101460,P-BEA-005,Beauty,Body Lotion 400ml,North,Chandigarh,SUP-032,8.0,WH-NO-04,303.0,17.0,92.0,377.0,12.57,1079.41,11.6,Yes,No,Summer,Rainy,1001.0,0.0,0.0,434.09,0.073,21,2021,4,16,4
1461,ORD101461,P-CLO-007,Clothing,Formal Shirt,West,Ahmedabad,SUP-004,7.0,WH-WE-04,82.0,16.0,171.0,784.0,26.32,461.98,14.9,No,No,Autumn,Sunny,485.73,2.0,0.0,220.25,0.005,29,2021,9,11,5
1462,ORD101462,P-ELE-004,Electronics,Laptop Stand,West,Ahmedabad,SUP-007,10.0,WH-WE-05,84.0,6.0,32.0,136.0,4.65,2312.85,0.5,No,No,Summer,Sunny,2505.05,0.0,1.0,415.29,0.008,5,2023,7,14,4
1463,ORD101463,P-GRO-009,Grocery,Tea Powder 500g,South,Bengaluru,SUP-014,11.0,WH-SO-02,679.0,41.0,292.0,1488.0,44.91,329.68,1.7,No,No,Autumn,Cloudy,356.69,0.0,2.0,421.38,0.174,58,2023,10,8,6
1464,ORD101464,P-FUR-001,Furniture,Sofa Cushion Set,East,Patna,SUP-002,11.0,WH-EA-03,44.0,6.0,43.0,160.0,5.88,16480.57,15.3,No,No,Winter,Sunny,18678.79,0.0,1.0,359.34,0.15,5,2024,12,10,1
1465,ORD101465,P-FUR-003,Furniture,Sofa Cushion Set,West,Surat,SUP-032,12.0,WH-WE-05,142.0,3.0,28.0,183.0,5.77,9165.4,13.0,No,No,Autumn,Sunny,8726.63,0.0,4.0,511.08,0.082,8,2024,10,23,2
1466,ORD101466,P-CLO-008,Clothing,Formal Shirt,South,Kochi,SUP-027,13.0,WH-SO-05,381.0,18.0,149.0,783.0,20.97,1259.83,10.0,No,No,Spring,Cloudy,1210.21,0.0,2.0,481.62,0.046,22,2022,3,26,5
1467,ORD101467,P-GRO-011,Grocery,Sugar 1kg,West,Nagpur,SUP-030,4.0,WH-WE-05,903.0,,540.0,2517.0,79.21,417.32,15.8,Yes,No,Autumn,Cloudy,141.11,1.0,0.0,398.87,0.074,107,2022,7,23,5
1468,ORD101468,P-BEA-015,Beauty,Moisturizer Cream,Central,Raipur,SUP-019,21.0,WH-CE-04,71.0,26.0,151.0,603.0,19.04,1166.8,7.3,No,No,Winter,Sunny,1062.67,1.0,1.0,604.4,0.057,19,2024,2,3,5
1469,ORD101469,P-ELE-013,Electronics,Laptop Stand,West,Pune,SUP-026,11.0,WH-WE-02,109.0,6.0,44.0,226.0,8.02,12179.93,24.2,Yes,No,Winter,Rainy,12704.55,0.0,1.0,442.44,0.123,9,2024,2,4,6
1470,ORD101470,P-SPO-014,Sports,Cycling Helmet,South,Hyderabad,SUP-023,19.0,WH-SO-02,507.0,32.0,136.0,850.0,23.45,4559.44,4.3,No,No,Summer,Sunny,4805.7,0.0,4.0,613.69,0.027,23,2022,4,4,0
1471,ORD101471,P-ELE-012,Electronics,Smartphone Charger,East,Bhubaneswar,SUP-028,9.0,WH-EA-04,198.0,8.0,65.0,245.0,8.82,6733.06,6.3,Yes,No,Winter,Sunny,7035.54,0.0,1.0,311.52,0.1,14,2021,2,15,0
1472,ORD101472,P-ELE-012,Electronics,Laptop Stand,Central,Indore,SUP-019,8.0,WH-CE-02,241.0,,81.0,289.0,9.67,11375.32,4.8,No,No,Summer,Sunny,11511.26,0.0,0.0,275.67,0.035,7,2021,5,21,4
1473,ORD101473,P-CLO-006,Clothing,Men's Cotton T-Shirt,East,Patna,SUP-027,,WH-EA-04,82.0,9.0,78.0,270.0,11.44,2142.58,29.0,Yes,No,Summer,Rainy,2314.98,0.0,0.0,,0.098,14,2024,4,18,3
1474,ORD101474,P-CLO-014,Clothing,Formal Shirt,North,Kanpur,SUP-026,10.0,WH-NO-03,217.0,7.0,,305.0,10.82,450.95,24.2,No,No,Summer,Rainy,471.7,0.0,1.0,,0.096,11,2022,5,25,2
1475,ORD101475,P-CLO-015,Clothing,Cotton Saree,North,Lucknow,SUP-026,8.0,WH-NO-03,347.0,19.0,104.0,547.0,16.88,2474.59,21.6,No,No,Autumn,Sunny,2355.31,0.0,1.0,374.86,0.025,15,2023,11,23,3
1476,ORD101476,P-CLO-008,Clothing,Denim Jeans,West,Mumbai,SUP-035,11.0,WH-WE-02,397.0,13.0,141.0,593.0,19.96,1343.31,18.7,No,No,Spring,Cloudy,1026.29,0.0,1.0,,0.15,18,2024,3,16,5
1477,ORD101477,P-SPO-002,Sports,Football,South,Coimbatore,SUP-014,5.0,WH-SO-04,141.0,11.0,77.0,427.0,12.84,3344.91,8.1,,No,Autumn,Sunny,3256.38,0.0,0.0,284.02,0.052,15,2024,8,2,4
1478,ORD101478,P-CLO-001,Clothing,Formal Shirt,South,Coimbatore,SUP-036,11.0,WH-SO-03,309.0,22.0,113.0,,20.13,278.78,10.0,No,No,Winter,Sunny,279.65,0.0,0.0,358.83,0.226,22,2022,12,20,1
1479,ORD101479,P-CLO-008,Clothing,Men's Cotton T-Shirt,South,Chennai,SUP-002,4.0,WH-SO-02,264.0,9.0,104.0,434.0,13.74,1014.79,3.0,No,No,Autumn,Sunny,1018.63,0.0,0.0,290.66,0.089,16,2023,7,21,4
1480,ORD101480,P-CLO-010,Clothing,Cotton Saree,West,Surat,SUP-020,8.0,WH-WE-02,114.0,34.0,147.0,802.0,24.23,1376.38,1.7,No,No,Autumn,Rainy,1356.65,0.0,2.0,356.1,0.058,21,2021,10,13,2
1481,ORD101481,P-ELE-009,Electronics,Smartphone Charger,South,Kochi,SUP-018,13.0,WH-SO-03,142.0,9.0,70.0,231.0,9.13,1571.22,11.9,No,No,Autumn,Sunny,1503.74,0.0,0.0,433.37,0.122,7,2024,10,7,0
1482,ORD101482,P-CLO-014,Clothing,Denim Jeans,West,Nagpur,SUP-035,21.0,WH-WE-04,237.0,13.0,92.0,431.0,13.22,2407.72,15.0,No,No,Autumn,Cloudy,2244.61,0.0,2.0,716.68,0.054,17,2024,7,14,6
1483,ORD101483,P-GRO-009,Grocery,Wheat Flour 5kg,West,Surat,SUP-002,8.0,WH-WE-05,539.0,21.0,316.0,1140.0,39.36,128.7,29.2,Yes,No,Summer,Sunny,118.06,0.0,2.0,402.54,0.024,44,2022,7,24,6
1484,ORD101484,P-FUR-010,Furniture,TV Unit,Central,Raipur,SUP-009,5.0,WH-CE-02,103.0,4.0,25.0,124.0,4.34,13556.09,1.7,No,No,Summer,Rainy,14027.8,0.0,0.0,255.8,0.057,2,2022,6,21,1
1485,ORD101485,P-ELE-012,Electronics,Home Router,West,Mumbai,SUP-019,6.0,WH-WE-01,300.0,12.0,109.0,372.0,13.87,946.47,11.6,Yes,No,Winter,Stormy,1028.87,0.0,0.0,281.3,0.024,18,2023,12,7,3
1486,ORD101486,P-SPO-014,Sports,Cricket Bat,South,Hyderabad,SUP-033,7.0,WH-SO-05,,8.0,90.0,401.0,12.77,1824.75,3.6,Yes,No,Autumn,Sunny,1642.09,0.0,0.0,351.03,0.103,15,2022,8,29,0
1487,ORD101487,P-CLO-010,Clothing,Women's Kurti,East,Ranchi,SUP-019,7.0,WH-EA-01,473.0,28.0,125.0,,22.86,1836.77,7.6,No,No,Autumn,Cloudy,1827.76,0.0,3.0,353.64,0.193,27,2023,11,27,0
1488,ORD101488,P-SPO-009,Sports,Running Shoes,North,Kanpur,SUP-026,15.0,WH-NO-05,299.0,16.0,103.0,538.0,16.5,3065.31,11.5,No,No,Summer,Cloudy,3258.72,0.0,3.0,619.05,0.045,22,2021,5,12,2
1489,ORD101489,P-CLO-002,Clothing,Denim Jeans,Central,Gwalior,SUP-008,8.0,WH-CE-01,343.0,10.0,90.0,366.0,14.4,1557.33,13.9,No,No,Winter,Stormy,,0.0,1.0,367.33,0.164,12,2022,1,28,4
1490,ORD101490,P-ELE-010,Electronics,Laptop Stand,South,Kochi,SUP-038,10.0,WH-SO-02,113.0,10.0,89.0,400.0,12.04,5068.92,5.0,No,No,Winter,Cloudy,5359.27,0.0,0.0,372.6,0.136,15,2024,2,15,3
1491,ORD101491,P-BEA-003,Beauty,Talcum Powder,West,Ahmedabad,SUP-032,2.0,WH-WE-05,910.0,37.0,223.0,1176.0,37.23,536.42,15.3,No,No,Autumn,Sunny,582.7,0.0,2.0,304.81,0.01,44,2024,9,6,4
1492,ORD101492,P-FUR-006,Furniture,Office Chair,West,Mumbai,SUP-002,8.0,WH-WE-01,82.0,14.0,50.0,240.0,8.74,18572.34,12.9,No,No,Winter,Sunny,19158.34,1.0,,320.73,,14,2021,2,8,0
1493,ORD101493,P-BEA-008,Beauty,Talcum Powder,North,Chandigarh,SUP-029,7.0,WH-NO-01,179.0,28.0,167.0,838.0,25.34,579.43,10.1,No,No,Spring,,556.45,0.0,1.0,291.4,0.1,17,2024,2,13,1
1494,ORD101494,P-CLO-002,Clothing,Men's Cotton T-Shirt,West,Pune,SUP-006,8.0,WH-WE-04,478.0,15.0,169.0,664.0,21.25,2424.66,5.3,Yes,No,Summer,Cloudy,2679.75,0.0,1.0,306.21,0.032,37,2021,4,12,0
1495,ORD101495,P-FUR-011,Furniture,Office Chair,North,Kanpur,SUP-023,15.0,WH-NO-01,92.0,3.0,29.0,108.0,4.12,12453.61,6.1,No,No,Autumn,Sunny,12187.14,0.0,0.0,350.71,0.017,3,2024,6,19,2
1496,ORD101496,P-BEA-005,Beauty,Sunscreen Lotion,South,Coimbatore,SUP-029,7.0,WH-SO-01,323.0,32.0,252.0,1148.0,37.57,279.16,9.7,No,No,,Rainy,273.19,0.0,5.0,420.49,0.058,29,2022,1,6,3
1497,ORD101497,P-FUR-008,Furniture,TV Unit,South,Hyderabad,SUP-038,4.0,WH-SO-04,41.0,5.0,32.0,95.0,4.21,12911.36,8.8,No,No,Autumn,Rainy,13443.19,0.0,3.0,454.33,0.076,8,2022,6,14,1
1498,ORD101498,P-GRO-006,Grocery,Tea Powder 500g,South,Chennai,SUP-003,6.0,WH-SO-05,,44.0,244.0,1307.0,40.75,544.39,9.7,Yes,No,Autumn,Cloudy,531.26,0.0,3.0,401.27,0.091,39,2023,11,14,1
1499,ORD101499,P-FUR-006,Furniture,Office Chair,East,Kolkata,SUP-012,16.0,WH-EA-04,42.0,7.0,55.0,174.0,6.21,2166.15,11.2,No,No,Summer,Cloudy,2127.37,0.0,1.0,503.22,0.072,7,2024,5,14,1
1500,ORD101500,P-FUR-006,Furniture,Office Chair,Central,Bhopal,SUP-028,14.0,WH-CE-05,47.0,3.0,32.0,91.0,3.65,3883.28,5.7,No,No,Autumn,Cloudy,3767.17,0.0,4.0,594.57,,5,2022,8,29,0
1501,ORD101501,P-SPO-001,Sports,Skipping Rope,South,Chennai,SUP-011,7.0,WH-SO-03,91.0,7.0,90.0,318.0,13.86,1080.92,13.3,No,No,Summer,Cloudy,1065.3,0.0,1.0,353.36,0.055,10,2022,4,6,2
1502,ORD101502,P-GRO-003,Grocery,Tea Powder 500g,East,Patna,SUP-029,7.0,WH-EA-04,150.0,28.0,173.0,756.0,24.46,537.1,9.8,No,No,Winter,Sunny,545.56,,0.0,348.91,0.119,29,2024,12,2,0
1503,ORD101503,P-CLO-012,Clothing,Men's Cotton T-Shirt,West,Pune,SUP-008,4.0,WH-WE-05,223.0,15.0,143.0,617.0,20.83,913.7,10.4,No,No,Autumn,Sunny,769.5,0.0,1.0,380.94,0.058,19,2024,11,9,5
1504,ORD101504,P-BEA-002,Beauty,Sunscreen Lotion,West,Nagpur,SUP-007,8.0,WH-WE-03,401.0,22.0,,573.0,19.74,619.88,5.9,No,No,Spring,Sunny,615.02,0.0,1.0,368.09,0.019,20,2023,2,5,6
1505,ORD101505,P-CLO-008,Clothing,Formal Shirt,North,Jaipur,SUP-022,6.0,WH-NO-01,399.0,11.0,142.0,550.0,17.88,1104.33,5.7,No,No,Winter,Stormy,948.4,0.0,1.0,289.82,0.309,16,2021,2,4,3
1506,ORD101506,P-BEA-003,Beauty,Face Wash 100ml,Central,Raipur,SUP-028,4.0,WH-CE-02,217.0,23.0,129.0,714.0,23.76,958.48,,No,No,Autumn,Sunny,927.3,1.0,0.0,332.34,0.061,34,2024,11,16,5
1507,ORD101507,P-CLO-009,Clothing,Women's Kurti,North,Delhi,SUP-009,8.0,WH-NO-04,555.0,28.0,155.0,755.0,23.44,1978.48,24.8,No,No,Summer,Sunny,2032.0,0.0,0.0,233.74,0.154,37,2023,6,24,5
1508,ORD101508,P-GRO-010,Grocery,Masala Mix 200g,East,Ranchi,SUP-035,11.0,WH-EA-05,95.0,45.0,216.0,860.0,28.69,188.07,4.0,No,No,Summer,Cloudy,183.14,,1.0,444.67,0.109,23,2023,3,19,6
1509,ORD101509,P-BEA-008,Beauty,Hair Oil 250ml,East,Guwahati,SUP-035,4.0,WH-EA-04,221.0,19.0,201.0,668.0,23.36,175.82,4.9,No,No,Autumn,Rainy,185.71,0.0,1.0,309.08,0.155,23,2021,6,13,6
1510,ORD101510,P-ELE-012,Electronics,Wireless Earbuds,West,Ahmedabad,SUP-004,18.0,WH-WE-03,159.0,13.0,,271.0,9.45,13156.55,26.4,No,No,Winter,Cloudy,13522.43,0.0,3.0,628.82,0.058,14,2024,12,22,6
1511,ORD101511,P-ELE-004,Electronics,Wireless Earbuds,North,Chandigarh,SUP-013,6.0,WH-NO-02,193.0,,53.0,260.0,8.47,10453.16,8.3,Yes,No,Autumn,Sunny,8650.14,0.0,1.0,265.48,0.162,9,2023,11,17,4
1512,ORD101512,P-FUR-009,Furniture,Wooden Bookshelf,North,Chandigarh,SUP-023,5.0,WH-NO-04,100.0,4.0,27.0,136.0,4.33,11499.54,18.7,No,No,Autumn,Cloudy,12601.61,0.0,1.0,356.35,0.106,7,2021,11,15,0
1513,ORD101513,P-BEA-005,Beauty,Lipstick Set,West,Nagpur,SUP-020,8.0,WH-WE-05,471.0,23.0,153.0,659.0,23.36,,8.3,No,No,Summer,Sunny,459.92,0.0,0.0,302.1,0.012,24,2022,6,16,3
1514,ORD101514,P-SPO-008,Sports,Badminton Racket,North,Jaipur,SUP-011,3.0,WH-NO-02,108.0,7.0,69.0,,8.1,604.88,19.7,Yes,No,Summer,Cloudy,577.33,0.0,1.0,252.48,0.032,10,2022,5,18,2
1515,ORD101515,P-GRO-001,Grocery,Sugar 1kg,South,Hyderabad,SUP-022,4.0,WH-SO-03,1541.0,52.0,508.0,2112.0,68.57,392.76,,No,No,Summer,Cloudy,378.0,0.0,0.0,353.08,0.024,111,2024,6,26,2
1516,ORD101516,P-ELE-005,Electronics,Smartphone Charger,West,Surat,SUP-039,9.0,WH-WE-03,51.0,7.0,136.0,424.0,13.69,9487.9,12.6,No,No,Autumn,Cloudy,7905.58,,1.0,436.63,0.016,8,2022,11,26,5
1517,ORD101517,P-SPO-011,Sports,Cricket Bat,East,Ranchi,SUP-013,6.0,WH-EA-02,93.0,14.0,160.0,570.0,20.96,531.37,11.5,No,No,Summer,Cloudy,540.63,0.0,2.0,398.07,0.028,16,2024,6,29,5
1518,ORD101518,P-ELE-012,Electronics,Laptop Stand,North,Lucknow,SUP-009,2.0,WH-NO-03,216.0,3.0,107.0,322.0,,14967.05,,No,No,Autumn,Sunny,15746.78,0.0,1.0,287.42,0.187,17,2023,10,3,1
1519,ORD101519,P-ELE-005,Electronics,Home Router,South,Kochi,SUP-030,7.0,WH-SO-01,67.0,10.0,69.0,302.0,10.0,5731.6,24.8,No,No,Summer,Cloudy,5419.8,0.0,0.0,256.18,0.024,13,2022,6,22,2
1520,ORD101520,P-GRO-004,Grocery,Sunflower Oil 1L,Central,Gwalior,SUP-023,6.0,WH-CE-03,474.0,27.0,116.0,597.0,18.99,141.59,10.1,No,No,Autumn,Stormy,131.34,,1.0,285.02,0.031,16,2022,8,16,1
1521,ORD101521,P-CLO-005,Clothing,Denim Jeans,South,Bengaluru,SUP-028,10.0,WH-SO-01,383.0,27.0,245.0,793.0,25.74,1587.59,4.0,Yes,No,Spring,Cloudy,1605.44,0.0,0.0,382.49,0.114,38,2024,3,29,4
1522,ORD101522,P-SPO-005,Sports,Running Shoes,North,,SUP-026,9.0,WH-NO-03,127.0,20.0,114.0,526.0,20.36,1569.11,32.0,Yes,No,Winter,,1719.07,0.0,2.0,345.66,0.095,25,2022,12,31,5
1523,ORD101523,P-BEA-015,Beauty,Herbal Shampoo 200ml,North,Jaipur,SUP-031,13.0,WH-NO-05,459.0,15.0,139.0,595.0,19.18,1118.13,1.3,No,No,Autumn,Cloudy,,1.0,3.0,581.58,0.09,16,2023,9,23,5
1524,ORD101524,P-FUR-010,Furniture,Dining Chair,South,Chennai,SUP-030,3.0,WH-SO-01,65.0,10.0,47.0,217.0,6.66,8356.9,15.2,Yes,No,Summer,Cloudy,8911.08,0.0,0.0,319.99,0.012,9,2021,6,29,1
1525,ORD101525,P-ELE-006,Electronics,Smartphone Charger,Central,Indore,SUP-025,10.0,WH-CE-02,70.0,10.0,50.0,224.0,7.8,12873.58,8.7,No,No,Autumn,Sunny,14954.09,0.0,8.0,733.82,0.188,8,2022,9,16,4
1526,ORD101526,P-GRO-007,Grocery,Tea Powder 500g,South,Kochi,SUP-019,5.0,WH-SO-04,233.0,24.0,293.0,1117.0,39.86,177.32,10.5,Yes,No,Summer,Stormy,190.43,0.0,1.0,352.26,0.095,35,2023,4,23,6
1527,ORD101527,P-CLO-008,Clothing,Denim Jeans,North,Kanpur,SUP-019,5.0,WH-NO-05,513.0,37.0,,766.0,22.85,742.74,5.0,Yes,No,Summer,Sunny,811.47,0.0,0.0,222.61,0.095,29,2022,5,17,1
1528,ORD101528,P-ELE-009,Electronics,Laptop Stand,East,Kolkata,SUP-011,7.0,WH-EA-05,180.0,12.0,52.0,283.0,8.53,2357.25,10.3,Yes,No,Summer,Sunny,2373.67,0.0,0.0,250.04,0.033,11,2024,5,23,3
1529,ORD101529,P-GRO-006,Grocery,Sunflower Oil 1L,North,Jaipur,SUP-018,,WH-NO-01,646.0,21.0,178.0,860.0,31.63,556.36,13.7,Yes,No,,Sunny,540.93,0.0,1.0,498.93,0.046,47,2021,11,4,3
1530,ORD101530,P-GRO-015,Grocery,Basmati Rice 5kg,South,Bengaluru,SUP-025,10.0,WH-SO-02,611.0,63.0,,1581.0,51.69,270.97,17.8,No,No,Summer,Cloudy,295.57,0.0,1.0,413.4,0.009,44,2024,5,26,6
1531,ORD101531,P-ELE-005,Electronics,Smartwatch,Central,Indore,SUP-029,7.0,WH-CE-05,89.0,5.0,31.0,133.0,4.97,3224.32,22.9,Yes,No,,Cloudy,2971.26,0.0,1.0,389.73,0.091,7,2021,4,3,5
1532,ORD101532,P-CLO-007,Clothing,Track Pants,West,Ahmedabad,SUP-031,10.0,WH-WE-03,460.0,,166.0,808.0,25.81,1939.9,6.9,No,No,Autumn,Cloudy,2005.67,0.0,1.0,466.3,0.067,28,2022,9,17,5
1533,ORD101533,P-FUR-001,Furniture,Sofa Cushion Set,North,Lucknow,SUP-016,12.0,WH-NO-05,195.0,6.0,50.0,233.0,8.15,12769.05,35.0,No,Yes,Winter,Sunny,12148.04,0.0,2.0,583.38,0.056,10,2023,1,26,3
1534,ORD101534,P-ELE-008,Electronics,Power Bank 10000mAh,South,Hyderabad,SUP-030,21.0,WH-SO-01,129.0,10.0,52.0,227.0,8.41,7588.97,18.3,No,No,Winter,Cloudy,7794.94,0.0,1.0,506.99,0.103,8,2022,1,6,3
1535,ORD101535,P-CLO-013,Clothing,Formal Shirt,North,Chandigarh,SUP-018,3.0,WH-NO-01,232.0,31.0,177.0,666.0,25.9,851.22,7.8,No,No,Spring,,869.46,0.0,0.0,321.76,0.05,23,2023,2,28,1
1536,ORD101536,P-BEA-015,Beauty,Herbal Shampoo 200ml,North,Chandigarh,SUP-015,18.0,WH-NO-02,92.0,29.0,90.0,536.0,15.88,300.81,16.3,No,No,Autumn,Rainy,304.73,0.0,1.0,412.04,0.044,12,2024,8,9,4
1537,ORD101537,P-BEA-008,Beauty,Lipstick Set,East,,SUP-007,9.0,WH-EA-01,190.0,24.0,155.0,668.0,23.37,426.84,1.2,No,,Autumn,Sunny,426.23,0.0,1.0,356.68,0.031,31,2022,10,11,1
1538,ORD101538,P-BEA-003,Beauty,Talcum Powder,East,Kolkata,SUP-011,4.0,WH-EA-05,72.0,9.0,158.0,824.0,20.85,1128.57,12.9,No,No,Spring,Sunny,1176.65,0.0,0.0,189.13,0.049,15,2023,2,27,0
1539,ORD101539,P-CLO-011,Clothing,Track Pants,West,Surat,SUP-028,14.0,WH-WE-05,208.0,24.0,258.0,1162.0,33.91,1507.48,28.0,Yes,No,Autumn,Sunny,1591.03,0.0,2.0,521.55,0.01,46,2024,10,20,6
1540,ORD101540,P-BEA-010,Beauty,Hair Oil 250ml,West,Pune,SUP-009,2.0,WH-WE-02,465.0,,212.0,1115.0,32.9,479.28,2.7,No,No,Autumn,Sunny,425.64,0.0,1.0,377.4,0.104,27,2024,9,11,2
1541,ORD101541,P-GRO-015,Grocery,Wheat Flour 5kg,South,Bengaluru,SUP-004,7.0,WH-SO-01,74.0,23.0,158.0,608.0,25.46,164.69,8.5,No,No,Winter,Cloudy,164.09,0.0,1.0,302.57,0.102,20,2021,1,21,3
1542,ORD101542,P-GRO-008,Grocery,Tea Powder 500g,Central,Raipur,SUP-011,6.0,WH-CE-01,157.0,26.0,240.0,865.0,29.2,338.27,21.3,No,No,Autumn,Stormy,326.96,0.0,0.0,187.84,0.051,23,2023,11,27,0
1543,ORD101543,P-ELE-001,Electronics,Smartwatch,East,Patna,SUP-040,5.0,WH-EA-02,41.0,12.0,84.0,269.0,11.35,50145.94,4.2,Yes,No,Summer,Cloudy,14648.63,0.0,3.0,336.58,0.272,8,2024,5,27,0
1544,ORD101544,P-CLO-014,Clothing,Cotton Saree,South,Bengaluru,SUP-006,12.0,WH-SO-04,305.0,30.0,157.0,659.0,20.96,2176.54,5.5,Yes,No,Autumn,Sunny,2104.08,0.0,2.0,387.89,0.015,36,2024,10,8,1
1545,ORD101545,P-GRO-011,Grocery,Masala Mix 200g,West,Ahmedabad,SUP-006,12.0,WH-WE-05,103.0,34.0,253.0,,30.5,518.05,8.6,Yes,No,Spring,Sunny,570.9,0.0,1.0,269.77,0.184,28,2024,3,16,5
1546,ORD101546,P-GRO-013,Grocery,Sugar 1kg,North,Kanpur,SUP-017,6.0,WH-NO-03,537.0,15.0,308.0,1313.0,38.11,508.12,2.6,No,No,Summer,Cloudy,505.35,0.0,2.0,401.21,0.113,28,2021,5,1,5
1547,ORD101547,P-BEA-002,Beauty,Herbal Shampoo 200ml,East,Bhubaneswar,SUP-016,5.0,WH-EA-05,563.0,38.0,274.0,930.0,34.64,1014.0,21.8,No,No,Winter,Cloudy,1094.03,0.0,1.0,,0.089,43,2024,1,14,6
1548,ORD101548,P-GRO-007,Grocery,Sunflower Oil 1L,West,Surat,SUP-037,3.0,WH-WE-05,265.0,15.0,175.0,1074.0,34.19,414.11,5.6,No,No,Summer,Rainy,382.57,0.0,0.0,209.66,0.025,22,2024,5,18,5
1549,ORD101549,P-GRO-007,Grocery,Tea Powder 500g,South,Bengaluru,SUP-010,7.0,WH-SO-04,688.0,23.0,189.0,892.0,29.63,497.4,12.5,No,No,Spring,Cloudy,486.23,0.0,0.0,333.47,0.023,33,2023,2,6,0
1550,ORD101550,P-ELE-005,Electronics,Power Bank 10000mAh,West,Mumbai,SUP-017,10.0,WH-WE-01,243.0,15.0,55.0,299.0,9.99,10788.32,1.6,No,No,Winter,Sunny,10257.79,0.0,0.0,389.55,0.081,10,2021,1,31,6
1551,ORD101551,P-CLO-013,Clothing,Woolen Sweater,South,Chennai,SUP-012,10.0,WH-SO-05,433.0,7.0,155.0,599.0,18.52,868.98,13.8,No,No,Autumn,Stormy,896.35,0.0,0.0,444.58,0.091,18,2021,10,6,2
1552,ORD101552,P-GRO-003,Grocery,Tea Powder 500g,West,Surat,SUP-010,10.0,WH-WE-05,8898.0,87.0,368.0,1751.0,55.66,478.75,4.3,No,No,Winter,Sunny,433.37,0.0,3.0,488.37,0.026,52,2022,2,6,6
1553,ORD101553,P-GRO-002,Grocery,Tea Powder 500g,North,Kanpur,SUP-013,7.0,WH-NO-03,170.0,40.0,218.0,1152.0,,580.01,32.6,No,No,Summer,Cloudy,500.72,0.0,1.0,282.91,,17,2024,6,14,4
1554,ORD101554,P-GRO-004,Grocery,Instant Noodles Pack,North,Delhi,SUP-011,15.0,WH-NO-03,426.0,45.0,308.0,1332.0,42.13,410.71,6.4,Yes,No,Summer,Sunny,390.15,0.0,4.0,629.7,0.092,63,2021,7,3,5
1555,ORD101555,P-BEA-015,Beauty,Talcum Powder,South,Hyderabad,SUP-029,16.0,WH-SO-04,352.0,24.0,319.0,1301.0,41.82,415.81,19.8,No,No,Winter,Sunny,434.48,0.0,2.0,459.7,0.093,44,2023,12,24,6
1556,ORD101556,P-SPO-002,Sports,Cricket Bat,West,Pune,SUP-032,12.0,WH-WE-03,81.0,12.0,90.0,333.0,11.98,1143.18,6.9,No,No,Autumn,Sunny,1069.13,0.0,0.0,400.87,0.078,9,2021,9,19,6
1557,ORD101557,P-CLO-009,Clothing,Denim Jeans,North,Jaipur,SUP-008,8.0,WH-NO-02,2420.0,21.0,180.0,748.0,25.72,1962.62,18.4,No,No,Summer,Cloudy,2004.32,0.0,0.0,419.29,0.082,25,2024,5,1,2
1558,ORD101558,P-FUR-003,Furniture,Wooden Bookshelf,West,Pune,SUP-020,12.0,WH-WE-04,181.0,6.0,68.0,223.0,8.29,8608.54,14.6,Yes,No,Winter,Sunny,8162.74,0.0,1.0,,0.091,11,2021,1,17,6
1559,ORD101559,P-SPO-006,Sports,Gym Dumbbells 5kg,North,,SUP-011,5.0,WH-NO-04,235.0,10.0,70.0,309.0,10.62,2195.6,2.3,No,No,Winter,Rainy,1887.72,0.0,0.0,318.6,0.051,8,2021,12,11,5
1560,ORD101560,P-SPO-009,Sports,Yoga Mat,South,Kochi,SUP-035,11.0,WH-SO-01,157.0,33.0,106.0,613.0,19.55,4420.34,5.2,Yes,No,Summer,Sunny,4721.61,0.0,2.0,355.11,0.076,27,2021,5,29,5
1561,ORD101561,P-FUR-001,Furniture,Wooden Bookshelf,South,Hyderabad,SUP-005,13.0,WH-SO-04,42.0,5.0,28.0,109.0,4.25,4736.79,4.4,No,No,Summer,Sunny,4982.86,0.0,0.0,476.09,0.114,3,2023,3,21,1
1562,ORD101562,P-SPO-004,Sports,Cricket Bat,North,Jaipur,SUP-017,10.0,WH-NO-01,209.0,9.0,66.0,326.0,10.07,2079.21,6.7,No,No,Winter,Cloudy,2072.59,2.0,1.0,229.14,0.18,12,2024,2,16,4
1563,ORD101563,P-SPO-009,Sports,Cricket Bat,Central,Gwalior,SUP-014,7.0,WH-CE-03,172.0,9.0,66.0,254.0,8.68,2173.25,10.0,No,No,Summer,Sunny,2180.71,0.0,0.0,409.59,0.121,6,2022,8,31,2
1564,ORD101564,P-BEA-001,Beauty,Lipstick Set,South,Hyderabad,SUP-015,8.0,WH-SO-01,510.0,19.0,181.0,673.0,22.76,382.71,13.5,Yes,No,Winter,Sunny,376.36,0.0,1.0,485.35,0.107,31,2023,2,19,6
1565,ORD101565,P-CLO-008,Clothing,Woolen Sweater,West,Pune,SUP-038,8.0,WH-WE-05,101.0,24.0,123.0,597.0,19.93,2188.0,19.1,No,No,Summer,Sunny,2007.26,0.0,1.0,342.96,0.012,15,2023,7,24,0
1566,ORD101566,P-ELE-010,Electronics,LED TV 43in,East,Ranchi,SUP-022,3.0,WH-EA-04,37.0,5.0,35.0,229.0,7.5,2397.93,26.7,Yes,Yes,Autumn,Cloudy,2648.47,0.0,4.0,,0.007,10,2022,10,27,3
1567,ORD101567,P-ELE-004,Electronics,Smartphone Charger,East,Patna,SUP-016,5.0,WH-EA-03,190.0,12.0,86.0,216.0,9.55,14359.68,12.0,No,No,Winter,Sunny,14244.1,0.0,0.0,267.0,0.03,13,2024,1,5,4
1568,ORD101568,P-CLO-003,Clothing,Denim Jeans,East,Ranchi,SUP-033,8.0,WH-EA-03,295.0,8.0,113.0,466.0,15.68,963.58,17.1,No,No,Spring,Cloudy,991.46,0.0,1.0,430.53,0.113,12,2022,2,19,5
1569,ORD101569,P-CLO-008,Clothing,Woolen Sweater,West,Nagpur,SUP-032,7.0,WH-WE-04,508.0,21.0,115.0,665.0,23.84,692.37,7.3,No,No,Autumn,Cloudy,664.74,0.0,0.0,210.97,0.015,25,2021,9,11,5
1570,ORD101570,P-GRO-011,Grocery,Sugar 1kg,West,Ahmedabad,SUP-006,5.0,WH-WE-01,1250.0,69.0,277.0,1533.0,52.46,378.85,15.4,,No,Autumn,Rainy,392.27,0.0,0.0,262.65,0.136,86,2021,10,1,4
1571,ORD101571,P-CLO-001,Clothing,Cotton Saree,East,Ranchi,SUP-019,12.0,WH-EA-03,,,189.0,,26.08,2197.96,16.8,No,No,Autumn,Sunny,2399.32,0.0,1.0,440.82,0.081,42,2021,9,12,6
1572,ORD101572,P-CLO-006,Clothing,Women's Kurti,East,Guwahati,SUP-017,12.0,WH-EA-04,230.0,5.0,108.0,477.0,16.72,1299.4,11.2,No,No,Winter,Rainy,1316.72,0.0,2.0,556.12,0.176,14,2021,2,25,3
1573,ORD101573,P-BEA-015,Beauty,Talcum Powder,East,Guwahati,SUP-018,4.0,WH-EA-02,384.0,,148.0,494.0,17.83,305.8,15.4,No,No,Summer,Sunny,314.62,0.0,0.0,201.05,0.062,23,2021,3,5,4
1574,ORD101574,P-ELE-006,Electronics,Smartphone Charger,South,Bengaluru,SUP-014,6.0,WH-SO-03,126.0,11.0,69.0,333.0,10.75,11673.2,9.7,Yes,No,Spring,Cloudy,12493.13,0.0,1.0,365.87,0.03,15,2021,3,19,4
1575,ORD101575,P-GRO-005,Grocery,Masala Mix 200g,East,Kolkata,SUP-033,6.0,WH-EA-02,1032.0,313.0,328.0,1255.0,47.42,548.12,3.5,No,No,Autumn,Sunny,579.14,,1.0,346.46,0.08,57,2021,8,18,2
1576,ORD101576,P-BEA-012,Beauty,Talcum Powder,South,Bengaluru,SUP-040,6.0,WH-SO-01,500.0,21.0,165.0,870.0,25.92,168.93,8.2,No,No,Summer,Cloudy,183.04,0.0,3.0,471.07,0.09,34,2023,7,16,6
1577,ORD101577,P-BEA-008,Beauty,Sunscreen Lotion,West,Mumbai,SUP-002,16.0,WH-WE-05,450.0,29.0,203.0,1061.0,29.61,556.9,8.5,No,No,Winter,Sunny,571.2,0.0,2.0,576.93,0.063,41,2021,12,17,4
1578,ORD101578,P-SPO-006,Sports,Skipping Rope,Central,Jabalpur,SUP-035,8.0,WH-CE-03,113.0,10.0,72.0,263.0,10.16,867.63,12.7,No,No,Summer,Sunny,889.86,0.0,1.0,322.15,0.074,13,2023,5,5,4
1579,ORD101579,P-SPO-012,Sports,Cycling Helmet,Central,Bhopal,SUP-035,8.0,WH-CE-02,199.0,9.0,77.0,293.0,9.18,4946.9,7.7,No,No,Summer,Sunny,5041.63,0.0,0.0,504.61,0.15,11,2021,4,16,4
1580,ORD101580,P-SPO-001,Sports,Gym Dumbbells 5kg,West,Mumbai,SUP-015,6.0,WH-WE-02,1826.0,12.0,91.0,431.0,12.5,982.66,24.7,Yes,No,Spring,Sunny,1050.64,0.0,0.0,381.25,0.052,21,2024,3,15,4
1581,ORD101581,P-GRO-011,Grocery,Instant Noodles Pack,East,Ranchi,SUP-020,6.0,WH-EA-04,523.0,193.0,230.0,,32.41,248.85,14.6,Yes,No,Summer,Sunny,240.25,0.0,0.0,224.66,0.062,35,2022,6,4,5
1582,ORD101582,P-GRO-006,Grocery,Tea Powder 500g,West,Pune,SUP-005,18.0,WH-WE-01,822.0,77.0,406.0,1475.0,52.24,321.09,32.6,No,No,Autumn,Cloudy,334.72,0.0,1.0,467.62,0.078,81,2022,10,7,4
1583,ORD101583,P-GRO-014,Grocery,Tea Powder 500g,North,Kanpur,SUP-015,30.0,WH-NO-03,322.0,46.0,417.0,1405.0,49.85,522.52,17.9,No,No,Autumn,Sunny,618.56,1.0,3.0,815.23,0.053,58,2023,9,14,3
1584,ORD101584,P-FUR-011,Furniture,Wooden Bookshelf,South,Kochi,SUP-010,15.0,WH-SO-02,72.0,7.0,28.0,170.0,5.03,16240.01,6.2,No,No,Winter,Cloudy,,0.0,1.0,436.41,0.171,8,2024,12,28,5
1585,ORD101585,P-SPO-015,Sports,Running Shoes,South,Hyderabad,SUP-037,11.0,WH-SO-05,91.0,13.0,85.0,456.0,13.41,1890.05,3.4,Yes,No,Spring,Sunny,1709.04,0.0,1.0,397.01,0.076,9,2024,3,4,0
1586,ORD101586,P-GRO-002,Grocery,Wheat Flour 5kg,North,Kanpur,SUP-005,22.0,WH-NO-04,231.0,26.0,,987.0,33.79,588.43,7.7,No,No,Autumn,Sunny,574.77,0.0,1.0,673.68,0.021,26,2022,8,10,2
1587,ORD101587,P-CLO-003,Clothing,Women's Kurti,Central,Jabalpur,SUP-014,6.0,WH-CE-04,178.0,14.0,105.0,521.0,15.07,950.55,14.0,No,No,Summer,Sunny,997.76,1.0,0.0,359.01,,15,2022,5,21,5
1588,ORD101588,P-GRO-014,Grocery,Wheat Flour 5kg,West,Mumbai,SUP-020,6.0,WH-WE-01,1259.0,26.0,347.0,1440.0,54.57,281.7,9.8,No,Yes,Summer,Cloudy,,0.0,6.0,509.67,0.068,42,2022,5,10,1
1589,ORD101589,P-ELE-006,Electronics,Wireless Earbuds,East,Kolkata,SUP-040,10.0,WH-EA-01,138.0,6.0,48.0,303.0,9.61,,5.1,No,No,Summer,Cloudy,10378.94,0.0,1.0,376.78,0.163,11,2021,5,3,0
1590,ORD101590,P-ELE-013,Electronics,Home Router,South,Chennai,SUP-033,9.0,WH-SO-03,148.0,7.0,60.0,244.0,8.92,8631.15,16.0,No,No,Summer,Rainy,7678.78,0.0,0.0,212.32,0.058,10,2022,5,9,0
1591,ORD101591,P-ELE-011,Electronics,LED TV 43in,West,Ahmedabad,SUP-038,10.0,WH-WE-02,175.0,12.0,87.0,360.0,11.82,6388.17,3.3,No,No,Winter,Sunny,6281.72,1.0,1.0,417.57,0.098,17,2024,1,15,0
1592,ORD101592,P-SPO-008,Sports,Skipping Rope,South,Coimbatore,SUP-013,12.0,WH-SO-04,96.0,15.0,86.0,293.0,10.11,4744.99,19.4,Yes,No,Spring,Cloudy,5356.79,0.0,0.0,252.0,0.152,15,2022,2,8,1
1593,ORD101593,P-GRO-001,Grocery,Toor Dal 1kg,West,Mumbai,SUP-011,6.0,WH-WE-04,228.0,30.0,234.0,895.0,33.34,374.39,7.3,No,No,Autumn,Cloudy,358.48,0.0,0.0,228.04,0.101,37,2022,7,26,1
1594,ORD101594,P-BEA-002,Beauty,Moisturizer Cream,Central,Bhopal,SUP-023,7.0,WH-CE-02,440.0,13.0,129.0,570.0,18.4,884.76,7.5,No,No,Summer,Rainy,946.75,0.0,1.0,272.75,0.072,30,2021,4,12,0
1595,ORD101595,P-FUR-011,Furniture,Office Chair,South,Chennai,SUP-014,3.0,WH-SO-01,164.0,18.0,90.0,384.0,14.57,17135.12,29.1,No,No,Winter,Cloudy,16752.6,0.0,1.0,347.18,0.121,17,2022,1,3,0
1596,ORD101596,P-ELE-002,Electronics,Power Bank 10000mAh,South,Chennai,SUP-001,7.0,WH-SO-02,109.0,8.0,53.0,244.0,7.59,2360.55,3.5,No,No,Summer,Sunny,2287.42,0.0,1.0,365.43,0.196,8,2021,4,11,6
1597,ORD101597,P-ELE-001,Electronics,Smartwatch,South,Kochi,SUP-033,16.0,WH-SO-03,105.0,14.0,65.0,324.0,10.06,9601.06,10.7,Yes,No,Autumn,Stormy,9998.12,0.0,,556.49,0.105,13,2022,11,19,5
1598,ORD101598,P-BEA-004,Beauty,Lipstick Set,North,Lucknow,SUP-004,3.0,WH-NO-02,374.0,33.0,194.0,776.0,25.58,655.88,9.9,No,No,Spring,Sunny,575.41,0.0,1.0,201.52,0.107,22,2022,3,10,3
1599,ORD101599,P-GRO-014,Grocery,Sugar 1kg,South,Kochi,SUP-008,8.0,WH-SO-02,1006.0,50.0,319.0,1242.0,42.69,510.75,9.4,No,No,Autumn,Stormy,578.96,0.0,3.0,517.96,0.099,39,2024,11,17,6
1600,ORD101600,P-SPO-010,Sports,Skipping Rope,North,Delhi,SUP-038,13.0,WH-NO-02,,13.0,97.0,366.0,11.39,2438.15,23.6,No,No,Summer,,,0.0,0.0,397.38,0.067,14,2023,5,12,4
1601,ORD101601,P-ELE-011,Electronics,Laptop Stand,North,Delhi,SUP-030,20.0,WH-NO-01,209.0,14.0,77.0,345.0,10.62,2613.21,3.8,No,No,Autumn,Cloudy,2833.02,0.0,2.0,504.31,0.036,16,2022,6,29,2
1602,ORD101602,P-FUR-010,Furniture,Plastic Storage Rack,South,Kochi,SUP-026,4.0,WH-SO-04,115.0,6.0,38.0,144.0,,19408.6,13.5,Yes,No,Winter,Cloudy,19008.2,0.0,0.0,235.24,0.053,8,2023,2,25,5
1603,ORD101603,P-BEA-009,Beauty,Talcum Powder,North,Lucknow,SUP-006,4.0,WH-NO-05,645.0,36.0,155.0,853.0,27.94,548.06,16.1,No,No,Autumn,Sunny,569.82,0.0,2.0,445.9,0.183,32,2024,11,2,5
1604,ORD101604,P-GRO-004,Grocery,Masala Mix 200g,West,Mumbai,SUP-011,7.0,WH-WE-05,763.0,49.0,281.0,1102.0,38.27,335.31,37.7,No,No,Autumn,Cloudy,360.33,0.0,3.0,381.1,0.188,61,2021,9,21,1
1605,ORD101605,P-GRO-007,Grocery,Masala Mix 200g,North,Chandigarh,SUP-009,5.0,WH-NO-05,1020.0,53.0,422.0,1701.0,54.21,272.49,7.9,Yes,No,Winter,Sunny,270.51,0.0,7.0,576.07,0.078,78,2022,1,5,2
1606,ORD101606,P-SPO-009,Sports,Cricket Bat,West,Mumbai,SUP-026,10.0,WH-WE-04,267.0,8.0,79.0,306.0,11.03,1889.08,6.7,No,Yes,Spring,Sunny,1757.12,0.0,1.0,394.03,0.187,22,2023,3,8,2
1607,ORD101607,P-GRO-015,Grocery,Masala Mix 200g,North,Delhi,SUP-021,13.0,WH-NO-04,335.0,40.0,273.0,1204.0,39.33,85.68,,No,No,Autumn,Sunny,79.22,0.0,2.0,434.37,0.055,44,2021,6,4,4
1608,ORD101608,P-CLO-014,Clothing,Women's Kurti,North,Chandigarh,SUP-015,7.0,WH-NO-01,281.0,14.0,112.0,488.0,16.43,273.36,27.6,No,No,Winter,Stormy,264.11,0.0,0.0,339.28,0.032,18,2023,1,30,0
1609,ORD101609,P-CLO-012,Clothing,Kids Winter Jacket,North,Chandigarh,SUP-030,7.0,WH-NO-02,240.0,18.0,213.0,797.0,24.4,686.51,4.0,No,No,Summer,Stormy,698.98,0.0,0.0,334.04,0.092,22,2021,8,18,2
1610,ORD101610,P-GRO-013,Grocery,Sugar 1kg,West,Ahmedabad,SUP-032,7.0,WH-WE-04,413.0,77.0,276.0,1479.0,52.14,166.63,12.4,Yes,No,Summer,Cloudy,164.46,0.0,1.0,337.6,0.173,69,2024,6,16,6
1611,ORD101611,P-BEA-013,Beauty,Herbal Shampoo 200ml,South,Hyderabad,SUP-030,7.0,WH-SO-05,84.0,14.0,120.0,445.0,14.43,324.88,13.7,No,No,Winter,Cloudy,312.16,0.0,2.0,375.09,0.064,13,2024,2,5,0
1612,ORD101612,P-BEA-011,Beauty,Face Wash 100ml,East,,SUP-005,7.0,WH-EA-05,211.0,10.0,108.0,417.0,14.51,851.86,9.8,No,No,Spring,Sunny,898.07,,0.0,246.63,0.109,15,2021,3,13,5
1613,ORD101613,P-GRO-013,Grocery,Masala Mix 200g,North,Lucknow,SUP-025,9.0,WH-NO-04,840.0,65.0,301.0,1179.0,46.39,232.29,18.8,No,No,Spring,Sunny,223.72,0.0,1.0,279.07,0.097,49,2023,2,25,5
1614,ORD101614,P-BEA-002,Beauty,Talcum Powder,Central,Indore,SUP-009,11.0,WH-CE-01,228.0,21.0,150.0,582.0,19.89,378.14,16.0,No,No,Autumn,Stormy,360.06,0.0,1.0,456.32,0.046,19,2021,11,3,2
1615,ORD101615,P-GRO-001,Grocery,Sunflower Oil 1L,North,Lucknow,SUP-011,4.0,WH-NO-05,371.0,58.0,334.0,1433.0,44.95,270.9,11.1,No,No,Summer,Rainy,,0.0,1.0,259.91,0.032,51,2023,5,1,0
1616,ORD101616,P-ELE-007,Electronics,Smartwatch,South,Hyderabad,SUP-040,11.0,WH-SO-02,132.0,8.0,52.0,,8.76,9177.23,18.0,Yes,No,Spring,Cloudy,9581.44,,1.0,433.29,0.035,9,2023,3,7,1
1617,ORD101617,P-CLO-001,Clothing,Women's Kurti,West,Pune,SUP-017,10.0,WH-WE-01,246.0,28.0,192.0,667.0,23.7,1403.59,35.5,No,No,Autumn,Sunny,1266.04,0.0,0.0,369.95,0.068,32,2024,11,14,3
1618,ORD101618,P-SPO-006,Sports,Gym Dumbbells 5kg,South,Coimbatore,SUP-032,4.0,WH-SO-04,128.0,22.0,134.0,612.0,18.59,3661.26,9.8,No,No,Autumn,Rainy,3271.46,0.0,3.0,386.69,0.049,19,2021,9,17,4
1619,ORD101619,P-ELE-003,Electronics,LED TV 43in,South,Kochi,SUP-010,11.0,WH-SO-01,52.0,8.0,46.0,254.0,7.51,8463.01,8.6,No,No,Winter,Stormy,7713.03,,1.0,525.54,0.084,7,2023,1,8,6
1620,ORD101620,P-GRO-015,Grocery,Instant Noodles Pack,West,Surat,SUP-039,6.0,WH-WE-02,542.0,32.0,342.0,1079.0,,476.91,8.1,Yes,No,Autumn,Stormy,475.74,1.0,0.0,210.62,0.086,53,2024,11,11,0
1621,ORD101621,P-CLO-010,Clothing,Kids Winter Jacket,South,Chennai,SUP-012,9.0,WH-SO-04,207.0,19.0,128.0,511.0,16.81,2115.19,0.5,No,No,Autumn,Cloudy,2314.6,0.0,0.0,319.66,0.073,22,2021,6,20,6
1622,ORD101622,P-BEA-001,Beauty,Lipstick Set,North,Chandigarh,SUP-008,12.0,WH-NO-05,259.0,34.0,211.0,944.0,28.43,135.29,17.2,Yes,No,Winter,Sunny,150.96,0.0,0.0,377.92,0.046,53,2022,1,7,4
1623,ORD101623,P-ELE-010,Electronics,Laptop Stand,South,Hyderabad,SUP-013,11.0,WH-SO-05,66.0,4.0,57.0,237.0,6.98,9270.65,12.6,No,,Autumn,Stormy,9827.25,0.0,1.0,,0.079,8,2023,11,16,3
1624,ORD101624,P-GRO-011,Grocery,Toor Dal 1kg,North,Jaipur,SUP-007,7.0,WH-NO-01,629.0,84.0,342.0,1489.0,48.6,141.75,3.7,No,No,Summer,Cloudy,163.44,0.0,3.0,417.93,0.025,73,2021,6,7,0
1625,ORD101625,P-BEA-005,Beauty,Face Wash 100ml,Central,Indore,SUP-024,14.0,WH-CE-01,,27.0,142.0,600.0,18.0,1160.99,32.0,No,No,Autumn,Sunny,1179.72,0.0,1.0,404.42,0.093,20,2021,10,31,6
1626,ORD101626,P-GRO-014,Grocery,Tea Powder 500g,East,Kolkata,SUP-006,8.0,WH-EA-05,489.0,41.0,309.0,1335.0,39.38,,19.8,Yes,No,Autumn,Sunny,97.79,0.0,0.0,234.87,0.038,66,2024,10,30,2
1627,ORD101627,P-ELE-015,Electronics,Power Bank 10000mAh,East,Guwahati,SUP-009,10.0,WH-EA-02,50.0,8.0,40.0,199.0,6.28,12540.34,3.1,No,No,Summer,Cloudy,11967.29,0.0,1.0,370.92,0.145,8,2023,4,30,6
1628,ORD101628,P-ELE-015,Electronics,Bluetooth Speaker,North,Jaipur,SUP-029,,WH-NO-01,,10.0,70.0,300.0,10.28,6638.72,17.7,No,No,Spring,Rainy,5812.28,0.0,1.0,257.28,0.066,11,2021,3,23,1
1629,ORD101629,P-GRO-002,Grocery,Sunflower Oil 1L,West,Mumbai,SUP-002,8.0,WH-WE-03,1328.0,48.0,388.0,1854.0,59.58,373.28,16.0,No,No,Autumn,Rainy,364.06,,4.0,526.83,0.157,69,2024,6,2,6
1630,ORD101630,P-CLO-007,Clothing,Men's Cotton T-Shirt,West,Surat,SUP-018,7.0,WH-WE-04,417.0,37.0,244.0,806.0,28.8,1380.18,15.0,Yes,No,Winter,Rainy,1366.36,0.0,1.0,261.43,0.156,46,2023,2,4,5
1631,ORD101631,P-SPO-012,Sports,Yoga Mat,North,Delhi,SUP-028,10.0,WH-NO-05,315.0,10.0,76.0,,13.9,455.23,7.1,No,Yes,Autumn,Cloudy,549.37,0.0,0.0,362.96,0.111,20,2022,11,29,1
1632,ORD101632,P-FUR-007,Furniture,Dining Chair,West,Surat,SUP-018,,WH-WE-03,233.0,11.0,70.0,242.0,9.52,5213.4,,No,No,Winter,Stormy,5213.22,0.0,1.0,452.3,0.051,10,2024,12,20,4
1633,ORD101633,P-FUR-008,Furniture,Wooden Bookshelf,East,Guwahati,SUP-001,6.0,WH-EA-04,84.0,5.0,47.0,183.0,5.62,7262.14,4.8,No,No,Summer,,6670.82,0.0,1.0,403.12,0.015,5,2022,4,5,1
1634,ORD101634,P-SPO-005,Sports,Cycling Helmet,West,Mumbai,SUP-007,5.0,WH-WE-03,88.0,9.0,71.0,410.0,12.36,1809.63,2.2,No,No,Summer,Sunny,1949.28,0.0,1.0,331.92,0.026,11,2022,7,8,4
1635,ORD101635,P-GRO-007,Grocery,Wheat Flour 5kg,South,Coimbatore,SUP-039,7.0,WH-SO-05,483.0,45.0,306.0,1055.0,43.34,54.46,5.8,Yes,No,Summer,Sunny,51.15,0.0,1.0,335.71,0.131,52,2023,4,21,4
1636,ORD101636,P-GRO-011,Grocery,Toor Dal 1kg,North,Delhi,SUP-031,6.0,WH-NO-03,450.0,81.0,514.0,1774.0,62.06,561.98,18.4,No,No,Winter,Rainy,568.43,0.0,6.0,581.29,,52,2021,12,20,0
1637,ORD101637,P-SPO-001,Sports,Skipping Rope,West,Pune,SUP-015,5.0,WH-WE-04,45.0,13.0,80.0,342.0,12.13,3027.09,10.9,No,No,Autumn,Rainy,3239.54,0.0,1.0,417.05,0.048,11,2021,7,5,0
1638,ORD101638,P-GRO-012,Grocery,Tea Powder 500g,West,Surat,SUP-035,3.0,WH-WE-05,211.0,36.0,251.0,1108.0,35.14,190.81,,No,No,Autumn,Rainy,176.59,0.0,0.0,186.5,0.064,28,2021,7,21,2
1639,ORD101639,P-BEA-011,Beauty,Face Wash 100ml,South,Chennai,SUP-001,14.0,WH-SO-05,439.0,11.0,167.0,737.0,24.6,1136.74,13.6,No,No,Summer,Rainy,1274.74,1.0,1.0,365.95,0.242,19,2022,3,26,5
1640,ORD101640,P-BEA-003,Beauty,Face Wash 100ml,North,Kanpur,SUP-002,4.0,WH-NO-03,360.0,16.0,103.0,546.0,17.09,335.91,5.0,Yes,No,Summer,Cloudy,366.19,0.0,0.0,196.97,0.084,19,2021,4,27,1
1641,ORD101641,P-ELE-012,Electronics,Smartphone Charger,West,Nagpur,SUP-036,13.0,WH-WE-03,185.0,6.0,72.0,327.0,10.87,6999.69,16.2,Yes,No,Winter,,7197.52,0.0,2.0,444.85,0.094,11,2023,1,7,5
1642,ORD101642,P-CLO-008,Clothing,Track Pants,North,Kanpur,SUP-027,,WH-NO-03,269.0,27.0,165.0,804.0,26.09,872.05,9.7,Yes,No,Winter,Sunny,994.25,0.0,1.0,360.46,0.04,37,2024,12,22,6
1643,ORD101643,P-GRO-005,Grocery,Basmati Rice 5kg,South,Bengaluru,SUP-024,3.0,WH-SO-01,342.0,46.0,,1392.0,46.21,508.51,5.5,Yes,No,Winter,Rainy,492.96,0.0,2.0,429.97,0.144,51,2022,1,7,4
1644,ORD101644,P-ELE-007,Electronics,Wireless Earbuds,East,Kolkata,SUP-014,8.0,WH-EA-02,73.0,6.0,54.0,211.0,6.31,1651.71,11.9,No,No,Summer,Rainy,1756.65,0.0,1.0,371.48,0.1,8,2021,3,1,0
1645,ORD101645,P-CLO-008,Clothing,Track Pants,North,Delhi,SUP-033,6.0,WH-NO-04,1916.0,23.0,177.0,641.0,23.72,2340.55,12.1,Yes,No,Spring,Sunny,2392.76,0.0,1.0,303.01,0.09,28,2021,2,27,5
1646,ORD101646,P-GRO-004,Grocery,Tea Powder 500g,North,Chandigarh,SUP-025,13.0,WH-NO-01,849.0,43.0,244.0,,36.97,258.74,4.1,No,No,Summer,Sunny,245.54,0.0,1.0,535.65,0.045,28,2021,8,31,1
1647,ORD101647,P-BEA-010,Beauty,Talcum Powder,North,Chandigarh,SUP-018,16.0,WH-NO-04,419.0,23.0,129.0,,19.91,362.45,19.5,Yes,No,Summer,Sunny,344.83,0.0,1.0,471.28,0.093,22,2023,5,5,4
1648,ORD101648,P-SPO-010,Sports,Football,Central,Gwalior,SUP-016,10.0,WH-CE-03,71.0,13.0,78.0,375.0,11.97,4957.74,28.9,No,No,Autumn,Rainy,,0.0,1.0,443.58,0.128,15,2022,11,19,5
1649,ORD101649,P-BEA-006,Beauty,Hair Oil 250ml,South,,SUP-015,15.0,WH-SO-03,587.0,44.0,213.0,862.0,34.34,738.11,3.9,No,No,Summer,Cloudy,800.66,0.0,2.0,449.48,,32,2022,8,10,2
1650,ORD101650,P-GRO-007,Grocery,Sunflower Oil 1L,West,Mumbai,SUP-024,,WH-WE-05,522.0,11.0,264.0,969.0,40.04,599.37,,No,No,Winter,Sunny,642.02,0.0,2.0,535.23,0.043,42,2024,1,8,0
1651,ORD101651,P-GRO-010,Grocery,Tea Powder 500g,Central,,SUP-027,7.0,WH-CE-02,761.0,33.0,282.0,1494.0,46.6,325.7,6.7,No,No,Summer,Rainy,309.41,0.0,1.0,332.45,0.044,35,2022,7,25,0
1652,ORD101652,P-GRO-008,Grocery,Basmati Rice 5kg,West,Surat,SUP-033,8.0,WH-WE-04,623.0,51.0,349.0,1167.0,45.14,579.57,11.4,No,No,Autumn,Sunny,612.39,0.0,5.0,502.84,0.013,50,2023,6,20,1
1653,ORD101653,P-ELE-007,Electronics,Home Router,East,Guwahati,SUP-017,7.0,WH-EA-04,69.0,9.0,43.0,233.0,8.55,4885.91,11.6,Yes,No,Winter,Sunny,4742.06,0.0,,195.44,0.323,13,2024,12,27,4
1654,ORD101654,P-SPO-015,Sports,Badminton Racket,East,Patna,SUP-011,11.0,WH-EA-05,154.0,9.0,88.0,317.0,12.23,4847.46,5.3,Yes,No,Autumn,Rainy,5505.95,0.0,0.0,,0.043,15,2021,9,5,6
1655,ORD101655,P-GRO-014,Grocery,Wheat Flour 5kg,South,Hyderabad,SUP-023,10.0,WH-SO-05,884.0,42.0,224.0,1027.0,36.88,307.88,15.8,No,No,Autumn,Sunny,337.75,0.0,1.0,309.94,0.083,45,2021,6,13,6
1656,ORD101656,P-GRO-006,Grocery,Masala Mix 200g,East,Ranchi,SUP-024,6.0,WH-EA-03,469.0,31.0,201.0,979.0,25.24,442.84,33.7,No,No,Autumn,Sunny,475.41,0.0,0.0,301.1,0.045,31,2021,11,14,6
1657,ORD101657,P-BEA-011,Beauty,Face Wash 100ml,Central,Gwalior,SUP-012,1.0,WH-CE-02,157.0,26.0,229.0,972.0,33.54,570.16,7.2,Yes,No,Autumn,Cloudy,607.46,0.0,0.0,155.17,0.058,44,2021,8,14,5
1658,ORD101658,P-GRO-013,Grocery,Instant Noodles Pack,West,Nagpur,SUP-003,21.0,WH-WE-04,491.0,25.0,232.0,942.0,31.47,85.0,6.4,No,No,Summer,Sunny,84.4,0.0,3.0,534.11,0.047,29,2024,4,26,4
1659,ORD101659,P-ELE-002,Electronics,Smartwatch,South,Hyderabad,SUP-014,6.0,WH-SO-05,104.0,7.0,84.0,356.0,13.21,1950.51,13.6,Yes,No,Autumn,Sunny,2026.53,0.0,0.0,325.18,0.071,18,2024,7,4,3
1660,ORD101660,P-ELE-009,Electronics,Laptop Stand,South,Bengaluru,SUP-003,4.0,WH-SO-02,252.0,,113.0,402.0,13.56,2812.97,9.0,No,No,Spring,,3159.83,0.0,0.0,214.91,0.081,17,2023,3,29,2
1661,ORD101661,P-FUR-012,Furniture,Wooden Bookshelf,West,Surat,SUP-004,11.0,WH-WE-02,46.0,5.0,29.0,166.0,5.05,6694.71,8.3,No,No,Summer,Rainy,6944.64,2.0,1.0,356.99,0.111,6,2021,7,10,5
1662,ORD101662,P-BEA-001,Beauty,Talcum Powder,North,Chandigarh,SUP-039,4.0,WH-NO-03,643.0,19.0,,858.0,28.31,1076.57,12.2,Yes,No,Summer,Cloudy,1004.16,0.0,,492.8,0.102,29,2024,5,28,1
1663,ORD101663,P-GRO-006,Grocery,Toor Dal 1kg,West,Mumbai,SUP-032,10.0,WH-WE-01,364.0,44.0,314.0,1895.0,52.62,294.73,20.9,Yes,No,Autumn,Rainy,324.32,0.0,1.0,351.11,0.016,64,2024,9,2,0
1664,ORD101664,P-SPO-012,Sports,Badminton Racket,South,Bengaluru,SUP-002,7.0,WH-SO-02,432.0,20.0,143.0,570.0,20.6,3243.08,5.7,No,Yes,Summer,Cloudy,3066.8,0.0,1.0,404.35,0.116,20,2022,8,19,4
1665,ORD101665,P-BEA-015,Beauty,Lipstick Set,West,Pune,SUP-014,6.0,WH-WE-01,114.0,30.0,169.0,560.0,23.77,569.6,7.3,No,No,Autumn,Sunny,568.25,0.0,2.0,297.6,,21,2023,9,9,5
1666,ORD101666,P-BEA-015,Beauty,Moisturizer Cream,West,Mumbai,SUP-011,8.0,WH-WE-04,299.0,21.0,137.0,752.0,24.11,249.41,16.8,No,No,Summer,Sunny,239.96,0.0,1.0,377.52,0.165,24,2023,6,8,3
1667,ORD101667,P-GRO-010,Grocery,Wheat Flour 5kg,South,Coimbatore,SUP-039,8.0,WH-SO-03,924.0,39.0,319.0,1692.0,54.14,198.93,1.0,Yes,No,Winter,Sunny,157.41,0.0,2.0,435.73,0.037,43,2023,2,11,5
1668,ORD101668,P-ELE-001,Electronics,Smartphone Charger,North,Jaipur,SUP-018,19.0,WH-NO-04,79.0,8.0,34.0,177.0,5.85,6860.51,5.5,No,No,Summer,Cloudy,6956.71,0.0,1.0,416.3,0.054,7,2022,6,1,2
1669,ORD101669,P-SPO-001,Sports,Badminton Racket,West,Pune,SUP-011,12.0,WH-WE-01,88.0,12.0,53.0,249.0,9.62,1898.53,3.5,No,No,Winter,Cloudy,2228.54,0.0,0.0,299.88,0.172,15,2022,2,11,4
1670,ORD101670,P-GRO-013,Grocery,Toor Dal 1kg,South,Bengaluru,SUP-026,3.0,WH-SO-03,380.0,28.0,285.0,1288.0,45.44,486.25,5.5,No,No,Winter,Cloudy,498.7,0.0,0.0,316.32,0.104,57,2022,2,7,0
1671,ORD101671,P-FUR-012,Furniture,Plastic Storage Rack,South,Bengaluru,SUP-020,3.0,WH-SO-04,148.0,7.0,52.0,179.0,5.86,18707.05,19.7,No,No,Autumn,Rainy,23141.82,0.0,0.0,219.4,0.029,9,2022,6,10,4
1672,ORD101672,P-BEA-003,Beauty,Talcum Powder,East,Ranchi,SUP-008,8.0,WH-EA-04,271.0,20.0,169.0,728.0,23.68,701.32,16.7,Yes,No,Winter,Sunny,692.72,,2.0,404.21,0.154,30,2024,1,16,1
1673,ORD101673,P-ELE-002,Electronics,Wireless Earbuds,South,,SUP-013,5.0,WH-SO-04,125.0,10.0,49.0,247.0,7.71,6582.15,16.6,No,No,Summer,Rainy,6698.76,0.0,0.0,339.17,0.038,6,2024,4,21,6
1674,ORD101674,P-BEA-003,Beauty,Talcum Powder,West,Mumbai,SUP-006,7.0,WH-WE-01,1009.0,37.0,284.0,1144.0,42.33,224.58,17.0,No,Yes,Autumn,Cloudy,222.71,0.0,1.0,422.93,0.047,52,2021,6,15,1
1675,ORD101675,P-SPO-014,Sports,Skipping Rope,North,Jaipur,SUP-028,7.0,WH-NO-03,108.0,8.0,88.0,398.0,16.36,2885.25,1.9,Yes,No,Summer,Cloudy,2899.18,0.0,,267.14,0.107,14,2021,3,26,4
1676,ORD101676,P-BEA-012,Beauty,Face Wash 100ml,South,Kochi,SUP-039,10.0,WH-SO-03,408.0,23.0,150.0,817.0,27.73,591.93,26.9,No,No,Autumn,Sunny,609.45,0.0,,348.38,0.08,32,2022,11,30,2
1677,ORD101677,P-CLO-015,Clothing,Cotton Saree,West,Mumbai,SUP-033,8.0,WH-WE-05,363.0,13.0,104.0,545.0,17.1,1080.79,24.2,No,No,Winter,Sunny,1211.38,0.0,1.0,328.23,0.106,16,2024,1,28,6
1678,ORD101678,P-SPO-002,Sports,Football,North,Kanpur,SUP-016,6.0,WH-NO-04,270.0,13.0,93.0,426.0,16.35,4689.19,6.1,No,No,Spring,Cloudy,4374.51,0.0,2.0,357.67,0.072,12,2023,3,31,4
1679,ORD101679,P-CLO-011,Clothing,Men's Cotton T-Shirt,South,Coimbatore,SUP-020,9.0,WH-SO-05,137.0,4.0,106.0,466.0,13.4,616.48,21.9,No,,Summer,Sunny,616.91,0.0,0.0,,0.101,14,2024,4,24,2
1680,ORD101680,P-BEA-014,Beauty,Body Lotion 400ml,West,Pune,SUP-003,7.0,WH-WE-01,440.0,20.0,182.0,588.0,20.3,735.01,1.8,No,No,Autumn,Rainy,771.22,0.0,2.0,359.09,0.023,25,2023,11,9,3
1681,ORD101681,P-BEA-008,Beauty,Face Wash 100ml,West,Surat,SUP-015,8.0,WH-WE-03,672.0,13.0,266.0,1124.0,33.65,1139.88,16.6,No,No,Autumn,Cloudy,1256.61,0.0,0.0,438.66,0.105,52,2023,10,29,6
1682,ORD101682,P-BEA-012,Beauty,Moisturizer Cream,East,Bhubaneswar,SUP-002,3.0,WH-EA-04,154.0,14.0,92.0,528.0,14.94,422.69,,Yes,No,,Cloudy,349.72,0.0,4.0,373.12,0.017,14,2023,2,26,6
1683,ORD101683,P-GRO-010,Grocery,Basmati Rice 5kg,West,Surat,SUP-030,9.0,WH-WE-01,166.0,9.0,235.0,840.0,33.48,342.84,25.5,No,No,Spring,Sunny,304.49,0.0,1.0,212.6,0.077,21,2021,3,21,6
1684,ORD101684,P-ELE-001,Electronics,Smartphone Charger,North,Delhi,SUP-037,12.0,WH-NO-04,170.0,6.0,72.0,301.0,9.55,14089.18,14.0,Yes,No,Autumn,Rainy,14134.96,0.0,4.0,523.94,0.088,10,2021,9,20,0
1685,ORD101685,P-GRO-007,Grocery,Basmati Rice 5kg,South,Chennai,SUP-008,5.0,WH-SO-02,1338.0,65.0,413.0,1975.0,,402.0,30.3,Yes,No,Winter,Rainy,438.0,0.0,0.0,167.83,0.093,85,2023,12,22,4
1686,ORD101686,P-CLO-004,Clothing,Track Pants,Central,Gwalior,SUP-027,9.0,WH-CE-01,444.0,22.0,159.0,532.0,18.58,2377.03,10.1,,No,Summer,Sunny,2285.63,,1.0,394.53,0.105,25,2022,3,28,0
1687,ORD101687,P-CLO-002,Clothing,Men's Cotton T-Shirt,West,Nagpur,SUP-024,4.0,WH-WE-04,691.0,24.0,182.0,1136.0,31.68,1141.97,22.0,No,No,Autumn,Cloudy,1203.08,0.0,0.0,248.27,0.064,38,2023,11,23,3
1688,ORD101688,P-CLO-009,Clothing,Track Pants,East,Kolkata,SUP-017,4.0,WH-EA-03,195.0,18.0,109.0,501.0,15.2,1335.42,2.2,Yes,No,Summer,Rainy,1546.72,0.0,0.0,386.37,0.039,22,2022,5,11,2
1689,ORD101689,P-GRO-014,Grocery,Sunflower Oil 1L,South,Chennai,SUP-030,11.0,WH-SO-03,567.0,16.0,248.0,1034.0,35.65,189.6,11.6,No,No,Winter,Sunny,189.76,,1.0,464.64,0.224,36,2021,1,20,2
1690,ORD101690,P-BEA-001,Beauty,Talcum Powder,South,Coimbatore,SUP-028,15.0,WH-SO-02,340.0,,128.0,577.0,19.32,814.37,11.9,No,No,Autumn,Sunny,,,1.0,335.53,0.038,17,2023,9,16,5
1691,ORD101691,P-SPO-005,Sports,Skipping Rope,North,Kanpur,SUP-011,7.0,WH-NO-04,65.0,,73.0,344.0,13.6,3435.71,8.6,Yes,No,Summer,Stormy,3565.4,0.0,2.0,305.63,0.101,13,2024,7,27,5
1692,ORD101692,P-GRO-011,Grocery,Sugar 1kg,West,Surat,SUP-032,6.0,WH-WE-04,665.0,44.0,259.0,1326.0,47.42,114.26,7.4,No,No,Autumn,Cloudy,115.91,0.0,1.0,310.58,0.16,54,2022,10,14,4
1693,ORD101693,P-BEA-005,Beauty,Body Lotion 400ml,West,Surat,SUP-027,6.0,WH-WE-04,325.0,45.0,429.0,1642.0,51.33,100.2,17.0,No,No,Autumn,Stormy,102.25,0.0,0.0,304.35,0.084,56,2021,7,13,1
1694,ORD101694,P-FUR-002,Furniture,Wooden Bookshelf,South,Chennai,SUP-013,7.0,WH-SO-04,155.0,2.0,56.0,206.0,7.05,12552.03,19.9,No,No,Autumn,Sunny,12370.41,0.0,1.0,399.94,0.138,7,2022,8,29,0
1695,ORD101695,P-CLO-003,Clothing,Track Pants,South,Bengaluru,SUP-030,10.0,WH-SO-04,269.0,14.0,82.0,440.0,14.19,2117.1,21.1,No,No,Autumn,Cloudy,2073.55,0.0,2.0,463.69,0.046,17,2024,11,4,0
1696,ORD101696,P-ELE-001,Electronics,Smartphone Charger,South,Coimbatore,SUP-026,5.0,WH-SO-01,56.0,15.0,63.0,412.0,12.32,2494.34,6.5,Yes,No,Summer,Cloudy,2293.91,0.0,1.0,345.7,0.165,13,2022,4,11,0
1697,ORD101697,P-BEA-015,Beauty,Sunscreen Lotion,North,Jaipur,SUP-005,10.0,WH-NO-01,125.0,22.0,138.0,655.0,19.64,1058.59,5.7,No,No,Summer,Cloudy,1110.53,0.0,3.0,,,18,2021,4,14,2
1698,ORD101698,P-SPO-008,Sports,Cycling Helmet,West,Ahmedabad,SUP-007,8.0,WH-WE-05,199.0,12.0,79.0,356.0,11.43,1001.26,1.2,No,No,Winter,Rainy,917.97,0.0,0.0,297.91,0.036,9,2024,1,27,5
1699,ORD101699,P-BEA-015,Beauty,Hair Oil 250ml,East,,SUP-013,6.0,WH-EA-02,646.0,17.0,156.0,836.0,29.49,448.81,24.3,No,No,Winter,Cloudy,419.47,0.0,0.0,309.12,0.002,32,2021,12,14,1
1700,ORD101700,P-SPO-011,Sports,Yoga Mat,North,Lucknow,SUP-002,7.0,WH-NO-03,,16.0,142.0,475.0,15.55,4866.26,19.4,No,No,Spring,Rainy,4399.93,0.0,0.0,323.87,0.079,16,2021,2,24,2
1701,ORD101701,P-SPO-006,Sports,Running Shoes,East,Bhubaneswar,SUP-017,8.0,WH-EA-02,353.0,12.0,130.0,479.0,15.6,4540.37,4.9,No,No,Autumn,Sunny,4421.9,0.0,1.0,387.03,0.077,16,2023,10,6,4
1702,ORD101702,P-GRO-015,Grocery,Masala Mix 200g,Central,Indore,SUP-019,4.0,WH-CE-05,276.0,38.0,157.0,750.0,26.72,424.31,4.3,No,No,Summer,Stormy,425.19,0.0,0.0,206.42,0.085,20,2022,5,10,1
1703,ORD101703,P-FUR-004,Furniture,TV Unit,North,Chandigarh,SUP-032,6.0,WH-NO-05,74.0,11.0,81.0,299.0,9.61,18565.0,21.2,Yes,No,Summer,Cloudy,16931.72,0.0,2.0,365.85,0.096,10,2021,7,20,1
1704,ORD101704,P-CLO-003,Clothing,Cotton Saree,South,Bengaluru,SUP-007,5.0,WH-SO-03,594.0,27.0,180.0,687.0,24.9,897.42,10.8,Yes,No,Spring,Sunny,878.3,0.0,1.0,372.73,0.051,25,2021,3,20,5
1705,ORD101705,P-SPO-013,Sports,Running Shoes,East,Guwahati,SUP-023,21.0,WH-EA-04,64.0,9.0,73.0,281.0,9.37,1318.86,10.9,No,No,Autumn,Sunny,1335.92,0.0,1.0,518.38,0.073,10,2021,9,28,1
1706,ORD101706,P-ELE-009,Electronics,Power Bank 10000mAh,North,Lucknow,SUP-027,7.0,WH-NO-03,151.0,11.0,,433.0,15.36,2920.1,13.1,No,No,Summer,Sunny,2553.49,0.0,1.0,374.5,0.01,10,2021,8,7,5
1707,ORD101707,P-GRO-007,Grocery,Sugar 1kg,East,Guwahati,SUP-018,,WH-EA-04,470.0,32.0,320.0,1196.0,41.85,293.25,21.2,No,No,Winter,Sunny,275.43,0.0,1.0,291.01,0.07,47,2021,1,17,6
1708,ORD101708,P-SPO-009,Sports,Football,East,Bhubaneswar,SUP-037,10.0,WH-EA-05,160.0,19.0,110.0,387.0,11.83,3387.17,9.5,No,No,Autumn,Rainy,3876.18,0.0,1.0,385.75,0.03,20,2022,6,26,6
1709,ORD101709,P-GRO-015,Grocery,Instant Noodles Pack,North,Kanpur,SUP-013,12.0,WH-NO-04,323.0,25.0,277.0,1099.0,33.56,279.37,4.2,Yes,No,Summer,Stormy,263.53,0.0,,456.84,0.157,31,2024,4,22,0
1710,ORD101710,P-BEA-005,Beauty,Herbal Shampoo 200ml,North,Lucknow,SUP-017,3.0,WH-NO-01,95.0,11.0,84.0,320.0,10.86,364.9,9.4,No,No,Summer,Sunny,385.58,0.0,0.0,293.59,0.038,12,2022,8,2,1
1711,ORD101711,P-GRO-014,Grocery,Tea Powder 500g,West,Pune,SUP-001,7.0,WH-WE-03,409.0,50.0,246.0,1647.0,48.73,580.17,13.4,Yes,No,Spring,Sunny,556.61,0.0,0.0,252.16,0.123,55,2021,2,24,2
1712,ORD101712,P-SPO-014,Sports,Yoga Mat,South,Chennai,SUP-017,8.0,WH-SO-05,205.0,16.0,123.0,501.0,15.54,4427.66,7.3,No,Yes,Autumn,Sunny,4498.54,0.0,0.0,132.43,0.028,24,2024,7,12,4
1713,ORD101713,P-SPO-012,Sports,Football,East,Guwahati,SUP-001,6.0,WH-EA-01,263.0,12.0,84.0,356.0,11.2,1336.44,10.0,No,No,Autumn,Rainy,1251.2,0.0,1.0,411.34,0.102,10,2023,7,14,4
1714,ORD101714,P-GRO-003,Grocery,Wheat Flour 5kg,East,Kolkata,SUP-040,5.0,WH-EA-02,829.0,53.0,208.0,1007.0,33.81,115.04,11.5,Yes,No,,Cloudy,97.54,0.0,1.0,391.06,0.226,45,2024,11,9,5
1715,ORD101715,P-BEA-002,Beauty,Face Wash 100ml,West,Surat,SUP-010,3.0,WH-WE-02,314.0,22.0,143.0,685.0,21.41,212.75,15.4,No,,Summer,Cloudy,205.24,0.0,0.0,127.39,0.091,29,2023,5,1,0
1716,ORD101716,P-GRO-002,Grocery,Toor Dal 1kg,West,Nagpur,SUP-033,13.0,WH-WE-04,312.0,58.0,348.0,1447.0,50.39,404.11,29.3,No,No,Autumn,Cloudy,418.39,0.0,2.0,504.3,0.224,53,2022,11,28,0
1717,ORD101717,P-FUR-011,Furniture,Plastic Storage Rack,West,Surat,SUP-005,6.0,WH-WE-01,104.0,5.0,41.0,164.0,5.36,17971.16,11.2,Yes,No,,Stormy,18946.31,0.0,3.0,415.69,0.01,8,2023,1,17,1
1718,ORD101718,P-FUR-006,Furniture,Plastic Storage Rack,East,Kolkata,SUP-011,13.0,WH-EA-04,47.0,4.0,24.0,146.0,4.33,6037.74,3.2,No,Yes,Winter,Sunny,6106.83,0.0,1.0,517.28,0.165,6,2021,1,10,6
1719,ORD101719,P-BEA-015,Beauty,Face Wash 100ml,South,Hyderabad,SUP-005,11.0,WH-SO-01,164.0,31.0,191.0,887.0,27.06,963.77,29.5,No,No,Autumn,Sunny,903.83,0.0,2.0,521.49,0.026,23,2022,7,3,6
1720,ORD101720,P-ELE-001,Electronics,Smartwatch,South,Hyderabad,SUP-015,3.0,WH-SO-05,185.0,12.0,,237.0,8.37,11462.3,3.5,No,No,Autumn,Cloudy,12306.16,0.0,2.0,380.9,0.09,10,2022,10,8,5
1721,ORD101721,P-GRO-006,Grocery,Sunflower Oil 1L,South,Chennai,SUP-025,6.0,WH-SO-02,78.0,33.0,178.0,786.0,23.59,83.14,20.8,No,No,Spring,Stormy,78.34,,2.0,350.64,0.062,17,2022,3,14,0
1722,ORD101722,P-FUR-004,Furniture,Dining Chair,South,Hyderabad,SUP-017,10.0,WH-SO-03,18.0,0.0,25.0,112.0,4.25,9414.76,10.3,No,,Summer,Cloudy,8917.12,0.0,1.0,245.67,0.147,3,2024,5,8,2
1723,ORD101723,P-CLO-014,Clothing,Men's Cotton T-Shirt,North,Jaipur,SUP-025,7.0,WH-NO-04,236.0,11.0,158.0,649.0,21.68,1439.62,18.2,No,No,Autumn,Rainy,1326.73,0.0,1.0,371.23,0.049,19,2024,10,30,2
1724,ORD101724,P-CLO-002,Clothing,Men's Cotton T-Shirt,South,,SUP-033,4.0,WH-SO-02,164.0,37.0,169.0,754.0,22.55,2199.14,31.9,No,No,Autumn,Rainy,2124.71,0.0,0.0,191.95,0.06,30,2022,11,30,2
1725,ORD101725,P-ELE-007,Electronics,LED TV 43in,South,Chennai,SUP-002,11.0,WH-SO-01,265.0,12.0,69.0,396.0,14.33,1118.06,7.7,No,No,Winter,Sunny,,0.0,1.0,296.55,0.109,15,2024,2,22,3
1726,ORD101726,P-GRO-014,Grocery,Toor Dal 1kg,North,Lucknow,SUP-017,2.0,WH-NO-05,1344.0,48.0,397.0,1680.0,54.22,426.7,8.5,No,No,Autumn,Cloudy,436.71,0.0,2.0,483.59,0.041,54,2021,11,22,0
1727,ORD101727,P-SPO-015,Sports,Cycling Helmet,South,Chennai,SUP-024,5.0,WH-SO-01,225.0,13.0,,509.0,16.21,4641.12,8.1,No,,Autumn,Rainy,4138.8,0.0,0.0,231.96,0.104,15,2024,9,10,1
1728,ORD101728,P-ELE-014,Electronics,Smartwatch,West,Ahmedabad,SUP-021,5.0,WH-WE-03,,5.0,45.0,,8.48,10043.44,33.5,No,No,Autumn,Sunny,9673.55,0.0,2.0,386.74,0.075,6,2023,10,25,2
1729,ORD101729,P-GRO-010,Grocery,Toor Dal 1kg,East,Bhubaneswar,SUP-006,7.0,WH-EA-01,558.0,24.0,285.0,902.0,31.6,357.8,14.2,No,No,Winter,Cloudy,334.88,0.0,0.0,357.29,0.117,32,2023,12,9,5
1730,ORD101730,P-SPO-003,Sports,Skipping Rope,West,Surat,SUP-009,11.0,WH-WE-04,97.0,14.0,118.0,526.0,16.17,1146.23,4.2,No,No,Summer,Sunny,1185.44,0.0,1.0,,0.069,13,2023,5,19,4
1731,ORD101731,P-ELE-002,Electronics,Smartphone Charger,East,Patna,SUP-016,16.0,WH-EA-02,221.0,8.0,66.0,271.0,9.69,11415.37,10.7,No,No,Summer,Rainy,11691.66,0.0,0.0,268.84,0.062,12,2024,4,26,4
1732,ORD101732,P-BEA-007,Beauty,Talcum Powder,West,Pune,SUP-027,7.0,WH-WE-05,587.0,20.0,177.0,839.0,28.99,162.23,7.5,Yes,No,Spring,Sunny,148.87,0.0,0.0,394.68,0.404,35,2023,2,20,0
1733,ORD101733,P-GRO-008,Grocery,Toor Dal 1kg,West,Mumbai,SUP-040,7.0,WH-WE-02,387.0,50.0,280.0,1183.0,39.38,449.8,3.8,Yes,No,Autumn,Sunny,467.51,3.0,0.0,302.27,0.123,42,2024,11,9,5
1734,ORD101734,P-SPO-008,Sports,Yoga Mat,North,Delhi,SUP-015,16.0,WH-NO-04,213.0,14.0,109.0,433.0,14.6,1978.7,27.9,No,No,Autumn,Cloudy,1970.41,0.0,1.0,506.92,0.265,18,2023,8,26,5
1735,ORD101735,P-BEA-001,Beauty,Moisturizer Cream,Central,Bhopal,SUP-021,9.0,WH-CE-01,139.0,20.0,162.0,635.0,19.29,779.66,20.6,No,No,Autumn,Cloudy,829.13,0.0,0.0,291.12,0.079,29,2022,10,25,1
1736,ORD101736,P-SPO-011,Sports,Cricket Bat,North,Lucknow,SUP-013,18.0,WH-NO-01,36.0,8.0,56.0,305.0,8.17,4732.68,1.3,No,No,Autumn,Sunny,4488.04,0.0,1.0,455.56,0.028,4,2021,11,1,0
1737,ORD101737,P-GRO-006,Grocery,Sugar 1kg,East,Guwahati,SUP-002,9.0,WH-EA-02,302.0,,183.0,986.0,32.86,462.95,9.9,No,No,Autumn,Sunny,484.82,0.0,0.0,283.84,0.015,33,2024,8,17,5
1738,ORD101738,P-CLO-002,Clothing,Kids Winter Jacket,West,Surat,SUP-016,12.0,WH-WE-05,370.0,15.0,136.0,591.0,19.61,826.25,7.5,No,No,Summer,Rainy,883.43,,5.0,531.96,0.028,14,2021,3,23,1
1739,ORD101739,P-BEA-014,Beauty,Hair Oil 250ml,South,Kochi,SUP-014,3.0,WH-SO-05,120.0,17.0,214.0,1089.0,31.0,447.09,4.6,No,No,Summer,Stormy,449.56,0.0,0.0,208.17,0.312,17,2021,3,4,3
1740,ORD101740,P-GRO-006,Grocery,Sugar 1kg,East,Bhubaneswar,SUP-007,8.0,WH-EA-04,312.0,29.0,208.0,890.0,23.9,122.62,5.6,No,No,Spring,Cloudy,143.2,0.0,1.0,433.19,0.095,30,2021,2,15,0
1741,ORD101741,P-GRO-004,Grocery,Basmati Rice 5kg,South,Hyderabad,SUP-027,15.0,WH-SO-02,520.0,32.0,242.0,978.0,33.08,201.08,0.8,No,No,Autumn,Sunny,208.99,0.0,0.0,399.01,0.05,44,2021,6,7,0
1742,ORD101742,P-ELE-008,Electronics,Home Router,North,Kanpur,SUP-011,,WH-NO-02,180.0,17.0,93.0,390.0,12.58,9731.62,5.4,Yes,No,Winter,Cloudy,11104.02,1.0,24.0,277.2,0.059,28,2021,12,27,0
1743,ORD101743,P-SPO-015,Sports,Gym Dumbbells 5kg,North,Delhi,SUP-009,7.0,WH-NO-02,219.0,13.0,74.0,299.0,11.51,,3.3,No,No,Winter,Cloudy,5707.5,0.0,1.0,309.65,0.076,15,2022,12,18,6
1744,ORD101744,P-FUR-013,Furniture,Sofa Cushion Set,North,Jaipur,SUP-016,11.0,WH-NO-02,34.0,7.0,37.0,141.0,5.08,9152.02,8.2,No,No,Winter,Sunny,7927.19,0.0,3.0,509.09,0.009,7,2022,2,9,2
1745,ORD101745,P-FUR-002,Furniture,Study Table,North,Kanpur,SUP-039,9.0,WH-NO-03,159.0,6.0,40.0,164.0,6.54,10507.69,6.9,No,No,Autumn,Sunny,11475.79,0.0,1.0,372.53,0.207,6,2022,10,26,2
1746,ORD101746,P-BEA-011,Beauty,Body Lotion 400ml,East,Bhubaneswar,SUP-026,11.0,WH-EA-04,360.0,18.0,187.0,758.0,26.03,882.25,14.7,Yes,No,Autumn,Sunny,918.69,0.0,0.0,,0.156,38,2022,10,17,0
1747,ORD101747,P-CLO-010,Clothing,Cotton Saree,East,Patna,SUP-018,,WH-EA-02,,39.0,198.0,886.0,25.27,2262.16,24.0,No,No,Autumn,Sunny,2306.21,0.0,0.0,325.67,0.078,28,2022,10,3,0
1748,ORD101748,P-CLO-014,Clothing,Denim Jeans,South,Coimbatore,SUP-033,16.0,WH-SO-01,440.0,26.0,133.0,522.0,19.03,680.83,6.0,No,No,Summer,Cloudy,644.84,0.0,0.0,462.98,0.019,18,2021,3,28,6
1749,ORD101749,P-CLO-015,Clothing,Woolen Sweater,West,Nagpur,SUP-001,11.0,WH-WE-03,171.0,8.0,157.0,540.0,19.22,2172.39,8.0,Yes,No,Spring,Sunny,2017.49,0.0,1.0,345.7,0.076,15,2023,2,24,4
1750,ORD101750,P-FUR-012,Furniture,Sofa Cushion Set,North,Lucknow,SUP-014,4.0,WH-NO-02,,6.0,45.0,166.0,5.29,19957.45,22.8,No,No,Summer,Cloudy,18276.01,0.0,2.0,369.64,0.026,4,2022,3,14,0
1751,ORD101751,P-GRO-010,Grocery,Masala Mix 200g,South,Hyderabad,SUP-022,11.0,WH-SO-03,578.0,40.0,271.0,837.0,33.11,188.82,15.7,Yes,,Spring,Cloudy,222.4,0.0,1.0,310.3,0.084,53,2023,2,26,6
1752,ORD101752,P-SPO-006,Sports,Skipping Rope,West,Mumbai,SUP-020,7.0,WH-WE-04,143.0,14.0,109.0,477.0,15.38,409.44,16.8,Yes,No,Spring,Cloudy,425.4,0.0,0.0,261.89,0.12,16,2021,3,30,1
1753,ORD101753,P-BEA-014,Beauty,Herbal Shampoo 200ml,Central,Indore,SUP-028,8.0,WH-CE-05,,11.0,109.0,407.0,18.08,1162.39,23.8,No,No,Summer,Cloudy,1036.0,0.0,1.0,228.56,0.197,12,2024,6,25,1
1754,ORD101754,P-GRO-015,Grocery,Masala Mix 200g,South,Coimbatore,SUP-029,8.0,WH-SO-03,288.0,29.0,186.0,912.0,31.2,384.41,15.4,No,No,Autumn,Cloudy,352.04,,0.0,258.37,0.079,25,2023,11,22,2
1755,ORD101755,P-CLO-015,Clothing,Cotton Saree,North,Chandigarh,SUP-019,15.0,WH-NO-05,253.0,14.0,97.0,323.0,12.76,,3.5,No,No,Summer,Sunny,951.38,0.0,0.0,396.45,0.028,8,2022,5,21,5
1756,ORD101756,P-ELE-015,Electronics,Smartphone Charger,West,Mumbai,SUP-038,13.0,WH-WE-02,193.0,7.0,68.0,260.0,9.36,4886.83,32.7,No,No,Summer,Sunny,5352.47,0.0,0.0,473.97,0.193,9,2022,6,10,4
1757,ORD101757,P-SPO-010,Sports,Skipping Rope,West,Pune,SUP-038,4.0,WH-WE-04,194.0,21.0,117.0,502.0,16.92,4372.05,17.9,No,No,Summer,Cloudy,4387.89,0.0,0.0,345.6,0.073,21,2022,4,8,4
1758,ORD101758,P-SPO-015,Sports,Badminton Racket,South,Bengaluru,SUP-020,8.0,WH-SO-05,243.0,7.0,82.0,380.0,12.79,3560.5,14.0,,No,Winter,Sunny,3705.53,0.0,1.0,420.33,0.047,14,2024,12,19,3
1759,ORD101759,P-SPO-012,Sports,Skipping Rope,South,Coimbatore,SUP-037,7.0,WH-SO-02,83.0,11.0,74.0,308.0,10.48,4397.09,30.4,No,No,Autumn,Sunny,4397.95,0.0,1.0,378.92,0.05,13,2023,10,23,0
1760,ORD101760,P-GRO-004,Grocery,Sunflower Oil 1L,North,Kanpur,SUP-026,7.0,WH-NO-04,588.0,94.0,329.0,2181.0,59.33,192.1,13.4,No,No,Autumn,Sunny,206.67,2.0,2.0,395.24,0.168,88,2022,11,4,4
1761,ORD101761,P-ELE-001,Electronics,LED TV 43in,East,Kolkata,SUP-006,9.0,WH-EA-03,126.0,9.0,46.0,233.0,7.25,2270.94,7.4,,No,Autumn,Sunny,2198.84,1.0,5.0,497.13,0.084,8,2023,8,6,6
1762,ORD101762,P-GRO-015,Grocery,Wheat Flour 5kg,Central,Indore,SUP-005,10.0,WH-CE-05,,56.0,266.0,977.0,39.12,333.73,3.0,No,No,Summer,Sunny,341.62,0.0,3.0,455.1,0.086,39,2021,4,5,0
1763,ORD101763,P-ELE-007,Electronics,Bluetooth Speaker,West,Nagpur,SUP-004,1.0,WH-WE-02,219.0,12.0,97.0,325.0,12.57,14917.27,7.2,No,No,Summer,Cloudy,15244.32,2.0,1.0,212.99,0.024,16,2024,4,27,5
1764,ORD101764,P-ELE-014,Electronics,Laptop Stand,South,Kochi,SUP-009,3.0,WH-SO-05,,14.0,108.0,459.0,13.48,13002.83,6.3,No,No,Summer,Cloudy,11795.86,0.0,0.0,308.35,0.02,14,2023,5,21,6
1765,ORD101765,P-ELE-005,Electronics,Smartphone Charger,East,Guwahati,SUP-013,4.0,WH-EA-04,126.0,6.0,37.0,224.0,7.45,11175.04,17.2,Yes,No,Summer,Cloudy,10528.64,0.0,1.0,274.02,0.034,7,2022,3,28,0
1766,ORD101766,P-SPO-006,Sports,Running Shoes,West,Surat,SUP-003,11.0,WH-WE-04,93.0,9.0,57.0,359.0,10.62,2471.0,20.6,No,No,Autumn,Sunny,2411.12,0.0,1.0,471.21,0.037,10,2023,10,10,1
1767,ORD101767,P-ELE-013,Electronics,Wireless Earbuds,South,Kochi,SUP-025,14.0,WH-SO-01,78.0,7.0,49.0,208.0,6.27,3455.97,2.1,Yes,No,Winter,Rainy,3544.72,0.0,2.0,405.52,0.012,7,2021,1,10,6
1768,ORD101768,P-ELE-008,Electronics,LED TV 43in,West,Pune,SUP-017,8.0,WH-WE-01,152.0,7.0,70.0,289.0,9.9,6918.92,5.4,No,No,Winter,Sunny,7687.43,0.0,0.0,411.01,0.018,13,2022,12,18,6
1769,ORD101769,P-BEA-011,Beauty,Hair Oil 250ml,South,Kochi,SUP-025,6.0,WH-SO-04,212.0,51.0,312.0,1241.0,40.68,402.35,3.9,No,No,Autumn,Cloudy,406.08,0.0,1.0,284.89,0.121,42,2024,10,11,4
1770,ORD101770,P-CLO-005,Clothing,Denim Jeans,South,Kochi,SUP-021,7.0,WH-SO-03,370.0,27.0,147.0,655.0,23.19,1483.34,18.4,No,No,Winter,Cloudy,1472.93,0.0,1.0,318.1,0.142,29,2024,1,15,0
1771,ORD101771,P-BEA-010,Beauty,Lipstick Set,East,Patna,SUP-011,10.0,WH-EA-02,597.0,18.0,178.0,914.0,27.8,781.69,,Yes,No,Spring,,801.07,0.0,1.0,405.13,0.212,28,2021,3,6,5
1772,ORD101772,P-FUR-008,Furniture,Foldable Bed,South,Bengaluru,SUP-025,9.0,WH-SO-05,109.0,6.0,28.0,138.0,4.53,4714.81,,No,No,Summer,Rainy,4655.57,1.0,1.0,290.96,0.177,3,2023,5,12,4
1773,ORD101773,P-SPO-014,Sports,Football,Central,Raipur,SUP-039,13.0,WH-CE-03,275.0,26.0,68.0,544.0,16.13,4913.09,12.5,Yes,No,Autumn,Sunny,4904.17,0.0,1.0,433.34,0.044,23,2023,9,21,3
1774,ORD101774,P-FUR-008,Furniture,TV Unit,East,Guwahati,SUP-013,3.0,WH-EA-03,108.0,7.0,31.0,149.0,5.33,15790.08,19.2,No,No,Spring,Sunny,17704.99,0.0,1.0,256.84,0.132,8,2023,2,9,3
1775,ORD101775,P-CLO-002,Clothing,Track Pants,South,Kochi,SUP-013,11.0,WH-SO-02,508.0,9.0,126.0,628.0,21.48,1490.66,8.8,Yes,No,Summer,Sunny,1464.06,0.0,7.0,715.8,0.053,18,2022,4,16,5
1776,ORD101776,P-FUR-012,Furniture,TV Unit,South,Bengaluru,SUP-021,13.0,WH-SO-05,179.0,13.0,46.0,217.0,7.65,5711.04,6.8,Yes,No,Autumn,,5830.72,0.0,4.0,515.69,0.027,11,2023,9,19,1
1777,ORD101777,P-CLO-015,Clothing,Formal Shirt,East,Patna,SUP-033,6.0,WH-EA-02,,5.0,92.0,534.0,15.46,711.05,12.5,Yes,No,Autumn,Rainy,674.36,0.0,0.0,373.74,0.149,15,2022,9,11,6
1778,ORD101778,P-GRO-014,Grocery,Wheat Flour 5kg,South,Coimbatore,SUP-022,4.0,WH-SO-02,275.0,23.0,287.0,1422.0,47.54,293.17,,No,No,Autumn,Cloudy,322.74,0.0,1.0,306.82,0.023,40,2024,10,18,4
1779,ORD101779,P-CLO-002,Clothing,Woolen Sweater,West,Mumbai,SUP-034,11.0,WH-WE-04,273.0,8.0,119.0,522.0,17.59,639.24,16.1,Yes,No,Summer,Sunny,592.63,0.0,1.0,356.54,,16,2024,5,9,3
1780,ORD101780,P-ELE-015,Electronics,Laptop Stand,South,Coimbatore,SUP-003,8.0,WH-SO-01,82.0,7.0,60.0,233.0,7.93,10879.44,5.0,No,No,Summer,Sunny,10816.87,1.0,,375.98,0.022,7,2024,8,21,2
1781,ORD101781,P-BEA-006,Beauty,Body Lotion 400ml,South,Chennai,SUP-004,9.0,WH-SO-03,509.0,9.0,84.0,710.0,21.16,507.59,3.9,Yes,No,Autumn,Rainy,547.49,0.0,1.0,383.57,0.101,23,2022,9,6,1
1782,ORD101782,P-GRO-013,Grocery,Sunflower Oil 1L,East,Kolkata,SUP-017,15.0,WH-EA-03,533.0,9.0,167.0,1079.0,27.71,372.11,31.5,No,No,Autumn,Sunny,346.33,0.0,0.0,360.84,0.049,24,2023,9,17,6
1783,ORD101783,P-ELE-010,Electronics,Power Bank 10000mAh,North,Lucknow,SUP-010,10.0,WH-NO-02,98.0,,,,5.99,2240.34,,Yes,No,Autumn,Sunny,2395.89,0.0,2.0,402.12,0.035,10,2021,7,30,4
1784,ORD101784,P-GRO-015,Grocery,Tea Powder 500g,East,Guwahati,SUP-001,2.0,WH-EA-04,558.0,50.0,345.0,2057.0,63.98,243.25,21.3,Yes,No,Winter,Rainy,203.37,0.0,1.0,,0.044,49,2024,1,5,4
1785,ORD101785,P-BEA-006,Beauty,Body Lotion 400ml,East,Ranchi,SUP-009,7.0,WH-EA-01,176.0,15.0,138.0,458.0,16.86,660.38,2.6,No,No,Winter,Sunny,602.69,0.0,1.0,418.65,0.137,18,2024,1,8,0
1786,ORD101786,P-GRO-010,Grocery,Instant Noodles Pack,South,,SUP-011,19.0,WH-SO-05,521.0,65.0,334.0,1619.0,57.33,558.72,19.6,Yes,No,Winter,Rainy,,,1.0,605.37,,59,2024,2,7,2
1787,ORD101787,P-FUR-011,Furniture,Study Table,West,Ahmedabad,SUP-037,10.0,WH-WE-05,59.0,6.0,32.0,134.0,4.34,15178.7,21.3,Yes,No,Winter,Rainy,18104.72,0.0,1.0,370.03,0.105,9,2021,1,30,5
1788,ORD101788,P-BEA-003,Beauty,Face Wash 100ml,West,Pune,SUP-032,14.0,WH-WE-01,304.0,24.0,149.0,555.0,24.09,191.62,3.7,No,,Autumn,Rainy,193.85,0.0,1.0,502.57,0.143,27,2022,10,29,5
1789,ORD101789,P-ELE-012,Electronics,Wireless Earbuds,West,Surat,SUP-015,8.0,WH-WE-03,125.0,9.0,70.0,236.0,8.41,14394.06,9.3,Yes,No,Spring,Cloudy,14586.1,0.0,1.0,460.78,,13,2022,2,6,6
1790,ORD101790,P-BEA-003,Beauty,Hair Oil 250ml,South,Coimbatore,SUP-039,9.0,WH-SO-01,231.0,34.0,232.0,1239.0,37.98,324.8,26.8,Yes,No,Autumn,Sunny,354.62,0.0,2.0,387.49,0.033,64,2024,8,29,3
1791,ORD101791,P-GRO-013,Grocery,Masala Mix 200g,South,Kochi,SUP-034,5.0,WH-SO-04,532.0,56.0,252.0,1054.0,41.82,580.75,23.0,,No,Spring,Cloudy,530.28,0.0,0.0,239.23,0.059,30,2023,2,26,6
1792,ORD101792,P-GRO-002,Grocery,Basmati Rice 5kg,West,Pune,SUP-011,4.0,WH-WE-02,747.0,49.0,230.0,1070.0,33.86,242.98,2.0,No,No,Autumn,Rainy,184.02,0.0,0.0,249.79,0.114,25,2023,6,13,1
1793,ORD101793,P-FUR-003,Furniture,Office Chair,East,Patna,SUP-020,,WH-EA-03,36.0,5.0,50.0,,5.82,5250.17,5.5,No,Yes,Autumn,Cloudy,5978.41,0.0,2.0,441.04,0.172,8,2022,10,2,6
1794,ORD101794,P-SPO-008,Sports,Badminton Racket,East,Patna,SUP-037,7.0,WH-EA-05,48.0,9.0,115.0,428.0,15.26,3816.69,28.5,No,No,Summer,Rainy,4001.31,1.0,0.0,343.94,0.018,13,2021,6,16,2
1795,ORD101795,P-GRO-003,Grocery,Toor Dal 1kg,East,Guwahati,SUP-019,4.0,WH-EA-04,742.0,37.0,284.0,1430.0,45.05,552.84,13.5,Yes,No,Autumn,Stormy,533.15,0.0,0.0,253.03,0.04,64,2023,6,26,0
1796,ORD101796,P-CLO-002,Clothing,Men's Cotton T-Shirt,West,Ahmedabad,SUP-015,9.0,WH-WE-05,163.0,16.0,132.0,639.0,18.39,1850.69,3.5,No,No,Summer,Cloudy,1859.18,0.0,,408.94,0.004,17,2023,6,12,0
1797,ORD101797,P-GRO-001,Grocery,Tea Powder 500g,North,Delhi,SUP-037,5.0,WH-NO-04,391.0,25.0,171.0,796.0,26.72,486.17,22.1,Yes,No,Summer,Rainy,527.09,0.0,1.0,228.22,0.056,36,2022,7,12,1
1798,ORD101798,P-CLO-005,Clothing,Woolen Sweater,East,Ranchi,SUP-027,9.0,WH-EA-03,93.0,14.0,124.0,494.0,14.49,2107.19,7.7,Yes,No,Summer,Sunny,2085.4,3.0,2.0,346.33,0.057,16,2023,7,9,6
1799,ORD101799,P-FUR-008,Furniture,Office Chair,North,Delhi,SUP-018,3.0,WH-NO-01,163.0,6.0,53.0,212.0,6.84,11251.04,6.8,Yes,No,Autumn,Stormy,11381.45,0.0,3.0,408.41,0.105,10,2022,7,25,0
1800,ORD101800,P-FUR-001,Furniture,Study Table,South,Kochi,SUP-035,6.0,WH-SO-01,62.0,2.0,27.0,104.0,3.9,13853.83,7.8,No,No,Autumn,Rainy,16109.61,0.0,2.0,250.14,0.252,6,2023,8,23,2
1801,ORD101801,P-FUR-003,Furniture,Office Chair,West,Mumbai,SUP-030,24.0,WH-WE-03,62.0,5.0,42.0,192.0,5.78,9489.76,21.1,No,No,,Sunny,8545.68,0.0,1.0,555.74,0.125,4,2022,5,25,2
1802,ORD101802,P-ELE-010,Electronics,Smartphone Charger,East,Bhubaneswar,SUP-014,4.0,WH-EA-03,139.0,7.0,39.0,207.0,6.1,14364.31,0.5,Yes,No,Winter,Cloudy,14958.66,0.0,0.0,330.66,0.01,6,2024,2,4,6
1803,ORD101803,P-FUR-005,Furniture,Plastic Storage Rack,South,Chennai,SUP-017,7.0,WH-SO-03,115.0,8.0,38.0,167.0,5.36,19374.02,30.2,No,No,Autumn,,17479.99,0.0,2.0,402.95,0.092,5,2024,7,20,5
1804,ORD101804,P-FUR-012,Furniture,Study Table,West,Surat,SUP-002,7.0,WH-WE-05,54.0,6.0,57.0,197.0,7.51,14552.67,21.3,Yes,No,Winter,Rainy,16372.59,0.0,1.0,398.54,0.106,8,2022,12,9,4
1805,ORD101805,P-FUR-013,Furniture,Wooden Bookshelf,West,Ahmedabad,SUP-005,15.0,WH-WE-01,199.0,8.0,64.0,208.0,8.13,4410.58,13.7,No,Yes,Winter,Sunny,4514.0,0.0,1.0,459.97,0.091,15,2021,1,26,1
1806,ORD101806,P-ELE-001,Electronics,Wireless Earbuds,East,Patna,SUP-039,5.0,WH-EA-04,47.0,9.0,62.0,296.0,9.42,2937.03,7.1,No,No,Autumn,Cloudy,2775.65,0.0,1.0,464.63,0.053,10,2023,9,24,6
1807,ORD101807,P-CLO-015,Clothing,Cotton Saree,Central,Raipur,SUP-003,12.0,WH-CE-04,553.0,19.0,108.0,718.0,22.86,558.12,1.6,Yes,No,Autumn,Cloudy,491.12,0.0,1.0,528.83,0.069,23,2024,10,4,4
1808,ORD101808,P-GRO-011,Grocery,Toor Dal 1kg,South,Kochi,SUP-034,7.0,WH-SO-04,798.0,91.0,832.0,3457.0,107.62,174.36,1.5,,No,Autumn,Sunny,169.48,0.0,2.0,351.8,0.09,97,2023,11,3,4
1809,ORD101809,P-ELE-013,Electronics,Wireless Earbuds,West,Pune,SUP-009,14.0,WH-WE-02,56.0,6.0,80.0,298.0,12.7,3598.21,0.8,Yes,No,Autumn,Stormy,3651.64,3.0,1.0,298.36,0.021,9,2022,6,8,2
1810,ORD101810,P-GRO-008,Grocery,Basmati Rice 5kg,North,Lucknow,SUP-022,10.0,WH-NO-03,695.0,51.0,353.0,1229.0,44.85,359.55,32.4,Yes,No,Summer,Cloudy,392.87,0.0,0.0,318.79,0.097,89,2023,4,5,2
1811,ORD101811,P-CLO-001,Clothing,Formal Shirt,South,Bengaluru,SUP-029,,WH-SO-01,,22.0,100.0,523.0,18.49,1940.97,25.4,No,No,Autumn,Sunny,1771.16,0.0,0.0,527.59,0.012,22,2022,6,18,5
1812,ORD101812,P-BEA-014,Beauty,Sunscreen Lotion,South,Coimbatore,SUP-040,7.0,WH-SO-01,409.0,30.0,255.0,1156.0,34.8,973.66,,No,No,Winter,Rainy,909.43,0.0,0.0,308.33,0.242,32,2024,2,6,1
1813,ORD101813,P-GRO-009,Grocery,Sunflower Oil 1L,North,Jaipur,SUP-015,2.0,WH-NO-05,1370.0,68.0,405.0,1797.0,59.77,257.69,15.0,No,No,Autumn,Sunny,247.44,0.0,0.0,148.16,0.077,71,2023,11,27,0
1814,ORD101814,P-BEA-001,Beauty,Moisturizer Cream,East,Guwahati,SUP-038,9.0,WH-EA-04,65.0,9.0,120.0,615.0,18.4,479.43,8.6,No,No,Autumn,Sunny,449.7,0.0,,432.62,0.05,13,2023,7,3,0
1815,ORD101815,P-CLO-003,Clothing,Kids Winter Jacket,North,Delhi,SUP-019,18.0,WH-NO-05,159.0,25.0,147.0,466.0,17.25,985.55,4.1,Yes,No,Summer,Sunny,944.98,0.0,2.0,525.75,0.048,21,2022,7,22,4
1816,ORD101816,P-BEA-004,Beauty,Lipstick Set,East,Guwahati,SUP-035,17.0,WH-EA-04,154.0,14.0,115.0,453.0,18.52,101.11,16.8,No,No,Autumn,Rainy,93.46,0.0,1.0,429.55,0.101,11,2021,9,10,4
1817,ORD101817,P-CLO-006,Clothing,Men's Cotton T-Shirt,North,Kanpur,SUP-005,9.0,WH-NO-02,,13.0,120.0,464.0,14.26,1587.47,2.6,No,No,Summer,Rainy,1640.45,0.0,0.0,226.6,0.133,11,2023,6,20,1
1818,ORD101818,P-CLO-007,Clothing,Formal Shirt,North,Kanpur,SUP-011,7.0,WH-NO-05,132.0,25.0,183.0,580.0,19.77,1452.93,1.7,No,No,Summer,Cloudy,1396.8,0.0,5.0,470.71,0.031,15,2022,5,8,6
1819,ORD101819,P-FUR-007,Furniture,Office Chair,Central,Jabalpur,SUP-025,7.0,WH-CE-04,34.0,,18.0,96.0,3.19,8384.62,12.3,Yes,No,Summer,Sunny,8391.87,0.0,0.0,295.88,0.157,4,2024,8,13,1
1820,ORD101820,P-SPO-014,Sports,Cycling Helmet,East,Patna,SUP-029,10.0,WH-EA-01,60.0,9.0,67.0,291.0,11.06,3868.99,13.6,,No,Summer,Cloudy,3963.18,0.0,0.0,411.79,0.059,10,2021,4,3,5
1821,ORD101821,P-CLO-015,Clothing,Track Pants,Central,Gwalior,SUP-033,15.0,WH-CE-01,134.0,13.0,119.0,529.0,17.4,1922.61,1.9,No,No,Summer,Cloudy,1710.45,0.0,2.0,503.34,0.069,13,2024,5,21,1
1822,ORD101822,P-CLO-011,Clothing,Denim Jeans,East,Bhubaneswar,SUP-015,7.0,WH-EA-04,275.0,20.0,118.0,533.0,17.39,1469.33,8.4,Yes,No,,Cloudy,1539.11,0.0,1.0,355.11,0.072,28,2024,2,13,1
1823,ORD101823,P-FUR-010,Furniture,Office Chair,North,Chandigarh,SUP-025,,WH-NO-04,,4.0,43.0,160.0,5.33,7308.72,33.8,Yes,No,Winter,Sunny,7431.19,0.0,0.0,249.87,0.042,3,2023,1,23,0
1824,ORD101824,P-BEA-013,Beauty,Herbal Shampoo 200ml,East,Patna,SUP-025,12.0,WH-EA-01,360.0,19.0,126.0,495.0,15.46,452.94,5.5,No,No,Winter,Sunny,460.57,0.0,1.0,390.18,0.178,21,2024,12,22,6
1825,ORD101825,P-ELE-005,Electronics,Laptop Stand,East,Guwahati,SUP-040,14.0,WH-EA-03,97.0,11.0,70.0,348.0,10.74,5969.88,16.0,No,No,Autumn,Rainy,5906.21,0.0,1.0,452.81,0.096,10,2023,11,14,1
1826,ORD101826,P-CLO-009,Clothing,Woolen Sweater,North,Kanpur,SUP-005,11.0,WH-NO-05,186.0,6.0,75.0,411.0,12.15,460.19,35.8,No,No,Spring,Cloudy,450.27,0.0,1.0,391.47,0.066,12,2021,3,3,2
1827,ORD101827,P-CLO-010,Clothing,Denim Jeans,West,Surat,SUP-001,3.0,WH-WE-04,480.0,29.0,156.0,709.0,,878.2,10.1,No,No,Autumn,Sunny,881.98,0.0,0.0,265.66,0.06,27,2022,7,28,3
1828,ORD101828,P-SPO-005,Sports,Running Shoes,East,,SUP-023,3.0,WH-EA-05,321.0,172.0,119.0,577.0,16.44,2306.61,0.2,Yes,No,Summer,Stormy,2324.27,0.0,2.0,275.93,0.075,19,2024,5,12,6
1829,ORD101829,P-CLO-015,Clothing,Women's Kurti,West,,SUP-001,6.0,WH-WE-02,96.0,,141.0,637.0,24.36,1145.33,8.4,No,No,Winter,Sunny,1037.19,0.0,0.0,332.57,0.127,17,2024,2,8,3
1830,ORD101830,P-CLO-004,Clothing,Woolen Sweater,East,Kolkata,SUP-008,6.0,WH-EA-01,292.0,21.0,139.0,805.0,24.53,1537.05,5.5,No,No,Autumn,Cloudy,1730.76,0.0,1.0,413.67,0.095,34,2021,8,23,0
1831,ORD101831,P-SPO-001,Sports,Yoga Mat,East,Ranchi,SUP-021,5.0,WH-EA-02,277.0,8.0,84.0,407.0,13.49,2143.91,30.3,No,No,Autumn,Sunny,2024.58,0.0,1.0,201.49,0.06,14,2021,9,6,0
1832,ORD101832,P-CLO-005,Clothing,Men's Cotton T-Shirt,South,Kochi,SUP-011,15.0,WH-SO-04,360.0,15.0,100.0,456.0,15.37,631.38,23.9,No,No,Autumn,Rainy,634.75,1.0,0.0,414.43,0.105,15,2024,9,11,2
1833,ORD101833,P-ELE-013,Electronics,Home Router,Central,Raipur,SUP-011,8.0,WH-CE-05,218.0,16.0,82.0,355.0,12.39,7199.72,35.4,No,Yes,Summer,Sunny,7870.85,0.0,1.0,466.96,0.081,22,2021,3,8,0
1834,ORD101834,P-GRO-006,Grocery,Masala Mix 200g,South,Coimbatore,SUP-014,6.0,WH-SO-04,416.0,29.0,179.0,1157.0,36.55,490.51,20.9,Yes,No,Autumn,Stormy,477.1,0.0,1.0,221.25,0.174,35,2024,10,19,5
1835,ORD101835,P-ELE-004,Electronics,Bluetooth Speaker,North,Jaipur,SUP-028,13.0,WH-NO-01,120.0,5.0,49.0,269.0,7.55,7058.45,10.9,No,No,Spring,Cloudy,7192.26,0.0,3.0,466.69,0.113,6,2023,3,2,3
1836,ORD101836,P-ELE-014,Electronics,Home Router,North,,SUP-015,11.0,WH-NO-03,200.0,14.0,56.0,339.0,9.97,10572.5,12.0,Yes,No,Spring,Sunny,8719.15,0.0,0.0,428.71,0.067,10,2024,3,25,0
1837,ORD101837,P-CLO-003,Clothing,Women's Kurti,East,Ranchi,SUP-032,4.0,WH-EA-01,171.0,11.0,99.0,460.0,14.06,1009.22,8.7,No,No,Autumn,Sunny,849.21,0.0,1.0,310.97,0.093,13,2021,11,11,3
1838,ORD101838,P-BEA-003,Beauty,Moisturizer Cream,Central,Bhopal,SUP-007,11.0,WH-CE-04,562.0,112.0,141.0,735.0,24.84,836.65,25.5,Yes,No,Summer,Rainy,834.94,0.0,0.0,362.42,0.021,22,2022,5,18,2
1839,ORD101839,P-BEA-014,Beauty,Sunscreen Lotion,West,Mumbai,SUP-005,7.0,WH-WE-03,308.0,30.0,237.0,1129.0,32.33,1168.75,3.2,No,No,Winter,Sunny,1186.47,,1.0,,0.102,40,2023,12,1,4
1840,ORD101840,P-ELE-005,Electronics,Smartwatch,West,Pune,SUP-007,7.0,WH-WE-03,347.0,7.0,100.0,457.0,14.61,7477.01,16.9,No,No,Summer,Sunny,8138.65,0.0,0.0,335.73,0.071,18,2021,8,26,3
1841,ORD101841,P-CLO-001,Clothing,Formal Shirt,Central,Raipur,SUP-037,13.0,WH-CE-03,398.0,16.0,182.0,575.0,21.4,392.23,25.0,No,No,Summer,Cloudy,417.37,0.0,0.0,466.34,0.081,31,2021,5,29,5
1842,ORD101842,P-ELE-007,Electronics,Power Bank 10000mAh,West,Nagpur,SUP-012,10.0,WH-WE-04,208.0,15.0,70.0,265.0,9.61,3416.4,24.2,No,No,Autumn,Sunny,2981.27,0.0,1.0,411.37,0.067,11,2023,6,9,4
1843,ORD101843,P-SPO-012,Sports,Skipping Rope,South,Coimbatore,SUP-002,13.0,WH-SO-01,325.0,17.0,93.0,477.0,13.68,1266.12,16.5,No,No,Winter,Cloudy,1394.58,0.0,0.0,360.5,0.088,24,2021,1,13,2
1844,ORD101844,P-ELE-012,Electronics,Wireless Earbuds,East,Kolkata,SUP-013,12.0,WH-EA-05,16.0,8.0,46.0,220.0,6.6,4506.52,6.1,No,No,Autumn,Cloudy,4077.3,0.0,1.0,409.5,0.125,1,2024,10,3,3
1845,ORD101845,P-FUR-002,Furniture,TV Unit,North,Jaipur,SUP-028,11.0,WH-NO-03,114.0,6.0,38.0,183.0,5.42,6966.78,16.5,No,No,Autumn,Sunny,7447.64,0.0,1.0,350.7,0.063,7,2023,9,15,4
1846,ORD101846,P-GRO-005,Grocery,Sunflower Oil 1L,North,Chandigarh,SUP-015,5.0,WH-NO-03,378.0,38.0,206.0,984.0,32.26,541.65,2.8,No,No,Autumn,Sunny,522.08,0.0,1.0,292.07,0.276,35,2023,11,9,3
1847,ORD101847,P-FUR-010,Furniture,Foldable Bed,South,Chennai,SUP-016,17.0,WH-SO-02,50.0,5.0,39.0,,5.85,5417.42,17.2,Yes,No,Winter,Sunny,6594.43,0.0,1.0,400.91,0.075,9,2023,1,2,0
1848,ORD101848,P-GRO-010,Grocery,Toor Dal 1kg,North,Jaipur,SUP-004,7.0,WH-NO-01,380.0,27.0,182.0,695.0,28.12,392.33,6.5,No,No,Summer,Stormy,373.8,0.0,2.0,356.11,0.257,22,2023,7,1,5
1849,ORD101849,P-BEA-010,Beauty,Lipstick Set,Central,Indore,SUP-027,,WH-CE-04,281.0,18.0,107.0,443.0,16.12,1039.53,3.1,No,No,Autumn,Sunny,1033.37,0.0,0.0,290.8,0.03,12,2024,10,22,1
1850,ORD101850,P-GRO-006,Grocery,Sunflower Oil 1L,Central,Gwalior,SUP-009,,WH-CE-02,305.0,41.0,314.0,1233.0,48.16,396.57,3.9,No,No,Winter,,401.59,0.0,1.0,437.18,0.051,41,2021,1,8,4
1851,ORD101851,P-SPO-013,Sports,Yoga Mat,South,Bengaluru,SUP-004,6.0,WH-SO-05,262.0,15.0,72.0,402.0,10.86,573.74,3.8,No,No,Winter,Cloudy,562.61,0.0,1.0,318.77,0.092,15,2021,12,28,1
1852,ORD101852,P-CLO-002,Clothing,Men's Cotton T-Shirt,West,Pune,SUP-029,14.0,WH-WE-04,352.0,8.0,111.0,451.0,15.93,975.77,5.4,No,No,Autumn,Rainy,897.93,0.0,1.0,396.76,0.054,13,2023,10,16,0
1853,ORD101853,P-BEA-013,Beauty,Talcum Powder,South,Hyderabad,SUP-038,8.0,WH-SO-03,542.0,20.0,168.0,629.0,22.2,932.55,,No,No,Autumn,Sunny,1096.98,0.0,0.0,327.13,0.156,38,2021,6,30,2
1854,ORD101854,P-BEA-015,Beauty,Herbal Shampoo 200ml,North,Jaipur,SUP-025,11.0,WH-NO-01,440.0,62.0,,1323.0,46.72,,13.2,No,Yes,Winter,Sunny,1067.42,0.0,2.0,464.33,0.015,66,2021,12,25,5
1855,ORD101855,P-SPO-011,Sports,Badminton Racket,South,Kochi,SUP-038,13.0,WH-SO-03,141.0,14.0,66.0,258.0,10.43,4536.88,17.2,Yes,No,Spring,Cloudy,,0.0,1.0,388.94,0.072,10,2021,2,3,2
1856,ORD101856,P-GRO-007,Grocery,Sunflower Oil 1L,North,Lucknow,SUP-017,8.0,WH-NO-05,752.0,29.0,187.0,835.0,34.02,446.69,28.4,No,No,Spring,Cloudy,442.78,0.0,1.0,327.98,0.182,31,2021,3,22,0
1857,ORD101857,P-GRO-006,Grocery,Sunflower Oil 1L,South,Kochi,SUP-021,6.0,WH-SO-03,729.0,50.0,355.0,1584.0,45.43,322.29,18.8,No,No,Autumn,Rainy,327.27,0.0,1.0,236.96,0.115,58,2022,10,12,2
1858,ORD101858,P-GRO-007,Grocery,Toor Dal 1kg,North,Kanpur,SUP-015,3.0,WH-NO-04,983.0,50.0,427.0,1631.0,46.1,308.86,12.1,No,No,Autumn,Sunny,,0.0,2.0,373.11,0.07,56,2023,8,23,2
1859,ORD101859,P-GRO-003,Grocery,Masala Mix 200g,North,Lucknow,SUP-021,3.0,WH-NO-01,109.0,62.0,283.0,1261.0,37.54,359.76,7.7,Yes,No,Summer,Rainy,387.2,0.0,0.0,344.59,0.044,41,2021,5,28,4
1860,ORD101860,P-CLO-004,Clothing,Formal Shirt,North,Delhi,SUP-036,8.0,WH-NO-03,343.0,18.0,159.0,756.0,23.95,,17.0,No,,Winter,Sunny,1419.59,0.0,1.0,328.41,0.065,34,2024,12,6,4
1861,ORD101861,P-SPO-010,Sports,Cycling Helmet,Central,Indore,SUP-026,5.0,WH-CE-04,342.0,16.0,108.0,394.0,14.92,,22.2,No,No,Winter,,3081.21,0.0,5.0,512.2,0.005,14,2024,2,8,3
1862,ORD101862,P-SPO-009,Sports,Skipping Rope,North,Jaipur,SUP-002,11.0,WH-NO-03,199.0,9.0,72.0,340.0,10.04,2923.14,16.2,No,No,Autumn,Cloudy,3053.65,0.0,0.0,425.26,0.046,11,2023,8,27,6
1863,ORD101863,P-CLO-008,Clothing,Formal Shirt,South,Coimbatore,SUP-024,4.0,WH-SO-05,92.0,26.0,122.0,527.0,17.53,2357.01,14.3,Yes,No,Summer,,2197.0,0.0,0.0,253.77,0.114,25,2021,4,16,4
1864,ORD101864,P-FUR-008,Furniture,TV Unit,East,Guwahati,SUP-016,6.0,WH-EA-03,82.0,4.0,25.0,133.0,4.19,4935.79,6.9,No,No,Winter,Stormy,4704.78,2.0,0.0,318.64,0.069,5,2023,1,29,6
1865,ORD101865,P-BEA-002,Beauty,Moisturizer Cream,South,Coimbatore,SUP-022,4.0,WH-SO-05,298.0,25.0,244.0,937.0,30.33,825.37,5.8,Yes,Yes,Autumn,,823.91,0.0,2.0,290.54,0.103,41,2024,9,7,5
1866,ORD101866,P-SPO-014,Sports,Gym Dumbbells 5kg,East,Kolkata,SUP-023,9.0,WH-EA-04,295.0,21.0,104.0,548.0,16.93,1888.73,7.0,No,No,Winter,Sunny,2029.24,0.0,,463.57,0.114,21,2021,12,14,1
1867,ORD101867,P-GRO-015,Grocery,Sugar 1kg,North,Chandigarh,SUP-024,11.0,WH-NO-05,550.0,37.0,394.0,1621.0,49.21,500.1,9.3,No,No,Summer,Sunny,490.34,0.0,,368.7,0.116,47,2023,3,2,3
1868,ORD101868,P-CLO-004,Clothing,Kids Winter Jacket,East,Ranchi,SUP-035,8.0,WH-EA-03,377.0,18.0,126.0,493.0,16.65,649.92,9.5,No,No,Summer,Rainy,633.43,0.0,3.0,456.69,0.197,17,2023,4,5,2
1869,ORD101869,P-BEA-005,Beauty,Body Lotion 400ml,East,Patna,SUP-035,10.0,WH-EA-03,579.0,32.0,226.0,883.0,26.63,671.09,5.4,No,,Autumn,Rainy,557.9,0.0,0.0,384.4,0.088,28,2023,10,15,6
1870,ORD101870,P-GRO-010,Grocery,Sunflower Oil 1L,West,Nagpur,SUP-039,9.0,WH-WE-02,1755.0,36.0,582.0,2190.0,75.15,406.09,5.1,No,No,Autumn,Sunny,383.56,0.0,1.0,389.64,0.06,77,2024,9,3,1
1871,ORD101871,P-CLO-001,Clothing,Formal Shirt,East,Kolkata,SUP-025,4.0,WH-EA-04,236.0,12.0,74.0,539.0,16.31,312.14,14.1,No,Yes,Autumn,Sunny,270.92,0.0,3.0,430.52,0.238,12,2021,7,11,6
1872,ORD101872,P-SPO-002,Sports,Running Shoes,South,Kochi,SUP-012,6.0,WH-SO-05,180.0,18.0,65.0,389.0,11.74,3776.59,20.3,Yes,No,Summer,Cloudy,3353.17,0.0,0.0,216.61,0.155,19,2021,4,2,4
1873,ORD101873,P-SPO-014,Sports,Yoga Mat,South,Coimbatore,SUP-008,22.0,WH-SO-01,73.0,14.0,91.0,323.0,12.95,2212.34,11.0,No,No,,Sunny,2277.08,0.0,4.0,721.7,0.078,10,2021,5,11,1
1874,ORD101874,P-SPO-003,Sports,Skipping Rope,North,Jaipur,SUP-034,3.0,WH-NO-05,337.0,,174.0,600.0,19.9,4103.81,8.4,No,Yes,Winter,Sunny,5193.41,0.0,2.0,314.02,0.072,31,2022,1,26,2
1875,ORD101875,P-BEA-009,Beauty,Moisturizer Cream,East,Guwahati,SUP-037,5.0,WH-EA-05,605.0,26.0,163.0,584.0,24.78,693.55,2.9,Yes,No,Autumn,Sunny,,0.0,1.0,315.06,0.065,35,2022,6,1,2
1876,ORD101876,P-GRO-014,Grocery,Wheat Flour 5kg,North,Kanpur,SUP-002,14.0,WH-NO-04,,14.0,172.0,788.0,31.0,129.19,17.5,No,No,Autumn,Cloudy,132.63,,1.0,444.56,0.114,39,2024,7,7,6
1877,ORD101877,P-GRO-011,Grocery,Wheat Flour 5kg,South,Chennai,SUP-009,7.0,WH-SO-03,519.0,49.0,362.0,1399.0,46.3,,2.5,No,No,Winter,Sunny,119.48,0.0,0.0,293.96,0.122,59,2023,1,31,1
1878,ORD101878,P-CLO-005,Clothing,Cotton Saree,West,Mumbai,SUP-028,6.0,WH-WE-05,307.0,41.0,320.0,1088.0,36.76,1098.69,2.6,No,Yes,Winter,Sunny,1006.54,0.0,3.0,495.24,0.074,40,2023,12,25,0
1879,ORD101879,P-CLO-003,Clothing,Men's Cotton T-Shirt,North,Kanpur,SUP-007,12.0,WH-NO-02,161.0,,90.0,428.0,14.63,1617.07,4.5,No,No,Summer,Sunny,1883.06,0.0,1.0,,0.049,19,2023,4,21,4
1880,ORD101880,P-CLO-011,Clothing,Women's Kurti,North,Delhi,SUP-003,6.0,WH-NO-04,450.0,17.0,139.0,691.0,21.58,1617.17,17.8,Yes,No,Autumn,Sunny,1512.98,,1.0,175.79,0.051,28,2024,10,23,2
1881,ORD101881,P-FUR-007,Furniture,Dining Chair,East,,SUP-040,2.0,WH-EA-05,55.0,6.0,35.0,117.0,4.05,17597.97,4.7,No,No,Summer,Stormy,14782.46,0.0,0.0,274.88,0.136,3,2022,4,27,2
1882,ORD101882,P-GRO-015,Grocery,Sunflower Oil 1L,South,Chennai,SUP-004,6.0,WH-SO-05,251.0,27.0,167.0,783.0,29.52,278.74,10.6,No,No,Autumn,Sunny,284.22,0.0,2.0,401.56,0.066,28,2023,9,5,1
1883,ORD101883,P-BEA-010,Beauty,Face Wash 100ml,West,Nagpur,SUP-009,4.0,WH-WE-03,528.0,14.0,190.0,822.0,32.34,1138.66,6.4,No,No,Spring,Sunny,1099.51,0.0,1.0,,0.01,21,2022,2,3,3
1884,ORD101884,P-GRO-001,Grocery,Wheat Flour 5kg,Central,Jabalpur,SUP-040,9.0,WH-CE-02,405.0,37.0,225.0,962.0,38.44,412.5,10.8,No,No,Winter,Rainy,,0.0,0.0,355.79,0.06,56,2021,12,7,1
1885,ORD101885,P-GRO-004,Grocery,Toor Dal 1kg,Central,Raipur,SUP-005,13.0,WH-CE-05,450.0,37.0,196.0,748.0,27.33,265.11,5.5,No,No,Winter,Stormy,298.36,0.0,5.0,593.53,0.205,28,2024,12,4,2
1886,ORD101886,P-ELE-012,Electronics,Wireless Earbuds,South,Hyderabad,SUP-032,16.0,WH-SO-04,123.0,16.0,74.0,308.0,11.07,6638.97,1.0,No,No,Spring,Rainy,6834.95,0.0,1.0,492.4,0.058,12,2021,2,5,4
1887,ORD101887,P-ELE-011,Electronics,Power Bank 10000mAh,South,Hyderabad,SUP-023,4.0,WH-SO-04,338.0,3.0,109.0,589.0,17.19,8174.04,8.0,No,No,Winter,Sunny,8322.43,0.0,0.0,213.03,0.138,21,2022,2,3,3
1888,ORD101888,P-BEA-012,Beauty,Face Wash 100ml,East,Bhubaneswar,SUP-022,6.0,WH-EA-04,300.0,16.0,169.0,652.0,21.35,102.35,13.7,No,No,Summer,Cloudy,107.75,1.0,2.0,284.9,0.027,24,2022,7,19,1
1889,ORD101889,P-CLO-004,Clothing,Formal Shirt,East,Ranchi,SUP-034,6.0,WH-EA-05,193.0,11.0,99.0,340.0,12.61,1027.5,9.0,No,No,Autumn,Cloudy,1249.83,0.0,1.0,408.99,0.038,18,2021,7,21,2
1890,ORD101890,P-GRO-004,Grocery,Sunflower Oil 1L,East,Patna,SUP-001,11.0,WH-EA-03,109.0,31.0,249.0,951.0,29.22,259.96,28.0,No,No,Spring,Rainy,307.35,1.0,3.0,455.82,0.137,25,2024,2,2,4
1891,ORD101891,P-BEA-004,Beauty,Moisturizer Cream,South,Kochi,SUP-003,8.0,WH-SO-03,369.0,9.0,110.0,507.0,15.64,667.23,12.9,No,No,Summer,Sunny,650.36,0.0,3.0,400.04,0.048,16,2022,6,10,4
1892,ORD101892,P-CLO-011,Clothing,Men's Cotton T-Shirt,North,Jaipur,SUP-008,7.0,WH-NO-05,78.0,24.0,158.0,580.0,20.18,334.62,7.1,No,No,Autumn,Sunny,360.05,0.0,0.0,335.13,,16,2022,11,2,2
1893,ORD101893,P-ELE-001,Electronics,Home Router,North,Kanpur,SUP-020,12.0,WH-NO-03,45.0,10.0,44.0,258.0,7.63,13906.84,12.3,No,No,Spring,Sunny,15893.95,0.0,0.0,352.93,0.307,8,2022,3,20,6
1894,ORD101894,P-GRO-013,Grocery,Masala Mix 200g,North,Jaipur,SUP-039,6.0,WH-NO-02,258.0,36.0,,1629.0,49.15,542.5,15.1,No,No,Autumn,Cloudy,572.59,0.0,0.0,304.58,0.08,56,2024,7,27,5
1895,ORD101895,P-ELE-005,Electronics,Smartphone Charger,North,Kanpur,SUP-003,6.0,WH-NO-04,62.0,8.0,62.0,232.0,7.96,2166.22,3.2,No,No,Autumn,Sunny,2154.73,1.0,2.0,323.56,0.066,6,2022,9,9,4
1896,ORD101896,P-FUR-008,Furniture,Office Chair,Central,Raipur,SUP-017,11.0,WH-CE-02,61.0,7.0,33.0,159.0,5.32,19802.68,13.3,No,No,Spring,Cloudy,19014.01,1.0,2.0,473.96,0.023,5,2024,2,25,6
1897,ORD101897,P-GRO-004,Grocery,Masala Mix 200g,North,Chandigarh,SUP-018,8.0,WH-NO-01,133.0,48.0,241.0,915.0,31.59,527.52,8.0,Yes,No,Summer,Cloudy,531.68,1.0,1.0,418.91,0.041,31,2023,7,1,5
1898,ORD101898,P-ELE-007,Electronics,Bluetooth Speaker,East,Patna,SUP-008,8.0,WH-EA-02,75.0,10.0,56.0,243.0,7.69,12221.59,11.3,No,No,Autumn,Rainy,11107.15,0.0,0.0,331.58,0.145,9,2024,10,28,0
1899,ORD101899,P-ELE-012,Electronics,Wireless Earbuds,Central,Indore,SUP-014,11.0,WH-CE-01,102.0,4.0,39.0,,5.26,5214.16,,No,No,Autumn,Rainy,5587.63,0.0,2.0,382.84,0.111,7,2023,6,1,3
1900,ORD101900,P-CLO-003,Clothing,Women's Kurti,South,Bengaluru,SUP-009,6.0,WH-SO-05,319.0,20.0,139.0,573.0,17.43,2317.55,19.4,No,No,Winter,,2575.43,,2.0,393.68,0.02,23,2024,12,11,2
1901,ORD101901,P-ELE-009,Electronics,Bluetooth Speaker,East,Patna,SUP-006,15.0,WH-EA-05,41.0,9.0,69.0,248.0,9.63,11123.8,5.8,No,No,Autumn,Sunny,10770.56,1.0,1.0,420.68,0.047,8,2023,10,18,2
1902,ORD101902,P-BEA-001,Beauty,Sunscreen Lotion,West,Nagpur,SUP-021,6.0,WH-WE-02,725.0,27.0,285.0,975.0,34.72,945.99,35.3,No,No,Summer,Rainy,911.89,0.0,0.0,303.28,0.187,37,2021,3,28,6
1903,ORD101903,P-ELE-003,Electronics,Laptop Stand,South,Kochi,SUP-038,7.0,WH-SO-05,102.0,9.0,46.0,285.0,7.85,4467.26,13.4,Yes,No,Summer,Sunny,4089.82,0.0,0.0,189.65,0.327,9,2021,8,17,1
1904,ORD101904,P-FUR-011,Furniture,Office Chair,South,Coimbatore,SUP-017,4.0,WH-SO-04,153.0,,44.0,209.0,7.2,4460.54,5.8,No,No,Winter,Sunny,4627.16,0.0,1.0,355.91,0.142,11,2024,2,28,2
1905,ORD101905,P-CLO-009,Clothing,Denim Jeans,West,Pune,SUP-026,6.0,WH-WE-05,,25.0,172.0,783.0,25.16,1379.01,9.3,Yes,No,Spring,Sunny,1377.81,0.0,0.0,306.62,0.109,26,2021,3,9,1
1906,ORD101906,P-CLO-010,Clothing,Denim Jeans,West,Ahmedabad,SUP-027,8.0,WH-WE-01,405.0,23.0,108.0,547.0,17.44,1997.19,16.7,No,No,Autumn,Cloudy,1766.57,0.0,0.0,332.05,0.066,17,2021,10,5,1
1907,ORD101907,P-ELE-004,Electronics,Smartwatch,West,Surat,SUP-034,11.0,WH-WE-01,237.0,10.0,,337.0,10.81,6269.05,26.6,No,No,Summer,Sunny,7730.95,0.0,1.0,465.28,0.091,13,2024,3,1,4
1908,ORD101908,P-BEA-004,Beauty,Moisturizer Cream,Central,Bhopal,SUP-033,8.0,WH-CE-05,203.0,20.0,137.0,595.0,20.63,141.92,8.2,No,No,Autumn,Sunny,121.73,0.0,0.0,218.72,0.111,20,2022,6,3,4
1909,ORD101909,P-SPO-007,Sports,Football,South,,SUP-037,5.0,WH-SO-02,254.0,17.0,106.0,499.0,15.85,675.17,,No,No,Autumn,Sunny,597.4,0.0,0.0,226.35,0.031,17,2021,11,14,6
1910,ORD101910,P-ELE-002,Electronics,Power Bank 10000mAh,West,Nagpur,SUP-033,7.0,WH-WE-03,121.0,11.0,65.0,294.0,9.82,,9.2,No,No,Autumn,Cloudy,7627.47,0.0,0.0,282.02,0.124,11,2021,10,17,6
1911,ORD101911,P-ELE-014,Electronics,Smartwatch,East,Ranchi,SUP-038,4.0,WH-EA-05,56.0,3.0,32.0,,4.44,11461.0,18.6,No,No,Summer,Cloudy,12063.48,0.0,0.0,123.52,0.163,7,2022,4,7,3
1912,ORD101912,P-SPO-005,Sports,Badminton Racket,West,Mumbai,SUP-039,9.0,WH-WE-02,195.0,24.0,106.0,402.0,15.11,1462.93,12.7,No,No,Summer,Cloudy,1379.33,,1.0,389.88,0.044,24,2024,5,9,3
1913,ORD101913,P-CLO-011,Clothing,Women's Kurti,West,Nagpur,SUP-030,8.0,WH-WE-01,381.0,26.0,161.0,647.0,21.84,1143.03,21.2,No,No,Autumn,Sunny,1071.82,0.0,1.0,295.69,0.08,32,2022,10,28,4
1914,ORD101914,P-ELE-003,Electronics,Wireless Earbuds,West,Surat,SUP-020,13.0,WH-WE-04,131.0,12.0,77.0,369.0,11.64,3160.81,22.7,No,Yes,Autumn,Rainy,3276.59,0.0,0.0,469.23,0.349,18,2024,10,25,4
1915,ORD101915,P-GRO-010,Grocery,Instant Noodles Pack,West,Ahmedabad,SUP-013,4.0,WH-WE-03,637.0,37.0,186.0,1165.0,36.71,311.61,32.9,No,Yes,Autumn,Sunny,321.04,0.0,0.0,207.16,0.114,48,2023,11,13,0
1916,ORD101916,P-FUR-004,Furniture,TV Unit,South,Bengaluru,SUP-023,14.0,WH-SO-01,77.0,8.0,63.0,249.0,8.12,16138.26,6.6,No,No,Winter,Sunny,15229.48,0.0,26.0,556.75,0.21,10,2022,1,27,3
1917,ORD101917,P-BEA-005,Beauty,Sunscreen Lotion,East,Bhubaneswar,SUP-034,4.0,WH-EA-02,490.0,30.0,130.0,632.0,21.0,1005.5,25.7,Yes,No,Summer,Cloudy,1085.45,0.0,1.0,240.54,0.051,31,2021,8,27,4
1918,ORD101918,P-CLO-007,Clothing,Men's Cotton T-Shirt,South,Chennai,SUP-031,10.0,WH-SO-03,302.0,17.0,96.0,390.0,13.14,2120.72,25.2,Yes,No,Autumn,Cloudy,2217.74,0.0,0.0,420.45,0.073,14,2024,10,10,3
1919,ORD101919,P-SPO-002,Sports,Badminton Racket,East,Ranchi,SUP-021,16.0,WH-EA-05,297.0,20.0,117.0,519.0,16.69,1632.02,,No,No,Autumn,Rainy,1806.51,0.0,1.0,465.13,0.062,18,2024,8,11,6
1920,ORD101920,P-CLO-002,Clothing,Denim Jeans,West,,SUP-004,5.0,WH-WE-02,384.0,42.0,225.0,657.0,,2015.55,6.8,No,No,Summer,Sunny,2007.52,0.0,4.0,393.15,0.108,27,2021,6,29,1
1921,ORD101921,P-GRO-012,Grocery,Basmati Rice 5kg,West,Pune,SUP-011,7.0,WH-WE-03,912.0,,223.0,1608.0,53.21,445.06,24.5,Yes,No,Summer,Rainy,473.91,0.0,0.0,412.44,0.118,56,2022,4,15,4
1922,ORD101922,P-CLO-006,Clothing,Women's Kurti,South,Kochi,SUP-024,,WH-SO-01,239.0,15.0,133.0,693.0,21.14,464.41,5.2,No,No,Winter,Cloudy,455.93,0.0,1.0,357.05,0.192,29,2023,12,22,4
1923,ORD101923,P-GRO-009,Grocery,Toor Dal 1kg,East,Kolkata,SUP-016,5.0,WH-EA-02,444.0,44.0,267.0,1098.0,36.11,298.65,9.4,No,No,Winter,,311.58,0.0,0.0,265.08,,37,2024,12,6,4
1924,ORD101924,P-GRO-010,Grocery,Toor Dal 1kg,South,Kochi,SUP-019,3.0,WH-SO-02,755.0,61.0,280.0,1430.0,52.75,381.73,0.1,No,No,Summer,Cloudy,392.66,0.0,0.0,143.56,0.026,50,2024,8,13,1
1925,ORD101925,P-ELE-010,Electronics,Smartwatch,North,Kanpur,SUP-013,5.0,WH-NO-03,,13.0,65.0,254.0,9.37,5721.04,10.6,Yes,No,Spring,Cloudy,6109.2,0.0,1.0,256.92,0.1,11,2022,2,21,0
1926,ORD101926,P-GRO-010,Grocery,Sugar 1kg,South,Chennai,SUP-004,5.0,WH-SO-04,375.0,50.0,214.0,1388.0,40.91,200.98,27.7,Yes,No,Autumn,Sunny,209.33,0.0,0.0,282.17,,66,2024,8,3,5
1927,ORD101927,P-FUR-015,Furniture,Wooden Bookshelf,Central,Gwalior,SUP-019,15.0,WH-CE-01,55.0,4.0,28.0,118.0,3.99,,5.7,Yes,No,Autumn,Cloudy,4846.87,0.0,1.0,430.02,0.067,4,2023,11,27,0
1928,ORD101928,P-ELE-010,Electronics,LED TV 43in,South,Coimbatore,SUP-018,5.0,WH-SO-01,105.0,8.0,45.0,164.0,6.38,8305.43,16.2,Yes,Yes,Autumn,Cloudy,7889.14,0.0,0.0,216.95,0.123,11,2022,11,7,0
1929,ORD101929,P-CLO-006,Clothing,Cotton Saree,Central,Raipur,SUP-032,,WH-CE-04,289.0,10.0,164.0,571.0,21.15,365.35,15.2,Yes,No,Autumn,Rainy,367.78,0.0,1.0,425.82,0.12,29,2022,7,5,1
1930,ORD101930,P-FUR-005,Furniture,Office Chair,South,Coimbatore,SUP-005,5.0,WH-SO-02,61.0,8.0,53.0,183.0,7.31,11150.89,2.9,No,No,Summer,,11566.93,1.0,1.0,367.96,0.2,5,2024,4,3,2
1931,ORD101931,P-FUR-013,Furniture,Study Table,West,Mumbai,SUP-020,7.0,WH-WE-04,85.0,9.0,44.0,183.0,7.28,5147.03,21.5,No,No,Summer,Cloudy,5486.68,0.0,0.0,413.35,0.032,9,2024,5,7,1
1932,ORD101932,P-BEA-007,Beauty,Body Lotion 400ml,East,Bhubaneswar,SUP-035,9.0,WH-EA-01,528.0,17.0,204.0,895.0,28.98,1028.37,3.4,No,No,Autumn,Rainy,1073.51,0.0,0.0,280.52,0.024,29,2024,8,28,2
1933,ORD101933,P-BEA-009,Beauty,Herbal Shampoo 200ml,West,Ahmedabad,SUP-011,11.0,WH-WE-04,437.0,23.0,162.0,624.0,22.08,675.95,26.7,No,No,Autumn,Rainy,637.84,0.0,1.0,366.22,0.093,17,2022,11,7,0
1934,ORD101934,P-FUR-013,Furniture,Study Table,East,Bhubaneswar,SUP-013,3.0,WH-EA-05,81.0,4.0,29.0,125.0,4.75,6515.54,4.2,No,No,Winter,Rainy,6994.1,0.0,0.0,308.65,0.139,4,2022,1,25,1
1935,ORD101935,P-ELE-004,Electronics,Laptop Stand,West,,SUP-004,5.0,WH-WE-03,161.0,8.0,72.0,303.0,8.99,10137.82,13.6,No,No,Autumn,Sunny,9481.66,0.0,0.0,212.65,0.118,16,2024,6,25,1
1936,ORD101936,P-CLO-004,Clothing,Kids Winter Jacket,Central,Jabalpur,SUP-023,12.0,WH-CE-03,78.0,13.0,75.0,287.0,9.85,586.38,22.3,No,No,Summer,Sunny,645.64,0.0,1.0,388.29,0.081,15,2022,3,19,5
1937,ORD101937,P-FUR-001,Furniture,Office Chair,East,Guwahati,SUP-035,6.0,WH-EA-02,52.0,3.0,24.0,134.0,4.46,,5.0,No,No,Winter,Rainy,10065.83,0.0,0.0,298.51,0.163,2,2024,1,7,6
1938,ORD101938,P-GRO-002,Grocery,Instant Noodles Pack,North,Chandigarh,SUP-020,14.0,WH-NO-02,672.0,41.0,309.0,1421.0,44.1,323.64,31.4,No,No,Winter,Cloudy,323.38,0.0,1.0,517.8,0.162,56,2023,1,15,6
1939,ORD101939,P-ELE-010,Electronics,Smartphone Charger,South,Hyderabad,SUP-017,7.0,WH-SO-01,287.0,9.0,71.0,306.0,12.01,1880.19,10.6,No,No,Summer,Cloudy,1782.72,0.0,1.0,251.67,0.028,12,2023,5,7,6
1940,ORD101940,P-GRO-008,Grocery,Sugar 1kg,West,Mumbai,SUP-030,16.0,WH-WE-03,348.0,54.0,248.0,,50.41,403.4,20.0,Yes,No,Autumn,Sunny,380.94,0.0,1.0,469.02,0.242,57,2021,11,3,2
1941,ORD101941,P-CLO-005,Clothing,Cotton Saree,East,Bhubaneswar,SUP-018,20.0,WH-EA-05,266.0,18.0,102.0,479.0,15.92,2101.39,11.5,Yes,No,Winter,Sunny,1917.48,0.0,17.0,477.31,0.06,29,2022,1,1,5
1942,ORD101942,P-GRO-004,Grocery,Instant Noodles Pack,East,Patna,SUP-016,16.0,WH-EA-01,503.0,26.0,277.0,840.0,42.02,292.98,10.2,,No,Summer,Sunny,271.36,0.0,2.0,590.61,0.103,37,2023,8,12,5
1943,ORD101943,P-ELE-011,Electronics,Laptop Stand,East,Ranchi,SUP-031,8.0,WH-EA-03,114.0,8.0,82.0,323.0,8.94,2145.11,3.9,No,No,Winter,Sunny,2114.14,0.0,2.0,423.31,0.01,12,2022,1,15,5
1944,ORD101944,P-BEA-002,Beauty,Hair Oil 250ml,South,Coimbatore,SUP-012,6.0,WH-SO-05,353.0,17.0,114.0,551.0,17.7,1011.66,9.8,Yes,No,Autumn,,966.38,0.0,0.0,277.47,0.088,27,2023,9,5,1
1945,ORD101945,P-SPO-011,Sports,Cricket Bat,West,Nagpur,SUP-034,9.0,WH-WE-03,299.0,17.0,118.0,496.0,16.72,409.65,7.0,No,No,Winter,Cloudy,356.89,0.0,1.0,361.09,0.11,14,2024,12,19,3
1946,ORD101946,P-GRO-014,Grocery,Masala Mix 200g,West,Nagpur,SUP-011,4.0,WH-WE-04,756.0,67.0,379.0,1628.0,51.82,467.66,3.5,No,No,Summer,Cloudy,449.57,0.0,5.0,489.52,0.037,58,2021,5,1,5
1947,ORD101947,P-SPO-007,Sports,Football,West,Ahmedabad,SUP-021,16.0,WH-WE-02,79.0,12.0,115.0,559.0,17.48,3418.17,6.2,No,No,Autumn,Sunny,3443.57,,2.0,477.39,0.007,14,2024,9,13,4
1948,ORD101948,P-ELE-008,Electronics,LED TV 43in,West,Ahmedabad,SUP-011,4.0,WH-WE-04,29.0,7.0,55.0,235.0,7.6,11002.42,27.3,No,No,Autumn,Sunny,10703.94,0.0,1.0,283.45,0.079,5,2021,9,8,2
1949,ORD101949,P-SPO-009,Sports,Badminton Racket,West,Surat,SUP-026,8.0,WH-WE-05,205.0,20.0,90.0,,14.43,3597.61,35.2,No,,Summer,Cloudy,,0.0,3.0,413.09,0.12,18,2021,7,22,3
1950,ORD101950,P-SPO-002,Sports,Yoga Mat,East,Bhubaneswar,SUP-018,17.0,WH-EA-03,418.0,24.0,112.0,643.0,19.19,2242.94,1.0,No,No,Summer,Sunny,1813.88,0.0,1.0,491.54,0.043,21,2024,5,3,4
1951,ORD101951,P-ELE-010,Electronics,Smartwatch,Central,Indore,SUP-010,9.0,WH-CE-04,81.0,4.0,38.0,212.0,6.02,5999.31,16.9,No,No,Autumn,Rainy,6549.06,0.0,1.0,437.29,0.129,7,2021,10,26,1
1952,ORD101952,P-BEA-006,Beauty,Face Wash 100ml,North,Jaipur,SUP-030,5.0,WH-NO-04,,25.0,147.0,715.0,26.01,256.9,15.3,,No,Autumn,Sunny,256.09,0.0,0.0,226.91,0.172,37,2023,8,5,5
1953,ORD101953,P-SPO-008,Sports,Badminton Racket,East,Bhubaneswar,SUP-038,7.0,WH-EA-01,160.0,7.0,46.0,160.0,6.09,4038.63,,No,No,Summer,Sunny,4142.25,0.0,0.0,344.55,0.148,8,2021,6,6,6
1954,ORD101954,P-SPO-001,Sports,Yoga Mat,West,Nagpur,SUP-002,7.0,WH-WE-01,169.0,26.0,140.0,533.0,20.3,4782.53,15.9,No,No,Summer,Cloudy,4851.71,0.0,0.0,317.86,0.176,27,2021,5,7,4
1955,ORD101955,P-SPO-014,Sports,Running Shoes,South,Chennai,SUP-023,8.0,WH-SO-04,260.0,20.0,115.0,547.0,17.86,3762.5,13.9,No,No,Autumn,Cloudy,3912.21,0.0,0.0,307.12,0.146,21,2021,10,22,4
1956,ORD101956,P-CLO-006,Clothing,Kids Winter Jacket,South,Hyderabad,SUP-029,13.0,WH-SO-02,701.0,40.0,268.0,867.0,35.4,856.42,2.7,Yes,No,Winter,Sunny,872.9,0.0,1.0,476.73,0.028,40,2023,1,31,1
1957,ORD101957,P-ELE-002,Electronics,Power Bank 10000mAh,East,Bhubaneswar,SUP-029,11.0,WH-EA-03,132.0,6.0,35.0,144.0,5.59,3151.74,13.0,,No,Spring,Cloudy,3176.6,0.0,2.0,445.31,0.179,4,2022,3,1,1
1958,ORD101958,P-BEA-012,Beauty,Herbal Shampoo 200ml,South,Kochi,SUP-009,3.0,WH-SO-03,768.0,37.0,139.0,1151.0,36.45,1137.37,,Yes,No,Autumn,Sunny,1206.82,0.0,1.0,307.82,,55,2021,11,23,1
1959,ORD101959,P-FUR-015,Furniture,TV Unit,Central,Raipur,SUP-005,13.0,WH-CE-04,50.0,2.0,22.0,99.0,3.47,14543.32,5.7,No,No,Summer,Sunny,15681.05,0.0,3.0,583.11,0.059,3,2024,5,8,2
1960,ORD101960,P-FUR-008,Furniture,Plastic Storage Rack,South,Bengaluru,SUP-021,6.0,WH-SO-05,157.0,8.0,70.0,266.0,9.0,10269.59,16.2,No,No,Autumn,Sunny,11406.06,0.0,1.0,304.36,0.036,13,2021,9,12,6
1961,ORD101961,P-GRO-001,Grocery,Wheat Flour 5kg,North,Lucknow,SUP-026,3.0,WH-NO-05,443.0,29.0,171.0,742.0,21.32,197.03,16.0,Yes,,Summer,Cloudy,183.92,1.0,2.0,296.61,0.099,29,2021,5,20,3
1962,ORD101962,P-CLO-015,Clothing,Kids Winter Jacket,East,Ranchi,SUP-012,12.0,WH-EA-01,241.0,28.0,126.0,736.0,22.29,1140.52,5.4,No,No,Summer,Cloudy,1163.28,0.0,0.0,410.56,0.149,20,2021,6,11,4
1963,ORD101963,P-ELE-004,Electronics,Smartphone Charger,South,Chennai,SUP-015,10.0,WH-SO-04,203.0,10.0,63.0,303.0,9.86,4537.46,9.8,No,No,,Rainy,3954.71,0.0,1.0,384.93,0.277,11,2024,7,12,4
1964,ORD101964,P-BEA-004,Beauty,Body Lotion 400ml,North,Lucknow,SUP-022,3.0,WH-NO-04,449.0,28.0,235.0,816.0,30.42,153.73,8.7,No,No,Autumn,Cloudy,147.81,0.0,0.0,303.73,0.025,35,2022,11,27,6
1965,ORD101965,P-ELE-011,Electronics,LED TV 43in,East,Kolkata,SUP-019,7.0,WH-EA-05,92.0,,50.0,271.0,9.21,9294.65,8.9,No,No,Autumn,Sunny,9148.18,0.0,1.0,466.71,0.063,6,2024,11,20,2
1966,ORD101966,P-BEA-005,Beauty,Talcum Powder,East,Guwahati,SUP-020,6.0,WH-EA-03,303.0,17.0,156.0,643.0,23.53,140.98,36.9,No,No,Summer,Cloudy,149.34,0.0,1.0,420.54,0.063,24,2024,3,25,0
1967,ORD101967,P-BEA-002,Beauty,Herbal Shampoo 200ml,North,Delhi,SUP-028,5.0,WH-NO-03,1138.0,63.0,359.0,1436.0,49.27,676.42,16.3,Yes,No,Winter,Cloudy,670.05,,0.0,,0.023,109,2022,2,16,2
1968,ORD101968,P-CLO-011,Clothing,Track Pants,East,Patna,SUP-040,9.0,WH-EA-03,433.0,25.0,,739.0,27.21,1551.36,12.9,No,No,Summer,Cloudy,1634.86,1.0,1.0,414.69,0.155,31,2024,3,1,4
1969,ORD101969,P-CLO-004,Clothing,Formal Shirt,East,Guwahati,SUP-032,10.0,WH-EA-02,,23.0,135.0,628.0,20.82,1716.73,12.3,No,No,Autumn,Sunny,1669.33,0.0,1.0,281.35,0.084,20,2022,10,29,5
1970,ORD101970,P-GRO-013,Grocery,Tea Powder 500g,West,Nagpur,SUP-001,10.0,WH-WE-02,1073.0,78.0,247.0,1306.0,45.06,57.08,,No,No,Summer,Sunny,54.44,0.0,0.0,369.03,0.213,43,2023,3,30,3
1971,ORD101971,P-SPO-003,Sports,Skipping Rope,South,Chennai,SUP-014,7.0,WH-SO-04,392.0,23.0,137.0,604.0,22.27,3464.39,12.9,Yes,No,Winter,,3242.07,0.0,1.0,329.88,0.013,34,2023,2,13,0
1972,ORD101972,P-BEA-014,Beauty,Herbal Shampoo 200ml,South,Chennai,SUP-001,6.0,WH-SO-01,179.0,32.0,394.0,1087.0,41.58,908.77,2.2,No,No,Winter,Cloudy,958.99,,0.0,316.99,0.075,35,2024,1,13,5
1973,ORD101973,P-GRO-011,Grocery,Wheat Flour 5kg,Central,Bhopal,SUP-035,18.0,WH-CE-04,796.0,43.0,248.0,1186.0,34.12,552.84,1.7,Yes,No,Autumn,Rainy,536.1,0.0,1.0,507.29,,49,2021,10,28,3
1974,ORD101974,P-ELE-004,Electronics,Home Router,East,Bhubaneswar,SUP-026,12.0,WH-EA-05,142.0,10.0,61.0,206.0,7.42,14336.81,25.5,No,No,Spring,Cloudy,11553.76,0.0,1.0,391.91,0.176,8,2021,3,28,6
1975,ORD101975,P-GRO-009,Grocery,Sunflower Oil 1L,North,Kanpur,SUP-009,4.0,WH-NO-02,406.0,14.0,234.0,1115.0,33.73,248.57,9.5,No,No,Winter,Cloudy,261.21,1.0,1.0,309.75,0.047,32,2023,12,5,1
1976,ORD101976,P-CLO-015,Clothing,Men's Cotton T-Shirt,West,Pune,SUP-034,4.0,WH-WE-02,319.0,34.0,153.0,737.0,24.99,1209.31,13.2,No,No,,Sunny,1119.41,0.0,0.0,327.73,0.118,31,2024,10,25,4
1977,ORD101977,P-SPO-001,Sports,Gym Dumbbells 5kg,North,Lucknow,SUP-023,8.0,WH-NO-03,50.0,10.0,83.0,428.0,14.19,2413.22,23.2,No,No,Summer,Sunny,2450.52,0.0,2.0,533.61,0.074,13,2023,4,28,4
1978,ORD101978,P-BEA-013,Beauty,Face Wash 100ml,West,Pune,SUP-003,8.0,WH-WE-05,771.0,51.0,223.0,1041.0,34.47,870.06,1.1,Yes,No,Summer,Sunny,791.47,0.0,0.0,396.62,0.096,48,2021,6,21,0
1979,ORD101979,P-GRO-007,Grocery,Masala Mix 200g,West,Nagpur,SUP-007,13.0,WH-WE-01,1659.0,98.0,,2048.0,70.66,188.65,7.3,No,No,Autumn,Sunny,188.87,0.0,1.0,482.06,0.075,92,2021,6,13,6
1980,ORD101980,P-BEA-015,Beauty,Talcum Powder,Central,Raipur,SUP-033,9.0,WH-CE-03,151.0,28.0,151.0,810.0,27.14,705.23,6.1,Yes,No,Summer,Sunny,543.29,0.0,0.0,387.91,0.131,25,2023,3,7,1
1981,ORD101981,P-GRO-004,Grocery,Sunflower Oil 1L,Central,Gwalior,SUP-012,7.0,WH-CE-02,812.0,31.0,318.0,1301.0,41.27,311.83,20.0,Yes,No,Summer,Cloudy,310.99,0.0,1.0,335.03,0.08,63,2024,8,2,4
1982,ORD101982,P-BEA-011,Beauty,Herbal Shampoo 200ml,South,Coimbatore,SUP-021,9.0,WH-SO-05,362.0,32.0,140.0,634.0,24.37,961.98,13.5,No,No,Summer,Sunny,894.63,0.0,2.0,410.3,0.086,22,2023,6,16,4
1983,ORD101983,P-GRO-015,Grocery,Instant Noodles Pack,West,Surat,SUP-036,10.0,WH-WE-05,245.0,44.0,257.0,1135.0,38.75,187.15,29.3,No,No,Summer,Sunny,168.17,0.0,1.0,432.4,0.061,31,2022,3,18,4
1984,ORD101984,P-FUR-006,Furniture,Foldable Bed,South,Hyderabad,SUP-012,11.0,WH-SO-01,163.0,7.0,64.0,277.0,9.25,16486.01,3.0,Yes,Yes,Autumn,Sunny,,0.0,2.0,345.43,0.04,15,2023,6,27,1
1985,ORD101985,P-SPO-002,Sports,Skipping Rope,East,Bhubaneswar,SUP-001,7.0,WH-EA-01,276.0,15.0,101.0,424.0,13.31,2901.36,11.5,No,No,Summer,Rainy,2873.81,0.0,0.0,329.24,0.004,12,2021,8,17,1
1986,ORD101986,P-GRO-006,Grocery,Masala Mix 200g,East,Bhubaneswar,SUP-004,10.0,WH-EA-01,655.0,29.0,291.0,1253.0,43.8,453.28,16.1,No,No,Winter,Sunny,444.43,0.0,2.0,421.36,,46,2022,12,2,4
1987,ORD101987,P-FUR-009,Furniture,Plastic Storage Rack,North,Delhi,SUP-037,3.0,WH-NO-05,30.0,5.0,36.0,140.0,4.79,3286.96,23.3,No,No,Winter,Rainy,3096.5,0.0,0.0,230.87,0.08,4,2024,12,5,3
1988,ORD101988,P-SPO-010,Sports,Yoga Mat,North,Chandigarh,SUP-024,,WH-NO-05,269.0,12.0,73.0,354.0,10.98,1654.12,21.5,Yes,No,Autumn,Rainy,1772.5,1.0,1.0,280.16,0.069,14,2023,7,9,6
1989,ORD101989,P-ELE-008,Electronics,Smartwatch,North,Kanpur,SUP-014,6.0,WH-NO-02,101.0,9.0,58.0,196.0,7.86,11193.14,13.5,No,No,Summer,Rainy,10803.86,0.0,0.0,301.53,0.117,7,2021,5,31,0
1990,ORD101990,P-ELE-014,Electronics,Laptop Stand,North,Delhi,SUP-004,8.0,WH-NO-01,267.0,15.0,78.0,372.0,11.19,12118.21,18.5,Yes,No,Autumn,Cloudy,,0.0,2.0,357.24,0.012,17,2021,10,22,4
1991,ORD101991,P-FUR-009,Furniture,Plastic Storage Rack,South,Kochi,SUP-028,5.0,WH-SO-04,69.0,5.0,40.0,152.0,5.57,12079.22,14.6,No,No,Spring,Rainy,13267.4,0.0,3.0,407.16,0.218,7,2021,3,29,0
1992,ORD101992,P-GRO-010,Grocery,Wheat Flour 5kg,Central,Raipur,SUP-002,8.0,WH-CE-05,743.0,39.0,347.0,1604.0,48.58,218.74,5.4,No,No,Autumn,,243.68,0.0,0.0,324.39,0.011,67,2022,8,11,3
1993,ORD101993,P-ELE-015,Electronics,LED TV 43in,East,Patna,SUP-004,9.0,WH-EA-05,91.0,7.0,44.0,218.0,6.49,9439.97,6.8,No,No,Winter,,10171.01,0.0,2.0,376.2,0.104,8,2021,12,14,1
1994,ORD101994,P-CLO-015,Clothing,Kids Winter Jacket,West,Mumbai,SUP-024,5.0,WH-WE-03,,23.0,153.0,540.0,,1260.62,5.7,No,No,Winter,Sunny,1199.48,0.0,0.0,339.83,0.104,21,2024,12,2,0
1995,ORD101995,P-BEA-006,Beauty,Lipstick Set,West,Surat,SUP-026,5.0,WH-WE-04,593.0,24.0,192.0,834.0,25.38,768.49,,Yes,No,Summer,Sunny,771.71,0.0,0.0,261.33,,30,2022,4,12,1
1996,ORD101996,P-GRO-005,Grocery,Toor Dal 1kg,West,Mumbai,SUP-023,6.0,WH-WE-05,685.0,21.0,290.0,1170.0,40.66,595.43,6.5,No,No,Winter,Rainy,585.76,0.0,2.0,401.13,0.021,35,2021,2,20,5
1997,ORD101997,P-GRO-012,Grocery,Basmati Rice 5kg,South,Hyderabad,SUP-037,6.0,WH-SO-05,752.0,32.0,222.0,963.0,34.78,201.93,14.3,Yes,No,Autumn,Cloudy,215.47,0.0,1.0,268.01,0.053,67,2022,9,26,0
1998,ORD101998,P-BEA-008,Beauty,Talcum Powder,West,Mumbai,SUP-011,13.0,WH-WE-03,118.0,31.0,283.0,926.0,29.84,1035.22,18.4,No,No,Winter,Sunny,1034.34,0.0,1.0,419.42,0.102,32,2023,12,14,3
1999,ORD101999,P-CLO-007,Clothing,Cotton Saree,West,Nagpur,SUP-023,12.0,WH-WE-02,98.0,18.0,202.0,766.0,23.56,988.29,4.6,No,No,Autumn,Sunny,969.06,0.0,0.0,322.35,0.053,20,2023,9,29,4
2000,ORD102000,P-BEA-011,Beauty,Talcum Powder,West,Mumbai,SUP-013,15.0,WH-WE-02,234.0,6.0,120.0,550.0,20.39,227.37,23.9,No,No,Autumn,Cloudy,257.53,0.0,0.0,426.54,0.029,17,2024,11,28,3
2001,ORD102001,P-CLO-010,Clothing,Track Pants,Central,Jabalpur,SUP-015,8.0,WH-CE-02,337.0,15.0,105.0,343.0,13.9,461.57,9.6,Yes,No,Summer,,449.48,1.0,0.0,339.27,0.102,18,2022,6,19,6
2002,ORD102002,P-SPO-014,Sports,Gym Dumbbells 5kg,East,Bhubaneswar,SUP-007,13.0,WH-EA-05,288.0,8.0,107.0,395.0,12.96,,5.8,No,No,Spring,Rainy,1375.02,0.0,1.0,453.74,0.014,9,2023,2,3,4
2003,ORD102003,P-FUR-006,Furniture,Wooden Bookshelf,East,Kolkata,SUP-032,9.0,WH-EA-04,103.0,6.0,33.0,154.0,4.43,3474.06,8.2,Yes,No,Summer,Sunny,3362.35,0.0,3.0,554.64,0.098,7,2023,3,29,2
2004,ORD102004,P-ELE-012,Electronics,Laptop Stand,West,Surat,SUP-029,10.0,WH-WE-05,169.0,15.0,60.0,258.0,8.64,6070.78,18.2,No,No,Winter,Sunny,6591.04,0.0,2.0,483.8,0.036,12,2021,2,5,4
2005,ORD102005,P-SPO-004,Sports,Gym Dumbbells 5kg,South,Kochi,SUP-029,23.0,WH-SO-04,236.0,10.0,88.0,469.0,13.9,423.19,4.6,Yes,No,Winter,,429.55,,2.0,537.01,0.147,19,2021,1,9,5
2006,ORD102006,P-CLO-015,Clothing,Woolen Sweater,West,Pune,SUP-006,7.0,WH-WE-03,362.0,22.0,149.0,665.0,20.04,583.71,6.6,Yes,Yes,Summer,Cloudy,605.12,0.0,0.0,353.35,0.01,31,2024,3,8,4
2007,ORD102007,P-ELE-002,Electronics,Smartphone Charger,North,Kanpur,SUP-005,4.0,WH-NO-04,159.0,15.0,,449.0,13.79,14463.36,5.5,,No,Summer,Cloudy,14736.42,0.0,1.0,257.35,0.109,17,2022,7,17,6
2008,ORD102008,P-ELE-012,Electronics,Wireless Earbuds,North,Jaipur,SUP-032,10.0,WH-NO-04,268.0,6.0,76.0,340.0,11.54,1954.09,9.9,No,No,Autumn,Cloudy,1611.28,0.0,0.0,396.37,0.206,8,2023,10,3,1
2009,ORD102009,P-FUR-002,Furniture,Office Chair,East,Guwahati,SUP-027,6.0,WH-EA-04,110.0,2.0,59.0,,9.15,3679.34,5.8,Yes,No,Autumn,Cloudy,3364.74,0.0,1.0,228.91,0.085,9,2024,10,12,5
2010,ORD102010,P-ELE-014,Electronics,Smartphone Charger,North,Lucknow,SUP-002,6.0,WH-NO-02,117.0,6.0,74.0,301.0,,12282.41,21.5,No,No,Winter,Sunny,12008.49,0.0,2.0,358.8,0.008,8,2021,12,24,4
2011,ORD102011,P-GRO-015,Grocery,Sugar 1kg,Central,Bhopal,SUP-027,3.0,WH-CE-02,175.0,25.0,229.0,721.0,27.27,249.03,6.1,No,No,Spring,Sunny,255.3,0.0,0.0,265.65,0.123,32,2024,2,7,2
2012,ORD102012,P-ELE-013,Electronics,Smartphone Charger,North,Chandigarh,SUP-040,7.0,WH-NO-01,34.0,13.0,48.0,242.0,7.45,4467.45,5.9,No,No,Autumn,Sunny,4115.66,0.0,1.0,288.32,0.198,8,2021,11,9,1
2013,ORD102013,P-CLO-012,Clothing,Women's Kurti,West,Nagpur,SUP-031,7.0,WH-WE-02,209.0,31.0,175.0,767.0,26.7,2252.27,6.3,No,No,Winter,,2069.36,0.0,2.0,464.06,0.075,22,2023,12,19,1
2014,ORD102014,P-GRO-008,Grocery,Toor Dal 1kg,South,Hyderabad,SUP-012,14.0,WH-SO-05,204.0,28.0,315.0,1116.0,37.87,346.11,0.9,No,No,Autumn,Cloudy,337.46,0.0,1.0,569.7,0.018,29,2021,8,22,6
2015,ORD102015,P-CLO-004,Clothing,Track Pants,Central,Gwalior,SUP-013,8.0,WH-CE-05,185.0,9.0,81.0,371.0,12.64,2443.41,5.5,Yes,No,Summer,Rainy,2702.66,0.0,1.0,355.32,,16,2022,3,21,0
2016,ORD102016,P-GRO-015,Grocery,Toor Dal 1kg,South,Coimbatore,SUP-031,5.0,WH-SO-01,574.0,47.0,236.0,,58.97,51.83,11.7,No,No,Autumn,Sunny,42.9,0.0,3.0,441.99,0.178,46,2022,11,19,5
2017,ORD102017,P-ELE-008,Electronics,LED TV 43in,North,Lucknow,SUP-017,7.0,WH-NO-03,118.0,4.0,87.0,276.0,9.75,9431.59,8.4,,No,Winter,Rainy,7430.92,0.0,0.0,1511.94,0.072,11,2022,12,15,3
2018,ORD102018,P-FUR-013,Furniture,Wooden Bookshelf,North,Delhi,SUP-030,7.0,WH-NO-05,83.0,5.0,52.0,200.0,6.45,7214.72,10.2,No,No,Winter,Sunny,8216.32,0.0,1.0,308.07,0.056,9,2021,2,14,6
2019,ORD102019,P-GRO-011,Grocery,Instant Noodles Pack,East,Ranchi,SUP-039,9.0,WH-EA-04,346.0,40.0,273.0,927.0,34.95,52.28,3.1,No,No,Summer,Sunny,45.88,0.0,4.0,456.66,0.108,32,2024,5,18,5
2020,ORD102020,P-FUR-011,Furniture,Plastic Storage Rack,Central,Gwalior,SUP-017,6.0,WH-CE-04,38.0,5.0,40.0,,5.42,3442.07,19.6,Yes,No,Winter,Sunny,3330.46,0.0,1.0,351.16,0.08,9,2021,1,9,5
2021,ORD102021,P-ELE-006,Electronics,LED TV 43in,Central,Raipur,SUP-023,5.0,WH-CE-03,28.0,4.0,33.0,132.0,4.83,14749.89,0.8,No,No,Autumn,Sunny,12979.01,0.0,0.0,363.18,0.068,3,2024,7,9,1
2022,ORD102022,P-ELE-007,Electronics,Power Bank 10000mAh,South,,SUP-020,13.0,WH-SO-02,156.0,9.0,36.0,219.0,7.26,12760.54,15.5,No,No,Autumn,Sunny,12451.67,0.0,2.0,535.64,0.082,11,2021,10,29,4
2023,ORD102023,P-GRO-007,Grocery,Wheat Flour 5kg,East,Ranchi,SUP-021,12.0,WH-EA-05,582.0,36.0,370.0,1378.0,54.92,178.58,33.3,Yes,No,Autumn,Sunny,176.64,0.0,2.0,370.17,0.086,61,2023,11,5,6
2024,ORD102024,P-CLO-010,Clothing,Denim Jeans,North,Jaipur,SUP-004,5.0,WH-NO-01,240.0,23.0,138.0,571.0,20.55,2107.27,6.7,No,No,Autumn,Cloudy,2378.8,0.0,1.0,387.06,0.294,21,2023,11,6,0
2025,ORD102025,P-GRO-011,Grocery,Instant Noodles Pack,East,Guwahati,SUP-040,7.0,WH-EA-05,828.0,25.0,262.0,882.0,38.42,94.92,18.2,No,No,Autumn,Rainy,100.39,0.0,0.0,374.83,0.079,60,2022,10,30,6
2026,ORD102026,P-BEA-003,Beauty,Moisturizer Cream,East,Guwahati,SUP-022,7.0,WH-EA-05,276.0,30.0,183.0,,24.17,1179.57,5.2,No,No,Spring,Cloudy,1058.49,1.0,1.0,174.16,0.016,26,2023,2,25,5
2027,ORD102027,P-GRO-004,Grocery,Tea Powder 500g,South,Chennai,SUP-010,19.0,WH-SO-02,722.0,38.0,314.0,1055.0,36.81,,18.2,Yes,No,Summer,Rainy,396.6,0.0,2.0,610.21,0.007,52,2021,4,17,5
2028,ORD102028,P-CLO-001,Clothing,Cotton Saree,East,Guwahati,SUP-023,3.0,WH-EA-03,105.0,14.0,94.0,421.0,13.64,938.05,15.8,Yes,No,Autumn,,975.55,0.0,2.0,327.73,0.182,17,2024,8,9,4
2029,ORD102029,P-CLO-008,Clothing,Women's Kurti,West,Nagpur,SUP-016,8.0,WH-WE-05,72.0,16.0,109.0,,,651.29,12.0,Yes,No,Autumn,Stormy,624.22,0.0,0.0,398.68,0.076,14,2021,6,24,3
2030,ORD102030,P-ELE-011,Electronics,Smartphone Charger,North,Lucknow,SUP-033,10.0,WH-NO-03,142.0,8.0,61.0,215.0,7.18,12872.0,22.4,No,No,Autumn,Sunny,12127.38,0.0,1.0,450.03,0.105,12,2023,8,20,6
2031,ORD102031,P-CLO-004,Clothing,Track Pants,North,Chandigarh,SUP-031,5.0,WH-NO-02,351.0,17.0,140.0,646.0,22.87,1395.68,24.4,No,Yes,Winter,Stormy,1527.97,0.0,0.0,,0.12,27,2021,1,1,4
2032,ORD102032,P-GRO-011,Grocery,Wheat Flour 5kg,North,Jaipur,SUP-016,12.0,WH-NO-01,219.0,46.0,242.0,1170.0,34.93,529.5,6.7,Yes,No,Winter,Sunny,455.1,0.0,2.0,470.89,0.034,51,2023,12,26,1
2033,ORD102033,P-CLO-001,Clothing,Denim Jeans,North,Chandigarh,SUP-029,19.0,WH-NO-03,198.0,,105.0,430.0,15.07,462.87,11.1,No,No,Autumn,Cloudy,449.31,0.0,1.0,547.61,0.085,15,2022,6,9,3
2034,ORD102034,P-ELE-013,Electronics,Smartwatch,North,Kanpur,SUP-002,5.0,WH-NO-02,255.0,14.0,74.0,311.0,12.16,12487.56,0.9,No,No,Winter,Cloudy,13117.71,0.0,0.0,183.51,0.202,20,2022,12,5,0
2035,ORD102035,P-BEA-011,Beauty,Face Wash 100ml,East,Bhubaneswar,SUP-039,17.0,WH-EA-05,713.0,34.0,189.0,976.0,28.62,1068.8,6.6,Yes,No,Spring,Sunny,967.88,0.0,1.0,398.57,0.171,26,2021,2,4,3
2036,ORD102036,P-SPO-011,Sports,Cricket Bat,North,Lucknow,SUP-021,2.0,WH-NO-05,116.0,8.0,73.0,299.0,10.97,2560.07,21.1,Yes,No,Autumn,Sunny,2825.93,0.0,2.0,347.05,,16,2021,11,16,1
2037,ORD102037,P-ELE-011,Electronics,Bluetooth Speaker,West,Mumbai,SUP-027,8.0,WH-WE-02,82.0,8.0,51.0,192.0,6.6,7243.87,,Yes,No,Autumn,Sunny,6657.6,0.0,1.0,367.58,0.035,12,2022,9,28,2
2038,ORD102038,P-FUR-006,Furniture,TV Unit,West,Nagpur,SUP-026,11.0,WH-WE-02,132.0,5.0,,211.0,6.42,15845.99,9.0,No,No,Autumn,Rainy,15756.72,0.0,0.0,,0.028,4,2023,11,15,2
2039,ORD102039,P-BEA-015,Beauty,Sunscreen Lotion,Central,Gwalior,SUP-013,17.0,WH-CE-02,113.0,15.0,192.0,802.0,28.67,1084.8,29.7,Yes,No,Summer,Rainy,1024.63,0.0,2.0,508.26,,22,2023,5,24,2
2040,ORD102040,P-GRO-012,Grocery,Tea Powder 500g,West,Ahmedabad,SUP-028,7.0,WH-WE-03,523.0,35.0,247.0,1105.0,33.19,277.28,7.8,No,,Winter,,216.5,0.0,1.0,302.02,0.084,33,2022,1,16,6
2041,ORD102041,P-BEA-003,Beauty,Sunscreen Lotion,North,Chandigarh,SUP-016,12.0,WH-NO-04,253.0,29.0,113.0,531.0,17.51,499.97,,No,No,Summer,Sunny,483.15,0.0,2.0,431.24,0.034,16,2023,5,21,6
2042,ORD102042,P-FUR-014,Furniture,Dining Chair,North,Chandigarh,SUP-028,7.0,WH-NO-01,33.0,3.0,19.0,101.0,3.2,10886.75,11.8,No,No,Autumn,Cloudy,11576.77,0.0,2.0,337.37,0.102,3,2021,11,22,0
2043,ORD102043,P-SPO-012,Sports,Skipping Rope,North,Kanpur,SUP-004,11.0,WH-NO-05,184.0,16.0,137.0,433.0,14.11,1357.87,12.4,No,No,Summer,Sunny,1245.49,0.0,0.0,1322.01,0.064,19,2023,3,23,3
2044,ORD102044,P-SPO-005,Sports,Cricket Bat,Central,Gwalior,SUP-006,9.0,WH-CE-04,208.0,10.0,58.0,244.0,8.34,2496.61,12.5,No,No,Summer,Sunny,2371.14,0.0,0.0,377.69,0.157,9,2023,3,1,2
2045,ORD102045,P-ELE-015,Electronics,Smartwatch,Central,Jabalpur,SUP-037,10.0,WH-CE-01,186.0,6.0,67.0,323.0,9.32,6381.34,7.2,No,No,Autumn,Sunny,6117.68,0.0,1.0,423.3,0.051,9,2021,11,27,5
2046,ORD102046,P-CLO-004,Clothing,Kids Winter Jacket,South,Kochi,SUP-030,6.0,WH-SO-02,453.0,27.0,218.0,1052.0,32.63,2308.67,22.5,No,Yes,Autumn,Cloudy,2407.68,0.0,0.0,375.42,0.084,48,2021,10,20,2
2047,ORD102047,P-CLO-010,Clothing,Women's Kurti,South,Coimbatore,SUP-006,3.0,WH-SO-04,650.0,,178.0,818.0,33.09,1978.01,,No,No,Winter,Sunny,1921.08,0.0,0.0,199.1,0.043,36,2023,1,29,6
2048,ORD102048,P-ELE-011,Electronics,Home Router,East,Bhubaneswar,SUP-009,13.0,WH-EA-03,113.0,12.0,64.0,284.0,9.94,8163.4,24.7,Yes,No,Summer,Sunny,8178.53,0.0,1.0,357.3,0.064,15,2023,5,8,0
2049,ORD102049,P-GRO-015,Grocery,Wheat Flour 5kg,South,Chennai,SUP-022,8.0,WH-SO-03,183.0,30.0,,963.0,29.8,334.09,3.8,Yes,No,Winter,Sunny,335.06,0.0,0.0,306.4,0.165,40,2024,12,2,0
2050,ORD102050,P-SPO-009,Sports,Skipping Rope,Central,Gwalior,SUP-001,9.0,WH-CE-01,152.0,7.0,103.0,312.0,13.67,4118.08,22.6,No,Yes,Winter,Cloudy,3945.64,0.0,0.0,359.56,0.088,19,2022,12,25,6
2051,ORD102051,P-ELE-015,Electronics,Wireless Earbuds,North,Jaipur,SUP-017,13.0,WH-NO-03,79.0,10.0,91.0,338.0,12.28,4848.6,31.7,No,No,Autumn,Sunny,5503.98,0.0,0.0,353.27,0.064,16,2022,10,12,2
2052,ORD102052,P-CLO-005,Clothing,Kids Winter Jacket,South,Hyderabad,SUP-014,,WH-SO-04,206.0,18.0,117.0,513.0,15.47,2440.63,6.6,No,No,Autumn,Cloudy,2240.44,0.0,0.0,225.08,0.158,16,2022,11,27,6
2053,ORD102053,P-BEA-013,Beauty,Hair Oil 250ml,South,Bengaluru,SUP-006,15.0,WH-SO-04,593.0,1.0,144.0,749.0,24.22,1141.55,9.2,No,No,Autumn,Rainy,1205.75,2.0,1.0,415.4,0.053,21,2024,7,1,0
2054,ORD102054,P-GRO-004,Grocery,Tea Powder 500g,North,Kanpur,SUP-012,5.0,WH-NO-03,770.0,46.0,182.0,,37.39,387.01,22.7,No,No,Spring,Sunny,426.51,0.0,2.0,404.3,0.119,42,2022,3,25,4
2055,ORD102055,P-CLO-015,Clothing,Men's Cotton T-Shirt,South,Kochi,SUP-012,10.0,WH-SO-03,381.0,28.0,94.0,659.0,20.53,2175.8,6.6,Yes,No,Summer,Sunny,2151.73,0.0,1.0,425.3,0.021,31,2022,7,12,1
2056,ORD102056,P-SPO-012,Sports,Cricket Bat,West,Pune,SUP-003,7.0,WH-WE-02,187.0,24.0,115.0,569.0,15.6,2025.52,14.3,No,No,Summer,Sunny,2035.38,0.0,0.0,389.27,0.049,25,2022,6,23,3
2057,ORD102057,P-CLO-010,Clothing,Kids Winter Jacket,North,Chandigarh,SUP-026,9.0,WH-NO-04,106.0,23.0,110.0,455.0,16.74,1169.82,0.6,No,No,Summer,Stormy,1219.45,0.0,1.0,461.49,0.398,16,2023,6,30,4
2058,ORD102058,P-ELE-001,Electronics,Power Bank 10000mAh,East,Kolkata,SUP-011,4.0,WH-EA-04,113.0,,35.0,165.0,6.27,7589.65,6.3,Yes,No,Autumn,Cloudy,7364.23,0.0,0.0,277.91,0.026,4,2023,10,19,3
2059,ORD102059,P-ELE-008,Electronics,Smartwatch,South,Kochi,SUP-002,7.0,WH-SO-04,69.0,14.0,,398.0,11.33,2600.5,4.7,No,No,Winter,Rainy,2206.04,0.0,3.0,311.46,0.053,7,2022,12,5,0
2060,ORD102060,P-SPO-003,Sports,Cricket Bat,North,Lucknow,SUP-001,8.0,WH-NO-04,203.0,12.0,109.0,458.0,13.86,1812.92,2.3,No,No,Winter,Rainy,1776.75,0.0,1.0,376.14,0.121,15,2022,1,21,4
2061,ORD102061,P-GRO-014,Grocery,Instant Noodles Pack,North,Lucknow,SUP-039,6.0,WH-NO-05,1480.0,57.0,473.0,1998.0,68.57,102.18,11.9,No,No,Autumn,Stormy,115.63,0.0,0.0,294.92,0.09,91,2023,10,4,2
2062,ORD102062,P-CLO-006,Clothing,Formal Shirt,South,Hyderabad,SUP-005,7.0,WH-SO-05,382.0,20.0,109.0,520.0,17.25,956.99,5.0,Yes,No,Winter,Rainy,1000.54,0.0,0.0,321.71,0.082,22,2022,2,7,0
2063,ORD102063,P-ELE-013,Electronics,Wireless Earbuds,North,Lucknow,SUP-037,5.0,WH-NO-05,116.0,7.0,61.0,296.0,9.11,13473.99,11.9,No,No,Autumn,Sunny,13557.14,0.0,0.0,236.42,0.051,11,2024,8,4,6
2064,ORD102064,P-CLO-014,Clothing,Denim Jeans,South,Coimbatore,SUP-007,11.0,WH-SO-02,68.0,14.0,128.0,509.0,15.64,2126.98,18.0,No,No,Autumn,Cloudy,2255.66,0.0,1.0,333.85,0.045,11,2023,7,1,5
2065,ORD102065,P-SPO-002,Sports,Football,West,Nagpur,SUP-004,15.0,WH-WE-01,389.0,28.0,134.0,545.0,16.63,2400.12,10.5,No,No,Autumn,Stormy,2372.39,0.0,0.0,440.62,0.084,20,2022,10,7,4
2066,ORD102066,P-CLO-012,Clothing,Woolen Sweater,West,Nagpur,SUP-022,8.0,WH-WE-01,343.0,18.0,152.0,622.0,22.6,1572.77,15.7,No,No,Winter,Cloudy,1576.48,0.0,0.0,229.11,0.163,20,2021,12,7,1
2067,ORD102067,P-SPO-005,Sports,Cycling Helmet,Central,Raipur,SUP-035,4.0,WH-CE-04,228.0,14.0,95.0,390.0,13.37,2628.82,13.6,No,No,Winter,Rainy,2538.13,0.0,2.0,398.78,0.018,17,2024,1,12,4
2068,ORD102068,P-GRO-002,Grocery,Basmati Rice 5kg,South,Bengaluru,SUP-003,3.0,WH-SO-05,823.0,17.0,397.0,1212.0,33.81,308.4,17.5,No,No,Summer,Rainy,320.18,0.0,0.0,160.25,0.044,39,2023,6,10,5
2069,ORD102069,P-CLO-004,Clothing,Kids Winter Jacket,West,Nagpur,SUP-014,5.0,WH-WE-04,88.0,13.0,157.0,548.0,17.15,2227.06,8.0,No,Yes,Summer,Cloudy,2131.54,0.0,0.0,156.01,0.138,20,2024,7,13,5
2070,ORD102070,P-BEA-009,Beauty,Face Wash 100ml,West,Pune,SUP-031,5.0,WH-WE-04,798.0,29.0,268.0,1341.0,38.29,255.65,24.9,No,No,Autumn,Cloudy,249.2,0.0,0.0,299.99,0.128,45,2023,10,30,0
2071,ORD102071,P-CLO-013,Clothing,Formal Shirt,North,Kanpur,SUP-003,8.0,WH-NO-01,645.0,26.0,230.0,833.0,27.22,981.7,4.4,No,No,Winter,Cloudy,1050.73,0.0,0.0,299.04,0.094,45,2024,2,28,2
2072,ORD102072,P-GRO-011,Grocery,Sunflower Oil 1L,South,Chennai,SUP-007,11.0,WH-SO-03,297.0,38.0,377.0,1457.0,51.17,577.66,6.1,No,No,Summer,Sunny,568.68,1.0,1.0,289.85,0.154,47,2021,5,15,5
2073,ORD102073,P-BEA-004,Beauty,Hair Oil 250ml,East,Bhubaneswar,SUP-013,3.0,WH-EA-04,622.0,23.0,211.0,672.0,24.73,185.68,2.1,Yes,No,Spring,Sunny,194.08,0.0,1.0,242.18,0.054,33,2021,2,5,4
2074,ORD102074,P-GRO-005,Grocery,Basmati Rice 5kg,West,Ahmedabad,SUP-033,13.0,WH-WE-01,1118.0,38.0,282.0,1305.0,45.39,164.34,25.1,No,No,Autumn,Cloudy,172.86,0.0,1.0,475.58,0.26,74,2023,8,20,6
2075,ORD102075,P-CLO-005,Clothing,Woolen Sweater,South,Hyderabad,SUP-033,6.0,WH-SO-04,211.0,25.0,205.0,893.0,26.53,1479.55,8.0,No,No,Winter,Stormy,1470.47,0.0,1.0,344.03,0.023,26,2021,1,1,4
2076,ORD102076,P-SPO-012,Sports,Football,North,Delhi,SUP-029,4.0,WH-NO-02,175.0,6.0,89.0,335.0,11.05,1581.54,15.3,Yes,No,Autumn,Rainy,1537.32,0.0,1.0,276.29,,9,2024,7,25,3
2077,ORD102077,P-ELE-008,Electronics,LED TV 43in,Central,Raipur,SUP-027,4.0,WH-CE-01,80.0,4.0,47.0,,6.74,11246.52,20.1,No,No,Autumn,Sunny,10059.11,0.0,0.0,258.75,0.181,6,2024,7,14,6
2078,ORD102078,P-GRO-001,Grocery,Masala Mix 200g,North,Chandigarh,SUP-002,12.0,WH-NO-04,1023.0,63.0,334.0,1387.0,51.25,96.23,9.7,No,No,Summer,Rainy,87.79,0.0,1.0,407.13,,39,2023,5,5,4
2079,ORD102079,P-ELE-002,Electronics,Home Router,Central,Jabalpur,SUP-010,5.0,WH-CE-03,318.0,11.0,94.0,481.0,12.99,1680.83,6.4,No,,Winter,Sunny,1762.73,0.0,2.0,,0.13,14,2023,12,2,5
2080,ORD102080,P-GRO-002,Grocery,Basmati Rice 5kg,West,Ahmedabad,SUP-037,7.0,WH-WE-03,1188.0,51.0,266.0,1321.0,48.06,204.31,0.5,No,No,Autumn,Cloudy,213.96,0.0,2.0,290.26,0.081,47,2022,9,9,4
2081,ORD102081,P-GRO-015,Grocery,Basmati Rice 5kg,West,Nagpur,SUP-029,19.0,WH-WE-03,295.0,,127.0,596.0,19.37,351.36,18.5,No,No,Autumn,Rainy,323.54,0.0,1.0,513.73,0.014,19,2024,10,31,3
2082,ORD102082,P-FUR-008,Furniture,Dining Chair,West,Pune,SUP-010,7.0,WH-WE-04,118.0,6.0,40.0,205.0,6.28,13424.28,11.7,Yes,No,Spring,Stormy,13850.0,0.0,0.0,343.26,0.266,7,2021,2,22,0
2083,ORD102083,P-ELE-008,Electronics,Home Router,North,Lucknow,SUP-029,8.0,WH-NO-03,320.0,7.0,99.0,366.0,12.58,10171.28,4.8,No,No,Summer,Cloudy,10347.32,0.0,1.0,339.84,0.066,13,2022,3,4,4
2084,ORD102084,P-FUR-012,Furniture,Plastic Storage Rack,East,Kolkata,SUP-029,6.0,WH-EA-05,15.0,2.0,34.0,105.0,4.59,2540.86,5.1,Yes,No,Autumn,Cloudy,2731.02,0.0,0.0,309.11,0.031,6,2023,10,17,1
2085,ORD102085,P-GRO-003,Grocery,Sunflower Oil 1L,West,Surat,SUP-030,9.0,WH-WE-05,193.0,27.0,239.0,824.0,31.32,527.67,3.5,No,No,Spring,Sunny,619.08,0.0,1.0,,0.056,33,2024,2,26,0
2086,ORD102086,P-GRO-001,Grocery,Sunflower Oil 1L,West,Mumbai,SUP-040,9.0,WH-WE-03,752.0,59.0,483.0,1598.0,58.86,245.14,9.5,Yes,No,Winter,Cloudy,256.41,0.0,2.0,334.56,0.079,63,2021,12,20,0
2087,ORD102087,P-GRO-005,Grocery,Wheat Flour 5kg,South,Chennai,SUP-022,14.0,WH-SO-01,742.0,52.0,214.0,952.0,37.0,239.64,19.2,No,No,Summer,Sunny,226.4,0.0,0.0,453.1,0.014,47,2024,3,17,6
2088,ORD102088,P-FUR-004,Furniture,Sofa Cushion Set,North,Kanpur,SUP-003,9.0,WH-NO-02,51.0,8.0,46.0,181.0,5.28,5658.91,12.5,No,No,Autumn,Sunny,5995.45,0.0,1.0,280.09,0.065,8,2022,11,5,5
2089,ORD102089,P-CLO-012,Clothing,Men's Cotton T-Shirt,South,Coimbatore,SUP-033,14.0,WH-SO-04,170.0,16.0,114.0,465.0,14.35,,13.0,Yes,No,Autumn,Rainy,1182.71,0.0,1.0,580.0,0.148,12,2024,6,6,3
2090,ORD102090,P-GRO-013,Grocery,Sugar 1kg,South,Hyderabad,SUP-001,12.0,WH-SO-02,840.0,36.0,202.0,1236.0,36.64,,0.9,No,Yes,Winter,Sunny,281.11,0.0,2.0,428.3,0.096,52,2022,1,26,2
2091,ORD102091,P-BEA-010,Beauty,Body Lotion 400ml,East,Ranchi,SUP-026,5.0,WH-EA-04,93.0,26.0,209.0,733.0,26.84,538.59,32.6,Yes,No,Autumn,Cloudy,485.75,0.0,0.0,340.64,0.021,25,2023,10,9,0
2092,ORD102092,P-CLO-014,Clothing,Women's Kurti,West,Surat,SUP-032,8.0,WH-WE-04,141.0,16.0,126.0,490.0,16.72,662.29,11.7,Yes,,Autumn,Sunny,,0.0,2.0,405.64,0.029,22,2021,10,31,6
2093,ORD102093,P-GRO-007,Grocery,Masala Mix 200g,West,Nagpur,SUP-006,5.0,WH-WE-03,1629.0,52.0,487.0,2175.0,65.77,512.51,22.8,Yes,No,Summer,Sunny,512.59,0.0,0.0,215.98,0.039,79,2021,7,22,3
2094,ORD102094,P-SPO-004,Sports,Cycling Helmet,West,Surat,SUP-032,10.0,WH-WE-01,192.0,35.0,150.0,617.0,24.99,3119.63,20.4,No,No,Autumn,Sunny,3016.39,0.0,2.0,305.94,0.072,29,2023,10,28,5
2095,ORD102095,P-GRO-005,Grocery,Wheat Flour 5kg,South,Hyderabad,SUP-033,1.0,WH-SO-03,640.0,28.0,227.0,1159.0,32.62,308.12,4.1,No,No,Autumn,Sunny,296.37,0.0,0.0,231.37,0.13,38,2023,9,22,4
2096,ORD102096,P-ELE-003,Electronics,Wireless Earbuds,South,Bengaluru,SUP-027,21.0,WH-SO-04,36.0,8.0,57.0,248.0,7.4,11573.51,22.0,No,No,Spring,Sunny,12834.37,1.0,3.0,640.36,0.094,8,2022,3,5,5
2097,ORD102097,P-CLO-014,Clothing,Denim Jeans,South,Chennai,SUP-013,5.0,WH-SO-01,116.0,28.0,182.0,812.0,25.98,1467.42,10.3,No,No,Autumn,Cloudy,1533.92,0.0,1.0,330.63,0.108,24,2023,6,3,5
2098,ORD102098,P-ELE-010,Electronics,LED TV 43in,North,Jaipur,SUP-009,5.0,WH-NO-05,149.0,4.0,76.0,381.0,13.54,13034.89,4.1,No,No,Autumn,Cloudy,12876.02,2.0,5.0,437.26,0.042,12,2024,10,7,0
2099,ORD102099,P-GRO-012,Grocery,Wheat Flour 5kg,North,Lucknow,SUP-029,9.0,WH-NO-01,629.0,28.0,265.0,1047.0,40.25,232.26,7.4,,No,Summer,Sunny,264.45,0.0,5.0,536.47,0.102,49,2022,5,3,1
2100,ORD102100,P-BEA-005,Beauty,Talcum Powder,South,Coimbatore,SUP-007,4.0,WH-SO-03,421.0,26.0,174.0,757.0,23.65,1126.39,14.8,Yes,No,,Rainy,1115.7,0.0,0.0,289.78,0.024,36,2023,1,4,2
2101,ORD102101,P-ELE-011,Electronics,Smartphone Charger,South,Bengaluru,SUP-028,4.0,WH-SO-03,74.0,12.0,60.0,304.0,8.79,5473.58,13.5,Yes,No,Autumn,Rainy,5795.37,0.0,0.0,315.07,0.112,15,2021,11,1,0
2102,ORD102102,P-BEA-005,Beauty,Moisturizer Cream,East,Kolkata,SUP-007,7.0,WH-EA-04,292.0,25.0,210.0,729.0,23.42,1164.65,20.6,No,No,Winter,Cloudy,1039.76,0.0,0.0,304.13,0.14,30,2023,1,27,4
2103,ORD102103,P-SPO-007,Sports,Skipping Rope,North,Lucknow,SUP-014,4.0,WH-NO-02,292.0,15.0,94.0,387.0,12.12,436.28,3.1,No,No,Autumn,Cloudy,391.36,0.0,0.0,147.75,0.085,14,2024,7,17,2
2104,ORD102104,P-FUR-010,Furniture,Study Table,South,Chennai,SUP-021,6.0,WH-SO-02,46.0,5.0,60.0,251.0,7.83,11180.89,15.2,No,No,Summer,Cloudy,11815.74,0.0,1.0,321.05,0.103,10,2023,7,18,1
2105,ORD102105,P-FUR-015,Furniture,Study Table,North,Kanpur,SUP-007,2.0,WH-NO-05,15.0,5.0,33.0,141.0,4.63,3017.2,14.1,No,No,Summer,Sunny,3091.56,,2.0,272.1,0.105,5,2021,7,27,1
2106,ORD102106,P-FUR-009,Furniture,Wooden Bookshelf,East,Patna,SUP-032,12.0,WH-EA-02,80.0,4.0,38.0,183.0,5.8,4470.82,6.5,No,No,Winter,Sunny,5238.63,0.0,2.0,473.38,0.045,8,2023,12,18,0
2107,ORD102107,P-SPO-011,Sports,Cycling Helmet,East,Bhubaneswar,SUP-028,17.0,WH-EA-04,356.0,18.0,126.0,497.0,14.37,2584.78,1.5,Yes,No,Autumn,Sunny,2438.93,0.0,1.0,504.06,0.072,19,2022,9,9,4
2108,ORD102108,P-GRO-009,Grocery,Instant Noodles Pack,South,,SUP-001,16.0,WH-SO-02,972.0,45.0,293.0,1408.0,44.38,147.32,7.3,No,No,Winter,Cloudy,155.28,0.0,1.0,518.6,0.088,45,2021,1,27,2
2109,ORD102109,P-ELE-007,Electronics,Home Router,North,,SUP-034,7.0,WH-NO-01,72.0,13.0,,254.0,8.34,9756.44,2.0,No,No,Summer,Sunny,9564.64,0.0,1.0,302.32,0.028,7,2023,6,29,3
2110,ORD102110,P-CLO-014,Clothing,Track Pants,Central,Jabalpur,SUP-029,10.0,WH-CE-03,91.0,15.0,105.0,420.0,15.21,437.66,29.2,No,No,Spring,Stormy,467.36,0.0,1.0,346.89,0.155,12,2022,3,14,0
2111,ORD102111,P-CLO-015,Clothing,Men's Cotton T-Shirt,East,Guwahati,SUP-034,12.0,WH-EA-02,177.0,8.0,79.0,466.0,14.33,1093.74,9.5,No,No,Autumn,,1161.01,0.0,3.0,559.72,0.161,19,2024,11,20,2
2112,ORD102112,P-ELE-005,Electronics,Bluetooth Speaker,West,Mumbai,SUP-025,4.0,WH-WE-02,397.0,18.0,120.0,486.0,16.05,4720.43,7.8,No,Yes,Winter,Sunny,4710.04,0.0,0.0,195.25,0.066,17,2024,12,25,2
2113,ORD102113,P-FUR-014,Furniture,Foldable Bed,East,Patna,SUP-026,9.0,WH-EA-05,99.0,4.0,38.0,145.0,4.79,1904.81,34.9,No,No,Autumn,Sunny,1791.96,0.0,3.0,446.56,0.095,8,2023,9,8,4
2114,ORD102114,P-ELE-007,Electronics,Smartphone Charger,West,Mumbai,SUP-016,8.0,WH-WE-04,197.0,12.0,61.0,301.0,9.5,12854.11,4.7,Yes,No,Autumn,Rainy,12505.29,0.0,0.0,320.14,0.162,15,2023,7,12,2
2115,ORD102115,P-SPO-012,Sports,Cycling Helmet,West,Pune,SUP-010,5.0,WH-WE-02,113.0,9.0,74.0,332.0,11.02,3350.41,16.5,No,No,Summer,Cloudy,3052.15,2.0,0.0,149.83,0.084,11,2022,3,22,1
2116,ORD102116,P-GRO-008,Grocery,Tea Powder 500g,South,Coimbatore,SUP-010,9.0,WH-SO-03,,90.0,403.0,2050.0,65.79,119.08,31.2,No,No,Summer,Cloudy,122.56,0.0,3.0,457.08,0.136,97,2021,4,14,2
2117,ORD102117,P-ELE-012,Electronics,Power Bank 10000mAh,West,Nagpur,SUP-013,3.0,WH-WE-04,45.0,7.0,106.0,366.0,11.97,13227.27,7.2,No,No,Summer,Cloudy,10254.96,0.0,0.0,245.1,0.117,11,2021,3,30,1
2118,ORD102118,P-ELE-014,Electronics,LED TV 43in,North,Chandigarh,SUP-012,6.0,WH-NO-01,92.0,9.0,48.0,186.0,6.41,1887.05,1.2,No,No,Autumn,Sunny,1799.32,0.0,3.0,414.06,0.088,9,2022,11,9,2
2119,ORD102119,P-GRO-007,Grocery,Sugar 1kg,East,Kolkata,SUP-031,11.0,WH-EA-01,505.0,22.0,319.0,1245.0,38.1,585.78,5.2,No,No,Summer,Rainy,628.15,0.0,4.0,468.6,0.1,38,2022,4,10,6
2120,ORD102120,P-GRO-011,Grocery,Basmati Rice 5kg,South,Bengaluru,SUP-021,6.0,WH-SO-03,,28.0,239.0,809.0,36.37,317.53,1.6,Yes,No,Autumn,Rainy,339.89,0.0,4.0,378.62,0.105,38,2024,11,4,0
2121,ORD102121,P-ELE-008,Electronics,Wireless Earbuds,North,Chandigarh,SUP-017,8.0,WH-NO-05,,8.0,51.0,213.0,6.69,4848.02,16.7,Yes,No,Spring,Cloudy,4222.78,0.0,0.0,239.4,0.128,8,2022,3,4,4
2122,ORD102122,P-GRO-012,Grocery,Sugar 1kg,Central,Indore,SUP-030,9.0,WH-CE-05,465.0,45.0,146.0,,27.25,89.71,4.3,No,No,Autumn,Sunny,93.89,0.0,1.0,442.7,0.039,36,2021,11,10,2
2123,ORD102123,P-ELE-003,Electronics,Wireless Earbuds,West,Ahmedabad,SUP-030,9.0,WH-WE-03,148.0,11.0,70.0,368.0,11.0,2259.91,15.0,No,No,Summer,Cloudy,2053.59,0.0,0.0,346.82,0.067,13,2024,4,11,3
2124,ORD102124,P-GRO-011,Grocery,Wheat Flour 5kg,South,Bengaluru,SUP-038,9.0,WH-SO-04,710.0,23.0,356.0,956.0,,548.5,2.2,No,No,Summer,Cloudy,531.9,0.0,0.0,1396.2,0.022,34,2024,5,5,6
2125,ORD102125,P-GRO-009,Grocery,Instant Noodles Pack,Central,Indore,SUP-013,7.0,WH-CE-03,213.0,9.0,229.0,876.0,30.84,574.74,,No,No,Summer,Rainy,609.96,0.0,2.0,312.88,0.105,30,2022,7,5,1
2126,ORD102126,P-GRO-007,Grocery,Toor Dal 1kg,South,Hyderabad,SUP-010,22.0,WH-SO-05,190.0,56.0,289.0,1354.0,43.39,180.45,18.0,No,No,Summer,Sunny,166.37,0.0,,490.75,0.039,32,2021,4,30,4
2127,ORD102127,P-GRO-006,Grocery,Toor Dal 1kg,South,Chennai,SUP-001,6.0,WH-SO-03,334.0,76.0,259.0,1512.0,51.12,223.84,1.5,Yes,No,Summer,Rainy,249.39,0.0,1.0,330.4,0.161,58,2021,5,24,0
2128,ORD102128,P-ELE-011,Electronics,LED TV 43in,West,Pune,SUP-007,17.0,WH-WE-05,344.0,25.0,136.0,526.0,18.86,6462.4,0.6,No,No,Winter,Rainy,6595.22,0.0,2.0,528.82,0.163,22,2023,2,1,2
2129,ORD102129,P-ELE-006,Electronics,Laptop Stand,South,Chennai,SUP-025,12.0,WH-SO-02,28.0,9.0,57.0,288.0,8.65,873.12,11.7,No,No,Summer,Sunny,905.44,0.0,6.0,520.2,0.049,4,2024,6,25,1
2130,ORD102130,P-GRO-001,Grocery,Masala Mix 200g,South,Bengaluru,SUP-033,5.0,WH-SO-05,668.0,29.0,300.0,992.0,38.08,578.27,4.1,No,No,Autumn,Cloudy,628.1,0.0,2.0,284.06,0.084,29,2022,7,19,1
2131,ORD102131,P-BEA-015,Beauty,Hair Oil 250ml,West,Pune,SUP-025,7.0,WH-WE-04,362.0,34.0,164.0,905.0,29.88,642.88,18.0,No,No,Winter,,688.68,0.0,0.0,255.18,0.161,40,2021,1,27,2
2132,ORD102132,P-SPO-007,Sports,Yoga Mat,North,Lucknow,SUP-040,7.0,WH-NO-04,384.0,18.0,131.0,465.0,16.53,2491.44,9.7,No,No,Autumn,Sunny,2651.54,0.0,0.0,353.82,0.09,18,2022,7,2,5
2133,ORD102133,P-SPO-003,Sports,Badminton Racket,South,Kochi,SUP-026,2.0,WH-SO-01,297.0,32.0,130.0,645.0,19.97,4897.83,6.5,No,No,,Cloudy,4640.11,0.0,0.0,175.68,0.047,24,2021,1,5,1
2134,ORD102134,P-CLO-004,Clothing,Men's Cotton T-Shirt,South,Kochi,SUP-036,6.0,WH-SO-05,332.0,20.0,100.0,480.0,16.98,1450.22,13.5,Yes,No,Autumn,Sunny,1321.33,0.0,2.0,362.5,0.066,20,2022,9,11,6
2135,ORD102135,P-CLO-013,Clothing,Women's Kurti,West,Ahmedabad,SUP-011,18.0,WH-WE-01,643.0,53.0,300.0,1253.0,41.75,576.79,8.3,Yes,No,Autumn,Sunny,563.76,0.0,0.0,525.93,0.076,64,2022,11,25,4
2136,ORD102136,P-GRO-005,Grocery,Wheat Flour 5kg,North,Lucknow,SUP-013,6.0,WH-NO-05,509.0,30.0,280.0,916.0,31.48,58.67,5.8,Yes,No,Winter,,60.9,0.0,1.0,384.08,0.092,56,2023,12,4,0
2137,ORD102137,P-BEA-005,Beauty,Lipstick Set,North,Chandigarh,SUP-033,10.0,WH-NO-01,246.0,21.0,235.0,904.0,30.31,927.11,10.5,No,No,Summer,Stormy,831.76,0.0,1.0,425.45,0.129,17,2021,4,12,0
2138,ORD102138,P-BEA-008,Beauty,Talcum Powder,West,Surat,SUP-027,9.0,WH-WE-05,386.0,35.0,257.0,1069.0,35.11,692.06,6.9,,No,Winter,Sunny,724.33,0.0,1.0,459.51,0.107,53,2022,12,4,6
2139,ORD102139,P-BEA-001,Beauty,Body Lotion 400ml,North,Lucknow,SUP-020,12.0,WH-NO-04,379.0,5.0,115.0,539.0,17.9,224.8,22.7,No,No,Autumn,Sunny,231.53,0.0,1.0,431.34,0.05,18,2021,9,16,3
2140,ORD102140,P-SPO-009,Sports,Cricket Bat,South,Coimbatore,SUP-039,4.0,WH-SO-02,484.0,19.0,165.0,579.0,19.41,1028.66,6.7,No,Yes,Autumn,Sunny,1013.7,0.0,0.0,210.98,0.082,31,2022,11,13,6
2141,ORD102141,P-CLO-001,Clothing,Denim Jeans,West,Nagpur,SUP-031,9.0,WH-WE-05,174.0,17.0,113.0,429.0,15.38,1945.71,1.1,No,No,Winter,Sunny,1955.29,0.0,1.0,470.79,,20,2024,12,10,1
2142,ORD102142,P-BEA-013,Beauty,Face Wash 100ml,West,Ahmedabad,SUP-012,12.0,WH-WE-02,335.0,20.0,117.0,726.0,23.65,818.45,11.9,Yes,No,Winter,Rainy,822.71,0.0,,447.87,0.063,29,2023,12,19,1
2143,ORD102143,P-BEA-007,Beauty,Face Wash 100ml,North,Delhi,SUP-025,4.0,WH-NO-01,,26.0,186.0,631.0,23.85,261.55,3.0,No,No,Summer,Cloudy,,0.0,2.0,291.69,0.048,22,2024,5,18,5
2144,ORD102144,P-GRO-004,Grocery,Wheat Flour 5kg,West,Mumbai,SUP-016,7.0,WH-WE-01,363.0,63.0,348.0,1493.0,47.96,228.37,20.6,Yes,No,Winter,Cloudy,242.01,0.0,1.0,375.17,0.073,69,2021,2,26,4
2145,ORD102145,P-SPO-007,Sports,Cycling Helmet,West,Nagpur,SUP-017,4.0,WH-WE-05,326.0,22.0,149.0,649.0,21.66,,9.0,No,No,Winter,Sunny,2987.41,0.0,0.0,143.47,0.185,33,2024,1,22,0
2146,ORD102146,P-ELE-003,Electronics,Smartphone Charger,South,Hyderabad,SUP-033,12.0,WH-SO-02,38.0,8.0,68.0,190.0,8.14,11916.09,0.1,No,No,Autumn,Stormy,12077.27,0.0,1.0,427.02,0.056,6,2024,6,19,2
2147,ORD102147,P-SPO-005,Sports,Running Shoes,West,Pune,SUP-028,6.0,WH-WE-05,326.0,15.0,103.0,509.0,16.63,1671.44,11.9,No,No,Autumn,Cloudy,1585.31,1.0,0.0,157.37,0.065,20,2023,9,8,4
2148,ORD102148,P-BEA-002,Beauty,Lipstick Set,West,Surat,SUP-001,7.0,WH-WE-01,199.0,34.0,236.0,1287.0,36.67,821.82,6.3,Yes,No,Winter,Rainy,696.5,,1.0,295.13,0.015,35,2024,2,17,5
2149,ORD102149,P-ELE-011,Electronics,Smartwatch,East,Ranchi,SUP-023,7.0,WH-EA-01,35.0,12.0,51.0,221.0,7.45,,2.4,Yes,No,Summer,Cloudy,6146.43,0.0,1.0,307.08,0.082,5,2021,3,11,3
2150,ORD102150,P-FUR-015,Furniture,Dining Chair,East,Bhubaneswar,SUP-026,17.0,WH-EA-05,40.0,4.0,38.0,158.0,5.17,18362.54,17.9,No,No,Winter,Rainy,17249.96,0.0,1.0,424.26,0.054,5,2023,12,16,5
2151,ORD102151,P-ELE-008,Electronics,Power Bank 10000mAh,West,Pune,SUP-021,4.0,WH-WE-01,,5.0,43.0,,6.71,8386.94,20.3,No,No,Summer,Cloudy,8849.52,0.0,0.0,257.21,0.095,7,2024,5,6,0
2152,ORD102152,P-BEA-002,Beauty,Body Lotion 400ml,Central,Jabalpur,SUP-012,10.0,WH-CE-04,84.0,18.0,85.0,533.0,14.35,364.49,35.6,No,No,Winter,Rainy,352.98,1.0,0.0,300.16,0.114,15,2021,12,4,5
2153,ORD102153,P-BEA-002,Beauty,Lipstick Set,East,Kolkata,SUP-026,5.0,WH-EA-02,279.0,14.0,120.0,648.0,17.65,389.66,7.2,Yes,No,Autumn,Sunny,402.34,0.0,2.0,353.71,0.01,27,2022,11,20,6
2154,ORD102154,P-FUR-013,Furniture,Study Table,West,Nagpur,SUP-038,7.0,WH-WE-03,110.0,11.0,58.0,315.0,8.96,9477.92,10.1,No,No,Autumn,Cloudy,8922.85,0.0,4.0,533.13,0.096,5,2022,9,10,5
2155,ORD102155,P-BEA-006,Beauty,Talcum Powder,West,Ahmedabad,SUP-004,4.0,WH-WE-01,789.0,34.0,411.0,1709.0,47.07,842.42,4.1,No,Yes,Summer,Cloudy,873.11,0.0,3.0,318.62,0.044,43,2021,5,24,0
2156,ORD102156,P-ELE-005,Electronics,Home Router,West,Mumbai,SUP-025,11.0,WH-WE-02,164.0,14.0,67.0,378.0,13.83,11345.18,5.1,No,No,Autumn,Cloudy,12137.0,0.0,0.0,404.26,0.053,12,2021,7,7,2
2157,ORD102157,P-GRO-002,Grocery,Instant Noodles Pack,Central,Indore,SUP-037,5.0,WH-CE-04,,42.0,258.0,855.0,,286.56,16.0,No,No,Spring,Cloudy,277.34,0.0,5.0,605.89,0.048,35,2022,3,16,2
2158,ORD102158,P-GRO-010,Grocery,Toor Dal 1kg,North,Jaipur,SUP-017,7.0,WH-NO-03,1123.0,29.0,223.0,1774.0,46.06,473.71,26.4,No,,Autumn,Sunny,490.19,0.0,2.0,386.76,0.022,47,2021,6,9,2
2159,ORD102159,P-ELE-001,Electronics,LED TV 43in,North,Jaipur,SUP-014,,WH-NO-03,90.0,11.0,60.0,257.0,8.72,10915.0,10.4,No,No,Winter,Rainy,10530.44,,1.0,336.55,0.23,12,2023,1,4,2
2160,ORD102160,P-CLO-014,Clothing,Women's Kurti,East,Kolkata,SUP-010,5.0,WH-EA-05,102.0,20.0,91.0,426.0,15.5,679.33,6.5,Yes,No,Summer,Cloudy,612.38,1.0,1.0,334.87,0.153,13,2021,3,23,1
2161,ORD102161,P-GRO-004,Grocery,Wheat Flour 5kg,South,Coimbatore,SUP-009,6.0,WH-SO-03,100.0,25.0,143.0,,26.64,252.26,21.7,No,No,Winter,Sunny,263.43,0.0,0.0,273.67,0.047,27,2021,1,21,3
2162,ORD102162,P-GRO-002,Grocery,Wheat Flour 5kg,East,Ranchi,SUP-016,14.0,WH-EA-05,594.0,48.0,292.0,929.0,34.85,236.13,21.2,No,No,Summer,Cloudy,243.93,0.0,1.0,531.09,0.06,50,2023,7,9,6
2163,ORD102163,P-CLO-011,Clothing,Denim Jeans,West,Surat,SUP-031,10.0,WH-WE-04,193.0,32.0,259.0,1031.0,33.48,,4.8,No,Yes,Winter,Cloudy,1978.91,0.0,2.0,,0.063,38,2022,1,4,1
2164,ORD102164,P-SPO-006,Sports,Cycling Helmet,Central,Gwalior,SUP-008,7.0,WH-CE-03,202.0,9.0,65.0,253.0,9.18,4545.15,10.9,No,No,Summer,Sunny,4892.59,0.0,1.0,330.42,0.167,11,2022,7,7,3
2165,ORD102165,P-GRO-011,Grocery,Sugar 1kg,South,Bengaluru,SUP-010,9.0,WH-SO-02,835.0,62.0,361.0,1661.0,50.78,451.17,1.7,No,No,Summer,Sunny,442.19,0.0,1.0,356.51,0.012,51,2022,5,6,4
2166,ORD102166,P-SPO-001,Sports,Football,West,Surat,SUP-040,12.0,WH-WE-02,422.0,28.0,,565.0,20.64,1144.15,5.7,No,No,Autumn,Cloudy,1128.12,,1.0,407.92,0.144,22,2022,11,17,3
2167,ORD102167,P-CLO-013,Clothing,Cotton Saree,North,Jaipur,SUP-040,13.0,WH-NO-05,286.0,2.0,102.0,415.0,15.7,303.9,3.8,Yes,No,Autumn,Rainy,296.97,0.0,0.0,355.41,0.173,14,2022,11,9,2
2168,ORD102168,P-GRO-005,Grocery,Sugar 1kg,East,Kolkata,SUP-010,11.0,WH-EA-02,1202.0,23.0,386.0,1678.0,61.73,517.12,1.1,Yes,No,Autumn,Sunny,531.4,0.0,0.0,362.32,0.152,59,2021,7,14,2
2169,ORD102169,P-CLO-012,Clothing,Kids Winter Jacket,North,Lucknow,SUP-017,7.0,WH-NO-04,613.0,15.0,160.0,772.0,24.9,1799.98,7.0,No,No,Winter,Sunny,1780.0,2.0,0.0,349.04,0.124,29,2021,1,3,6
2170,ORD102170,P-GRO-015,Grocery,Masala Mix 200g,East,Ranchi,SUP-017,10.0,WH-EA-01,820.0,61.0,345.0,1437.0,51.07,101.3,19.3,No,No,Autumn,Cloudy,102.32,0.0,3.0,466.91,0.097,79,2022,10,10,0
2171,ORD102171,P-GRO-009,Grocery,Masala Mix 200g,East,Ranchi,SUP-012,5.0,WH-EA-02,272.0,30.0,233.0,909.0,27.85,128.36,10.9,No,No,Summer,Sunny,120.96,0.0,0.0,311.39,0.254,31,2023,4,7,4
2172,ORD102172,P-CLO-006,Clothing,Formal Shirt,West,Mumbai,SUP-007,7.0,WH-WE-05,551.0,15.0,260.0,,34.21,1150.94,2.4,Yes,No,Winter,Rainy,1056.32,0.0,1.0,405.04,0.021,38,2024,1,28,6
2173,ORD102173,P-ELE-005,Electronics,Bluetooth Speaker,East,Guwahati,SUP-003,13.0,WH-EA-03,142.0,15.0,68.0,298.0,9.35,5268.2,9.9,No,,Autumn,Rainy,4885.21,0.0,0.0,371.26,0.145,9,2021,10,16,5
2174,ORD102174,P-GRO-011,Grocery,Sunflower Oil 1L,South,Hyderabad,SUP-025,4.0,WH-SO-05,286.0,44.0,223.0,1021.0,37.57,412.87,16.2,Yes,No,Summer,Rainy,426.63,0.0,0.0,153.86,0.163,41,2021,5,3,0
2175,ORD102175,P-CLO-001,Clothing,Track Pants,North,Chandigarh,SUP-002,8.0,WH-NO-02,149.0,14.0,112.0,445.0,15.07,2027.75,5.4,No,No,,Sunny,2020.8,0.0,1.0,333.24,0.027,12,2023,5,23,1
2176,ORD102176,P-GRO-003,Grocery,Masala Mix 200g,North,Chandigarh,SUP-025,9.0,WH-NO-04,675.0,45.0,169.0,1157.0,38.69,222.89,13.8,Yes,No,Summer,Sunny,214.09,0.0,3.0,379.5,0.05,53,2024,8,11,6
2177,ORD102177,P-BEA-010,Beauty,Hair Oil 250ml,Central,Jabalpur,SUP-004,9.0,WH-CE-05,343.0,24.0,163.0,720.0,26.13,611.43,7.7,No,No,Winter,Cloudy,643.88,0.0,2.0,476.11,0.08,31,2021,12,16,3
2178,ORD102178,P-GRO-001,Grocery,Sunflower Oil 1L,Central,Raipur,SUP-007,13.0,WH-CE-05,308.0,42.0,181.0,908.0,31.84,417.64,1.7,No,No,Summer,Sunny,466.35,0.0,0.0,,0.03,38,2021,5,6,3
2179,ORD102179,P-SPO-005,Sports,Gym Dumbbells 5kg,South,Hyderabad,SUP-001,9.0,WH-SO-03,224.0,20.0,93.0,442.0,14.17,2750.7,0.6,No,,Summer,Sunny,2641.82,0.0,2.0,448.8,0.127,14,2022,8,12,4
2180,ORD102180,P-BEA-010,Beauty,Body Lotion 400ml,South,Coimbatore,SUP-016,9.0,WH-SO-04,191.0,31.0,143.0,534.0,21.42,1013.26,8.3,Yes,,Spring,Sunny,925.39,0.0,0.0,368.61,0.051,20,2023,3,31,4
2181,ORD102181,P-SPO-004,Sports,Cricket Bat,South,Hyderabad,SUP-014,8.0,WH-SO-05,254.0,12.0,68.0,299.0,10.43,2294.3,2.4,No,No,Autumn,Cloudy,2467.77,0.0,0.0,385.78,0.004,11,2023,7,1,5
2182,ORD102182,P-BEA-014,Beauty,Sunscreen Lotion,West,Nagpur,SUP-014,8.0,WH-WE-05,578.0,30.0,202.0,,29.09,848.3,6.4,No,No,Autumn,Sunny,849.35,0.0,1.0,414.92,0.021,35,2021,6,14,0
2183,ORD102183,P-ELE-015,Electronics,Laptop Stand,South,Chennai,SUP-013,7.0,WH-SO-05,48.0,10.0,,200.0,7.67,11915.3,23.6,Yes,No,Autumn,Sunny,11740.5,0.0,0.0,237.55,0.068,11,2023,8,18,4
2184,ORD102184,P-CLO-001,Clothing,Kids Winter Jacket,North,Kanpur,SUP-038,4.0,WH-NO-01,269.0,38.0,,599.0,25.17,1514.42,17.9,No,No,Summer,Sunny,1637.72,0.0,1.0,247.45,0.134,35,2022,5,17,1
2185,ORD102185,P-ELE-003,Electronics,Laptop Stand,South,Coimbatore,SUP-018,11.0,WH-SO-03,106.0,12.0,77.0,372.0,12.49,9898.76,7.3,No,No,Winter,Cloudy,9690.85,0.0,1.0,400.18,0.152,14,2021,2,14,6
2186,ORD102186,P-BEA-014,Beauty,Talcum Powder,South,Kochi,SUP-033,1.0,WH-SO-04,346.0,58.0,247.0,1091.0,40.41,424.5,23.9,No,No,Autumn,Sunny,437.98,0.0,0.0,305.89,0.073,41,2024,9,9,0
2187,ORD102187,P-CLO-001,Clothing,Men's Cotton T-Shirt,South,,SUP-010,9.0,WH-SO-04,212.0,22.0,178.0,644.0,25.9,1105.1,22.1,No,Yes,Winter,Cloudy,1119.27,1.0,0.0,248.21,,35,2023,2,21,1
2188,ORD102188,P-GRO-008,Grocery,Tea Powder 500g,North,Chandigarh,SUP-020,10.0,WH-NO-01,,28.0,265.0,,36.36,145.67,5.3,No,No,Spring,Cloudy,183.48,0.0,0.0,347.9,0.076,44,2022,3,22,1
2189,ORD102189,P-SPO-015,Sports,Skipping Rope,East,Kolkata,SUP-003,16.0,WH-EA-03,76.0,9.0,55.0,241.0,7.85,4610.96,4.6,No,No,Summer,,4561.42,0.0,1.0,519.24,0.056,9,2024,4,8,0
2190,ORD102190,P-ELE-009,Electronics,Power Bank 10000mAh,East,Ranchi,SUP-011,18.0,WH-EA-01,34.0,5.0,59.0,205.0,6.58,3898.03,,No,No,Summer,Rainy,,,1.0,487.16,0.115,4,2024,3,10,6
2191,ORD102191,P-CLO-005,Clothing,Formal Shirt,South,Kochi,SUP-003,10.0,WH-SO-01,427.0,9.0,171.0,637.0,21.75,1743.55,5.0,No,No,Autumn,Stormy,1708.59,0.0,3.0,571.09,0.021,22,2021,10,29,4
2192,ORD102192,P-BEA-001,Beauty,Talcum Powder,East,Patna,SUP-001,6.0,WH-EA-01,158.0,21.0,187.0,742.0,22.21,2676.08,10.9,Yes,No,Autumn,Sunny,989.21,0.0,1.0,,0.099,31,2024,11,4,0
2193,ORD102193,P-ELE-006,Electronics,LED TV 43in,East,Kolkata,SUP-008,8.0,WH-EA-05,31.0,11.0,49.0,210.0,6.55,1215.38,27.9,No,No,Spring,,1196.32,0.0,0.0,295.71,0.048,8,2023,2,17,4
2194,ORD102194,P-CLO-009,Clothing,Formal Shirt,West,Surat,SUP-007,9.0,WH-WE-02,396.0,9.0,144.0,536.0,20.36,1122.79,31.3,No,No,Winter,Rainy,1194.24,0.0,0.0,370.6,0.065,26,2022,1,19,2
2195,ORD102195,P-BEA-002,Beauty,Body Lotion 400ml,Central,Gwalior,SUP-013,15.0,WH-CE-03,428.0,,94.0,616.0,21.86,171.15,21.2,No,No,Autumn,Rainy,,0.0,1.0,442.8,0.062,27,2022,10,16,6
2196,ORD102196,P-ELE-008,Electronics,Bluetooth Speaker,North,Chandigarh,SUP-030,6.0,WH-NO-02,125.0,10.0,75.0,253.0,10.72,11537.52,9.3,No,Yes,Autumn,Sunny,12002.25,0.0,0.0,319.69,0.048,11,2021,10,2,5
2197,ORD102197,P-CLO-007,Clothing,Denim Jeans,West,Mumbai,SUP-006,8.0,WH-WE-05,674.0,24.0,200.0,,30.16,2887.07,6.8,No,No,Summer,Stormy,987.86,0.0,0.0,399.79,0.075,19,2024,5,26,6
2198,ORD102198,P-GRO-005,Grocery,Tea Powder 500g,West,Nagpur,SUP-025,5.0,WH-WE-05,600.0,37.0,328.0,1407.0,49.3,492.21,2.1,No,No,Winter,Rainy,460.84,0.0,0.0,,0.017,34,2022,1,28,4
2199,ORD102199,P-FUR-015,Furniture,Foldable Bed,West,Ahmedabad,SUP-015,11.0,WH-WE-04,82.0,6.0,44.0,202.0,5.53,2332.88,26.6,Yes,No,Autumn,Rainy,1981.63,0.0,2.0,294.56,0.081,6,2022,10,4,1
2200,ORD102200,P-ELE-014,Electronics,Home Router,South,Coimbatore,SUP-017,7.0,WH-SO-05,237.0,11.0,67.0,347.0,12.11,3152.19,8.4,Yes,No,Summer,Sunny,3244.44,0.0,1.0,424.68,0.074,16,2021,4,10,5
2201,ORD102201,P-SPO-011,Sports,Gym Dumbbells 5kg,South,,SUP-037,3.0,WH-SO-01,67.0,13.0,92.0,332.0,11.29,,10.5,No,No,Autumn,,2769.1,0.0,2.0,403.08,0.138,12,2024,10,10,3
2202,ORD102202,P-SPO-009,Sports,Football,North,Chandigarh,SUP-019,6.0,WH-NO-05,56.0,19.0,87.0,362.0,11.43,2488.6,23.2,No,No,Spring,Sunny,2925.7,0.0,1.0,217.7,0.056,12,2022,3,19,5
2203,ORD102203,P-ELE-008,Electronics,Wireless Earbuds,Central,Bhopal,SUP-011,19.0,WH-CE-03,82.0,6.0,39.0,194.0,5.49,2399.13,2.9,No,No,Summer,Sunny,2308.48,0.0,1.0,518.6,,8,2023,8,12,5
2204,ORD102204,P-GRO-002,Grocery,Masala Mix 200g,East,Ranchi,SUP-010,5.0,WH-EA-03,347.0,25.0,242.0,1111.0,31.04,226.78,18.1,No,No,Summer,Sunny,249.39,0.0,1.0,316.24,0.128,37,2022,5,31,1
2205,ORD102205,P-CLO-005,Clothing,Formal Shirt,South,Coimbatore,SUP-007,7.0,WH-SO-01,227.0,33.0,149.0,879.0,29.31,1207.66,7.0,No,No,Summer,Sunny,1318.22,0.0,,358.61,0.156,32,2023,4,1,5
2206,ORD102206,P-FUR-001,Furniture,Office Chair,East,Ranchi,SUP-033,12.0,WH-EA-05,102.0,4.0,35.0,140.0,4.72,10019.1,4.7,No,No,Spring,Rainy,9821.91,0.0,0.0,400.35,0.188,7,2023,3,30,3
2207,ORD102207,P-CLO-006,Clothing,Women's Kurti,North,Jaipur,SUP-027,2.0,WH-NO-01,189.0,11.0,66.0,346.0,12.27,1848.4,0.8,No,No,Spring,Cloudy,1739.46,0.0,1.0,271.55,0.099,9,2022,3,3,3
2208,ORD102208,P-ELE-008,Electronics,Wireless Earbuds,North,Kanpur,SUP-011,3.0,WH-NO-05,190.0,,61.0,299.0,8.4,6769.83,12.9,No,No,Autumn,Cloudy,6696.88,1.0,3.0,357.37,0.013,11,2022,9,24,5
2209,ORD102209,P-ELE-010,Electronics,Smartphone Charger,East,Ranchi,SUP-020,8.0,WH-EA-04,109.0,10.0,46.0,259.0,8.08,13888.39,15.1,,No,Summer,Sunny,15149.34,0.0,0.0,334.92,0.063,12,2023,5,22,0
2210,ORD102210,P-SPO-006,Sports,Skipping Rope,East,Patna,SUP-021,18.0,WH-EA-04,197.0,16.0,78.0,359.0,12.78,3056.9,7.8,Yes,No,Autumn,Rainy,3615.82,0.0,1.0,,0.219,14,2021,11,14,6
2211,ORD102211,P-CLO-004,Clothing,Cotton Saree,West,Mumbai,SUP-002,11.0,WH-WE-01,469.0,20.0,134.0,683.0,20.81,1633.62,17.9,Yes,No,Summer,,1472.24,0.0,0.0,312.83,0.127,28,2021,7,11,6
2212,ORD102212,P-SPO-011,Sports,Gym Dumbbells 5kg,East,Kolkata,SUP-037,5.0,WH-EA-04,175.0,8.0,96.0,461.0,14.4,3643.67,34.2,,No,Autumn,,3647.83,0.0,1.0,267.14,0.051,17,2021,9,18,5
2213,ORD102213,P-CLO-003,Clothing,Men's Cotton T-Shirt,East,Guwahati,SUP-032,3.0,WH-EA-05,398.0,15.0,147.0,576.0,20.63,2312.15,10.3,No,No,Autumn,Sunny,2200.33,0.0,0.0,294.76,0.029,25,2022,9,1,3
2214,ORD102214,P-SPO-002,Sports,Running Shoes,West,Pune,SUP-022,5.0,WH-WE-02,116.0,14.0,112.0,415.0,14.61,450.33,8.3,Yes,No,,Sunny,437.3,0.0,4.0,480.0,0.058,21,2021,11,9,1
2215,ORD102215,P-ELE-011,Electronics,Home Router,North,Chandigarh,SUP-029,7.0,WH-NO-03,36.0,12.0,84.0,236.0,8.91,10997.8,27.2,No,No,Spring,Cloudy,12499.54,0.0,0.0,,0.15,11,2022,2,20,6
2216,ORD102216,P-ELE-009,Electronics,Home Router,West,Surat,SUP-005,13.0,WH-WE-01,172.0,1.0,61.0,327.0,9.77,,2.5,No,No,Autumn,Rainy,11385.53,0.0,1.0,390.01,0.05,8,2023,9,29,4
2217,ORD102217,P-SPO-014,Sports,Badminton Racket,West,Ahmedabad,SUP-040,8.0,WH-WE-03,152.0,17.0,109.0,436.0,15.39,1459.79,32.8,No,No,Autumn,Stormy,1272.07,0.0,0.0,290.73,0.081,10,2023,9,7,3
2218,ORD102218,P-SPO-012,Sports,Gym Dumbbells 5kg,South,Bengaluru,SUP-026,4.0,WH-SO-04,124.0,18.0,104.0,401.0,15.23,1407.91,3.5,No,No,Autumn,Sunny,1430.66,0.0,0.0,223.12,0.036,15,2024,10,10,3
2219,ORD102219,P-GRO-014,Grocery,Wheat Flour 5kg,North,Lucknow,SUP-038,16.0,WH-NO-02,1329.0,66.0,316.0,1874.0,54.48,234.33,2.6,No,No,Winter,Sunny,241.45,0.0,0.0,,0.064,90,2024,1,22,0
2220,ORD102220,P-GRO-010,Grocery,Masala Mix 200g,North,Delhi,SUP-035,14.0,WH-NO-04,370.0,55.0,221.0,1408.0,45.49,148.38,7.7,No,No,Autumn,Sunny,143.38,0.0,0.0,494.04,0.012,47,2022,9,13,1
2221,ORD102221,P-CLO-013,Clothing,Woolen Sweater,North,Lucknow,SUP-024,15.0,WH-NO-01,477.0,27.0,123.0,489.0,20.81,250.84,11.5,No,No,Autumn,Sunny,237.17,0.0,1.0,420.11,0.106,23,2024,9,18,2
2222,ORD102222,P-GRO-003,Grocery,Sunflower Oil 1L,East,Guwahati,SUP-012,8.0,WH-EA-04,531.0,29.0,198.0,1006.0,31.32,166.25,4.8,No,No,Autumn,Cloudy,168.38,0.0,0.0,336.87,0.078,41,2024,9,7,5
2223,ORD102223,P-ELE-008,Electronics,Bluetooth Speaker,North,Chandigarh,SUP-028,4.0,WH-NO-03,70.0,13.0,71.0,263.0,10.91,4632.47,2.6,,No,Autumn,Cloudy,4132.2,0.0,1.0,298.35,0.158,11,2021,11,21,6
2224,ORD102224,P-SPO-015,Sports,Football,East,Guwahati,SUP-021,18.0,WH-EA-02,283.0,31.0,70.0,354.0,12.86,2253.22,12.6,No,No,Autumn,Rainy,2329.25,0.0,3.0,593.81,0.078,13,2021,9,8,2
2225,ORD102225,P-GRO-012,Grocery,Tea Powder 500g,North,Delhi,SUP-017,10.0,WH-NO-02,203.0,33.0,249.0,1179.0,37.67,379.12,39.1,No,No,Summer,Sunny,368.57,0.0,1.0,,0.044,39,2024,7,16,1
2226,ORD102226,P-FUR-007,Furniture,Wooden Bookshelf,North,Jaipur,SUP-029,10.0,WH-NO-02,87.0,6.0,34.0,160.0,5.11,17919.62,3.8,No,No,Summer,Sunny,19907.99,0.0,0.0,311.24,0.059,4,2024,7,24,2
2227,ORD102227,P-ELE-014,Electronics,Laptop Stand,South,Hyderabad,SUP-036,10.0,WH-SO-04,109.0,,56.0,260.0,9.39,12657.74,8.9,Yes,No,Summer,Cloudy,12980.17,3.0,0.0,353.09,0.09,16,2024,5,20,0
2228,ORD102228,P-ELE-005,Electronics,Home Router,North,Lucknow,SUP-007,,WH-NO-04,56.0,5.0,60.0,203.0,7.82,6698.4,5.7,No,No,Autumn,Rainy,6616.16,0.0,3.0,289.93,0.091,4,2022,11,4,4
2229,ORD102229,P-FUR-001,Furniture,Dining Chair,Central,Gwalior,SUP-023,9.0,WH-CE-03,31.0,3.0,16.0,110.0,3.11,5014.06,16.4,No,No,Summer,Rainy,4921.92,0.0,1.0,296.76,0.016,2,2024,6,14,4
2230,ORD102230,P-GRO-012,Grocery,Sunflower Oil 1L,South,Bengaluru,SUP-032,5.0,WH-SO-01,433.0,79.0,473.0,2260.0,65.62,369.88,7.9,Yes,No,Winter,Rainy,312.66,0.0,5.0,484.89,0.064,57,2024,1,29,0
2231,ORD102231,P-FUR-007,Furniture,Office Chair,North,Chandigarh,SUP-014,16.0,WH-NO-02,211.0,9.0,60.0,262.0,9.01,5900.5,10.4,No,No,Winter,Cloudy,5841.91,0.0,1.0,461.34,0.028,9,2023,12,18,0
2232,ORD102232,P-ELE-001,Electronics,Power Bank 10000mAh,North,Chandigarh,SUP-014,3.0,WH-NO-05,153.0,9.0,64.0,273.0,9.16,,12.4,No,No,Summer,Sunny,14468.31,0.0,2.0,249.41,0.008,10,2023,5,30,1
2233,ORD102233,P-SPO-004,Sports,Cricket Bat,South,Bengaluru,SUP-001,14.0,WH-SO-03,256.0,19.0,,,17.37,3008.94,4.5,Yes,No,Winter,Cloudy,3021.32,0.0,2.0,464.27,0.06,27,2022,1,27,3
2234,ORD102234,P-BEA-002,Beauty,Lipstick Set,East,Ranchi,SUP-013,5.0,WH-EA-03,397.0,23.0,156.0,627.0,21.59,908.31,7.7,No,No,Winter,Stormy,894.48,0.0,2.0,406.27,0.166,26,2023,12,28,3
2235,ORD102235,P-SPO-015,Sports,Cycling Helmet,West,Pune,SUP-024,12.0,WH-WE-02,387.0,25.0,84.0,518.0,17.3,4604.68,14.2,No,No,Autumn,Sunny,5130.83,0.0,1.0,543.28,0.068,22,2024,7,6,5
2236,ORD102236,P-ELE-013,Electronics,Bluetooth Speaker,South,Bengaluru,SUP-039,12.0,WH-SO-05,167.0,13.0,63.0,307.0,9.53,8890.51,18.4,No,No,Summer,Sunny,8699.24,0.0,2.0,,0.154,14,2024,7,16,1
2237,ORD102237,P-GRO-014,Grocery,Basmati Rice 5kg,East,Bhubaneswar,SUP-022,12.0,WH-EA-02,,39.0,258.0,867.0,34.87,503.42,4.5,No,No,Summer,Sunny,469.43,0.0,1.0,348.13,0.15,34,2023,5,26,4
2238,ORD102238,P-GRO-003,Grocery,Masala Mix 200g,East,Ranchi,SUP-012,9.0,WH-EA-04,231.0,23.0,184.0,771.0,24.75,396.65,14.0,Yes,No,Spring,,343.83,0.0,2.0,528.8,0.153,23,2021,2,27,5
2239,ORD102239,P-CLO-013,Clothing,Cotton Saree,West,Surat,SUP-033,11.0,WH-WE-04,894.0,53.0,227.0,1292.0,37.37,612.14,17.6,No,No,Winter,Cloudy,590.3,0.0,1.0,393.98,0.197,43,2023,12,19,1
2240,ORD102240,P-GRO-009,Grocery,Wheat Flour 5kg,East,Guwahati,SUP-008,6.0,WH-EA-02,,42.0,160.0,796.0,27.6,285.32,26.4,Yes,No,Winter,Sunny,261.42,0.0,2.0,406.41,0.018,32,2022,1,6,3
2241,ORD102241,P-ELE-005,Electronics,Smartwatch,South,Kochi,SUP-008,12.0,WH-SO-01,123.0,7.0,,323.0,12.01,9408.52,11.1,No,No,Autumn,Sunny,8431.6,0.0,1.0,432.16,0.053,11,2021,10,27,2
2242,ORD102242,P-GRO-011,Grocery,Tea Powder 500g,West,Mumbai,SUP-021,9.0,WH-WE-02,573.0,34.0,259.0,1155.0,34.8,491.88,14.1,Yes,No,Summer,Cloudy,479.61,0.0,2.0,437.05,0.082,47,2021,4,25,6
2243,ORD102243,P-GRO-015,Grocery,Tea Powder 500g,West,Ahmedabad,SUP-033,6.0,WH-WE-02,580.0,31.0,188.0,863.0,32.48,59.13,16.0,No,Yes,Summer,Sunny,64.51,0.0,4.0,390.23,0.114,58,2021,8,18,2
2244,ORD102244,P-GRO-007,Grocery,Masala Mix 200g,South,Chennai,SUP-009,10.0,WH-SO-04,673.0,40.0,314.0,,56.41,435.99,18.7,No,No,Winter,Sunny,468.6,0.0,0.0,351.66,0.058,61,2022,12,17,5
2245,ORD102245,P-ELE-001,Electronics,Power Bank 10000mAh,Central,Gwalior,SUP-001,6.0,WH-CE-03,117.0,7.0,53.0,200.0,8.21,13794.88,26.6,No,No,Winter,Cloudy,12380.08,0.0,1.0,313.49,0.091,9,2022,2,9,2
2246,ORD102246,P-GRO-013,Grocery,Wheat Flour 5kg,West,Nagpur,SUP-029,11.0,WH-WE-03,157.0,27.0,184.0,950.0,30.27,348.75,3.2,No,No,Summer,Sunny,349.77,0.0,1.0,453.08,0.277,22,2022,7,12,1
2247,ORD102247,P-FUR-003,Furniture,TV Unit,North,Delhi,SUP-024,7.0,WH-NO-03,59.0,10.0,50.0,187.0,7.18,19671.32,4.2,No,No,Winter,Sunny,20337.22,0.0,1.0,438.23,0.025,5,2023,1,18,2
2248,ORD102248,P-GRO-003,Grocery,Masala Mix 200g,West,Mumbai,SUP-028,8.0,WH-WE-05,130.0,25.0,354.0,1056.0,42.63,171.49,8.3,Yes,No,Winter,Sunny,179.51,1.0,0.0,283.36,,36,2023,2,10,4
2249,ORD102249,P-GRO-010,Grocery,Basmati Rice 5kg,East,Ranchi,SUP-016,13.0,WH-EA-05,396.0,,307.0,1668.0,55.07,400.62,9.6,No,No,Autumn,Sunny,452.02,0.0,1.0,455.91,0.159,53,2022,9,1,3
2250,ORD102250,P-CLO-012,Clothing,Denim Jeans,East,Bhubaneswar,SUP-005,9.0,WH-EA-01,367.0,12.0,106.0,420.0,15.79,1361.54,13.3,Yes,Yes,Autumn,,1234.14,0.0,0.0,341.53,0.033,27,2022,10,24,0
2251,ORD102251,P-BEA-012,Beauty,Sunscreen Lotion,East,Patna,SUP-014,15.0,WH-EA-05,185.0,26.0,114.0,594.0,18.75,523.93,9.4,No,No,Autumn,Sunny,486.8,0.0,,489.65,0.074,19,2024,7,20,5
2252,ORD102252,P-GRO-014,Grocery,Masala Mix 200g,West,Mumbai,SUP-019,3.0,WH-WE-02,749.0,52.0,382.0,1565.0,49.84,592.66,3.0,No,No,Spring,Sunny,561.24,0.0,0.0,266.93,0.076,48,2022,2,18,4
2253,ORD102253,P-CLO-014,Clothing,Cotton Saree,East,Patna,SUP-018,10.0,WH-EA-04,275.0,22.0,131.0,508.0,16.89,1756.72,9.4,No,No,Winter,Cloudy,1808.21,0.0,0.0,405.64,0.039,27,2021,1,20,2
2254,ORD102254,P-SPO-002,Sports,Gym Dumbbells 5kg,East,Kolkata,SUP-036,3.0,WH-EA-05,176.0,10.0,55.0,256.0,9.32,2959.12,4.3,No,No,Summer,Rainy,2314.78,0.0,0.0,210.83,0.187,8,2024,3,15,4
2255,ORD102255,P-CLO-005,Clothing,Denim Jeans,North,Lucknow,SUP-009,4.0,WH-NO-03,281.0,11.0,170.0,684.0,21.19,451.68,5.4,No,No,Summer,Sunny,443.42,0.0,0.0,157.76,,24,2021,4,27,1
2256,ORD102256,P-SPO-011,Sports,Cricket Bat,South,Bengaluru,SUP-013,2.0,WH-SO-04,106.0,15.0,136.0,448.0,17.52,1152.84,14.9,No,No,Spring,,988.45,0.0,,187.68,0.04,14,2024,2,6,1
2257,ORD102257,P-BEA-006,Beauty,Talcum Powder,Central,Bhopal,SUP-008,16.0,WH-CE-03,319.0,30.0,131.0,651.0,19.55,432.32,8.4,No,No,Summer,Sunny,432.24,0.0,1.0,449.9,0.023,17,2022,4,21,3
2258,ORD102258,P-ELE-011,Electronics,Smartwatch,West,Nagpur,SUP-023,9.0,WH-WE-01,161.0,11.0,,269.0,9.24,14267.31,10.5,No,No,Summer,Rainy,16630.07,0.0,1.0,,0.104,8,2024,5,14,1
2259,ORD102259,P-CLO-007,Clothing,Formal Shirt,North,Jaipur,SUP-033,3.0,WH-NO-01,197.0,28.0,94.0,513.0,17.34,911.96,9.3,No,No,Autumn,Sunny,977.69,0.0,18.0,331.77,0.259,21,2021,9,3,4
2260,ORD102260,P-FUR-007,Furniture,TV Unit,West,Nagpur,SUP-036,9.0,WH-WE-02,146.0,8.0,51.0,177.0,5.7,17297.33,36.0,Yes,No,Autumn,Sunny,15600.49,0.0,1.0,476.25,0.102,7,2021,8,29,6
2261,ORD102261,P-SPO-001,Sports,Football,West,,SUP-010,12.0,WH-WE-05,133.0,9.0,77.0,373.0,11.06,2771.53,13.0,Yes,No,Summer,Sunny,2678.71,0.0,1.0,418.44,0.05,16,2022,8,18,3
2262,ORD102262,P-CLO-010,Clothing,Denim Jeans,East,Patna,SUP-018,12.0,WH-EA-02,81.0,15.0,200.0,751.0,24.39,2474.29,16.2,No,No,Autumn,Sunny,2298.16,0.0,0.0,434.53,0.016,17,2022,9,5,0
2263,ORD102263,P-ELE-013,Electronics,Power Bank 10000mAh,North,Lucknow,SUP-030,2.0,WH-NO-03,69.0,15.0,,317.0,11.12,1050.58,3.9,No,No,Autumn,Sunny,1159.38,0.0,0.0,231.95,0.042,19,2023,11,15,2
2264,ORD102264,P-CLO-013,Clothing,Denim Jeans,East,Bhubaneswar,SUP-002,13.0,WH-EA-03,311.0,17.0,68.0,412.0,13.02,987.2,3.0,No,No,Autumn,Sunny,813.31,0.0,1.0,380.77,0.074,15,2023,8,4,4
2265,ORD102265,P-ELE-006,Electronics,Home Router,North,Delhi,SUP-029,14.0,WH-NO-02,162.0,9.0,62.0,281.0,8.44,4100.9,39.4,No,No,Winter,Cloudy,3956.8,,2.0,431.41,0.001,11,2024,12,22,6
2266,ORD102266,P-BEA-011,Beauty,Body Lotion 400ml,South,Chennai,SUP-006,15.0,WH-SO-03,694.0,18.0,197.0,1066.0,32.35,674.93,8.5,,No,Autumn,Sunny,,,3.0,359.95,0.221,40,2023,9,17,6
2267,ORD102267,P-CLO-003,Clothing,Men's Cotton T-Shirt,East,Ranchi,SUP-002,6.0,WH-EA-04,508.0,18.0,131.0,645.0,21.14,1105.27,,No,No,Autumn,Sunny,1001.53,0.0,1.0,358.78,0.028,20,2021,10,23,5
2268,ORD102268,P-BEA-010,Beauty,Lipstick Set,Central,Indore,SUP-005,11.0,WH-CE-05,353.0,20.0,137.0,591.0,19.3,1097.83,1.2,No,No,Summer,Rainy,1243.49,0.0,4.0,616.99,0.083,18,2021,5,10,0
2269,ORD102269,P-SPO-007,Sports,Skipping Rope,South,Coimbatore,SUP-036,3.0,WH-SO-04,111.0,18.0,111.0,447.0,14.37,2314.3,19.9,Yes,No,Winter,Sunny,2024.33,0.0,2.0,366.38,0.006,14,2022,1,24,0
2270,ORD102270,P-FUR-014,Furniture,Plastic Storage Rack,West,,SUP-028,13.0,WH-WE-05,145.0,5.0,48.0,216.0,6.66,11647.76,10.7,No,No,Winter,Sunny,10534.9,,0.0,416.03,0.041,7,2024,12,7,5
2271,ORD102271,P-FUR-011,Furniture,Office Chair,Central,Jabalpur,SUP-032,15.0,WH-CE-03,20.0,6.0,,130.0,4.4,4941.23,9.1,No,No,Winter,Cloudy,5571.94,,3.0,610.28,0.019,5,2024,1,29,0
2272,ORD102272,P-BEA-002,Beauty,Face Wash 100ml,North,Jaipur,SUP-028,3.0,WH-NO-04,631.0,43.0,233.0,1066.0,35.02,382.42,16.2,No,No,Winter,Sunny,379.37,0.0,0.0,187.82,0.068,38,2023,12,19,1
2273,ORD102273,P-BEA-014,Beauty,Face Wash 100ml,North,Kanpur,SUP-032,18.0,WH-NO-01,116.0,40.0,264.0,968.0,31.89,1199.32,14.5,No,No,Winter,Rainy,1182.48,0.0,3.0,597.28,0.053,26,2022,2,2,2
2274,ORD102274,P-SPO-011,Sports,Football,West,Ahmedabad,SUP-020,8.0,WH-WE-01,180.0,19.0,127.0,423.0,16.43,3334.95,28.6,No,No,Autumn,Sunny,3168.11,0.0,1.0,344.31,0.078,14,2022,11,16,2
2275,ORD102275,P-ELE-004,Electronics,LED TV 43in,West,Nagpur,SUP-033,5.0,WH-WE-05,119.0,3.0,44.0,218.0,7.76,9522.28,5.3,,No,Autumn,Sunny,9520.62,0.0,0.0,308.03,0.028,8,2023,10,26,3
2276,ORD102276,P-CLO-005,Clothing,Denim Jeans,South,Chennai,SUP-003,7.0,WH-SO-04,346.0,,142.0,620.0,18.82,787.27,41.6,No,No,Autumn,Rainy,760.24,2.0,0.0,277.53,0.173,16,2024,10,15,1
2277,ORD102277,P-GRO-003,Grocery,Instant Noodles Pack,East,Bhubaneswar,SUP-024,,WH-EA-01,614.0,25.0,196.0,1021.0,28.48,240.58,17.7,Yes,No,Summer,Rainy,226.44,0.0,1.0,512.48,0.037,34,2023,5,3,2
2278,ORD102278,P-SPO-005,Sports,Gym Dumbbells 5kg,East,Kolkata,SUP-031,7.0,WH-EA-03,50.0,13.0,,345.0,11.42,3293.08,8.8,Yes,No,Winter,Cloudy,2923.88,0.0,0.0,391.86,0.009,7,2021,2,1,0
2279,ORD102279,P-FUR-015,Furniture,Office Chair,West,Mumbai,SUP-040,6.0,WH-WE-05,,3.0,50.0,197.0,6.66,,19.5,Yes,No,Autumn,Sunny,5579.12,0.0,0.0,198.32,0.087,13,2024,6,3,0
2280,ORD102280,P-CLO-014,Clothing,Men's Cotton T-Shirt,West,Surat,SUP-015,4.0,WH-WE-01,663.0,13.0,248.0,963.0,34.02,289.24,4.6,Yes,No,Autumn,Cloudy,275.42,0.0,0.0,387.26,0.017,46,2024,9,26,3
2281,ORD102281,P-ELE-009,Electronics,Smartphone Charger,North,Lucknow,SUP-008,4.0,WH-NO-03,218.0,12.0,77.0,231.0,10.16,851.32,7.8,No,No,,Stormy,819.37,0.0,0.0,273.84,0.044,9,2021,2,18,3
2282,ORD102282,P-GRO-006,Grocery,Wheat Flour 5kg,North,Delhi,SUP-029,6.0,WH-NO-05,398.0,20.0,157.0,954.0,27.53,401.18,23.9,Yes,No,Summer,,422.35,0.0,3.0,417.61,0.012,35,2022,7,28,3
2283,ORD102283,P-FUR-006,Furniture,Sofa Cushion Set,North,,SUP-003,5.0,WH-NO-05,115.0,3.0,33.0,199.0,7.2,17436.98,6.9,Yes,No,Winter,Rainy,16731.53,0.0,4.0,471.63,0.097,9,2024,12,2,0
2284,ORD102284,P-GRO-015,Grocery,Basmati Rice 5kg,Central,Indore,SUP-032,4.0,WH-CE-02,133.0,16.0,153.0,588.0,23.52,291.66,16.3,No,No,Autumn,Cloudy,289.1,1.0,2.0,392.58,0.033,25,2024,10,25,4
2285,ORD102285,P-ELE-003,Electronics,Bluetooth Speaker,Central,Gwalior,SUP-029,7.0,WH-CE-05,180.0,8.0,55.0,260.0,8.43,5308.93,29.8,No,No,Autumn,Rainy,6019.77,0.0,5.0,424.65,0.039,12,2024,11,9,5
2286,ORD102286,P-SPO-012,Sports,Badminton Racket,West,Mumbai,SUP-028,12.0,WH-WE-04,77.0,18.0,101.0,411.0,13.7,3402.68,20.3,No,,Autumn,Sunny,3507.11,0.0,,435.17,0.035,12,2024,11,26,1
2287,ORD102287,P-BEA-015,Beauty,Herbal Shampoo 200ml,North,Delhi,SUP-012,4.0,WH-NO-03,499.0,31.0,124.0,1123.0,30.85,747.77,15.7,No,No,Winter,Rainy,715.48,0.0,1.0,278.24,0.04,44,2021,2,2,1
2288,ORD102288,P-ELE-013,Electronics,Wireless Earbuds,East,Guwahati,SUP-005,10.0,WH-EA-04,71.0,8.0,68.0,286.0,9.09,3587.66,13.5,No,No,Autumn,Rainy,,0.0,2.0,561.12,0.196,7,2021,8,9,0
2289,ORD102289,P-GRO-011,Grocery,Sunflower Oil 1L,North,Delhi,SUP-025,7.0,WH-NO-05,248.0,41.0,342.0,1542.0,44.37,265.84,2.8,No,No,Winter,Rainy,263.02,0.0,0.0,,0.009,47,2022,12,31,5
2290,ORD102290,P-SPO-014,Sports,Football,South,Hyderabad,SUP-015,11.0,WH-SO-02,91.0,13.0,83.0,345.0,10.74,4987.27,,Yes,No,Summer,Rainy,5301.55,0.0,1.0,390.32,0.07,12,2023,6,1,3
2291,ORD102291,P-FUR-004,Furniture,Dining Chair,South,Coimbatore,SUP-016,10.0,WH-SO-01,19.0,,38.0,140.0,4.97,13997.4,8.7,,No,Summer,Rainy,13336.61,0.0,1.0,348.25,0.086,3,2022,8,10,2
2292,ORD102292,P-FUR-015,Furniture,TV Unit,West,Ahmedabad,SUP-008,5.0,WH-WE-04,65.0,9.0,43.0,284.0,7.56,7992.46,19.8,No,No,Winter,Cloudy,7964.77,0.0,0.0,287.15,0.034,10,2022,1,27,3
2293,ORD102293,P-GRO-002,Grocery,Tea Powder 500g,North,Delhi,SUP-014,10.0,WH-NO-01,559.0,68.0,264.0,1551.0,44.46,218.94,,No,No,Winter,Cloudy,208.16,0.0,2.0,415.78,0.152,53,2022,1,7,4
2294,ORD102294,P-GRO-001,Grocery,Instant Noodles Pack,East,Guwahati,SUP-034,10.0,WH-EA-04,874.0,56.0,365.0,1743.0,54.93,175.92,36.2,No,No,Autumn,Rainy,170.18,0.0,0.0,321.53,0.093,59,2023,6,1,3
2295,ORD102295,P-ELE-003,Electronics,Power Bank 10000mAh,Central,Bhopal,SUP-036,13.0,WH-CE-02,46.0,9.0,52.0,260.0,7.79,8233.37,5.6,No,No,Autumn,Cloudy,7392.0,0.0,4.0,453.45,0.09,7,2024,11,29,4
2296,ORD102296,P-BEA-010,Beauty,Talcum Powder,West,Pune,SUP-014,8.0,WH-WE-04,297.0,12.0,190.0,1008.0,32.44,377.32,2.3,No,No,Summer,Cloudy,383.67,0.0,2.0,373.97,0.125,23,2024,4,22,0
2297,ORD102297,P-ELE-004,Electronics,Wireless Earbuds,North,Delhi,SUP-006,14.0,WH-NO-04,150.0,9.0,59.0,258.0,8.4,9281.85,13.5,Yes,No,Autumn,,9343.99,0.0,1.0,496.26,0.082,10,2021,9,13,0
2298,ORD102298,P-ELE-010,Electronics,Home Router,Central,Raipur,SUP-002,8.0,WH-CE-01,49.0,3.0,43.0,182.0,5.79,3484.01,14.1,No,No,Summer,Rainy,3878.13,0.0,0.0,343.58,0.113,7,2021,8,5,3
2299,ORD102299,P-BEA-002,Beauty,Lipstick Set,East,Guwahati,SUP-008,4.0,WH-EA-01,308.0,25.0,220.0,1107.0,30.47,860.21,33.6,No,No,Winter,Sunny,863.19,0.0,1.0,290.53,0.063,40,2022,1,21,4
2300,ORD102300,P-SPO-011,Sports,Gym Dumbbells 5kg,South,,SUP-001,,WH-SO-04,199.0,11.0,89.0,430.0,12.74,429.75,14.8,No,No,Winter,Cloudy,403.0,0.0,1.0,438.83,0.106,13,2023,12,8,4
2301,ORD102301,P-BEA-004,Beauty,Body Lotion 400ml,East,Kolkata,SUP-027,5.0,WH-EA-03,268.0,20.0,146.0,600.0,19.99,908.93,11.2,No,Yes,Winter,Cloudy,1009.77,0.0,1.0,271.76,0.08,28,2021,1,13,2
2302,ORD102302,P-CLO-008,Clothing,Formal Shirt,West,Pune,SUP-026,9.0,WH-WE-01,185.0,13.0,108.0,502.0,16.34,892.14,2.0,No,No,Autumn,Rainy,913.47,0.0,2.0,357.54,0.089,14,2023,10,27,4
2303,ORD102303,P-CLO-002,Clothing,Denim Jeans,South,Bengaluru,SUP-032,5.0,WH-SO-05,407.0,20.0,170.0,577.0,22.8,612.38,21.2,Yes,No,Summer,Sunny,618.43,0.0,0.0,246.46,0.084,33,2023,4,28,4
2304,ORD102304,P-CLO-015,Clothing,Men's Cotton T-Shirt,East,Patna,SUP-014,4.0,WH-EA-02,126.0,17.0,105.0,438.0,14.4,1107.3,10.2,Yes,No,Summer,Cloudy,1100.2,0.0,,279.51,0.052,17,2023,8,23,2
2305,ORD102305,P-GRO-006,Grocery,Sunflower Oil 1L,South,Chennai,SUP-034,11.0,WH-SO-05,337.0,30.0,176.0,926.0,29.03,179.57,14.2,No,No,Autumn,Sunny,180.79,0.0,1.0,419.41,0.066,34,2024,6,11,1
2306,ORD102306,P-CLO-010,Clothing,Men's Cotton T-Shirt,North,Jaipur,SUP-007,4.0,WH-NO-01,485.0,31.0,284.0,1004.0,32.1,772.99,11.2,Yes,No,Summer,Cloudy,715.37,0.0,1.0,258.89,0.187,41,2023,5,14,6
2307,ORD102307,P-CLO-008,Clothing,Formal Shirt,West,Surat,SUP-010,8.0,WH-WE-02,197.0,16.0,134.0,482.0,15.74,,19.0,Yes,Yes,Summer,,1144.5,0.0,0.0,240.38,0.036,32,2023,6,28,2
2308,ORD102308,P-CLO-009,Clothing,Track Pants,North,Kanpur,SUP-037,9.0,WH-NO-03,198.0,18.0,,550.0,19.62,856.27,5.9,No,No,Winter,Cloudy,836.37,0.0,0.0,425.08,0.041,24,2022,12,3,5
2309,ORD102309,P-SPO-007,Sports,Yoga Mat,South,Chennai,SUP-036,17.0,WH-SO-03,,27.0,168.0,681.0,20.79,3882.52,17.4,Yes,No,Summer,Cloudy,3971.19,0.0,1.0,467.24,0.029,36,2023,8,10,3
2310,ORD102310,P-SPO-002,Sports,Gym Dumbbells 5kg,South,Bengaluru,SUP-024,,WH-SO-04,120.0,14.0,107.0,488.0,14.74,4317.77,3.9,No,No,Autumn,Sunny,4678.83,0.0,,288.95,0.129,16,2022,7,10,6
2311,ORD102311,P-ELE-013,Electronics,Smartphone Charger,South,Bengaluru,SUP-025,9.0,WH-SO-01,181.0,29.0,112.0,518.0,17.1,24326.05,11.9,No,No,Summer,Cloudy,9019.2,0.0,1.0,384.34,0.056,30,2021,4,7,2
2312,ORD102312,P-GRO-010,Grocery,Tea Powder 500g,South,Kochi,SUP-029,10.0,WH-SO-02,253.0,53.0,379.0,1418.0,46.82,475.84,7.4,Yes,No,Spring,Rainy,492.59,0.0,1.0,366.38,0.107,58,2021,2,6,5
2313,ORD102313,P-ELE-004,Electronics,Home Router,East,Ranchi,SUP-033,14.0,WH-EA-02,148.0,48.0,43.0,177.0,5.9,6433.51,8.8,No,No,Autumn,Cloudy,5509.81,0.0,1.0,522.46,0.062,9,2023,11,11,5
2314,ORD102314,P-GRO-002,Grocery,Wheat Flour 5kg,South,Chennai,SUP-010,6.0,WH-SO-03,1080.0,46.0,392.0,1581.0,51.08,228.08,24.0,Yes,No,Autumn,Sunny,218.85,0.0,4.0,405.56,0.035,71,2023,7,21,4
2315,ORD102315,P-GRO-014,Grocery,Toor Dal 1kg,North,Kanpur,SUP-003,12.0,WH-NO-05,253.0,161.0,286.0,1058.0,33.49,341.27,9.4,Yes,No,Summer,Cloudy,289.58,0.0,0.0,312.56,0.044,38,2022,8,21,6
2316,ORD102316,P-ELE-005,Electronics,Home Router,West,Ahmedabad,SUP-008,4.0,WH-WE-03,69.0,13.0,53.0,249.0,9.93,14871.66,21.0,Yes,No,Winter,Cloudy,16074.43,0.0,0.0,257.0,,12,2023,12,27,2
2317,ORD102317,P-BEA-014,Beauty,Sunscreen Lotion,Central,Bhopal,SUP-015,4.0,WH-CE-05,190.0,17.0,119.0,458.0,16.0,684.67,7.7,Yes,No,Autumn,Cloudy,674.17,0.0,,250.94,0.071,23,2022,11,24,3
2318,ORD102318,P-CLO-012,Clothing,Formal Shirt,South,Chennai,SUP-010,8.0,WH-SO-02,251.0,17.0,116.0,506.0,19.34,2310.12,10.4,Yes,No,Winter,Cloudy,2269.77,0.0,1.0,322.71,0.047,24,2022,1,8,5
2319,ORD102319,P-SPO-015,Sports,Cricket Bat,South,Chennai,SUP-021,8.0,WH-SO-02,202.0,22.0,112.0,471.0,16.61,1452.16,15.1,No,No,Summer,Rainy,1364.24,,4.0,453.07,0.1,16,2023,5,5,4
2320,ORD102320,P-ELE-010,Electronics,Home Router,North,Jaipur,SUP-006,9.0,WH-NO-01,109.0,15.0,57.0,310.0,9.21,1724.46,4.5,No,Yes,Autumn,Rainy,1889.03,0.0,1.0,406.41,0.043,12,2022,7,7,3
2321,ORD102321,P-ELE-003,Electronics,Smartwatch,North,Delhi,SUP-024,9.0,WH-NO-02,55.0,3.0,47.0,154.0,5.7,12737.73,7.2,Yes,No,Autumn,Sunny,12768.9,1.0,1.0,445.61,0.028,5,2024,11,26,1
2322,ORD102322,P-GRO-001,Grocery,Basmati Rice 5kg,South,Bengaluru,SUP-029,11.0,WH-SO-02,355.0,40.0,349.0,1183.0,46.92,167.43,9.3,No,No,Autumn,Cloudy,164.95,0.0,1.0,329.87,0.108,48,2023,11,20,0
2323,ORD102323,P-ELE-004,Electronics,Smartwatch,Central,Gwalior,SUP-004,7.0,WH-CE-02,64.0,7.0,52.0,191.0,7.36,14992.63,24.3,No,No,Winter,Cloudy,15057.7,0.0,2.0,369.3,0.061,9,2023,12,30,5
2324,ORD102324,P-GRO-007,Grocery,Masala Mix 200g,West,Pune,SUP-012,17.0,WH-WE-04,534.0,50.0,297.0,1716.0,55.72,,7.0,No,No,Autumn,Rainy,168.61,0.0,3.0,613.42,0.149,44,2023,10,3,1
2325,ORD102325,P-SPO-010,Sports,Cycling Helmet,South,Chennai,SUP-022,9.0,WH-SO-03,179.0,12.0,77.0,385.0,11.99,3859.75,16.8,No,No,Autumn,Sunny,3796.23,0.0,0.0,392.34,0.261,16,2023,9,27,2
2326,ORD102326,P-GRO-014,Grocery,Sunflower Oil 1L,Central,Jabalpur,SUP-003,4.0,WH-CE-04,184.0,27.0,248.0,1155.0,38.41,372.89,21.7,Yes,No,Spring,Sunny,408.44,0.0,1.0,373.92,0.043,34,2024,2,4,6
2327,ORD102327,P-ELE-003,Electronics,Bluetooth Speaker,South,Kochi,SUP-027,6.0,WH-SO-01,83.0,15.0,,275.0,11.57,8490.6,17.7,No,No,Autumn,Cloudy,9293.02,0.0,3.0,328.56,0.129,11,2022,9,23,4
2328,ORD102328,P-CLO-010,Clothing,Woolen Sweater,South,Hyderabad,SUP-031,5.0,WH-SO-05,348.0,24.0,154.0,659.0,23.65,905.62,19.1,No,No,Summer,Cloudy,907.28,0.0,0.0,260.54,0.027,25,2024,4,15,0
2329,ORD102329,P-CLO-002,Clothing,Track Pants,South,Kochi,SUP-015,9.0,WH-SO-01,141.0,15.0,93.0,493.0,14.13,674.37,5.2,No,No,Spring,Sunny,628.59,0.0,0.0,357.12,0.08,11,2021,2,20,5
2330,ORD102330,P-CLO-008,Clothing,Kids Winter Jacket,North,Kanpur,SUP-001,3.0,WH-NO-01,327.0,19.0,90.0,620.0,20.48,1964.57,24.0,No,No,Autumn,Rainy,2004.81,0.0,1.0,219.07,0.151,20,2023,9,1,4
2331,ORD102331,P-GRO-002,Grocery,Wheat Flour 5kg,West,Ahmedabad,SUP-021,10.0,WH-WE-03,1242.0,46.0,460.0,1377.0,58.01,370.52,6.8,No,No,Winter,Sunny,,0.0,2.0,431.46,0.078,80,2023,2,27,0
2332,ORD102332,P-BEA-006,Beauty,Body Lotion 400ml,South,Kochi,SUP-035,4.0,WH-SO-04,537.0,19.0,138.0,667.0,24.23,243.64,6.6,No,No,Winter,Sunny,270.07,0.0,0.0,158.03,0.165,29,2021,1,13,2
2333,ORD102333,P-ELE-010,Electronics,Smartwatch,East,Kolkata,SUP-012,10.0,WH-EA-02,28.0,7.0,29.0,111.0,4.69,10464.13,7.6,No,No,Autumn,Sunny,11719.84,0.0,1.0,329.09,0.06,6,2023,8,24,3
2334,ORD102334,P-CLO-012,Clothing,Kids Winter Jacket,South,Bengaluru,SUP-034,12.0,WH-SO-01,156.0,14.0,144.0,548.0,19.22,2076.43,20.3,No,No,Winter,Sunny,2184.38,1.0,0.0,276.95,0.02,21,2021,1,4,0
2335,ORD102335,P-FUR-013,Furniture,TV Unit,Central,Jabalpur,SUP-035,,WH-CE-05,77.0,3.0,29.0,112.0,3.69,1980.41,4.6,Yes,No,Autumn,Sunny,1785.38,0.0,1.0,360.13,0.068,5,2023,10,26,3
2336,ORD102336,P-SPO-008,Sports,Badminton Racket,East,Kolkata,SUP-012,6.0,WH-EA-05,154.0,5.0,74.0,315.0,10.67,793.42,18.2,No,No,Winter,Sunny,759.38,0.0,1.0,164.83,0.072,14,2023,2,5,6
2337,ORD102337,P-GRO-004,Grocery,Sugar 1kg,East,Guwahati,SUP-024,19.0,WH-EA-04,109.0,28.0,177.0,696.0,24.14,327.89,13.9,No,No,Autumn,Sunny,320.79,0.0,1.0,571.0,0.106,26,2023,6,8,3
2338,ORD102338,P-CLO-014,Clothing,Men's Cotton T-Shirt,North,Chandigarh,SUP-002,7.0,WH-NO-02,581.0,32.0,,915.0,25.23,1516.76,8.3,No,No,Autumn,Cloudy,1406.26,0.0,0.0,317.4,0.045,25,2023,6,11,6
2339,ORD102339,P-ELE-015,Electronics,Laptop Stand,Central,Gwalior,SUP-023,4.0,WH-CE-03,137.0,4.0,33.0,243.0,7.92,2616.85,6.5,No,No,Spring,Sunny,2538.8,0.0,0.0,250.32,0.074,8,2022,3,15,1
2340,ORD102340,P-ELE-015,Electronics,Smartwatch,East,Guwahati,SUP-036,14.0,WH-EA-04,22.0,5.0,50.0,183.0,6.31,5781.67,24.0,No,No,Autumn,Cloudy,5857.02,0.0,3.0,465.42,0.101,7,2023,6,29,3
2341,ORD102341,P-ELE-012,Electronics,Home Router,South,Bengaluru,SUP-038,7.0,WH-SO-03,80.0,7.0,41.0,281.0,8.69,3377.15,10.5,No,No,Autumn,Stormy,3500.77,0.0,0.0,176.24,0.108,4,2021,11,19,4
2342,ORD102342,P-BEA-012,Beauty,Moisturizer Cream,West,Pune,SUP-008,7.0,WH-WE-01,580.0,21.0,154.0,757.0,23.39,996.62,11.5,No,No,,Stormy,1093.76,0.0,0.0,325.05,0.103,25,2024,1,14,6
2343,ORD102343,P-GRO-002,Grocery,Masala Mix 200g,North,Jaipur,SUP-027,6.0,WH-NO-05,535.0,51.0,321.0,1361.0,43.58,431.25,23.4,Yes,No,Summer,Sunny,428.11,0.0,0.0,227.64,0.129,62,2021,5,12,2
2344,ORD102344,P-BEA-009,Beauty,Sunscreen Lotion,South,Kochi,SUP-003,7.0,WH-SO-05,161.0,21.0,123.0,792.0,20.72,991.27,12.3,No,No,Autumn,Sunny,961.99,0.0,0.0,290.91,0.052,23,2021,7,27,1
2345,ORD102345,P-ELE-007,Electronics,Smartphone Charger,East,Ranchi,SUP-012,13.0,WH-EA-01,54.0,8.0,54.0,222.0,7.99,9083.16,12.7,No,Yes,Autumn,Cloudy,8096.99,0.0,3.0,,0.037,9,2023,10,24,1
2346,ORD102346,P-SPO-004,Sports,Football,South,Kochi,SUP-034,12.0,WH-SO-04,78.0,8.0,49.0,457.0,13.53,2849.9,19.0,No,No,Spring,Sunny,2913.37,0.0,0.0,271.49,0.082,10,2021,3,26,4
2347,ORD102347,P-BEA-002,Beauty,Herbal Shampoo 200ml,South,Kochi,SUP-026,12.0,WH-SO-05,402.0,21.0,120.0,722.0,21.54,941.75,16.0,No,No,Autumn,Rainy,902.46,0.0,1.0,424.77,0.223,26,2024,11,19,1
2348,ORD102348,P-ELE-004,Electronics,LED TV 43in,South,Kochi,SUP-016,12.0,WH-SO-03,295.0,20.0,94.0,395.0,15.39,14177.67,21.0,Yes,No,Winter,Cloudy,13863.43,0.0,1.0,417.96,0.026,24,2021,2,15,0
2349,ORD102349,P-ELE-014,Electronics,Smartwatch,North,Chandigarh,SUP-039,,WH-NO-01,131.0,7.0,41.0,222.0,7.02,1220.23,7.2,Yes,No,Spring,Sunny,1158.34,0.0,,585.77,0.097,7,2023,2,7,1
2350,ORD102350,P-ELE-014,Electronics,Power Bank 10000mAh,North,Lucknow,SUP-031,7.0,WH-NO-04,262.0,5.0,79.0,315.0,11.6,7821.14,25.6,No,No,Winter,Sunny,7442.14,0.0,0.0,270.9,0.049,17,2024,12,8,6
2351,ORD102351,P-BEA-012,Beauty,Talcum Powder,North,Chandigarh,SUP-001,6.0,WH-NO-05,702.0,44.0,277.0,958.0,31.68,931.28,20.3,Yes,No,Autumn,Rainy,979.7,0.0,0.0,162.08,0.016,43,2023,9,11,0
2352,ORD102352,P-GRO-002,Grocery,Sugar 1kg,Central,Gwalior,SUP-004,6.0,WH-CE-02,,31.0,172.0,742.0,21.99,400.36,16.1,Yes,No,Summer,Cloudy,,0.0,1.0,289.31,0.16,31,2023,7,13,3
2353,ORD102353,P-CLO-011,Clothing,Formal Shirt,East,Bhubaneswar,SUP-026,10.0,WH-EA-01,115.0,20.0,131.0,508.0,16.69,1025.92,22.0,No,No,Autumn,Cloudy,1148.57,,2.0,325.59,0.105,18,2023,10,9,0
2354,ORD102354,P-CLO-002,Clothing,Kids Winter Jacket,East,Ranchi,SUP-036,7.0,WH-EA-02,93.0,18.0,106.0,336.0,14.33,2126.99,3.0,No,No,Autumn,Cloudy,1925.24,0.0,0.0,386.62,0.019,14,2023,10,29,6
2355,ORD102355,P-BEA-011,Beauty,Moisturizer Cream,South,Coimbatore,SUP-007,9.0,WH-SO-05,353.0,38.0,181.0,1081.0,33.38,519.46,1.8,Yes,No,Autumn,Cloudy,568.62,0.0,1.0,469.36,0.065,44,2021,8,24,1
2356,ORD102356,P-CLO-001,Clothing,Women's Kurti,West,Pune,SUP-022,10.0,WH-WE-03,220.0,24.0,166.0,513.0,20.3,1757.21,0.9,No,No,Spring,Sunny,1678.4,0.0,0.0,333.58,0.022,18,2022,3,28,0
2357,ORD102357,P-CLO-005,Clothing,Kids Winter Jacket,North,Kanpur,SUP-033,8.0,WH-NO-01,565.0,22.0,190.0,,25.97,1107.33,21.5,No,No,Autumn,Cloudy,1096.46,1.0,0.0,350.7,0.037,30,2021,10,8,4
2358,ORD102358,P-SPO-002,Sports,Skipping Rope,South,Kochi,SUP-035,9.0,WH-SO-03,316.0,27.0,163.0,736.0,21.83,1815.26,,No,No,Autumn,Sunny,1877.27,0.0,4.0,505.77,0.121,21,2021,11,6,5
2359,ORD102359,P-ELE-015,Electronics,Wireless Earbuds,East,Bhubaneswar,SUP-026,3.0,WH-EA-05,234.0,4.0,95.0,323.0,12.19,11074.51,1.0,Yes,,Autumn,Cloudy,11924.3,0.0,0.0,233.41,0.15,16,2021,11,1,0
2360,ORD102360,P-BEA-009,Beauty,Face Wash 100ml,South,Bengaluru,SUP-040,2.0,WH-SO-01,121.0,19.0,152.0,641.0,20.36,642.0,11.8,Yes,No,Autumn,Sunny,693.29,0.0,1.0,,,29,2023,7,21,4
2361,ORD102361,P-ELE-014,Electronics,Smartphone Charger,West,,SUP-038,12.0,WH-WE-03,48.0,10.0,55.0,210.0,7.54,6914.81,32.1,No,No,Autumn,Rainy,7456.47,0.0,1.0,457.55,0.176,10,2024,9,24,1
2362,ORD102362,P-CLO-001,Clothing,Women's Kurti,West,Nagpur,SUP-034,3.0,WH-WE-02,,23.0,98.0,376.0,16.18,1131.24,16.0,No,No,Summer,Cloudy,1106.34,0.0,25.0,254.61,0.157,19,2023,3,28,1
2363,ORD102363,P-SPO-012,Sports,Football,West,Mumbai,SUP-027,5.0,WH-WE-01,146.0,24.0,123.0,586.0,21.08,1371.6,10.2,No,No,Winter,Sunny,1563.16,0.0,1.0,461.91,0.066,24,2021,1,23,5
2364,ORD102364,P-FUR-008,Furniture,Office Chair,North,Chandigarh,SUP-040,5.0,WH-NO-03,53.0,9.0,41.0,195.0,6.97,4016.4,0.9,Yes,No,Autumn,Rainy,4192.5,0.0,3.0,390.48,0.021,7,2023,10,9,0
2365,ORD102365,P-FUR-008,Furniture,Study Table,North,Jaipur,SUP-001,5.0,WH-NO-04,103.0,6.0,24.0,163.0,6.22,14990.74,15.3,No,No,Spring,Cloudy,,0.0,0.0,301.92,0.024,3,2023,3,2,3
2366,ORD102366,P-GRO-014,Grocery,Wheat Flour 5kg,North,Lucknow,SUP-004,11.0,WH-NO-04,850.0,58.0,310.0,1457.0,48.48,160.06,4.1,,No,Winter,Cloudy,159.96,0.0,1.0,416.16,0.017,70,2024,2,10,5
2367,ORD102367,P-GRO-001,Grocery,Sugar 1kg,West,Nagpur,SUP-021,,WH-WE-01,779.0,49.0,300.0,1208.0,39.97,80.52,1.3,No,No,Autumn,Sunny,77.8,0.0,1.0,314.27,0.217,42,2022,7,6,2
2368,ORD102368,P-GRO-015,Grocery,Sunflower Oil 1L,Central,Raipur,SUP-027,7.0,WH-CE-01,678.0,10.0,271.0,961.0,33.47,198.32,8.7,No,No,Autumn,Cloudy,192.71,0.0,,354.99,0.078,36,2022,9,19,0
2369,ORD102369,P-CLO-001,Clothing,Denim Jeans,Central,Bhopal,SUP-037,8.0,WH-CE-03,133.0,23.0,113.0,527.0,18.3,255.5,16.6,No,No,Autumn,Cloudy,267.69,0.0,1.0,,0.081,16,2023,8,22,1
2370,ORD102370,P-CLO-006,Clothing,Woolen Sweater,South,Chennai,SUP-028,6.0,WH-SO-02,,23.0,153.0,718.0,22.4,379.98,29.0,No,No,Autumn,Sunny,388.09,0.0,3.0,335.28,0.171,21,2023,10,31,1
2371,ORD102371,P-GRO-003,Grocery,Sunflower Oil 1L,West,Pune,SUP-010,4.0,WH-WE-02,453.0,,241.0,974.0,37.66,287.19,12.2,Yes,No,Autumn,Cloudy,270.73,0.0,2.0,402.75,0.215,47,2021,11,19,4
2372,ORD102372,P-GRO-008,Grocery,Masala Mix 200g,East,Patna,SUP-037,11.0,WH-EA-03,1177.0,63.0,355.0,1664.0,49.46,164.56,20.0,Yes,No,Summer,,183.82,0.0,3.0,450.26,0.086,80,2023,5,8,0
2373,ORD102373,P-GRO-009,Grocery,Tea Powder 500g,West,Nagpur,SUP-004,4.0,WH-WE-04,458.0,28.0,180.0,921.0,32.8,315.32,6.2,No,No,Autumn,Rainy,281.89,0.0,1.0,348.92,0.058,25,2024,11,5,1
2374,ORD102374,P-GRO-010,Grocery,Sugar 1kg,East,Patna,SUP-004,2.0,WH-EA-03,612.0,30.0,190.0,862.0,29.79,70.19,23.8,No,No,Summer,Stormy,62.37,0.0,2.0,310.21,0.147,21,2021,4,5,0
2375,ORD102375,P-ELE-012,Electronics,LED TV 43in,North,Chandigarh,SUP-029,12.0,WH-NO-05,285.0,13.0,,345.0,12.71,8451.95,23.8,No,,Summer,Sunny,7690.55,0.0,2.0,481.47,0.1,18,2022,4,29,4
2376,ORD102376,P-SPO-012,Sports,Yoga Mat,North,Chandigarh,SUP-039,,WH-NO-01,287.0,20.0,139.0,483.0,18.28,3341.69,35.6,No,No,Winter,Sunny,3449.77,0.0,2.0,424.4,0.027,24,2023,2,19,6
2377,ORD102377,P-FUR-015,Furniture,Plastic Storage Rack,Central,Indore,SUP-021,17.0,WH-CE-03,25.0,1.0,,112.0,3.4,13501.84,4.1,No,No,Autumn,Sunny,13855.47,0.0,2.0,619.72,0.12,4,2024,9,14,5
2378,ORD102378,P-ELE-007,Electronics,Smartphone Charger,South,Hyderabad,SUP-006,6.0,WH-SO-03,107.0,7.0,41.0,154.0,5.6,7232.23,5.8,No,No,Autumn,Rainy,6739.08,0.0,,407.47,0.038,5,2024,11,15,4
2379,ORD102379,P-FUR-003,Furniture,Wooden Bookshelf,South,Chennai,SUP-002,8.0,WH-SO-04,63.0,5.0,35.0,141.0,4.46,8137.47,11.8,No,No,Summer,Sunny,7723.97,0.0,1.0,363.45,0.029,5,2023,5,11,3
2380,ORD102380,P-BEA-003,Beauty,Talcum Powder,South,Bengaluru,SUP-040,9.0,WH-SO-03,601.0,15.0,135.0,779.0,24.93,827.61,17.8,No,No,Spring,Rainy,824.69,1.0,0.0,390.49,0.074,22,2023,3,10,4
2381,ORD102381,P-GRO-005,Grocery,Basmati Rice 5kg,South,Hyderabad,SUP-012,6.0,WH-SO-05,871.0,276.0,338.0,1572.0,53.75,312.42,17.3,No,Yes,Autumn,Rainy,284.71,0.0,0.0,296.04,0.157,62,2022,8,29,0
2382,ORD102382,P-ELE-010,Electronics,Smartwatch,Central,Raipur,SUP-026,3.0,WH-CE-05,164.0,10.0,45.0,248.0,7.42,9284.36,40.3,Yes,No,Autumn,Sunny,9847.84,0.0,0.0,264.68,0.006,14,2022,10,13,3
2383,ORD102383,P-ELE-001,Electronics,Laptop Stand,North,Delhi,SUP-014,14.0,WH-NO-04,136.0,8.0,96.0,338.0,11.15,1773.8,11.6,No,No,Winter,,1990.38,0.0,0.0,,0.106,13,2023,12,9,5
2384,ORD102384,P-ELE-015,Electronics,Smartphone Charger,North,Jaipur,SUP-009,11.0,WH-NO-02,225.0,13.0,75.0,208.0,8.88,8564.49,12.0,No,No,Summer,Cloudy,8415.46,0.0,0.0,352.93,0.014,15,2023,3,7,1
2385,ORD102385,P-BEA-015,Beauty,Face Wash 100ml,West,Surat,SUP-027,6.0,WH-WE-02,397.0,23.0,255.0,901.0,32.11,282.27,1.6,Yes,No,,Sunny,289.2,0.0,2.0,431.57,0.054,35,2023,3,20,0
2386,ORD102386,P-SPO-003,Sports,Gym Dumbbells 5kg,East,Patna,SUP-030,20.0,WH-EA-03,105.0,18.0,102.0,526.0,13.7,2192.33,11.6,No,No,Summer,Rainy,2204.36,0.0,1.0,570.36,0.029,15,2024,5,17,4
2387,ORD102387,P-ELE-012,Electronics,Smartphone Charger,North,,SUP-019,17.0,WH-NO-03,74.0,4.0,41.0,155.0,5.14,8067.28,13.0,No,No,Summer,Cloudy,8924.1,0.0,1.0,491.21,0.136,5,2021,7,22,3
2388,ORD102388,P-BEA-009,Beauty,Talcum Powder,North,Lucknow,SUP-021,10.0,WH-NO-01,93.0,32.0,198.0,773.0,25.98,764.65,,Yes,No,Autumn,Sunny,880.94,0.0,1.0,404.38,0.077,32,2024,10,31,3
2389,ORD102389,P-ELE-008,Electronics,Smartphone Charger,North,Jaipur,SUP-020,4.0,WH-NO-02,162.0,9.0,76.0,290.0,8.76,3382.34,16.8,No,No,Autumn,Cloudy,3274.8,0.0,0.0,274.6,0.127,11,2023,10,27,4
2390,ORD102390,P-CLO-012,Clothing,Women's Kurti,South,Bengaluru,SUP-024,14.0,WH-SO-05,431.0,24.0,157.0,765.0,22.26,553.34,25.7,Yes,No,Summer,Cloudy,553.01,0.0,1.0,465.61,0.133,32,2023,5,8,0
2391,ORD102391,P-BEA-009,Beauty,Moisturizer Cream,North,Jaipur,SUP-033,5.0,WH-NO-03,504.0,16.0,101.0,620.0,22.84,221.22,22.3,Yes,No,,Cloudy,235.7,0.0,0.0,297.93,0.072,39,2023,4,27,3
2392,ORD102392,P-GRO-005,Grocery,Wheat Flour 5kg,North,Delhi,SUP-029,20.0,WH-NO-05,486.0,26.0,167.0,775.0,25.79,243.33,4.5,No,No,Summer,Sunny,249.27,0.0,1.0,550.08,0.073,29,2023,4,23,6
2393,ORD102393,P-ELE-009,Electronics,Smartphone Charger,West,Mumbai,SUP-012,7.0,WH-WE-02,44.0,8.0,82.0,325.0,10.83,8393.46,17.8,No,No,Summer,Cloudy,7754.59,3.0,0.0,325.8,0.107,6,2023,4,7,4
2394,ORD102394,P-CLO-003,Clothing,Cotton Saree,West,Pune,SUP-010,5.0,WH-WE-05,572.0,19.0,172.0,662.0,25.86,806.38,8.2,No,No,,Sunny,687.12,0.0,3.0,454.89,0.012,27,2022,5,28,5
2395,ORD102395,P-SPO-004,Sports,Yoga Mat,West,Mumbai,SUP-027,15.0,WH-WE-05,149.0,14.0,83.0,294.0,10.0,1080.48,18.2,Yes,No,Winter,Cloudy,1025.43,0.0,0.0,487.19,0.212,15,2023,12,15,4
2396,ORD102396,P-GRO-015,Grocery,Tea Powder 500g,South,Hyderabad,SUP-026,4.0,WH-SO-02,1119.0,127.0,417.0,2091.0,68.19,577.51,4.8,No,No,Winter,,590.83,0.0,0.0,,0.061,115,2022,1,5,2
2397,ORD102397,P-ELE-003,Electronics,Smartphone Charger,South,Bengaluru,SUP-015,7.0,WH-SO-04,1044.0,11.0,116.0,429.0,14.61,7376.72,13.7,Yes,Yes,Summer,Cloudy,7120.79,0.0,0.0,409.06,0.057,27,2023,8,13,6
2398,ORD102398,P-ELE-009,Electronics,Wireless Earbuds,Central,,SUP-034,16.0,WH-CE-05,89.0,7.0,34.0,226.0,6.25,9223.11,6.5,Yes,No,Winter,Rainy,8415.64,0.0,1.0,461.54,0.115,9,2023,2,9,3
2399,ORD102399,P-CLO-005,Clothing,Men's Cotton T-Shirt,West,Mumbai,SUP-017,10.0,WH-WE-04,197.0,22.0,127.0,560.0,17.3,2333.66,11.1,,No,Autumn,Sunny,2217.93,0.0,,324.49,0.078,22,2022,6,20,0
2400,ORD102400,P-CLO-007,Clothing,Men's Cotton T-Shirt,East,Ranchi,SUP-014,16.0,WH-EA-05,437.0,17.0,131.0,661.0,21.3,2098.64,29.9,Yes,Yes,Spring,Sunny,2399.37,0.0,1.0,485.98,0.161,33,2024,3,20,2
2401,ORD102401,P-BEA-004,Beauty,Body Lotion 400ml,South,Coimbatore,SUP-023,10.0,WH-SO-01,80.0,19.0,147.0,790.0,26.24,1032.61,4.5,Yes,,Summer,Rainy,936.11,1.0,0.0,310.21,,17,2022,4,11,0
2402,ORD102402,P-BEA-009,Beauty,Moisturizer Cream,South,,SUP-008,5.0,WH-SO-01,217.0,31.0,216.0,1004.0,31.08,231.81,10.6,No,No,Autumn,Sunny,225.24,0.0,1.0,393.49,0.031,38,2023,8,22,1
2403,ORD102403,P-SPO-009,Sports,Yoga Mat,East,Kolkata,SUP-028,12.0,WH-EA-01,271.0,14.0,80.0,411.0,14.04,3151.0,10.5,No,No,Winter,Sunny,3010.92,0.0,1.0,258.96,0.036,17,2022,1,2,6
2404,ORD102404,P-BEA-010,Beauty,Sunscreen Lotion,East,Ranchi,SUP-036,13.0,WH-EA-02,307.0,6.0,197.0,637.0,25.22,949.66,3.3,No,No,Autumn,Cloudy,1095.27,0.0,1.0,,0.129,23,2021,10,20,2
2405,ORD102405,P-GRO-005,Grocery,Basmati Rice 5kg,North,Jaipur,SUP-038,11.0,WH-NO-04,367.0,31.0,194.0,768.0,29.23,532.18,10.7,No,No,Summer,Cloudy,467.81,0.0,1.0,295.42,0.054,20,2023,4,21,4
2406,ORD102406,P-CLO-009,Clothing,Kids Winter Jacket,Central,Jabalpur,SUP-018,,WH-CE-05,277.0,20.0,115.0,500.0,16.25,341.74,11.0,No,No,Autumn,Sunny,319.19,1.0,0.0,271.49,0.016,18,2024,11,26,1
2407,ORD102407,P-GRO-011,Grocery,Tea Powder 500g,East,Kolkata,SUP-011,4.0,WH-EA-03,175.0,41.0,250.0,1221.0,36.04,573.11,11.5,No,No,Summer,Rainy,574.27,0.0,1.0,,0.081,28,2022,3,15,1
2408,ORD102408,P-GRO-011,Grocery,Instant Noodles Pack,East,Patna,SUP-020,13.0,WH-EA-03,569.0,29.0,237.0,894.0,31.17,412.36,28.7,No,No,Summer,Sunny,416.64,0.0,0.0,398.13,0.05,48,2021,6,17,3
2409,ORD102409,P-SPO-009,Sports,Cricket Bat,North,Delhi,SUP-005,3.0,WH-NO-05,330.0,9.0,102.0,534.0,16.29,2682.01,21.6,No,No,Autumn,Rainy,2914.44,0.0,0.0,338.06,0.187,21,2021,6,25,4
2410,ORD102410,P-FUR-005,Furniture,Study Table,West,Ahmedabad,SUP-027,3.0,WH-WE-03,105.0,10.0,71.0,272.0,8.66,12451.23,7.4,No,No,Winter,Rainy,13427.4,0.0,2.0,319.05,0.104,11,2022,12,20,1
2411,ORD102411,P-SPO-008,Sports,Skipping Rope,West,Mumbai,SUP-018,13.0,WH-WE-03,198.0,9.0,103.0,377.0,11.22,498.54,17.8,Yes,No,Spring,Sunny,468.94,0.0,1.0,498.37,0.204,14,2024,2,18,6
2412,ORD102412,P-GRO-009,Grocery,Wheat Flour 5kg,North,Delhi,SUP-005,3.0,WH-NO-01,520.0,36.0,234.0,1066.0,40.07,,1.9,Yes,No,Autumn,,597.44,0.0,0.0,309.98,0.056,47,2023,11,7,1
2413,ORD102413,P-CLO-015,Clothing,Men's Cotton T-Shirt,East,Bhubaneswar,SUP-022,9.0,WH-EA-02,187.0,16.0,135.0,414.0,15.61,283.57,3.9,Yes,No,Autumn,Cloudy,278.78,0.0,4.0,549.01,0.119,21,2021,11,2,1
2414,ORD102414,P-CLO-006,Clothing,Kids Winter Jacket,East,Ranchi,SUP-029,10.0,WH-EA-04,53.0,19.0,98.0,542.0,15.3,1568.51,17.0,No,No,Summer,Stormy,1506.29,0.0,2.0,327.34,0.019,9,2024,5,4,5
2415,ORD102415,P-ELE-005,Electronics,Bluetooth Speaker,West,Surat,SUP-010,9.0,WH-WE-04,164.0,9.0,43.0,166.0,6.71,8806.32,27.3,No,No,Autumn,Cloudy,9495.34,0.0,1.0,461.06,0.118,12,2021,8,29,6
2416,ORD102416,P-GRO-012,Grocery,Masala Mix 200g,North,Jaipur,SUP-017,6.0,WH-NO-03,559.0,43.0,321.0,1270.0,40.75,154.24,3.6,No,No,Spring,Sunny,156.91,0.0,0.0,272.7,0.094,44,2023,3,29,2
2417,ORD102417,P-CLO-010,Clothing,Woolen Sweater,West,Nagpur,SUP-036,6.0,WH-WE-04,986.0,45.0,260.0,1550.0,44.5,1097.08,5.4,No,No,Summer,Cloudy,1233.68,0.0,3.0,446.48,0.094,55,2024,5,25,5
2418,ORD102418,P-ELE-007,Electronics,Smartwatch,South,Kochi,SUP-029,10.0,WH-SO-04,111.0,13.0,78.0,321.0,10.26,6545.16,3.3,Yes,No,Summer,Cloudy,6774.45,0.0,1.0,400.95,0.046,11,2024,3,26,1
2419,ORD102419,P-SPO-001,Sports,Football,North,Delhi,SUP-032,1.0,WH-NO-01,225.0,18.0,186.0,,24.56,4157.57,8.4,No,No,Autumn,Cloudy,4453.31,0.0,0.0,167.65,0.042,22,2023,10,23,0
2420,ORD102420,P-ELE-011,Electronics,Laptop Stand,North,Lucknow,SUP-018,8.0,WH-NO-05,238.0,10.0,84.0,415.0,12.18,11892.11,13.6,No,No,Summer,Cloudy,9273.75,0.0,3.0,384.07,0.075,9,2022,4,29,4
2421,ORD102421,P-ELE-012,Electronics,Smartphone Charger,North,Jaipur,SUP-020,,WH-NO-04,162.0,12.0,55.0,,8.0,5875.87,21.5,No,No,Winter,Rainy,5900.54,0.0,1.0,647.84,0.098,8,2024,1,25,3
2422,ORD102422,P-BEA-014,Beauty,Body Lotion 400ml,South,,SUP-020,3.0,WH-SO-02,638.0,41.0,182.0,879.0,28.25,344.2,13.0,No,No,Summer,Sunny,355.1,0.0,1.0,222.03,0.061,46,2022,7,19,1
2423,ORD102423,P-ELE-008,Electronics,Smartwatch,East,Guwahati,SUP-019,9.0,WH-EA-02,184.0,4.0,71.0,244.0,9.2,7538.43,5.4,Yes,No,Summer,Stormy,7832.9,0.0,1.0,376.87,0.01,6,2022,5,27,4
2424,ORD102424,P-SPO-008,Sports,Yoga Mat,West,,SUP-006,11.0,WH-WE-05,302.0,14.0,109.0,425.0,16.58,4937.72,17.9,No,No,Spring,Sunny,5534.45,0.0,0.0,477.75,0.051,26,2023,2,18,5
2425,ORD102425,P-BEA-004,Beauty,Talcum Powder,North,,SUP-002,,WH-NO-02,55.0,26.0,165.0,594.0,20.25,1121.2,1.3,No,No,Summer,Sunny,1173.58,0.0,1.0,433.72,0.018,14,2023,6,22,3
2426,ORD102426,P-ELE-007,Electronics,Smartwatch,Central,Indore,SUP-034,19.0,WH-CE-01,51.0,9.0,65.0,192.0,7.88,6855.02,4.3,No,No,Autumn,Sunny,6171.55,0.0,1.0,614.5,0.014,8,2021,11,2,1
2427,ORD102427,P-FUR-001,Furniture,Plastic Storage Rack,North,Delhi,SUP-022,10.0,WH-NO-01,129.0,8.0,48.0,279.0,8.77,15469.69,20.3,No,No,Autumn,Rainy,16095.08,0.0,1.0,425.6,0.111,10,2024,9,23,0
2428,ORD102428,P-FUR-008,Furniture,Office Chair,East,Patna,SUP-022,7.0,WH-EA-02,49.0,2.0,19.0,125.0,3.36,13410.79,4.4,No,No,Autumn,Rainy,14273.65,0.0,1.0,431.93,0.116,4,2024,6,20,3
2429,ORD102429,P-BEA-011,Beauty,Hair Oil 250ml,Central,Bhopal,SUP-024,5.0,WH-CE-04,485.0,24.0,190.0,839.0,27.85,823.76,19.8,No,No,Winter,Sunny,781.41,0.0,0.0,382.86,0.026,35,2022,2,18,4
2430,ORD102430,P-BEA-012,Beauty,Moisturizer Cream,West,Nagpur,SUP-017,15.0,WH-WE-03,655.0,29.0,235.0,1217.0,39.09,574.26,11.1,No,No,Winter,Rainy,553.87,0.0,2.0,506.32,0.03,36,2021,12,20,0
2431,ORD102431,P-FUR-010,Furniture,Office Chair,East,Kolkata,SUP-036,12.0,WH-EA-04,18.0,4.0,19.0,81.0,3.08,5930.95,3.6,Yes,No,Summer,Sunny,6289.34,0.0,,326.26,0.051,2,2021,4,11,6
2432,ORD102432,P-CLO-013,Clothing,Men's Cotton T-Shirt,West,Pune,SUP-019,3.0,WH-WE-02,436.0,14.0,114.0,550.0,18.58,2053.99,18.7,No,No,Summer,Sunny,2049.45,0.0,0.0,124.4,0.059,18,2022,8,17,2
2433,ORD102433,P-GRO-010,Grocery,Sugar 1kg,North,Kanpur,SUP-021,24.0,WH-NO-02,482.0,39.0,340.0,1139.0,37.72,342.82,10.0,Yes,No,Autumn,Sunny,372.0,0.0,2.0,649.6,0.063,55,2021,9,7,1
2434,ORD102434,P-FUR-012,Furniture,TV Unit,North,Kanpur,SUP-022,10.0,WH-NO-03,132.0,8.0,59.0,210.0,7.19,19102.83,1.1,No,No,Autumn,Sunny,19342.16,0.0,1.0,349.38,0.018,11,2024,9,21,5
2435,ORD102435,P-SPO-007,Sports,Yoga Mat,South,Chennai,SUP-007,9.0,WH-SO-04,284.0,14.0,89.0,454.0,14.55,6383.16,9.9,No,,Autumn,Cloudy,1571.04,0.0,1.0,356.37,0.036,15,2024,8,4,6
2436,ORD102436,P-CLO-010,Clothing,Women's Kurti,North,Chandigarh,SUP-007,4.0,WH-NO-03,134.0,17.0,86.0,484.0,17.29,2438.98,26.4,No,No,Summer,Sunny,2444.91,0.0,0.0,313.0,0.062,16,2024,4,25,3
2437,ORD102437,P-FUR-010,Furniture,Foldable Bed,South,Hyderabad,SUP-008,3.0,WH-SO-04,75.0,4.0,41.0,196.0,6.45,1937.13,9.9,No,No,Winter,Sunny,1871.26,2.0,0.0,145.84,0.052,6,2022,2,16,2
2438,ORD102438,P-CLO-009,Clothing,Women's Kurti,North,Kanpur,SUP-011,7.0,WH-NO-01,86.0,20.0,131.0,729.0,23.17,1362.08,2.9,No,No,Autumn,Sunny,1426.28,0.0,1.0,323.25,0.184,15,2023,10,6,4
2439,ORD102439,P-BEA-009,Beauty,Face Wash 100ml,Central,Gwalior,SUP-007,8.0,WH-CE-03,74.0,19.0,160.0,,20.66,148.0,1.1,No,No,Winter,Sunny,152.7,0.0,2.0,290.92,0.045,24,2022,12,19,0
2440,ORD102440,P-SPO-012,Sports,Running Shoes,West,Ahmedabad,SUP-009,9.0,WH-WE-03,1268.0,24.0,210.0,901.0,29.78,4940.3,10.9,No,Yes,Winter,Cloudy,4557.51,0.0,1.0,265.91,0.284,33,2022,2,4,4
2441,ORD102441,P-ELE-004,Electronics,Smartwatch,West,Pune,SUP-038,6.0,WH-WE-01,53.0,15.0,68.0,301.0,10.67,7699.39,30.3,Yes,No,Winter,Cloudy,7805.64,0.0,1.0,383.3,0.014,11,2023,2,21,1
2442,ORD102442,P-GRO-005,Grocery,Basmati Rice 5kg,West,Pune,SUP-015,6.0,WH-WE-02,958.0,80.0,351.0,1503.0,50.86,458.75,11.4,No,No,Summer,Sunny,477.48,0.0,0.0,311.55,0.097,62,2021,8,30,0
2443,ORD102443,P-CLO-008,Clothing,Women's Kurti,North,Jaipur,SUP-032,6.0,WH-NO-02,217.0,21.0,92.0,,15.96,649.17,10.1,No,No,Autumn,Sunny,670.9,0.0,3.0,306.04,0.102,18,2024,11,3,6
2444,ORD102444,P-CLO-010,Clothing,Women's Kurti,North,Kanpur,SUP-016,16.0,WH-NO-03,251.0,32.0,147.0,591.0,21.73,2258.74,35.5,No,No,Summer,Cloudy,2430.67,0.0,0.0,474.34,0.194,26,2021,8,28,5
2445,ORD102445,P-CLO-008,Clothing,Cotton Saree,East,Kolkata,SUP-033,13.0,WH-EA-01,90.0,12.0,124.0,397.0,14.27,1199.96,12.4,No,No,Spring,Rainy,1099.36,0.0,1.0,267.72,0.017,10,2022,3,17,3
2446,ORD102446,P-ELE-003,Electronics,Laptop Stand,East,Guwahati,SUP-031,21.0,WH-EA-02,86.0,7.0,44.0,212.0,6.98,12162.6,14.8,No,No,Autumn,Cloudy,11985.88,0.0,4.0,630.32,0.1,7,2021,11,20,5
2447,ORD102447,P-GRO-013,Grocery,Sugar 1kg,South,Hyderabad,SUP-034,4.0,WH-SO-05,1174.0,42.0,402.0,1349.0,56.6,315.29,1.5,Yes,No,Spring,Cloudy,258.45,0.0,0.0,336.04,0.045,56,2023,2,1,2
2448,ORD102448,P-CLO-009,Clothing,Men's Cotton T-Shirt,South,Bengaluru,SUP-012,22.0,WH-SO-01,434.0,19.0,114.0,546.0,18.47,1188.56,6.3,No,No,Autumn,Stormy,1298.34,0.0,1.0,492.12,0.048,23,2023,9,9,5
2449,ORD102449,P-CLO-007,Clothing,Track Pants,East,Kolkata,SUP-004,7.0,WH-EA-05,187.0,11.0,97.0,449.0,15.67,1833.82,2.9,No,No,Autumn,Rainy,1847.99,0.0,0.0,324.08,0.01,12,2024,10,31,3
2450,ORD102450,P-FUR-014,Furniture,Office Chair,North,Lucknow,SUP-013,9.0,WH-NO-03,63.0,3.0,30.0,119.0,3.75,11791.1,8.9,Yes,No,Autumn,Sunny,11685.66,0.0,1.0,407.64,0.064,6,2022,7,22,4
2451,ORD102451,P-BEA-007,Beauty,Talcum Powder,South,Chennai,SUP-029,11.0,WH-SO-01,,4.0,122.0,583.0,21.34,767.89,15.9,No,No,Autumn,Rainy,760.02,0.0,1.0,368.02,0.123,15,2021,10,22,4
2452,ORD102452,P-FUR-003,Furniture,Dining Chair,South,Bengaluru,SUP-027,6.0,WH-SO-03,30.0,4.0,25.0,,3.6,5631.23,10.3,Yes,No,Spring,Cloudy,5847.58,0.0,0.0,260.48,0.283,7,2021,2,1,0
2453,ORD102453,P-BEA-015,Beauty,Lipstick Set,East,Patna,SUP-029,5.0,WH-EA-03,257.0,38.0,170.0,833.0,27.91,515.84,28.2,No,No,Summer,Cloudy,558.79,0.0,3.0,,0.033,27,2023,5,24,2
2454,ORD102454,P-FUR-006,Furniture,Dining Chair,Central,Jabalpur,SUP-040,14.0,WH-CE-02,57.0,7.0,45.0,149.0,5.36,14589.13,2.2,,No,Winter,Cloudy,14249.28,0.0,1.0,502.81,0.062,7,2024,12,1,6
2455,ORD102455,P-CLO-014,Clothing,Cotton Saree,East,Guwahati,SUP-009,9.0,WH-EA-02,,26.0,131.0,561.0,20.81,1082.31,12.1,No,No,Summer,Sunny,1117.77,0.0,4.0,449.8,0.155,17,2021,4,3,5
2456,ORD102456,P-FUR-008,Furniture,Dining Chair,West,Pune,SUP-018,10.0,WH-WE-04,138.0,9.0,42.0,208.0,7.43,11893.4,15.0,No,No,Winter,Rainy,12271.95,0.0,0.0,308.26,0.064,8,2024,12,26,3
2457,ORD102457,P-ELE-004,Electronics,Wireless Earbuds,West,Surat,SUP-020,,WH-WE-01,81.0,8.0,57.0,196.0,8.32,10877.19,0.8,No,No,Winter,Sunny,8964.14,0.0,1.0,359.98,0.196,5,2022,1,20,3
2458,ORD102458,P-GRO-006,Grocery,Basmati Rice 5kg,North,Chandigarh,SUP-006,3.0,WH-NO-05,311.0,26.0,339.0,1336.0,49.58,549.27,24.8,No,No,Autumn,Sunny,158.07,0.0,0.0,402.75,0.043,52,2024,8,20,1
2459,ORD102459,P-CLO-014,Clothing,Woolen Sweater,East,Guwahati,SUP-027,7.0,WH-EA-02,243.0,11.0,132.0,515.0,16.21,778.4,7.8,Yes,No,Summer,Sunny,805.52,0.0,1.0,442.8,0.189,23,2021,4,12,0
2460,ORD102460,P-SPO-015,Sports,Skipping Rope,East,Patna,SUP-002,6.0,WH-EA-02,46.0,12.0,88.0,348.0,13.73,4980.36,19.0,No,No,Autumn,Cloudy,5471.96,0.0,4.0,475.65,0.036,12,2024,7,26,4
2461,ORD102461,P-FUR-003,Furniture,Foldable Bed,East,Kolkata,SUP-036,11.0,WH-EA-01,37.0,1.0,18.0,64.0,2.39,5120.51,18.4,No,No,Summer,Sunny,5677.24,0.0,0.0,378.95,0.081,0,2022,4,28,3
2462,ORD102462,P-ELE-015,Electronics,LED TV 43in,North,Lucknow,SUP-004,11.0,WH-NO-05,111.0,7.0,37.0,181.0,6.23,1399.78,19.1,Yes,No,Spring,Sunny,1262.64,0.0,1.0,490.79,0.145,8,2022,2,6,6
2463,ORD102463,P-CLO-013,Clothing,Formal Shirt,Central,Jabalpur,SUP-005,7.0,WH-CE-02,122.0,16.0,115.0,452.0,14.11,1918.82,11.0,No,No,Autumn,Rainy,2072.24,0.0,1.0,301.06,0.037,19,2021,10,29,4
2464,ORD102464,P-GRO-010,Grocery,Toor Dal 1kg,Central,Raipur,SUP-007,2.0,WH-CE-05,,41.0,280.0,922.0,35.33,409.6,8.1,No,No,Autumn,,443.45,0.0,2.0,248.45,0.021,38,2021,7,15,3
2465,ORD102465,P-BEA-003,Beauty,Lipstick Set,North,Delhi,SUP-036,11.0,WH-NO-02,372.0,21.0,124.0,457.0,16.36,978.13,24.5,No,No,Summer,Sunny,1010.43,0.0,2.0,515.03,0.113,20,2024,3,12,1
2466,ORD102466,P-BEA-009,Beauty,Hair Oil 250ml,North,Kanpur,SUP-035,8.0,WH-NO-01,476.0,20.0,337.0,1456.0,42.82,971.99,23.2,Yes,No,Summer,Cloudy,814.93,0.0,1.0,475.55,,40,2021,4,12,0
2467,ORD102467,P-CLO-007,Clothing,Track Pants,North,Kanpur,SUP-037,2.0,WH-NO-03,293.0,22.0,207.0,867.0,28.51,668.14,15.6,Yes,No,Autumn,Sunny,639.43,0.0,0.0,191.84,0.13,31,2022,11,9,2
2468,ORD102468,P-CLO-002,Clothing,Formal Shirt,West,Ahmedabad,SUP-034,8.0,WH-WE-03,575.0,,224.0,1007.0,31.53,338.36,9.0,Yes,No,Autumn,Sunny,341.29,0.0,1.0,380.94,0.06,51,2024,10,17,3
2469,ORD102469,P-GRO-015,Grocery,Instant Noodles Pack,East,Guwahati,SUP-037,9.0,WH-EA-03,420.0,,359.0,1658.0,62.04,584.17,9.4,No,Yes,Autumn,Sunny,573.14,0.0,0.0,371.68,0.095,48,2022,8,15,0
2470,ORD102470,P-CLO-010,Clothing,Men's Cotton T-Shirt,North,Delhi,SUP-019,8.0,WH-NO-05,406.0,18.0,143.0,636.0,22.74,1369.65,24.9,No,No,Summer,Sunny,1132.03,0.0,0.0,331.34,0.073,22,2024,4,23,1
2471,ORD102471,P-SPO-002,Sports,Skipping Rope,West,Ahmedabad,SUP-001,16.0,WH-WE-03,188.0,4.0,90.0,378.0,11.45,2482.54,3.5,No,No,Autumn,Sunny,2430.65,0.0,0.0,,0.144,8,2023,10,9,0
2472,ORD102472,P-BEA-006,Beauty,Hair Oil 250ml,South,Kochi,SUP-018,17.0,WH-SO-04,215.0,34.0,224.0,883.0,28.5,855.74,10.8,No,No,Summer,Rainy,792.03,0.0,3.0,567.68,0.041,28,2024,3,7,3
2473,ORD102473,P-CLO-013,Clothing,Kids Winter Jacket,South,Hyderabad,SUP-009,8.0,WH-SO-02,211.0,27.0,153.0,610.0,19.26,326.36,24.9,No,No,Autumn,Sunny,341.79,0.0,3.0,285.41,0.122,22,2024,10,15,1
2474,ORD102474,P-GRO-007,Grocery,Toor Dal 1kg,South,Bengaluru,SUP-010,9.0,WH-SO-01,883.0,30.0,250.0,1222.0,38.15,337.76,,Yes,No,Summer,Cloudy,350.73,0.0,2.0,,0.093,59,2021,5,23,6
2475,ORD102475,P-ELE-008,Electronics,LED TV 43in,East,,SUP-028,8.0,WH-EA-03,175.0,8.0,82.0,304.0,9.36,7823.01,2.1,Yes,No,Summer,Sunny,8150.38,0.0,1.0,407.41,0.131,9,2022,3,17,3
2476,ORD102476,P-ELE-003,Electronics,LED TV 43in,East,Guwahati,SUP-007,8.0,WH-EA-03,,8.0,45.0,189.0,6.57,2571.5,9.1,No,No,Summer,Stormy,2495.51,0.0,0.0,351.4,0.132,8,2022,4,15,4
2477,ORD102477,P-ELE-002,Electronics,Home Router,South,Coimbatore,SUP-013,3.0,WH-SO-03,94.0,8.0,59.0,211.0,7.92,11156.67,2.1,No,No,Summer,Rainy,11174.77,0.0,0.0,218.69,0.042,7,2021,4,8,3
2478,ORD102478,P-GRO-015,Grocery,Basmati Rice 5kg,South,Coimbatore,SUP-016,13.0,WH-SO-04,872.0,60.0,510.0,1431.0,51.4,186.46,3.6,No,No,Summer,Sunny,185.21,0.0,2.0,536.48,0.034,56,2021,6,5,5
2479,ORD102479,P-SPO-015,Sports,Running Shoes,Central,Bhopal,SUP-003,6.0,WH-CE-05,80.0,6.0,56.0,250.0,8.73,4627.17,9.3,,No,Summer,Cloudy,4965.37,0.0,2.0,371.28,0.05,6,2021,6,10,3
2480,ORD102480,P-CLO-002,Clothing,Woolen Sweater,East,Kolkata,SUP-029,6.0,WH-EA-01,207.0,20.0,128.0,382.0,16.49,2029.62,8.9,No,No,Autumn,Sunny,1943.02,0.0,2.0,394.46,0.044,16,2024,10,19,5
2481,ORD102481,P-GRO-009,Grocery,Tea Powder 500g,Central,Gwalior,SUP-031,15.0,WH-CE-01,787.0,36.0,173.0,1005.0,32.04,72.28,9.0,No,No,Autumn,Sunny,67.9,0.0,3.0,509.15,0.095,29,2024,6,6,3
2482,ORD102482,P-ELE-011,Electronics,Laptop Stand,East,Ranchi,SUP-023,15.0,WH-EA-02,141.0,8.0,58.0,285.0,8.74,14811.06,12.7,Yes,No,Summer,Sunny,15950.36,0.0,1.0,441.6,0.02,15,2023,5,10,2
2483,ORD102483,P-GRO-014,Grocery,Tea Powder 500g,West,Mumbai,SUP-002,7.0,WH-WE-03,403.0,50.0,387.0,1536.0,50.74,107.28,4.3,No,No,Summer,Cloudy,114.32,0.0,1.0,361.47,0.1,48,2024,5,20,0
2484,ORD102484,P-BEA-009,Beauty,Sunscreen Lotion,South,Hyderabad,SUP-032,13.0,WH-SO-01,395.0,8.0,137.0,601.0,21.52,394.6,1.8,Yes,No,Summer,Sunny,409.31,1.0,0.0,398.34,0.037,29,2022,5,18,2
2485,ORD102485,P-GRO-014,Grocery,Sugar 1kg,West,Ahmedabad,SUP-018,3.0,WH-WE-01,722.0,27.0,,,29.14,477.47,19.2,No,No,Autumn,Sunny,537.8,0.0,1.0,266.24,0.11,52,2022,11,26,5
2486,ORD102486,P-BEA-002,Beauty,Talcum Powder,South,Chennai,SUP-011,10.0,WH-SO-03,674.0,37.0,265.0,910.0,36.65,290.25,26.8,No,No,Autumn,Cloudy,338.74,1.0,1.0,360.78,0.115,36,2024,7,14,6
2487,ORD102487,P-BEA-001,Beauty,Hair Oil 250ml,North,Jaipur,SUP-038,10.0,WH-NO-02,240.0,13.0,104.0,356.0,14.48,646.77,18.4,Yes,No,Autumn,,710.45,0.0,2.0,291.52,0.156,18,2021,8,4,2
2488,ORD102488,P-ELE-007,Electronics,Power Bank 10000mAh,North,Kanpur,SUP-035,16.0,WH-NO-05,156.0,7.0,46.0,342.0,9.76,9586.99,2.9,No,No,Summer,Rainy,9013.81,3.0,2.0,446.32,0.081,5,2021,8,2,0
2489,ORD102489,P-FUR-004,Furniture,Foldable Bed,North,Kanpur,SUP-018,16.0,WH-NO-03,100.0,7.0,49.0,124.0,5.19,10858.93,21.8,Yes,No,Spring,Cloudy,11580.92,0.0,3.0,552.19,0.048,8,2023,2,9,3
2490,ORD102490,P-SPO-012,Sports,Skipping Rope,Central,Bhopal,SUP-018,3.0,WH-CE-05,306.0,17.0,73.0,406.0,12.52,3976.74,22.3,Yes,No,Winter,Cloudy,4011.81,0.0,1.0,277.27,0.147,18,2022,1,5,2
2491,ORD102491,P-GRO-006,Grocery,Masala Mix 200g,Central,Raipur,SUP-037,,WH-CE-04,106.0,36.0,218.0,,35.35,316.89,19.5,Yes,No,Autumn,Cloudy,302.63,,1.0,501.97,0.031,34,2023,9,4,0
2492,ORD102492,P-ELE-007,Electronics,Smartphone Charger,West,,SUP-008,9.0,WH-WE-03,57.0,10.0,48.0,272.0,9.1,6194.03,9.8,Yes,No,Summer,Sunny,5826.79,0.0,2.0,490.91,0.06,9,2023,7,19,2
2493,ORD102493,P-SPO-009,Sports,Skipping Rope,North,Lucknow,SUP-017,5.0,WH-NO-05,238.0,6.0,77.0,385.0,12.96,4222.08,10.5,No,No,Summer,Cloudy,4313.03,2.0,2.0,325.17,0.02,8,2022,5,1,6
2494,ORD102494,P-SPO-015,Sports,Running Shoes,West,Nagpur,SUP-023,6.0,WH-WE-05,70.0,11.0,114.0,502.0,16.5,875.79,7.7,No,No,Autumn,Sunny,933.02,0.0,0.0,215.7,0.027,15,2021,6,19,5
2495,ORD102495,P-CLO-002,Clothing,Formal Shirt,West,Ahmedabad,SUP-014,9.0,WH-WE-03,478.0,20.0,,545.0,23.23,2449.16,28.4,No,No,Summer,Rainy,,0.0,1.0,463.91,0.036,21,2021,5,1,5
2496,ORD102496,P-CLO-009,Clothing,Track Pants,South,Hyderabad,SUP-013,8.0,WH-SO-05,103.0,7.0,69.0,304.0,10.87,2384.44,7.6,No,No,Autumn,Sunny,2513.03,0.0,0.0,346.54,0.147,8,2022,10,10,0
2497,ORD102497,P-GRO-006,Grocery,Sunflower Oil 1L,East,Patna,SUP-005,5.0,WH-EA-02,655.0,42.0,231.0,1111.0,32.51,164.76,0.5,No,No,Summer,Sunny,172.32,0.0,0.0,241.16,0.052,43,2022,4,16,5
2498,ORD102498,P-BEA-001,Beauty,Hair Oil 250ml,West,Nagpur,SUP-011,4.0,WH-WE-02,987.0,36.0,324.0,1344.0,44.42,597.59,2.0,Yes,Yes,Winter,Sunny,587.75,0.0,3.0,274.17,0.038,69,2021,2,19,4
2499,ORD102499,P-CLO-013,Clothing,Kids Winter Jacket,North,Chandigarh,SUP-015,10.0,WH-NO-04,131.0,11.0,100.0,511.0,17.36,585.05,22.3,No,,Autumn,,595.18,0.0,26.0,572.75,0.089,13,2023,10,6,4
2500,ORD102500,P-ELE-014,Electronics,Home Router,East,Bhubaneswar,SUP-034,4.0,WH-EA-04,204.0,14.0,45.0,268.0,8.89,1826.86,13.2,No,No,Autumn,Sunny,1608.38,0.0,2.0,325.63,0.072,8,2024,10,30,2
2501,ORD102501,P-FUR-003,Furniture,Foldable Bed,West,Ahmedabad,SUP-014,16.0,WH-WE-02,,13.0,49.0,227.0,8.16,11115.18,20.4,No,No,Autumn,Cloudy,11617.81,0.0,1.0,503.57,0.073,9,2024,11,30,5
2502,ORD102502,P-SPO-012,Sports,Gym Dumbbells 5kg,North,Delhi,SUP-007,3.0,WH-NO-04,149.0,21.0,141.0,,16.93,3967.51,12.7,No,Yes,Summer,Sunny,4104.54,,4.0,348.57,0.152,19,2021,6,22,1
2503,ORD102503,P-BEA-011,Beauty,Sunscreen Lotion,South,Coimbatore,SUP-034,12.0,WH-SO-03,,11.0,168.0,898.0,27.46,840.24,25.0,Yes,No,Autumn,Cloudy,968.91,0.0,,314.61,0.105,30,2021,10,5,1
2504,ORD102504,P-GRO-011,Grocery,Tea Powder 500g,East,Patna,SUP-015,5.0,WH-EA-03,268.0,36.0,152.0,668.0,24.68,523.04,16.0,No,No,Autumn,Cloudy,521.38,0.0,1.0,389.83,0.104,20,2022,9,24,5
2505,ORD102505,P-ELE-007,Electronics,Home Router,West,Pune,SUP-037,5.0,WH-WE-05,180.0,14.0,72.0,362.0,9.89,5522.48,17.1,No,No,Autumn,Stormy,6048.78,0.0,0.0,247.11,0.11,14,2024,8,29,3
2506,ORD102506,P-SPO-005,Sports,Skipping Rope,Central,Gwalior,SUP-005,6.0,WH-CE-01,90.0,6.0,92.0,352.0,12.13,1411.74,7.9,Yes,No,Summer,Sunny,1358.16,0.0,2.0,335.73,0.188,14,2023,4,20,3
2507,ORD102507,P-SPO-002,Sports,Cricket Bat,West,Mumbai,SUP-001,3.0,WH-WE-03,173.0,4.0,78.0,422.0,13.61,3813.16,1.5,Yes,No,Autumn,,4330.84,0.0,0.0,,0.072,14,2022,10,30,6
2508,ORD102508,P-CLO-001,Clothing,Kids Winter Jacket,East,Guwahati,SUP-037,10.0,WH-EA-02,360.0,13.0,125.0,565.0,16.18,2346.97,15.0,No,No,Autumn,Sunny,2619.12,0.0,3.0,472.15,0.036,17,2024,9,14,5
2509,ORD102509,P-FUR-003,Furniture,Wooden Bookshelf,East,Bhubaneswar,SUP-004,6.0,WH-EA-03,22.0,7.0,50.0,210.0,6.72,9275.58,1.5,No,Yes,Summer,,10115.53,,0.0,353.48,0.063,10,2023,8,27,6
2510,ORD102510,P-CLO-008,Clothing,Women's Kurti,East,Guwahati,SUP-001,,WH-EA-01,319.0,29.0,129.0,524.0,20.36,501.63,9.9,No,No,Winter,Rainy,504.05,0.0,0.0,357.62,0.064,24,2024,12,9,0
2511,ORD102511,P-GRO-003,Grocery,Instant Noodles Pack,East,Kolkata,SUP-026,12.0,WH-EA-01,639.0,17.0,193.0,1095.0,38.93,289.84,23.6,No,No,Autumn,Sunny,284.69,0.0,0.0,416.03,0.167,44,2024,6,15,5
2512,ORD102512,P-ELE-011,Electronics,Power Bank 10000mAh,North,Jaipur,SUP-013,6.0,WH-NO-04,56.0,10.0,51.0,161.0,6.52,8259.14,23.3,No,No,Winter,Stormy,8014.02,0.0,0.0,249.32,0.151,8,2024,12,29,6
2513,ORD102513,P-ELE-010,Electronics,Home Router,West,Pune,SUP-020,2.0,WH-WE-01,224.0,5.0,78.0,314.0,10.74,13308.19,6.3,No,No,Summer,Sunny,12272.57,0.0,0.0,173.24,0.112,13,2023,3,26,6
2514,ORD102514,P-GRO-006,Grocery,Toor Dal 1kg,West,Nagpur,SUP-017,7.0,WH-WE-03,671.0,36.0,201.0,758.0,28.32,487.66,13.9,No,No,Summer,Rainy,505.9,0.0,0.0,249.02,0.037,29,2022,7,2,5
2515,ORD102515,P-BEA-002,Beauty,Lipstick Set,East,Patna,SUP-012,11.0,WH-EA-05,197.0,18.0,101.0,540.0,18.51,686.1,19.5,Yes,No,Spring,Cloudy,672.47,0.0,2.0,399.68,0.045,15,2021,3,31,2
2516,ORD102516,P-ELE-008,Electronics,Power Bank 10000mAh,West,Mumbai,SUP-020,14.0,WH-WE-05,367.0,24.0,160.0,584.0,17.18,8084.51,7.9,No,No,Winter,Rainy,8332.01,0.0,2.0,589.63,0.177,25,2023,12,3,6
2517,ORD102517,P-GRO-013,Grocery,Sunflower Oil 1L,West,Ahmedabad,SUP-011,4.0,WH-WE-01,443.0,59.0,312.0,1866.0,53.33,496.21,1.8,Yes,No,Winter,Cloudy,502.95,0.0,0.0,226.74,0.081,55,2022,1,24,0
2518,ORD102518,P-CLO-006,Clothing,Men's Cotton T-Shirt,South,Bengaluru,SUP-009,4.0,WH-SO-05,203.0,24.0,157.0,608.0,24.71,1047.42,20.2,No,No,Winter,Cloudy,957.45,0.0,1.0,266.55,0.099,21,2021,1,17,6
2519,ORD102519,P-GRO-013,Grocery,Toor Dal 1kg,North,Lucknow,SUP-009,8.0,WH-NO-02,600.0,47.0,310.0,960.0,39.13,444.85,25.3,Yes,Yes,Summer,Sunny,482.62,0.0,1.0,404.65,0.094,66,2024,3,19,1
2520,ORD102520,P-ELE-005,Electronics,Laptop Stand,North,Jaipur,SUP-005,7.0,WH-NO-01,202.0,10.0,95.0,409.0,13.59,14778.93,33.9,Yes,No,Autumn,Sunny,14892.54,0.0,1.0,387.3,0.121,14,2022,9,12,0
2521,ORD102521,P-CLO-002,Clothing,Formal Shirt,South,Hyderabad,SUP-022,6.0,WH-SO-03,519.0,22.0,160.0,657.0,22.47,439.75,4.4,No,No,Summer,Rainy,470.08,0.0,1.0,264.23,0.042,19,2023,3,19,6
2522,ORD102522,P-GRO-010,Grocery,Sunflower Oil 1L,South,Coimbatore,SUP-022,10.0,WH-SO-03,323.0,15.0,140.0,,24.79,584.92,5.4,No,No,Winter,Sunny,530.39,0.0,0.0,,0.049,22,2024,2,20,1
2523,ORD102523,P-FUR-014,Furniture,Foldable Bed,North,,SUP-001,,WH-NO-02,77.0,6.0,26.0,135.0,4.65,,28.2,No,No,Summer,Rainy,2140.84,0.0,2.0,190.23,0.09,3,2022,4,26,1
2524,ORD102524,P-SPO-014,Sports,Cycling Helmet,North,Chandigarh,SUP-019,6.0,WH-NO-03,158.0,19.0,104.0,421.0,14.17,1408.72,20.1,No,No,Summer,Sunny,1364.5,,3.0,440.95,0.059,18,2024,4,8,0
2525,ORD102525,P-ELE-015,Electronics,LED TV 43in,North,,SUP-030,12.0,WH-NO-01,,9.0,54.0,240.0,8.34,6042.16,26.9,No,No,Summer,Sunny,6159.57,0.0,,500.34,0.019,7,2023,5,3,2
2526,ORD102526,P-SPO-002,Sports,Badminton Racket,West,Mumbai,SUP-001,13.0,WH-WE-02,348.0,,169.0,637.0,18.99,3984.43,13.9,Yes,No,Summer,Cloudy,3951.42,0.0,2.0,513.41,0.02,28,2023,4,10,0
2527,ORD102527,P-SPO-001,Sports,Yoga Mat,West,Pune,SUP-013,6.0,WH-WE-01,54.0,11.0,68.0,395.0,11.97,4500.67,8.7,Yes,No,Winter,Sunny,4991.91,0.0,0.0,410.71,0.102,20,2022,1,28,4
2528,ORD102528,P-BEA-009,Beauty,Moisturizer Cream,South,,SUP-039,7.0,WH-SO-05,562.0,44.0,165.0,743.0,25.28,644.43,10.1,Yes,No,Spring,Cloudy,697.77,0.0,2.0,412.52,0.077,44,2024,2,27,1
2529,ORD102529,P-FUR-015,Furniture,Sofa Cushion Set,North,Delhi,SUP-018,8.0,WH-NO-03,113.0,5.0,37.0,173.0,5.16,5325.38,15.0,Yes,No,Winter,Rainy,5013.98,1.0,2.0,405.38,0.081,6,2021,12,19,6
2530,ORD102530,P-FUR-015,Furniture,Wooden Bookshelf,North,Lucknow,SUP-001,21.0,WH-NO-03,96.0,3.0,39.0,195.0,6.01,19423.1,15.3,No,No,Autumn,Sunny,24001.15,0.0,2.0,605.59,0.181,8,2023,6,24,5
2531,ORD102531,P-FUR-005,Furniture,Foldable Bed,North,Delhi,SUP-022,9.0,WH-NO-03,26.0,,29.0,145.0,4.8,4987.07,5.8,No,No,Summer,Sunny,4953.23,0.0,0.0,299.36,0.17,5,2024,4,25,3
2532,ORD102532,P-FUR-006,Furniture,Study Table,South,Kochi,SUP-017,18.0,WH-SO-05,81.0,8.0,54.0,169.0,7.68,9987.12,16.8,No,Yes,Autumn,Sunny,11018.77,0.0,1.0,635.18,0.126,12,2021,6,20,6
2533,ORD102533,P-ELE-010,Electronics,Laptop Stand,North,Chandigarh,SUP-009,5.0,WH-NO-04,54.0,21.0,117.0,328.0,12.86,806.98,21.2,No,No,Summer,Cloudy,788.61,0.0,0.0,382.4,0.018,13,2022,8,8,0
2534,ORD102534,P-SPO-014,Sports,Cricket Bat,South,Coimbatore,SUP-003,4.0,WH-SO-04,77.0,10.0,61.0,279.0,9.78,2658.18,17.5,No,No,Autumn,Cloudy,2791.03,0.0,0.0,226.78,0.119,9,2023,9,17,6
2535,ORD102535,P-CLO-003,Clothing,Formal Shirt,Central,Gwalior,SUP-036,10.0,WH-CE-02,515.0,17.0,155.0,919.0,29.44,2101.02,12.9,No,No,Winter,Rainy,2260.68,0.0,1.0,320.65,0.037,33,2022,2,5,5
2536,ORD102536,P-BEA-015,Beauty,Body Lotion 400ml,East,Patna,SUP-033,5.0,WH-EA-02,189.0,,409.0,1399.0,54.33,628.87,17.7,No,No,Winter,Sunny,553.19,0.0,0.0,279.15,0.112,46,2021,2,10,2
2537,ORD102537,P-GRO-013,Grocery,Wheat Flour 5kg,West,Mumbai,SUP-028,8.0,WH-WE-05,3053.0,43.0,256.0,1292.0,39.05,543.3,10.7,No,No,Autumn,Sunny,619.23,0.0,0.0,317.34,0.097,52,2022,8,21,6
2538,ORD102538,P-ELE-002,Electronics,Laptop Stand,North,Lucknow,SUP-001,4.0,WH-NO-05,228.0,11.0,80.0,468.0,13.7,9726.48,1.5,No,No,Winter,Sunny,9118.53,0.0,2.0,344.16,0.085,13,2022,12,27,1
2539,ORD102539,P-CLO-013,Clothing,Denim Jeans,South,Bengaluru,SUP-035,23.0,WH-SO-02,578.0,,207.0,850.0,27.25,753.42,6.9,Yes,No,Autumn,Sunny,732.38,0.0,2.0,637.19,0.113,29,2024,9,7,5
2540,ORD102540,P-CLO-010,Clothing,Woolen Sweater,Central,Indore,SUP-019,11.0,WH-CE-02,356.0,19.0,145.0,610.0,19.47,1746.03,11.7,Yes,No,Summer,Cloudy,1661.5,0.0,1.0,301.45,0.262,28,2024,3,25,0
2541,ORD102541,P-CLO-015,Clothing,Woolen Sweater,South,Chennai,SUP-020,6.0,WH-SO-02,293.0,15.0,112.0,576.0,18.0,1966.05,12.1,No,No,Autumn,Rainy,1876.83,0.0,1.0,315.92,0.016,24,2021,9,22,2
2542,ORD102542,P-GRO-004,Grocery,Masala Mix 200g,East,Guwahati,SUP-036,4.0,WH-EA-04,171.0,32.0,130.0,771.0,24.87,118.99,5.9,No,No,,Sunny,114.04,1.0,1.0,308.36,0.079,18,2022,2,9,2
2543,ORD102543,P-GRO-015,Grocery,Toor Dal 1kg,Central,Indore,SUP-018,6.0,WH-CE-05,579.0,37.0,230.0,872.0,29.04,239.06,5.3,Yes,No,Autumn,,216.23,0.0,1.0,268.86,0.052,35,2021,9,28,1
2544,ORD102544,P-CLO-001,Clothing,Denim Jeans,East,Kolkata,SUP-010,2.0,WH-EA-05,132.0,20.0,95.0,449.0,15.29,1106.71,3.3,Yes,No,Summer,Cloudy,1174.11,0.0,0.0,304.11,0.092,19,2024,8,23,4
2545,ORD102545,P-GRO-002,Grocery,Tea Powder 500g,South,Kochi,SUP-010,16.0,WH-SO-05,603.0,44.0,225.0,,31.14,574.84,6.0,No,No,Autumn,Rainy,580.14,0.0,2.0,484.97,0.036,41,2022,6,1,2
2546,ORD102546,P-SPO-007,Sports,Skipping Rope,East,Kolkata,SUP-038,8.0,WH-EA-02,103.0,4.0,64.0,302.0,9.31,2336.18,14.6,No,,Summer,Rainy,2310.33,0.0,1.0,344.34,0.149,15,2024,7,26,4
2547,ORD102547,P-ELE-010,Electronics,Smartwatch,North,Lucknow,SUP-022,9.0,WH-NO-02,143.0,14.0,85.0,290.0,11.34,3911.78,4.0,No,No,Summer,Rainy,4229.76,0.0,2.0,518.08,0.059,10,2021,3,30,1
2548,ORD102548,P-GRO-003,Grocery,Sugar 1kg,North,Lucknow,SUP-024,9.0,WH-NO-05,1287.0,58.0,410.0,1686.0,56.77,410.56,6.9,No,No,Summer,Sunny,468.58,0.0,1.0,276.09,0.026,67,2023,3,28,1
2549,ORD102549,P-GRO-005,Grocery,Masala Mix 200g,North,Delhi,SUP-024,6.0,WH-NO-02,206.0,32.0,257.0,962.0,30.75,294.05,8.3,No,No,Summer,Sunny,257.35,0.0,1.0,324.23,0.04,21,2021,4,20,1
2550,ORD102550,P-CLO-006,Clothing,Track Pants,West,Nagpur,SUP-009,,WH-WE-02,661.0,34.0,307.0,1013.0,40.01,5506.83,11.8,No,No,Summer,Sunny,2289.02,0.0,0.0,199.17,0.193,54,2023,3,22,2
2551,ORD102551,P-CLO-002,Clothing,Denim Jeans,West,Pune,SUP-017,10.0,WH-WE-05,333.0,,82.0,527.0,16.63,982.57,4.3,No,No,Winter,Sunny,980.75,0.0,2.0,452.41,0.039,21,2021,1,17,6
2552,ORD102552,P-FUR-003,Furniture,Office Chair,South,Coimbatore,SUP-039,15.0,WH-SO-03,43.0,,30.0,132.0,4.5,6939.75,9.1,No,No,Autumn,Cloudy,6189.74,,1.0,492.52,0.006,5,2021,8,17,1
2553,ORD102553,P-SPO-003,Sports,Badminton Racket,North,Delhi,SUP-006,16.0,WH-NO-01,103.0,9.0,62.0,309.0,8.65,984.76,7.4,Yes,No,Autumn,Stormy,1017.27,0.0,2.0,522.6,0.098,9,2021,8,2,0
2554,ORD102554,P-GRO-015,Grocery,Tea Powder 500g,West,Ahmedabad,SUP-039,12.0,WH-WE-05,273.0,10.0,185.0,903.0,28.18,524.17,7.3,Yes,No,Autumn,Cloudy,519.27,0.0,1.0,364.59,0.041,30,2023,11,2,3
2555,ORD102555,P-FUR-015,Furniture,Dining Chair,Central,,SUP-011,13.0,WH-CE-02,118.0,7.0,49.0,179.0,5.94,15501.68,22.7,Yes,No,,Sunny,16568.87,0.0,3.0,460.01,0.027,9,2023,7,25,1
2556,ORD102556,P-ELE-010,Electronics,LED TV 43in,South,Chennai,SUP-012,8.0,WH-SO-02,131.0,68.0,58.0,243.0,,4261.74,1.5,Yes,No,Spring,Sunny,4311.31,0.0,0.0,285.29,0.168,14,2023,3,27,0
2557,ORD102557,P-GRO-011,Grocery,Sunflower Oil 1L,South,Hyderabad,SUP-001,15.0,WH-SO-03,,48.0,209.0,1264.0,41.85,401.39,6.4,No,No,Autumn,Cloudy,412.85,0.0,1.0,405.12,0.049,43,2021,10,14,3
2558,ORD102558,P-CLO-003,Clothing,Denim Jeans,West,Nagpur,SUP-027,18.0,WH-WE-02,473.0,26.0,144.0,547.0,21.73,583.52,16.1,No,No,Winter,Sunny,563.2,0.0,1.0,537.61,0.051,22,2022,1,24,0
2559,ORD102559,P-ELE-001,Electronics,Smartwatch,West,Pune,SUP-013,9.0,WH-WE-05,61.0,9.0,48.0,205.0,6.9,1047.4,8.8,No,No,Summer,Sunny,961.23,0.0,4.0,,0.132,6,2022,7,6,2
2560,ORD102560,P-FUR-006,Furniture,Office Chair,Central,Gwalior,SUP-019,3.0,WH-CE-04,17.0,3.0,19.0,78.0,3.13,12194.63,12.4,Yes,No,Winter,Sunny,12918.27,0.0,0.0,253.76,0.174,3,2024,12,1,6
2561,ORD102561,P-FUR-015,Furniture,Plastic Storage Rack,South,Bengaluru,SUP-024,14.0,WH-SO-03,73.0,6.0,26.0,99.0,3.42,14735.05,10.6,Yes,No,Autumn,Rainy,14116.23,0.0,2.0,456.97,0.044,6,2023,10,28,5
2562,ORD102562,P-BEA-008,Beauty,Moisturizer Cream,North,Lucknow,SUP-026,8.0,WH-NO-02,248.0,24.0,183.0,733.0,24.19,654.67,4.1,No,No,Winter,Sunny,675.74,,1.0,434.11,0.112,26,2021,2,16,1
2563,ORD102563,P-CLO-013,Clothing,Woolen Sweater,South,,SUP-039,15.0,WH-SO-03,265.0,28.0,159.0,560.0,21.43,1284.67,17.9,No,No,Spring,Rainy,1437.38,0.0,1.0,523.45,0.138,22,2021,2,16,1
2564,ORD102564,P-FUR-006,Furniture,Foldable Bed,South,Hyderabad,SUP-023,2.0,WH-SO-02,60.0,3.0,34.0,131.0,4.42,13284.07,2.9,No,No,Summer,Cloudy,13114.25,0.0,0.0,225.12,0.083,5,2022,5,23,0
2565,ORD102565,P-GRO-005,Grocery,Sugar 1kg,West,Ahmedabad,SUP-008,10.0,WH-WE-05,601.0,23.0,204.0,833.0,24.29,253.82,7.8,No,No,Autumn,Cloudy,268.04,0.0,0.0,378.3,0.018,37,2021,11,2,1
2566,ORD102566,P-ELE-013,Electronics,Smartwatch,North,Jaipur,SUP-029,9.0,WH-NO-04,124.0,15.0,88.0,317.0,11.24,8346.91,4.0,No,No,Autumn,Rainy,8326.48,0.0,1.0,433.62,0.212,17,2022,8,18,3
2567,ORD102567,P-ELE-008,Electronics,Wireless Earbuds,East,Kolkata,SUP-003,8.0,WH-EA-01,223.0,12.0,102.0,351.0,13.02,4314.61,10.6,No,Yes,Winter,Rainy,4188.74,0.0,3.0,439.62,0.037,13,2024,12,25,2
2568,ORD102568,P-FUR-011,Furniture,Wooden Bookshelf,Central,Gwalior,SUP-034,19.0,WH-CE-03,72.0,3.0,22.0,105.0,3.16,10818.43,31.8,No,No,Autumn,Sunny,9466.26,0.0,1.0,481.06,0.014,3,2021,10,13,2
2569,ORD102569,P-SPO-011,Sports,Skipping Rope,Central,Jabalpur,SUP-012,7.0,WH-CE-04,85.0,11.0,61.0,291.0,9.53,1409.12,6.9,No,Yes,Summer,Sunny,1404.68,0.0,1.0,384.37,0.024,14,2023,5,23,1
2570,ORD102570,P-ELE-011,Electronics,Smartwatch,East,Guwahati,SUP-029,4.0,WH-EA-03,195.0,10.0,88.0,287.0,9.66,14918.92,6.0,No,No,Winter,Sunny,14722.91,0.0,3.0,371.97,0.141,11,2022,12,7,2
2571,ORD102571,P-CLO-011,Clothing,Cotton Saree,Central,Indore,SUP-007,5.0,WH-CE-01,184.0,7.0,71.0,299.0,9.5,1848.22,16.1,No,No,Summer,Sunny,1719.47,,1.0,216.95,0.223,9,2023,8,23,2
2572,ORD102572,P-BEA-013,Beauty,Body Lotion 400ml,North,Lucknow,SUP-017,10.0,WH-NO-01,337.0,15.0,99.0,501.0,16.51,1059.38,21.8,No,No,Summer,Sunny,886.91,0.0,1.0,364.17,0.096,16,2023,3,10,4
2573,ORD102573,P-BEA-007,Beauty,Sunscreen Lotion,South,Kochi,SUP-028,7.0,WH-SO-04,798.0,41.0,266.0,1061.0,38.52,287.96,18.4,No,No,Winter,Cloudy,249.48,0.0,1.0,415.96,0.327,44,2023,1,24,1
2574,ORD102574,P-CLO-005,Clothing,Kids Winter Jacket,North,Jaipur,SUP-025,,WH-NO-03,201.0,4.0,106.0,420.0,15.91,339.33,12.9,No,No,Spring,Sunny,387.79,0.0,0.0,283.51,0.159,16,2022,2,8,1
2575,ORD102575,P-FUR-008,Furniture,Office Chair,Central,Jabalpur,SUP-001,11.0,WH-CE-03,41.0,6.0,45.0,200.0,5.67,19271.52,10.0,,Yes,Autumn,Stormy,19329.81,0.0,0.0,259.81,0.099,4,2024,11,12,1
2576,ORD102576,P-FUR-005,Furniture,Office Chair,Central,Jabalpur,SUP-002,9.0,WH-CE-02,56.0,3.0,29.0,137.0,4.37,14508.89,20.6,No,Yes,Winter,,12841.86,0.0,2.0,374.98,,7,2022,1,26,2
2577,ORD102577,P-BEA-001,Beauty,Herbal Shampoo 200ml,North,Chandigarh,SUP-040,6.0,WH-NO-02,218.0,29.0,167.0,1073.0,31.06,120.64,3.4,Yes,No,Summer,Cloudy,114.83,0.0,0.0,264.28,0.277,35,2021,7,30,4
2578,ORD102578,P-ELE-006,Electronics,LED TV 43in,North,Delhi,SUP-022,4.0,WH-NO-03,38.0,5.0,63.0,242.0,8.3,12666.33,34.6,Yes,No,Summer,Cloudy,12676.6,0.0,1.0,818.43,0.145,8,2021,5,21,4
2579,ORD102579,P-SPO-008,Sports,Running Shoes,South,Chennai,SUP-035,9.0,WH-SO-03,230.0,15.0,111.0,576.0,17.16,4963.41,3.3,No,No,Summer,Sunny,5141.63,0.0,0.0,251.03,0.195,22,2021,4,9,4
2580,ORD102580,P-ELE-008,Electronics,Home Router,South,Chennai,SUP-003,11.0,WH-SO-03,64.0,12.0,36.0,214.0,7.77,11040.9,22.5,No,No,Summer,Sunny,10834.9,0.0,2.0,323.63,0.241,12,2022,5,31,1
2581,ORD102581,P-BEA-006,Beauty,Lipstick Set,West,Nagpur,SUP-020,2.0,WH-WE-05,228.0,13.0,,481.0,19.13,344.04,12.2,No,No,Summer,,399.67,0.0,0.0,221.3,0.117,20,2024,4,7,6
2582,ORD102582,P-ELE-011,Electronics,Smartwatch,North,Lucknow,SUP-024,11.0,WH-NO-01,54.0,7.0,46.0,257.0,8.21,5825.26,6.0,No,No,Summer,Rainy,6789.16,0.0,0.0,386.34,0.098,4,2021,8,14,5
2583,ORD102583,P-ELE-005,Electronics,Power Bank 10000mAh,West,Pune,SUP-037,11.0,WH-WE-03,173.0,7.0,49.0,268.0,8.2,1816.68,14.0,Yes,No,Winter,Sunny,1872.34,0.0,,270.06,0.055,10,2021,1,6,2
2584,ORD102584,P-ELE-010,Electronics,Laptop Stand,East,Ranchi,SUP-029,4.0,WH-EA-02,111.0,2.0,43.0,200.0,6.05,10298.99,,No,No,Spring,Sunny,9997.24,0.0,1.0,417.69,0.115,7,2023,2,14,1
2585,ORD102585,P-CLO-005,Clothing,Denim Jeans,South,Bengaluru,SUP-026,1.0,WH-SO-01,270.0,8.0,115.0,501.0,16.09,2064.05,16.2,Yes,No,Summer,Rainy,2127.23,0.0,0.0,150.49,0.045,22,2023,4,1,5
2586,ORD102586,P-GRO-015,Grocery,Wheat Flour 5kg,North,Jaipur,SUP-012,5.0,WH-NO-03,139.0,31.0,173.0,748.0,26.88,199.19,6.9,No,No,Summer,Sunny,,0.0,0.0,295.6,0.256,24,2023,4,4,1
2587,ORD102587,P-ELE-010,Electronics,Laptop Stand,Central,Raipur,SUP-040,4.0,WH-CE-01,87.0,7.0,67.0,282.0,9.09,1116.68,0.5,No,No,,Rainy,1205.97,0.0,2.0,,0.01,9,2021,1,3,6
2588,ORD102588,P-CLO-009,Clothing,Denim Jeans,East,Ranchi,SUP-014,8.0,WH-EA-02,406.0,37.0,189.0,744.0,24.0,825.19,17.2,No,Yes,Autumn,Rainy,836.53,0.0,1.0,274.26,,38,2021,10,24,6
2589,ORD102589,P-GRO-007,Grocery,Sunflower Oil 1L,South,Hyderabad,SUP-012,14.0,WH-SO-04,219.0,22.0,182.0,892.0,30.09,518.11,13.1,No,No,Summer,Sunny,468.08,0.0,1.0,434.27,0.082,24,2022,5,24,1
2590,ORD102590,P-BEA-012,Beauty,Sunscreen Lotion,South,Hyderabad,SUP-029,7.0,WH-SO-02,892.0,65.0,294.0,1186.0,41.59,441.31,0.9,No,No,Winter,Cloudy,420.68,0.0,0.0,362.74,0.039,49,2023,12,17,6
2591,ORD102591,P-SPO-007,Sports,Running Shoes,Central,Jabalpur,SUP-040,5.0,WH-CE-04,195.0,4.0,64.0,236.0,8.92,3734.79,13.7,No,No,Autumn,Sunny,3906.13,0.0,1.0,246.79,0.066,11,2023,8,9,2
2592,ORD102592,P-FUR-013,Furniture,Wooden Bookshelf,West,Nagpur,SUP-035,8.0,WH-WE-02,98.0,7.0,59.0,217.0,7.13,14243.28,1.8,No,No,Summer,Sunny,12345.85,0.0,2.0,478.82,0.023,6,2024,4,5,4
2593,ORD102593,P-ELE-003,Electronics,Wireless Earbuds,West,Surat,SUP-008,7.0,WH-WE-03,28.0,3.0,35.0,147.0,4.8,7070.73,2.0,No,,Summer,Rainy,6565.31,0.0,0.0,516.61,0.189,4,2023,3,11,5
2594,ORD102594,P-GRO-013,Grocery,Instant Noodles Pack,East,Guwahati,SUP-033,6.0,WH-EA-05,243.0,38.0,156.0,785.0,30.81,515.72,21.2,Yes,No,Autumn,Sunny,496.5,0.0,1.0,328.34,0.072,33,2022,8,13,5
2595,ORD102595,P-SPO-015,Sports,Badminton Racket,West,Nagpur,SUP-015,10.0,WH-WE-02,25.0,7.0,82.0,311.0,8.71,3914.73,4.2,No,No,Summer,Rainy,4220.15,0.0,1.0,422.47,0.07,6,2023,3,29,2
2596,ORD102596,P-ELE-004,Electronics,Laptop Stand,South,Kochi,SUP-009,9.0,WH-SO-03,66.0,6.0,51.0,182.0,7.11,1549.34,14.7,Yes,No,Summer,Stormy,1761.83,0.0,1.0,344.54,0.089,7,2022,7,17,6
2597,ORD102597,P-GRO-004,Grocery,Sunflower Oil 1L,West,Surat,SUP-038,10.0,WH-WE-04,976.0,45.0,341.0,1307.0,46.94,555.07,8.1,Yes,No,Autumn,Cloudy,571.89,0.0,0.0,398.41,0.105,76,2021,8,18,2
2598,ORD102598,P-SPO-015,Sports,Yoga Mat,South,Chennai,SUP-038,9.0,WH-SO-02,135.0,25.0,98.0,437.0,14.28,4125.84,3.6,No,No,Summer,Sunny,3082.77,2.0,1.0,338.09,0.091,15,2023,4,22,5
2599,ORD102599,P-SPO-007,Sports,Gym Dumbbells 5kg,East,Guwahati,SUP-015,14.0,WH-EA-02,190.0,13.0,65.0,278.0,8.96,3043.11,0.7,No,No,Summer,Sunny,2771.23,0.0,3.0,533.81,0.066,8,2022,3,7,0
2600,ORD102600,P-GRO-011,Grocery,Basmati Rice 5kg,Central,Indore,SUP-002,,WH-CE-04,730.0,28.0,246.0,907.0,33.1,481.5,5.1,No,,Winter,Sunny,616.15,0.0,1.0,,0.15,34,2022,1,22,5
2601,ORD102601,P-FUR-003,Furniture,Wooden Bookshelf,Central,Raipur,SUP-009,11.0,WH-CE-01,100.0,3.0,38.0,131.0,4.83,14273.89,10.2,No,No,Autumn,Sunny,14453.64,0.0,2.0,367.31,0.085,4,2023,11,4,5
2602,ORD102602,P-CLO-007,Clothing,Cotton Saree,East,Bhubaneswar,SUP-022,9.0,WH-EA-02,291.0,10.0,95.0,410.0,13.88,1782.72,22.8,No,No,Summer,Sunny,1411.0,,0.0,362.87,0.107,10,2021,4,7,2
2603,ORD102603,P-BEA-011,Beauty,Body Lotion 400ml,East,Ranchi,SUP-003,4.0,WH-EA-03,167.0,15.0,101.0,668.0,22.44,773.66,4.1,No,No,Spring,,920.52,0.0,0.0,226.17,0.185,17,2021,2,4,3
2604,ORD102604,P-ELE-014,Electronics,LED TV 43in,West,Ahmedabad,SUP-010,11.0,WH-WE-02,160.0,13.0,65.0,342.0,10.02,8747.85,9.0,No,No,Autumn,Cloudy,7812.88,0.0,2.0,483.82,0.081,10,2022,6,5,6
2605,ORD102605,P-ELE-007,Electronics,Wireless Earbuds,Central,Jabalpur,SUP-006,,WH-CE-03,69.0,5.0,40.0,159.0,5.97,8745.49,29.1,Yes,No,Summer,Sunny,9146.72,0.0,2.0,271.0,0.077,8,2023,5,20,5
2606,ORD102606,P-FUR-002,Furniture,Study Table,West,Nagpur,SUP-039,9.0,WH-WE-04,71.0,12.0,57.0,275.0,9.13,10135.67,28.5,No,No,Summer,Sunny,9206.19,0.0,0.0,393.35,0.071,9,2024,5,11,5
2607,ORD102607,P-GRO-007,Grocery,Tea Powder 500g,North,Kanpur,SUP-015,8.0,WH-NO-05,1060.0,62.0,267.0,1345.0,45.76,151.62,21.8,Yes,Yes,Winter,Cloudy,178.33,0.0,1.0,154.95,0.073,103,2023,1,26,3
2608,ORD102608,P-FUR-010,Furniture,Sofa Cushion Set,South,Bengaluru,SUP-016,10.0,WH-SO-04,109.0,4.0,30.0,144.0,4.63,13389.7,33.1,No,No,Winter,Sunny,11871.96,0.0,0.0,286.83,0.042,9,2022,1,13,3
2609,ORD102609,P-GRO-014,Grocery,Tea Powder 500g,West,Surat,SUP-017,7.0,WH-WE-03,582.0,28.0,408.0,1503.0,51.76,263.66,9.3,Yes,No,Summer,Sunny,251.31,0.0,1.0,464.72,0.054,58,2022,5,18,2
2610,ORD102610,P-SPO-013,Sports,Badminton Racket,West,Pune,SUP-001,9.0,WH-WE-04,348.0,20.0,119.0,536.0,16.22,2373.24,12.4,No,No,Summer,Sunny,2572.4,0.0,0.0,367.6,0.056,30,2022,7,7,3
2611,ORD102611,P-BEA-012,Beauty,Face Wash 100ml,West,Ahmedabad,SUP-022,23.0,WH-WE-02,381.0,9.0,85.0,488.0,15.3,1026.89,24.0,No,No,Summer,Sunny,981.45,0.0,1.0,524.18,0.081,20,2022,5,5,3
2612,ORD102612,P-CLO-003,Clothing,Women's Kurti,West,Ahmedabad,SUP-037,11.0,WH-WE-03,317.0,13.0,68.0,449.0,13.29,506.61,19.0,No,No,Autumn,Sunny,526.32,0.0,5.0,498.79,0.046,17,2023,9,5,1
2613,ORD102613,P-BEA-008,Beauty,Face Wash 100ml,South,Chennai,SUP-033,7.0,WH-SO-05,235.0,38.0,134.0,789.0,26.09,884.36,10.2,No,No,Spring,Sunny,943.13,0.0,0.0,273.45,0.066,27,2024,3,13,2
2614,ORD102614,P-GRO-009,Grocery,Toor Dal 1kg,South,Kochi,SUP-011,9.0,WH-SO-01,122.0,9.0,246.0,1013.0,33.98,230.44,8.3,,No,Autumn,Cloudy,233.71,0.0,0.0,324.91,0.037,30,2023,11,2,3
2615,ORD102615,P-CLO-008,Clothing,Denim Jeans,West,Nagpur,SUP-001,8.0,WH-WE-02,160.0,21.0,121.0,643.0,22.44,1126.27,26.8,No,No,Summer,Sunny,,0.0,2.0,384.99,0.085,23,2022,7,13,2
2616,ORD102616,P-ELE-014,Electronics,Wireless Earbuds,South,Hyderabad,SUP-031,11.0,WH-SO-02,60.0,6.0,52.0,194.0,7.62,8334.74,11.1,,No,Spring,Sunny,7809.98,0.0,3.0,556.11,,7,2022,2,25,4
2617,ORD102617,P-SPO-015,Sports,Gym Dumbbells 5kg,West,Mumbai,SUP-034,19.0,WH-WE-05,137.0,14.0,,491.0,15.83,1936.01,18.4,Yes,No,Summer,Cloudy,1876.62,0.0,2.0,690.31,0.039,18,2021,4,27,1
2618,ORD102618,P-BEA-004,Beauty,Moisturizer Cream,West,Mumbai,SUP-037,,WH-WE-02,356.0,18.0,227.0,958.0,30.71,1198.12,1.5,No,No,Summer,Cloudy,1254.42,0.0,1.0,485.72,0.094,33,2024,3,11,0
2619,ORD102619,P-SPO-015,Sports,Cycling Helmet,West,Pune,SUP-024,10.0,WH-WE-02,201.0,15.0,60.0,286.0,9.08,428.14,5.7,No,No,Autumn,Sunny,455.94,0.0,1.0,407.81,0.04,11,2024,11,6,2
2620,ORD102620,P-SPO-013,Sports,Badminton Racket,South,Kochi,SUP-019,10.0,WH-SO-05,109.0,10.0,85.0,282.0,9.82,4105.69,13.9,No,No,Spring,Rainy,4173.06,,0.0,329.37,0.046,12,2021,3,22,0
2621,ORD102621,P-SPO-011,Sports,Cricket Bat,West,Ahmedabad,SUP-031,6.0,WH-WE-05,494.0,8.0,137.0,571.0,21.65,4364.95,10.7,Yes,No,Autumn,Rainy,4610.14,0.0,0.0,230.52,0.065,26,2021,7,10,5
2622,ORD102622,P-GRO-006,Grocery,Sugar 1kg,North,Delhi,SUP-028,8.0,WH-NO-01,782.0,48.0,307.0,1184.0,43.2,191.83,4.1,No,No,Autumn,Cloudy,167.4,0.0,2.0,441.67,0.025,33,2021,11,10,2
2623,ORD102623,P-SPO-012,Sports,Running Shoes,North,Chandigarh,SUP-031,16.0,WH-NO-05,76.0,19.0,94.0,438.0,14.35,1911.84,11.6,No,No,Spring,Sunny,1957.37,0.0,1.0,483.96,0.064,11,2024,3,11,0
2624,ORD102624,P-CLO-009,Clothing,Woolen Sweater,South,Kochi,SUP-012,2.0,WH-SO-04,1144.0,46.0,315.0,1545.0,46.58,1296.36,,Yes,Yes,Autumn,Sunny,1289.63,0.0,0.0,303.89,0.181,87,2021,11,13,5
2625,ORD102625,P-CLO-014,Clothing,Cotton Saree,North,Chandigarh,SUP-037,11.0,WH-NO-05,259.0,42.0,219.0,703.0,28.01,1304.0,17.8,,No,Winter,Sunny,1355.66,0.0,1.0,362.0,0.078,35,2021,1,21,3
2626,ORD102626,P-CLO-011,Clothing,Denim Jeans,Central,,SUP-002,7.0,WH-CE-01,292.0,6.0,121.0,550.0,15.84,864.78,2.4,Yes,No,Summer,Cloudy,916.82,0.0,1.0,342.72,0.039,20,2022,5,6,4
2627,ORD102627,P-GRO-015,Grocery,Sugar 1kg,Central,Bhopal,SUP-004,,WH-CE-01,481.0,32.0,120.0,556.0,23.65,487.1,13.4,No,No,Autumn,Stormy,446.14,2.0,0.0,336.85,0.054,24,2022,6,17,4
2628,ORD102628,P-GRO-007,Grocery,Instant Noodles Pack,North,Kanpur,SUP-027,11.0,WH-NO-02,615.0,50.0,321.0,1930.0,54.55,118.55,13.1,Yes,No,Autumn,Stormy,117.51,0.0,0.0,364.4,0.198,82,2022,8,1,0
2629,ORD102629,P-GRO-002,Grocery,Tea Powder 500g,West,Mumbai,SUP-023,7.0,WH-WE-05,1415.0,46.0,493.0,1682.0,62.89,313.56,14.9,No,No,Winter,Sunny,347.04,0.0,0.0,323.19,0.106,84,2023,1,23,0
2630,ORD102630,P-ELE-008,Electronics,Power Bank 10000mAh,East,Ranchi,SUP-023,4.0,WH-EA-03,171.0,11.0,48.0,293.0,8.56,10947.14,3.5,No,No,Winter,Stormy,11213.34,0.0,1.0,261.21,0.219,9,2021,12,20,0
2631,ORD102631,P-CLO-015,Clothing,Woolen Sweater,West,Pune,SUP-037,6.0,WH-WE-04,762.0,47.0,223.0,1080.0,37.86,1440.71,2.4,No,No,Winter,Rainy,1429.16,0.0,0.0,295.15,0.02,41,2021,2,13,5
2632,ORD102632,P-SPO-010,Sports,Skipping Rope,West,Mumbai,SUP-035,7.0,WH-WE-02,2404.0,24.0,119.0,556.0,16.29,2720.6,3.5,No,No,Autumn,Cloudy,2455.53,0.0,0.0,322.58,0.098,26,2021,6,6,6
2633,ORD102633,P-FUR-011,Furniture,Foldable Bed,East,Patna,SUP-029,17.0,WH-EA-02,60.0,8.0,42.0,121.0,5.26,12683.32,15.0,,No,Winter,,13234.11,0.0,3.0,466.24,0.147,9,2023,12,9,5
2634,ORD102634,P-CLO-010,Clothing,Formal Shirt,North,Delhi,SUP-007,7.0,WH-NO-05,515.0,27.0,210.0,847.0,26.79,874.07,6.3,No,No,Summer,Sunny,776.86,0.0,0.0,227.31,0.042,26,2023,8,22,1
2635,ORD102635,P-CLO-009,Clothing,Track Pants,North,Delhi,SUP-004,3.0,WH-NO-03,336.0,13.0,130.0,810.0,24.6,624.7,19.2,No,No,Winter,Sunny,615.78,0.0,,237.18,0.003,20,2022,1,16,6
2636,ORD102636,P-CLO-001,Clothing,Track Pants,East,Kolkata,SUP-006,9.0,WH-EA-04,404.0,10.0,144.0,664.0,21.56,550.02,3.0,No,No,Autumn,Rainy,528.41,0.0,0.0,302.03,0.101,25,2024,10,6,6
2637,ORD102637,P-GRO-007,Grocery,Wheat Flour 5kg,Central,Gwalior,SUP-025,6.0,WH-CE-04,362.0,9.0,120.0,578.0,18.25,526.1,15.5,No,No,Summer,Sunny,542.66,0.0,1.0,391.89,0.031,20,2023,3,2,3
2638,ORD102638,P-BEA-002,Beauty,Face Wash 100ml,East,Ranchi,SUP-029,5.0,WH-EA-01,363.0,19.0,137.0,715.0,21.66,100.78,23.7,Yes,No,Spring,Cloudy,95.95,0.0,0.0,1031.87,0.241,33,2024,3,10,6
2639,ORD102639,P-ELE-006,Electronics,Power Bank 10000mAh,South,Chennai,SUP-032,9.0,WH-SO-05,,9.0,43.0,248.0,8.15,4039.81,22.8,No,No,Summer,Rainy,3933.66,0.0,1.0,384.72,0.07,11,2024,3,3,6
2640,ORD102640,P-FUR-011,Furniture,Office Chair,North,Jaipur,SUP-005,9.0,WH-NO-05,39.0,5.0,38.0,130.0,4.56,17933.38,21.3,Yes,No,Spring,Rainy,16626.81,,0.0,373.34,0.236,6,2022,3,15,1
2641,ORD102641,P-BEA-013,Beauty,Talcum Powder,Central,Indore,SUP-011,8.0,WH-CE-04,64.0,22.0,127.0,481.0,18.5,309.13,18.5,Yes,No,Summer,Sunny,302.99,0.0,0.0,360.95,0.069,18,2023,5,14,6
2642,ORD102642,P-CLO-004,Clothing,Men's Cotton T-Shirt,South,Hyderabad,SUP-014,10.0,WH-SO-03,305.0,13.0,104.0,572.0,17.47,2263.1,3.8,No,No,Summer,Cloudy,2301.98,0.0,1.0,349.65,0.064,21,2023,5,17,2
2643,ORD102643,P-SPO-010,Sports,Cycling Helmet,West,,SUP-026,11.0,WH-WE-03,93.0,26.0,133.0,603.0,18.16,3016.71,5.7,No,No,Autumn,Sunny,2932.87,1.0,1.0,439.21,0.108,16,2022,10,28,4
2644,ORD102644,P-GRO-004,Grocery,Sugar 1kg,West,Nagpur,SUP-002,8.0,WH-WE-02,,48.0,222.0,1047.0,32.71,483.93,6.5,No,No,Autumn,Rainy,471.79,3.0,1.0,463.79,0.035,32,2023,7,18,1
2645,ORD102645,P-SPO-004,Sports,Yoga Mat,South,Hyderabad,SUP-034,7.0,WH-SO-04,85.0,8.0,86.0,355.0,11.01,3390.08,11.3,No,Yes,Summer,,3434.7,0.0,1.0,391.16,0.058,12,2022,5,7,5
2646,ORD102646,P-BEA-015,Beauty,Face Wash 100ml,North,Chandigarh,SUP-004,2.0,WH-NO-02,254.0,23.0,151.0,717.0,23.34,195.8,20.7,,No,Summer,Cloudy,211.48,0.0,0.0,209.87,0.122,30,2021,5,24,0
2647,ORD102647,P-BEA-010,Beauty,Body Lotion 400ml,South,Kochi,SUP-021,7.0,WH-SO-01,7447.0,43.0,231.0,1014.0,35.43,829.95,13.1,No,No,Summer,Rainy,879.39,0.0,1.0,228.42,0.114,45,2021,3,7,6
2648,ORD102648,P-FUR-003,Furniture,Study Table,South,Coimbatore,SUP-038,7.0,WH-SO-01,103.0,8.0,37.0,177.0,5.3,19608.74,3.3,No,No,Autumn,Cloudy,17579.19,0.0,0.0,221.0,0.097,8,2022,10,15,5
2649,ORD102649,P-BEA-003,Beauty,Face Wash 100ml,West,Mumbai,SUP-008,8.0,WH-WE-03,103.0,31.0,200.0,741.0,26.0,569.66,19.2,No,No,Autumn,Cloudy,604.63,0.0,0.0,329.0,0.095,22,2024,8,26,0
2650,ORD102650,P-SPO-001,Sports,Skipping Rope,West,Mumbai,SUP-028,6.0,WH-WE-05,348.0,12.0,84.0,428.0,14.1,3354.47,25.3,No,No,Autumn,Cloudy,3721.54,0.0,2.0,316.66,0.192,22,2021,11,10,2
2651,ORD102651,P-CLO-008,Clothing,Cotton Saree,North,,SUP-022,3.0,WH-NO-04,899.0,26.0,205.0,1176.0,37.18,543.95,8.2,No,No,Summer,Cloudy,,0.0,0.0,170.25,0.062,50,2023,5,15,0
2652,ORD102652,P-BEA-002,Beauty,Herbal Shampoo 200ml,East,Kolkata,SUP-033,5.0,WH-EA-05,642.0,,258.0,1175.0,34.42,442.43,23.6,Yes,Yes,Autumn,Cloudy,357.01,0.0,0.0,322.62,0.017,55,2021,8,28,5
2653,ORD102653,P-BEA-009,Beauty,Moisturizer Cream,North,Jaipur,SUP-024,11.0,WH-NO-04,440.0,20.0,159.0,464.0,21.85,443.92,11.1,No,No,Autumn,Rainy,453.32,0.0,1.0,474.21,0.164,22,2023,7,12,2
2654,ORD102654,P-CLO-007,Clothing,Cotton Saree,North,Chandigarh,SUP-034,6.0,WH-NO-05,126.0,17.0,139.0,643.0,19.72,1139.18,9.7,No,No,Autumn,Sunny,1265.26,0.0,0.0,226.01,0.074,22,2021,9,26,6
2655,ORD102655,P-SPO-010,Sports,Running Shoes,West,Mumbai,SUP-017,6.0,WH-WE-04,188.0,8.0,88.0,357.0,12.46,1224.59,,Yes,No,Autumn,Sunny,1180.64,0.0,3.0,501.78,0.098,14,2022,10,6,3
2656,ORD102656,P-GRO-004,Grocery,Wheat Flour 5kg,West,Ahmedabad,SUP-007,8.0,WH-WE-05,876.0,82.0,471.0,2118.0,67.27,197.06,2.3,No,No,Summer,Sunny,242.78,0.0,0.0,284.56,0.021,91,2024,3,26,1
2657,ORD102657,P-CLO-003,Clothing,Formal Shirt,West,Nagpur,SUP-028,7.0,WH-WE-03,252.0,13.0,124.0,360.0,14.78,816.78,,Yes,No,Summer,Sunny,674.32,0.0,1.0,356.31,0.088,18,2022,6,29,2
2658,ORD102658,P-ELE-002,Electronics,Wireless Earbuds,North,Kanpur,SUP-039,5.0,WH-NO-01,142.0,8.0,52.0,200.0,7.23,4238.79,17.9,No,No,Autumn,Rainy,4288.35,0.0,0.0,170.65,0.047,8,2024,9,26,3
2659,ORD102659,P-GRO-002,Grocery,Basmati Rice 5kg,East,Ranchi,SUP-018,10.0,WH-EA-02,356.0,25.0,279.0,1382.0,41.26,,19.9,No,No,Summer,Cloudy,73.57,0.0,1.0,441.21,0.175,53,2021,3,10,2
2660,ORD102660,P-BEA-002,Beauty,Talcum Powder,South,Kochi,SUP-033,5.0,WH-SO-05,368.0,51.0,229.0,1301.0,38.85,1082.27,30.3,Yes,No,Summer,Sunny,1097.17,0.0,0.0,178.92,0.021,59,2021,5,3,0
2661,ORD102661,P-GRO-004,Grocery,Sunflower Oil 1L,Central,Gwalior,SUP-036,4.0,WH-CE-04,729.0,41.0,214.0,957.0,32.56,277.63,21.0,No,No,Autumn,Cloudy,281.05,0.0,0.0,167.62,0.145,45,2021,9,4,5
2662,ORD102662,P-GRO-013,Grocery,Masala Mix 200g,East,Ranchi,SUP-026,3.0,WH-EA-01,313.0,46.0,,1186.0,33.79,376.43,28.1,Yes,No,Winter,Sunny,345.11,0.0,0.0,255.29,0.121,52,2021,12,23,3
2663,ORD102663,P-GRO-010,Grocery,Basmati Rice 5kg,Central,Jabalpur,SUP-032,9.0,WH-CE-01,356.0,32.0,256.0,989.0,33.01,520.11,10.3,No,No,Autumn,Cloudy,496.17,0.0,0.0,238.75,0.079,46,2022,9,14,2
2664,ORD102664,P-CLO-004,Clothing,Woolen Sweater,North,Jaipur,SUP-023,8.0,WH-NO-04,2866.0,19.0,110.0,626.0,20.21,1636.1,7.4,Yes,No,Summer,Sunny,1711.19,0.0,0.0,310.03,0.026,20,2024,8,28,2
2665,ORD102665,P-BEA-014,Beauty,Lipstick Set,South,Hyderabad,SUP-033,15.0,WH-SO-05,,56.0,372.0,1293.0,47.03,183.06,16.7,Yes,No,Winter,Sunny,152.1,0.0,1.0,382.0,0.034,73,2021,12,20,0
2666,ORD102666,P-SPO-012,Sports,Skipping Rope,West,Nagpur,SUP-014,,WH-WE-04,180.0,24.0,116.0,484.0,16.93,3527.34,9.3,No,No,Autumn,Sunny,3782.81,1.0,1.0,,0.076,23,2022,6,6,0
2667,ORD102667,P-ELE-012,Electronics,Power Bank 10000mAh,South,Hyderabad,SUP-022,4.0,WH-SO-05,188.0,8.0,76.0,250.0,8.02,6709.52,17.3,No,No,Spring,Sunny,6648.3,,,308.27,0.038,12,2021,3,6,5
2668,ORD102668,P-CLO-014,Clothing,Denim Jeans,East,Kolkata,SUP-004,9.0,WH-EA-01,,10.0,163.0,453.0,19.68,1027.96,26.6,Yes,No,Autumn,Cloudy,1073.38,0.0,2.0,363.82,0.071,25,2023,11,10,4
2669,ORD102669,P-CLO-012,Clothing,Cotton Saree,East,Kolkata,SUP-008,9.0,WH-EA-05,216.0,22.0,174.0,775.0,25.59,894.21,4.2,,Yes,Spring,Cloudy,954.76,0.0,2.0,455.0,0.097,36,2023,3,9,3
2670,ORD102670,P-FUR-015,Furniture,Wooden Bookshelf,Central,Raipur,SUP-024,8.0,WH-CE-01,13.0,5.0,20.0,110.0,3.52,10436.22,33.0,No,No,Summer,Sunny,13550.6,2.0,1.0,313.35,0.123,4,2021,3,7,6
2671,ORD102671,P-CLO-005,Clothing,Track Pants,North,Delhi,SUP-029,19.0,WH-NO-05,260.0,27.0,131.0,665.0,22.16,2430.28,10.0,Yes,No,Autumn,Cloudy,2702.22,0.0,1.0,,0.074,37,2022,11,10,3
2672,ORD102672,P-GRO-013,Grocery,Masala Mix 200g,Central,Bhopal,SUP-002,17.0,WH-CE-05,553.0,36.0,211.0,1129.0,32.92,340.55,3.0,No,No,Autumn,Cloudy,307.81,,1.0,501.92,0.092,35,2021,11,16,1
2673,ORD102673,P-CLO-002,Clothing,Track Pants,South,Chennai,SUP-003,3.0,WH-SO-03,85.0,14.0,145.0,466.0,16.33,2492.68,2.8,No,No,Autumn,Rainy,2923.76,0.0,0.0,320.0,0.032,17,2022,9,8,3
2674,ORD102674,P-CLO-005,Clothing,Cotton Saree,South,Hyderabad,SUP-001,5.0,WH-SO-03,,27.0,118.0,521.0,17.81,548.39,6.1,No,No,Spring,Sunny,429.35,0.0,1.0,275.48,0.196,12,2022,2,20,6
2675,ORD102675,P-CLO-014,Clothing,Denim Jeans,East,Bhubaneswar,SUP-021,4.0,WH-EA-03,171.0,10.0,103.0,,14.36,1808.77,7.3,No,No,Spring,Cloudy,1744.56,0.0,1.0,293.6,0.03,10,2024,2,20,1
2676,ORD102676,P-CLO-003,Clothing,Men's Cotton T-Shirt,South,Hyderabad,SUP-014,9.0,WH-SO-03,248.0,18.0,125.0,534.0,18.36,2252.13,5.2,,No,Summer,Cloudy,2283.41,0.0,1.0,399.29,0.042,21,2021,3,25,3
2677,ORD102677,P-BEA-008,Beauty,Sunscreen Lotion,Central,Raipur,SUP-003,5.0,WH-CE-05,,,212.0,925.0,31.35,444.74,15.0,No,No,Summer,Cloudy,433.21,0.0,0.0,367.56,0.03,48,2023,5,26,4
2678,ORD102678,P-BEA-006,Beauty,Herbal Shampoo 200ml,Central,Jabalpur,SUP-032,5.0,WH-CE-02,91.0,21.0,123.0,532.0,18.79,649.88,12.2,No,No,Spring,Sunny,664.53,0.0,1.0,318.97,0.076,22,2024,3,4,0
2679,ORD102679,P-GRO-002,Grocery,Tea Powder 500g,Central,Indore,SUP-022,4.0,WH-CE-02,717.0,28.0,317.0,1244.0,37.31,196.2,15.5,No,No,Winter,Sunny,193.55,0.0,1.0,240.52,0.228,58,2021,1,3,6
2680,ORD102680,P-BEA-004,Beauty,Body Lotion 400ml,Central,Raipur,SUP-001,6.0,WH-CE-05,,29.0,182.0,791.0,23.14,552.74,17.8,Yes,No,Summer,Sunny,609.55,0.0,3.0,304.73,0.275,38,2024,8,14,2
2681,ORD102681,P-BEA-009,Beauty,Face Wash 100ml,West,Surat,SUP-028,6.0,WH-WE-05,234.0,34.0,156.0,956.0,28.62,856.28,21.9,No,No,Winter,Rainy,823.24,0.0,1.0,311.98,0.146,35,2024,1,19,4
2682,ORD102682,P-ELE-010,Electronics,Home Router,South,,SUP-037,12.0,WH-SO-03,90.0,8.0,41.0,253.0,7.87,10779.34,11.3,Yes,No,Spring,Cloudy,10679.62,0.0,1.0,418.34,0.163,8,2022,2,13,6
2683,ORD102683,P-CLO-011,Clothing,Kids Winter Jacket,West,Mumbai,SUP-017,5.0,WH-WE-02,410.0,189.0,270.0,935.0,34.55,,25.3,Yes,No,Winter,Cloudy,2779.39,0.0,2.0,227.11,0.088,46,2022,12,7,2
2684,ORD102684,P-GRO-002,Grocery,Basmati Rice 5kg,North,Delhi,SUP-038,5.0,WH-NO-05,607.0,49.0,476.0,,58.79,429.92,5.3,No,No,Autumn,Cloudy,463.22,0.0,18.0,355.97,0.011,66,2023,9,22,4
2685,ORD102685,P-BEA-005,Beauty,Hair Oil 250ml,West,Pune,SUP-017,6.0,WH-WE-05,886.0,71.0,273.0,1653.0,45.62,768.24,16.8,No,Yes,Winter,Sunny,757.8,0.0,8.0,656.67,0.03,54,2023,1,26,3
2686,ORD102686,P-GRO-002,Grocery,Basmati Rice 5kg,East,Patna,SUP-004,5.0,WH-EA-02,660.0,50.0,229.0,1033.0,35.23,270.91,24.0,No,No,Winter,Sunny,281.15,0.0,2.0,270.83,0.093,51,2024,1,11,3
2687,ORD102687,P-FUR-001,Furniture,Foldable Bed,West,,SUP-005,6.0,WH-WE-03,29.0,5.0,54.0,205.0,6.59,12615.25,11.9,,No,Summer,Cloudy,14505.17,0.0,0.0,248.86,0.129,14,2024,7,23,1
2688,ORD102688,P-GRO-006,Grocery,Tea Powder 500g,South,Chennai,SUP-003,9.0,WH-SO-03,375.0,33.0,,881.0,34.56,503.88,9.7,Yes,No,Autumn,Sunny,448.07,0.0,0.0,196.9,0.003,36,2022,6,8,2
2689,ORD102689,P-CLO-010,Clothing,Cotton Saree,South,Coimbatore,SUP-013,6.0,WH-SO-05,326.0,29.0,149.0,673.0,21.31,920.72,16.1,No,No,Summer,Rainy,840.62,0.0,,297.9,0.095,26,2021,6,9,2
2690,ORD102690,P-SPO-006,Sports,Badminton Racket,North,Kanpur,SUP-016,10.0,WH-NO-04,220.0,12.0,78.0,289.0,10.33,3836.92,16.5,No,No,Autumn,Sunny,3660.54,0.0,0.0,309.03,0.098,11,2022,9,23,4
2691,ORD102691,P-GRO-001,Grocery,Basmati Rice 5kg,South,Hyderabad,SUP-018,5.0,WH-SO-03,498.0,51.0,331.0,1440.0,49.34,63.05,18.0,Yes,No,Summer,Cloudy,64.15,0.0,1.0,365.13,0.126,63,2023,5,26,4
2692,ORD102692,P-SPO-004,Sports,Badminton Racket,South,Bengaluru,SUP-020,14.0,WH-SO-05,76.0,14.0,130.0,432.0,19.92,381.15,12.6,No,No,Spring,Sunny,410.68,0.0,0.0,400.26,0.102,11,2024,2,7,2
2693,ORD102693,P-SPO-007,Sports,Skipping Rope,North,Jaipur,SUP-035,18.0,WH-NO-04,236.0,8.0,88.0,326.0,10.93,3204.05,14.2,No,No,Winter,Rainy,3008.0,0.0,1.0,537.94,0.14,10,2022,2,17,3
2694,ORD102694,P-SPO-006,Sports,Cycling Helmet,South,Bengaluru,SUP-001,11.0,WH-SO-03,422.0,23.0,141.0,735.0,22.51,2258.57,10.4,No,,Autumn,Rainy,2088.43,0.0,2.0,492.94,0.155,23,2024,9,18,2
2695,ORD102695,P-ELE-013,Electronics,Smartphone Charger,East,Kolkata,SUP-036,11.0,WH-EA-05,147.0,15.0,63.0,317.0,9.68,2457.89,1.1,No,,Winter,Sunny,2199.98,0.0,1.0,537.88,0.035,10,2021,2,23,1
2696,ORD102696,P-BEA-009,Beauty,Moisturizer Cream,South,Hyderabad,SUP-010,16.0,WH-SO-03,336.0,28.0,183.0,603.0,20.92,980.52,5.0,No,No,Summer,Cloudy,906.61,0.0,1.0,487.35,0.032,24,2023,4,29,5
2697,ORD102697,P-ELE-015,Electronics,Home Router,West,Ahmedabad,SUP-039,3.0,WH-WE-03,256.0,16.0,,435.0,13.48,13379.61,6.7,No,Yes,Autumn,Stormy,12677.72,0.0,1.0,226.04,0.109,15,2022,10,2,6
2698,ORD102698,P-GRO-003,Grocery,Wheat Flour 5kg,North,Lucknow,SUP-006,9.0,WH-NO-02,863.0,73.0,518.0,1952.0,59.39,280.46,9.1,No,No,Autumn,Cloudy,231.92,0.0,1.0,318.47,0.118,42,2023,10,13,4
2699,ORD102699,P-SPO-006,Sports,Football,East,Ranchi,SUP-005,10.0,WH-EA-02,242.0,5.0,,407.0,14.72,4460.11,20.1,No,No,Spring,Sunny,4259.82,0.0,2.0,451.92,0.086,11,2022,2,19,5
2700,ORD102700,P-FUR-002,Furniture,Dining Chair,North,Delhi,SUP-005,5.0,WH-NO-02,197.0,9.0,55.0,257.0,7.81,6869.89,34.0,No,No,Autumn,Rainy,6293.09,0.0,0.0,306.69,0.084,9,2024,9,23,0
2701,ORD102701,P-CLO-001,Clothing,Formal Shirt,East,Kolkata,SUP-012,5.0,WH-EA-01,141.0,19.0,128.0,492.0,16.97,2014.97,14.5,No,No,Winter,Sunny,1988.55,1.0,2.0,371.55,0.106,21,2021,1,3,6
2702,ORD102702,P-GRO-014,Grocery,Tea Powder 500g,East,Bhubaneswar,SUP-038,3.0,WH-EA-04,444.0,15.0,206.0,680.0,26.16,282.19,16.7,Yes,No,Summer,Sunny,320.52,0.0,0.0,202.52,0.075,25,2024,4,6,5
2703,ORD102703,P-BEA-008,Beauty,Lipstick Set,East,Bhubaneswar,SUP-019,16.0,WH-EA-03,457.0,38.0,191.0,635.0,22.76,1028.58,11.5,No,No,Winter,Rainy,897.46,0.0,2.0,605.54,0.081,29,2022,12,22,3
2704,ORD102704,P-FUR-010,Furniture,Foldable Bed,South,Kochi,SUP-007,7.0,WH-SO-05,40.0,8.0,44.0,200.0,6.52,17140.52,16.5,Yes,No,Winter,Stormy,18530.87,0.0,0.0,299.7,0.105,6,2023,1,24,1
2705,ORD102705,P-CLO-005,Clothing,Denim Jeans,East,Kolkata,SUP-026,3.0,WH-EA-04,370.0,19.0,120.0,410.0,16.12,987.4,3.1,No,No,Summer,Sunny,1119.13,0.0,0.0,190.37,0.103,22,2022,3,31,3
2706,ORD102706,P-SPO-001,Sports,Running Shoes,North,Chandigarh,SUP-021,7.0,WH-NO-01,111.0,9.0,77.0,283.0,11.9,4735.54,16.1,No,No,Autumn,Sunny,,0.0,1.0,424.24,0.172,14,2022,7,27,2
2707,ORD102707,P-GRO-014,Grocery,Wheat Flour 5kg,South,Bengaluru,SUP-029,8.0,WH-SO-04,651.0,36.0,,1025.0,32.9,373.15,22.9,No,No,Autumn,Sunny,383.37,0.0,1.0,470.77,0.067,49,2022,9,27,1
2708,ORD102708,P-ELE-010,Electronics,Smartwatch,South,Bengaluru,SUP-030,,WH-SO-01,183.0,12.0,78.0,343.0,11.04,4381.41,3.6,Yes,No,,Rainy,4841.98,2.0,1.0,411.97,0.03,17,2022,3,31,3
2709,ORD102709,P-FUR-011,Furniture,Office Chair,West,Ahmedabad,SUP-032,2.0,WH-WE-01,80.0,9.0,43.0,162.0,5.54,14647.55,16.9,No,No,Winter,Rainy,15389.18,0.0,0.0,153.09,0.05,8,2021,1,18,0
2710,ORD102710,P-SPO-009,Sports,Cricket Bat,South,Coimbatore,SUP-007,5.0,WH-SO-04,426.0,23.0,107.0,537.0,17.76,3043.61,4.5,No,No,Autumn,Rainy,,0.0,1.0,423.86,0.104,23,2022,8,9,1
2711,ORD102711,P-GRO-007,Grocery,Tea Powder 500g,West,Mumbai,SUP-020,8.0,WH-WE-01,487.0,42.0,208.0,1253.0,39.21,247.24,18.2,No,No,Summer,Sunny,249.59,0.0,0.0,289.04,,29,2022,8,11,3
2712,ORD102712,P-GRO-007,Grocery,Sunflower Oil 1L,South,Kochi,SUP-026,9.0,WH-SO-03,539.0,23.0,244.0,1027.0,41.34,,18.0,No,No,Autumn,Sunny,248.2,0.0,,293.34,0.121,34,2023,11,21,1
2713,ORD102713,P-ELE-012,Electronics,Home Router,North,Chandigarh,SUP-023,9.0,WH-NO-05,101.0,4.0,45.0,151.0,6.88,2615.99,3.4,No,No,Autumn,Cloudy,2859.54,0.0,1.0,394.69,,8,2022,11,19,5
2714,ORD102714,P-SPO-004,Sports,Cycling Helmet,South,Hyderabad,SUP-039,6.0,WH-SO-02,358.0,4.0,128.0,496.0,15.32,2178.16,16.2,No,No,Summer,Sunny,2632.89,1.0,0.0,271.05,0.2,19,2023,3,14,1
2715,ORD102715,P-GRO-006,Grocery,Wheat Flour 5kg,North,Kanpur,SUP-039,13.0,WH-NO-04,1166.0,43.0,287.0,1466.0,47.16,454.19,14.3,No,Yes,Autumn,,441.82,0.0,3.0,478.7,0.021,62,2022,11,12,5
2716,ORD102716,P-CLO-005,Clothing,Denim Jeans,East,Patna,SUP-033,17.0,WH-EA-02,325.0,16.0,102.0,429.0,13.61,1648.59,,No,No,Autumn,Sunny,1651.57,0.0,,507.36,0.076,16,2022,9,12,0
2717,ORD102717,P-SPO-008,Sports,Gym Dumbbells 5kg,West,Pune,SUP-010,8.0,WH-WE-01,308.0,15.0,117.0,394.0,14.34,4708.92,3.2,No,No,Autumn,Cloudy,4751.11,0.0,,367.52,0.173,17,2023,11,14,1
2718,ORD102718,P-ELE-015,Electronics,Smartphone Charger,West,Surat,SUP-022,7.0,WH-WE-01,113.0,10.0,,249.0,8.16,9305.43,15.4,No,No,Autumn,Cloudy,8211.84,,1.0,319.49,0.198,12,2023,9,15,4
2719,ORD102719,P-CLO-014,Clothing,Track Pants,South,Bengaluru,SUP-033,3.0,WH-SO-01,139.0,25.0,129.0,509.0,15.36,1404.17,,Yes,No,Winter,Rainy,1308.88,0.0,0.0,289.58,0.077,25,2024,12,19,3
2720,ORD102720,P-CLO-009,Clothing,Men's Cotton T-Shirt,North,Kanpur,SUP-011,13.0,WH-NO-01,631.0,19.0,199.0,802.0,26.25,1841.86,1.2,Yes,No,Winter,Sunny,1886.73,0.0,1.0,424.22,0.115,40,2022,12,27,1
2721,ORD102721,P-BEA-004,Beauty,Lipstick Set,West,Nagpur,SUP-029,,WH-WE-01,132.0,14.0,113.0,539.0,18.99,539.93,11.4,No,No,Spring,Rainy,535.87,0.0,1.0,353.12,0.119,14,2021,2,10,2
2722,ORD102722,P-GRO-015,Grocery,Sunflower Oil 1L,North,Kanpur,SUP-010,4.0,WH-NO-05,166.0,45.0,284.0,1323.0,43.22,144.21,23.2,Yes,No,Summer,Cloudy,144.4,,0.0,186.71,0.095,45,2023,5,6,5
2723,ORD102723,P-GRO-005,Grocery,Instant Noodles Pack,South,Hyderabad,SUP-006,5.0,WH-SO-05,1052.0,39.0,440.0,2432.0,71.59,181.1,19.8,No,No,Summer,Sunny,181.48,0.0,1.0,340.09,0.061,81,2022,8,2,1
2724,ORD102724,P-ELE-006,Electronics,Smartphone Charger,West,,SUP-010,14.0,WH-WE-02,118.0,8.0,51.0,232.0,7.64,4713.27,1.0,No,No,Summer,Cloudy,4669.45,0.0,2.0,496.81,0.093,10,2021,5,20,3
2725,ORD102725,P-BEA-014,Beauty,Lipstick Set,South,Kochi,SUP-038,11.0,WH-SO-04,521.0,25.0,211.0,758.0,28.55,1052.68,4.7,No,No,Summer,Rainy,988.2,0.0,1.0,429.83,0.062,35,2024,6,5,2
2726,ORD102726,P-BEA-004,Beauty,Body Lotion 400ml,North,Delhi,SUP-040,7.0,WH-NO-02,278.0,14.0,144.0,806.0,22.96,795.38,,No,No,Autumn,Sunny,823.05,0.0,1.0,349.54,0.009,23,2023,7,14,4
2727,ORD102727,P-ELE-007,Electronics,Bluetooth Speaker,South,Chennai,SUP-035,11.0,WH-SO-04,201.0,6.0,72.0,285.0,9.83,6604.43,8.0,No,No,Summer,Rainy,6778.0,0.0,1.0,430.92,0.039,14,2023,7,4,1
2728,ORD102728,P-GRO-014,Grocery,Sunflower Oil 1L,East,Bhubaneswar,SUP-011,11.0,WH-EA-02,401.0,19.0,159.0,620.0,22.25,106.31,25.7,Yes,,Autumn,Cloudy,98.82,0.0,0.0,322.61,0.043,24,2023,7,19,2
2729,ORD102729,P-SPO-005,Sports,Football,North,Jaipur,SUP-032,5.0,WH-NO-04,347.0,13.0,94.0,451.0,16.05,1568.06,5.0,No,No,Winter,,1620.09,0.0,0.0,263.44,0.031,19,2024,12,8,6
2730,ORD102730,P-ELE-010,Electronics,Smartwatch,East,Guwahati,SUP-009,7.0,WH-EA-02,179.0,7.0,60.0,,8.13,1667.83,6.9,No,No,Autumn,Rainy,1584.65,0.0,0.0,402.22,,9,2023,10,3,1
2731,ORD102731,P-GRO-001,Grocery,Basmati Rice 5kg,South,Kochi,SUP-006,10.0,WH-SO-05,1742.0,109.0,627.0,2176.0,77.37,191.72,15.5,No,No,Autumn,Cloudy,,0.0,2.0,446.13,0.032,112,2023,11,9,3
2732,ORD102732,P-CLO-015,Clothing,Denim Jeans,South,Hyderabad,SUP-011,8.0,WH-SO-05,220.0,18.0,92.0,342.0,13.66,2303.58,16.4,No,No,Winter,Cloudy,2295.62,0.0,0.0,385.18,0.105,18,2024,1,3,2
2733,ORD102733,P-GRO-007,Grocery,Tea Powder 500g,South,Bengaluru,SUP-006,5.0,WH-SO-02,189.0,42.0,291.0,1174.0,37.53,327.96,45.2,No,No,Autumn,Sunny,338.3,0.0,0.0,195.83,0.131,30,2023,11,25,5
2734,ORD102734,P-GRO-011,Grocery,Toor Dal 1kg,West,Mumbai,SUP-026,9.0,WH-WE-01,378.0,60.0,293.0,1518.0,49.63,154.04,2.4,No,No,Autumn,Cloudy,156.21,0.0,2.0,384.12,0.054,42,2023,10,26,3
2735,ORD102735,P-CLO-008,Clothing,Track Pants,South,Kochi,SUP-028,14.0,WH-SO-02,189.0,18.0,223.0,783.0,25.91,503.75,16.6,No,No,Summer,Rainy,501.48,2.0,,522.31,0.096,24,2021,4,22,3
2736,ORD102736,P-ELE-007,Electronics,Laptop Stand,West,Ahmedabad,SUP-002,13.0,WH-WE-02,134.0,12.0,75.0,263.0,9.81,7402.49,6.5,No,No,,Stormy,7596.18,0.0,1.0,362.43,0.022,6,2022,8,11,3
2737,ORD102737,P-CLO-007,Clothing,Women's Kurti,South,Coimbatore,SUP-005,9.0,WH-SO-03,175.0,19.0,210.0,780.0,27.16,751.38,12.2,No,No,Spring,Rainy,,0.0,1.0,371.54,0.206,26,2022,2,7,0
2738,ORD102738,P-FUR-001,Furniture,Dining Chair,North,Chandigarh,SUP-020,15.0,WH-NO-03,65.0,7.0,37.0,184.0,5.87,18593.73,15.9,No,No,Autumn,Rainy,18772.97,0.0,3.0,516.45,,5,2024,7,25,3
2739,ORD102739,P-CLO-005,Clothing,Woolen Sweater,South,Kochi,SUP-005,14.0,WH-SO-05,177.0,33.0,166.0,651.0,21.51,1567.94,10.2,No,No,Summer,Cloudy,1581.02,0.0,4.0,557.88,0.131,19,2023,5,3,2
2740,ORD102740,P-ELE-006,Electronics,Smartphone Charger,East,Patna,SUP-034,6.0,WH-EA-01,104.0,7.0,40.0,,5.37,5112.47,23.3,,No,Winter,Rainy,4967.74,0.0,0.0,294.74,0.175,9,2023,1,24,1
2741,ORD102741,P-BEA-006,Beauty,Moisturizer Cream,South,Bengaluru,SUP-017,2.0,WH-SO-03,572.0,41.0,250.0,1112.0,32.21,1046.41,3.4,No,No,Winter,,894.16,0.0,2.0,285.52,0.117,47,2023,2,3,4
2742,ORD102742,P-ELE-005,Electronics,Bluetooth Speaker,West,,SUP-017,6.0,WH-WE-01,312.0,10.0,123.0,455.0,14.79,3211.47,17.2,Yes,No,Autumn,Sunny,3220.14,0.0,2.0,396.87,0.074,25,2023,9,24,6
2743,ORD102743,P-BEA-010,Beauty,Lipstick Set,Central,Raipur,SUP-001,8.0,WH-CE-03,71.0,21.0,136.0,659.0,20.98,611.91,5.8,No,Yes,Winter,Cloudy,549.92,0.0,0.0,374.9,0.062,15,2024,1,20,5
2744,ORD102744,P-GRO-013,Grocery,Toor Dal 1kg,West,Nagpur,SUP-029,11.0,WH-WE-04,734.0,43.0,331.0,1077.0,39.65,90.47,5.9,No,No,Autumn,Cloudy,86.37,0.0,,294.76,0.062,62,2021,10,22,4
2745,ORD102745,P-BEA-014,Beauty,Talcum Powder,East,Kolkata,SUP-029,3.0,WH-EA-05,51.0,21.0,124.0,424.0,15.98,128.12,9.3,No,No,Winter,Cloudy,119.24,0.0,2.0,297.39,0.152,15,2024,12,22,6
2746,ORD102746,P-GRO-015,Grocery,Sugar 1kg,East,Patna,SUP-031,10.0,WH-EA-03,451.0,32.0,234.0,1301.0,40.69,598.0,6.6,No,No,Winter,Stormy,563.67,0.0,2.0,478.93,0.294,38,2024,1,19,4
2747,ORD102747,P-ELE-010,Electronics,Home Router,East,Ranchi,SUP-022,13.0,WH-EA-01,25.0,7.0,66.0,217.0,7.6,6285.67,1.5,No,No,Autumn,Rainy,5956.21,0.0,2.0,432.89,0.075,7,2021,10,30,5
2748,ORD102748,P-CLO-007,Clothing,Denim Jeans,South,Kochi,SUP-011,8.0,WH-SO-05,507.0,38.0,164.0,629.0,25.46,1053.73,8.7,No,No,Summer,Rainy,1094.66,0.0,4.0,573.43,0.208,25,2023,6,5,0
2749,ORD102749,P-ELE-010,Electronics,Smartwatch,West,Mumbai,SUP-004,5.0,WH-WE-03,85.0,10.0,72.0,312.0,9.93,11734.95,16.7,No,No,Autumn,Rainy,12047.33,0.0,1.0,411.53,0.12,8,2022,9,18,6
2750,ORD102750,P-GRO-002,Grocery,Basmati Rice 5kg,West,Nagpur,SUP-013,9.0,WH-WE-03,694.0,15.0,313.0,1429.0,43.22,300.36,2.0,No,No,Autumn,,303.03,0.0,1.0,314.1,0.098,51,2022,7,5,1
2751,ORD102751,P-BEA-013,Beauty,Moisturizer Cream,South,Bengaluru,SUP-022,19.0,WH-SO-04,119.0,17.0,150.0,670.0,25.02,823.77,21.6,,No,Summer,Cloudy,903.47,0.0,0.0,459.92,0.007,22,2024,6,20,3
2752,ORD102752,P-BEA-009,Beauty,Sunscreen Lotion,Central,Bhopal,SUP-005,8.0,WH-CE-02,72.0,16.0,154.0,484.0,19.51,1162.61,13.3,No,No,Spring,Sunny,1447.08,0.0,2.0,421.67,0.046,17,2022,2,22,1
2753,ORD102753,P-ELE-003,Electronics,Smartphone Charger,West,Nagpur,SUP-003,6.0,WH-WE-05,234.0,7.0,64.0,333.0,9.72,11643.83,18.2,Yes,No,Summer,Rainy,12116.52,0.0,1.0,425.19,0.041,14,2024,5,9,3
2754,ORD102754,P-SPO-007,Sports,Cycling Helmet,South,Bengaluru,SUP-009,4.0,WH-SO-01,373.0,,91.0,547.0,16.15,2614.99,5.2,No,No,Autumn,Sunny,2804.96,0.0,0.0,288.2,0.084,22,2023,7,20,3
2755,ORD102755,P-BEA-005,Beauty,Moisturizer Cream,Central,Indore,SUP-003,8.0,WH-CE-01,230.0,38.0,172.0,927.0,28.06,1123.31,3.8,Yes,No,Summer,Cloudy,1148.5,0.0,0.0,337.68,0.017,28,2024,4,8,0
2756,ORD102756,P-SPO-006,Sports,Football,North,Delhi,SUP-001,14.0,WH-NO-05,560.0,33.0,118.0,635.0,23.11,1959.68,2.9,No,Yes,Winter,Sunny,2061.26,0.0,0.0,424.36,0.097,34,2023,12,25,0
2757,ORD102757,P-FUR-001,Furniture,Dining Chair,North,Chandigarh,SUP-020,9.0,WH-NO-03,50.0,13.0,50.0,261.0,8.96,12692.62,14.5,No,No,Autumn,Cloudy,11043.24,0.0,1.0,402.66,0.154,5,2023,6,26,0
2758,ORD102758,P-FUR-001,Furniture,Study Table,South,Bengaluru,SUP-030,10.0,WH-SO-05,28.0,4.0,36.0,141.0,4.52,14610.04,23.7,No,No,Autumn,Sunny,11448.89,3.0,3.0,471.8,0.066,3,2021,10,6,2
2759,ORD102759,P-CLO-006,Clothing,Denim Jeans,East,Patna,SUP-020,3.0,WH-EA-05,200.0,15.0,83.0,504.0,15.42,1505.18,6.7,No,No,Winter,Cloudy,1250.62,0.0,0.0,246.49,0.059,18,2024,12,22,6
2760,ORD102760,P-FUR-005,Furniture,Office Chair,South,Chennai,SUP-004,7.0,WH-SO-05,129.0,8.0,56.0,226.0,7.62,3260.2,14.7,No,No,Summer,Rainy,3097.3,0.0,2.0,374.38,,9,2023,7,28,4
2761,ORD102761,P-SPO-015,Sports,Running Shoes,Central,Gwalior,SUP-014,10.0,WH-CE-04,89.0,16.0,53.0,316.0,8.32,1022.06,19.7,Yes,No,Summer,Sunny,1133.82,,4.0,507.34,0.05,14,2022,6,7,1
2762,ORD102762,P-ELE-004,Electronics,Power Bank 10000mAh,South,Hyderabad,SUP-002,8.0,WH-SO-04,195.0,17.0,123.0,482.0,15.17,5918.9,18.1,No,No,Winter,Sunny,6039.82,1.0,0.0,307.59,0.01,27,2022,1,10,0
2763,ORD102763,P-GRO-005,Grocery,Sunflower Oil 1L,South,Bengaluru,SUP-025,14.0,WH-SO-04,205.0,37.0,260.0,1133.0,37.28,507.35,28.1,No,No,Autumn,Rainy,491.49,0.0,0.0,494.27,0.153,37,2021,6,19,5
2764,ORD102764,P-ELE-014,Electronics,Bluetooth Speaker,East,Bhubaneswar,SUP-010,8.0,WH-EA-04,170.0,5.0,42.0,215.0,7.29,14634.15,24.2,No,No,Summer,Sunny,15300.81,0.0,0.0,362.43,0.118,10,2022,4,7,3
2765,ORD102765,P-SPO-013,Sports,Badminton Racket,North,Chandigarh,SUP-016,11.0,WH-NO-02,84.0,18.0,96.0,388.0,12.63,4503.2,17.5,No,No,Autumn,Cloudy,4630.41,2.0,0.0,365.69,0.033,15,2021,7,13,1
2766,ORD102766,P-CLO-001,Clothing,Cotton Saree,West,Pune,SUP-037,11.0,WH-WE-05,96.0,14.0,144.0,679.0,21.8,2011.27,5.5,No,No,Summer,Rainy,1793.22,0.0,0.0,481.71,0.079,14,2024,7,21,6
2767,ORD102767,P-FUR-002,Furniture,Wooden Bookshelf,South,Hyderabad,SUP-024,5.0,WH-SO-01,61.0,10.0,71.0,244.0,9.16,12724.48,9.6,No,No,Autumn,Cloudy,13201.79,0.0,,205.01,0.145,9,2022,9,29,3
2768,ORD102768,P-BEA-002,Beauty,Sunscreen Lotion,Central,Indore,SUP-031,8.0,WH-CE-03,205.0,27.0,200.0,721.0,27.3,267.24,19.1,No,No,Summer,Sunny,285.03,3.0,1.0,338.24,0.134,23,2023,7,4,1
2769,ORD102769,P-SPO-007,Sports,Gym Dumbbells 5kg,West,Pune,SUP-014,6.0,WH-WE-02,109.0,21.0,132.0,625.0,22.51,1477.29,2.5,No,No,Spring,Cloudy,1725.57,0.0,0.0,292.52,0.092,20,2024,3,22,4
2770,ORD102770,P-ELE-009,Electronics,Wireless Earbuds,North,Jaipur,SUP-038,9.0,WH-NO-04,147.0,26.0,112.0,475.0,16.35,2587.58,6.9,No,No,Autumn,,2571.11,1.0,2.0,410.71,0.064,15,2024,11,5,1
2771,ORD102771,P-BEA-006,Beauty,Sunscreen Lotion,North,Lucknow,SUP-029,12.0,WH-NO-02,114.0,34.0,181.0,864.0,28.32,638.51,11.1,No,Yes,Autumn,Sunny,725.03,0.0,0.0,414.25,0.166,38,2022,10,24,0
2772,ORD102772,P-SPO-001,Sports,Gym Dumbbells 5kg,North,Lucknow,SUP-021,20.0,WH-NO-02,72.0,14.0,69.0,294.0,10.27,4038.1,11.4,No,No,Summer,Cloudy,3907.33,0.0,1.0,578.04,0.245,8,2021,3,18,3
2773,ORD102773,P-ELE-004,Electronics,Home Router,Central,Bhopal,SUP-024,10.0,WH-CE-05,53.0,5.0,51.0,223.0,7.44,12937.46,10.3,No,No,Summer,Sunny,15345.34,0.0,2.0,451.49,0.089,11,2023,6,13,1
2774,ORD102774,P-BEA-010,Beauty,Sunscreen Lotion,West,Surat,SUP-025,13.0,WH-WE-03,102.0,40.0,161.0,777.0,30.19,1060.09,21.4,No,No,Autumn,Stormy,1009.63,1.0,1.0,367.95,0.133,21,2024,10,15,1
2775,ORD102775,P-GRO-006,Grocery,Masala Mix 200g,South,Coimbatore,SUP-007,10.0,WH-SO-04,142.0,42.0,214.0,985.0,29.3,456.33,12.5,Yes,,Autumn,Sunny,479.79,0.0,2.0,487.61,0.074,46,2022,6,8,2
2776,ORD102776,P-FUR-002,Furniture,Wooden Bookshelf,North,Jaipur,SUP-011,7.0,WH-NO-05,110.0,7.0,45.0,174.0,6.72,8470.54,25.2,No,No,Summer,Sunny,8664.78,0.0,1.0,311.74,,7,2021,5,30,6
2777,ORD102777,P-CLO-010,Clothing,Cotton Saree,West,Mumbai,SUP-028,3.0,WH-WE-05,352.0,16.0,99.0,543.0,17.55,1823.85,22.9,Yes,No,Autumn,Sunny,2041.22,0.0,,244.74,0.129,26,2023,11,11,5
2778,ORD102778,P-GRO-010,Grocery,Masala Mix 200g,North,Chandigarh,SUP-018,8.0,WH-NO-02,280.0,27.0,201.0,938.0,34.84,140.99,8.2,No,No,Summer,Stormy,156.27,0.0,3.0,,0.024,25,2023,6,26,0
2779,ORD102779,P-ELE-008,Electronics,Smartphone Charger,West,Pune,SUP-032,17.0,WH-WE-01,,12.0,63.0,380.0,12.19,14701.12,5.3,Yes,No,Autumn,Cloudy,13475.11,0.0,3.0,435.96,0.061,10,2021,8,12,3
2780,ORD102780,P-ELE-015,Electronics,Smartwatch,West,,SUP-022,10.0,WH-WE-05,142.0,11.0,108.0,413.0,11.91,8936.03,7.8,Yes,No,Winter,Sunny,,0.0,,333.49,0.074,16,2021,1,6,2
2781,ORD102781,P-ELE-013,Electronics,Home Router,South,Chennai,SUP-003,5.0,WH-SO-02,114.0,9.0,72.0,335.0,10.31,1653.9,3.8,No,No,Winter,Sunny,1935.24,0.0,1.0,192.52,0.138,14,2023,1,30,0
2782,ORD102782,P-FUR-001,Furniture,Foldable Bed,East,Bhubaneswar,SUP-027,2.0,WH-EA-04,91.0,6.0,,137.0,5.02,10899.7,7.5,Yes,No,Summer,Rainy,10986.1,0.0,2.0,,0.087,8,2021,8,6,4
2783,ORD102783,P-GRO-014,Grocery,Masala Mix 200g,North,Chandigarh,SUP-025,14.0,WH-NO-04,1001.0,51.0,405.0,1462.0,47.63,331.75,13.9,No,No,Autumn,Sunny,353.35,0.0,0.0,289.15,,57,2021,9,28,1
2784,ORD102784,P-GRO-001,Grocery,Toor Dal 1kg,South,Coimbatore,SUP-015,8.0,WH-SO-03,559.0,31.0,343.0,1005.0,34.77,362.32,17.6,No,No,Summer,Cloudy,331.3,0.0,0.0,388.63,0.064,27,2022,3,28,0
2785,ORD102785,P-FUR-008,Furniture,TV Unit,Central,Gwalior,SUP-032,5.0,WH-CE-01,66.0,5.0,32.0,132.0,,7541.59,13.7,No,No,Autumn,Cloudy,7393.23,2.0,0.0,241.8,0.039,6,2022,11,16,2
2786,ORD102786,P-FUR-014,Furniture,Sofa Cushion Set,West,Nagpur,SUP-015,8.0,WH-WE-03,85.0,3.0,39.0,199.0,6.03,6814.09,12.0,No,No,Summer,Rainy,6427.76,0.0,2.0,357.67,0.201,4,2024,4,10,2
2787,ORD102787,P-CLO-015,Clothing,Formal Shirt,West,Ahmedabad,SUP-005,5.0,WH-WE-01,230.0,23.0,140.0,872.0,23.57,1974.82,18.3,No,No,Autumn,Cloudy,2121.11,0.0,0.0,403.63,0.068,21,2022,9,21,2
2788,ORD102788,P-SPO-001,Sports,Football,East,Ranchi,SUP-005,6.0,WH-EA-02,302.0,10.0,104.0,513.0,15.15,3840.0,23.1,Yes,No,Summer,Rainy,4066.59,0.0,0.0,277.07,0.02,22,2024,5,6,0
2789,ORD102789,P-GRO-002,Grocery,Sunflower Oil 1L,North,Kanpur,SUP-037,9.0,WH-NO-02,854.0,39.0,221.0,1145.0,43.44,136.81,17.3,No,No,Autumn,Sunny,150.2,0.0,5.0,583.65,0.059,49,2023,6,3,5
2790,ORD102790,P-BEA-004,Beauty,Moisturizer Cream,West,Ahmedabad,SUP-016,13.0,WH-WE-03,793.0,44.0,332.0,1439.0,39.73,558.18,4.2,No,No,Autumn,,509.72,0.0,1.0,,0.053,40,2022,7,28,3
2791,ORD102791,P-ELE-005,Electronics,Power Bank 10000mAh,East,Guwahati,SUP-017,15.0,WH-EA-01,157.0,3.0,55.0,206.0,7.32,13878.76,11.0,No,No,Winter,Sunny,14487.95,0.0,2.0,441.55,0.198,9,2023,1,15,6
2792,ORD102792,P-BEA-005,Beauty,Lipstick Set,North,Kanpur,SUP-013,12.0,WH-NO-05,553.0,22.0,161.0,682.0,23.7,669.98,22.6,Yes,No,Summer,Sunny,671.06,0.0,3.0,489.55,0.112,31,2021,7,26,0
2793,ORD102793,P-SPO-007,Sports,Badminton Racket,South,Kochi,SUP-030,12.0,WH-SO-01,226.0,11.0,54.0,276.0,9.93,,13.9,No,No,Autumn,Cloudy,2762.51,0.0,1.0,379.11,0.091,5,2024,11,26,1
2794,ORD102794,P-BEA-005,Beauty,Lipstick Set,East,,SUP-025,18.0,WH-EA-05,313.0,9.0,139.0,498.0,16.34,1197.36,13.9,No,No,Summer,Cloudy,1241.73,0.0,3.0,551.69,0.048,19,2022,3,18,4
2795,ORD102795,P-CLO-009,Clothing,Denim Jeans,West,Surat,SUP-036,2.0,WH-WE-02,226.0,17.0,135.0,495.0,20.74,612.67,27.9,No,No,,Rainy,676.0,0.0,0.0,218.23,0.116,25,2024,8,8,3
2796,ORD102796,P-FUR-013,Furniture,Dining Chair,South,Hyderabad,SUP-036,10.0,WH-SO-03,128.0,4.0,60.0,184.0,6.81,16683.3,19.0,Yes,No,Autumn,,18779.72,0.0,2.0,381.89,0.114,7,2023,8,1,1
2797,ORD102797,P-GRO-009,Grocery,Toor Dal 1kg,West,Mumbai,SUP-040,4.0,WH-WE-05,858.0,47.0,249.0,1250.0,37.3,111.54,17.3,No,No,Summer,,111.22,0.0,1.0,200.94,0.065,40,2022,3,6,6
2798,ORD102798,P-FUR-005,Furniture,Plastic Storage Rack,South,Chennai,SUP-014,24.0,WH-SO-04,23.0,4.0,34.0,182.0,4.82,11816.0,14.8,No,No,Winter,Cloudy,12600.16,0.0,1.0,620.87,0.068,3,2022,12,13,1
2799,ORD102799,P-BEA-009,Beauty,Sunscreen Lotion,South,Kochi,SUP-024,14.0,WH-SO-01,148.0,23.0,165.0,677.0,29.01,630.91,11.9,No,No,,Cloudy,658.44,0.0,0.0,401.82,0.132,30,2021,6,27,6
2800,ORD102800,P-SPO-010,Sports,Running Shoes,North,Kanpur,SUP-014,5.0,WH-NO-04,144.0,11.0,72.0,289.0,8.72,812.24,13.0,No,No,Summer,Stormy,762.85,0.0,4.0,398.17,0.047,10,2023,6,19,0
2801,ORD102801,P-CLO-014,Clothing,Denim Jeans,West,Surat,SUP-029,9.0,WH-WE-03,259.0,17.0,95.0,477.0,18.08,318.32,17.4,Yes,Yes,Summer,Sunny,295.49,,1.0,473.64,0.083,23,2021,4,5,0
2802,ORD102802,P-ELE-015,Electronics,Wireless Earbuds,South,Kochi,SUP-030,7.0,WH-SO-05,66.0,12.0,59.0,215.0,7.53,7004.85,6.6,No,No,Summer,Cloudy,6978.02,0.0,2.0,424.56,0.309,7,2023,7,23,6
2803,ORD102803,P-CLO-005,Clothing,Cotton Saree,East,Bhubaneswar,SUP-011,4.0,WH-EA-03,209.0,23.0,166.0,,19.67,,8.8,No,No,Autumn,Sunny,2169.68,0.0,0.0,229.81,0.071,19,2021,10,17,6
2804,ORD102804,P-ELE-014,Electronics,Smartwatch,North,Jaipur,SUP-035,8.0,WH-NO-05,64.0,8.0,39.0,245.0,7.43,3240.82,4.9,No,No,Autumn,Sunny,3263.69,1.0,0.0,300.62,0.189,7,2021,7,7,2
2805,ORD102805,P-GRO-013,Grocery,Sugar 1kg,West,Mumbai,SUP-012,20.0,WH-WE-03,,52.0,362.0,1439.0,45.36,194.78,14.6,Yes,No,Autumn,Cloudy,188.27,,2.0,439.18,0.033,80,2021,11,21,6
2806,ORD102806,P-GRO-002,Grocery,Tea Powder 500g,West,Pune,SUP-040,9.0,WH-WE-01,1267.0,89.0,542.0,1935.0,63.72,193.69,3.5,No,Yes,Summer,Sunny,196.98,0.0,0.0,274.45,0.125,84,2021,5,11,1
2807,ORD102807,P-BEA-009,Beauty,Sunscreen Lotion,South,Bengaluru,SUP-035,14.0,WH-SO-03,216.0,2.0,213.0,924.0,28.59,309.03,6.2,No,No,Summer,Sunny,282.67,0.0,1.0,464.34,0.061,15,2024,7,22,0
2808,ORD102808,P-ELE-003,Electronics,Home Router,Central,,SUP-001,13.0,WH-CE-05,144.0,14.0,88.0,367.0,11.52,13458.21,,No,No,Autumn,Rainy,15098.53,0.0,1.0,522.8,0.181,14,2024,9,29,6
2809,ORD102809,P-ELE-008,Electronics,Wireless Earbuds,North,Jaipur,SUP-016,8.0,WH-NO-01,63.0,7.0,71.0,256.0,9.63,6861.69,22.1,No,No,Autumn,Sunny,5862.68,0.0,1.0,313.75,0.075,5,2024,9,13,4
2810,ORD102810,P-ELE-001,Electronics,Wireless Earbuds,North,Kanpur,SUP-016,9.0,WH-NO-02,61.0,9.0,93.0,409.0,13.19,7891.3,2.4,No,No,Autumn,Sunny,7840.14,0.0,3.0,430.32,0.231,11,2023,11,16,3
2811,ORD102811,P-SPO-005,Sports,Cycling Helmet,East,Bhubaneswar,SUP-033,8.0,WH-EA-01,58.0,14.0,86.0,408.0,14.52,2183.02,5.6,Yes,No,Winter,Cloudy,2147.46,0.0,0.0,317.89,0.192,13,2021,12,3,4
2812,ORD102812,P-FUR-009,Furniture,TV Unit,West,Ahmedabad,SUP-029,4.0,WH-WE-05,73.0,6.0,42.0,166.0,5.99,6184.41,0.4,Yes,No,Winter,Cloudy,6117.39,0.0,2.0,351.16,0.126,5,2024,1,14,6
2813,ORD102813,P-ELE-005,Electronics,Bluetooth Speaker,South,Coimbatore,SUP-003,,WH-SO-03,173.0,4.0,53.0,251.0,7.96,8908.49,5.3,No,No,Winter,Cloudy,8307.02,0.0,1.0,229.99,0.027,9,2024,1,14,6
2814,ORD102814,P-ELE-001,Electronics,Smartwatch,East,Bhubaneswar,SUP-034,7.0,WH-EA-04,86.0,6.0,77.0,293.0,8.62,13673.73,4.0,No,No,Winter,Stormy,12020.78,0.0,1.0,267.9,0.192,8,2021,12,12,6
2815,ORD102815,P-CLO-006,Clothing,Formal Shirt,South,Chennai,SUP-009,3.0,WH-SO-05,267.0,9.0,104.0,448.0,15.03,1265.92,17.9,No,No,Summer,Sunny,1290.26,0.0,1.0,435.51,0.066,12,2024,5,6,0
2816,ORD102816,P-GRO-009,Grocery,Masala Mix 200g,East,Patna,SUP-015,6.0,WH-EA-05,4363.0,26.0,239.0,1200.0,34.32,202.67,3.9,Yes,No,Winter,Sunny,199.35,0.0,2.0,272.22,0.108,38,2024,12,27,4
2817,ORD102817,P-CLO-012,Clothing,Formal Shirt,East,Bhubaneswar,SUP-007,20.0,WH-EA-03,191.0,19.0,118.0,476.0,16.4,1680.27,4.6,No,No,Summer,Sunny,1731.95,0.0,3.0,696.66,0.121,15,2022,7,6,2
2818,ORD102818,P-CLO-003,Clothing,Track Pants,Central,Bhopal,SUP-007,12.0,WH-CE-05,155.0,19.0,161.0,538.0,,414.12,8.4,No,No,Summer,Cloudy,359.46,0.0,2.0,482.01,0.063,18,2023,5,10,2
2819,ORD102819,P-SPO-008,Sports,Yoga Mat,South,Bengaluru,SUP-022,9.0,WH-SO-03,79.0,,72.0,301.0,11.61,4656.26,1.3,No,No,Summer,Sunny,5295.69,0.0,1.0,368.33,0.043,10,2024,6,27,3
2820,ORD102820,P-GRO-003,Grocery,Toor Dal 1kg,East,Kolkata,SUP-004,8.0,WH-EA-05,692.0,31.0,324.0,1022.0,40.46,188.85,16.8,No,No,Winter,Rainy,187.64,0.0,0.0,334.39,0.085,44,2022,1,19,2
2821,ORD102821,P-FUR-003,Furniture,Sofa Cushion Set,East,Kolkata,SUP-004,9.0,WH-EA-05,39.0,6.0,28.0,127.0,4.06,15684.21,17.6,No,No,Winter,,11867.72,0.0,1.0,476.61,0.052,3,2024,12,15,6
2822,ORD102822,P-ELE-002,Electronics,Bluetooth Speaker,South,Bengaluru,SUP-032,9.0,WH-SO-02,216.0,10.0,89.0,411.0,11.48,7953.24,11.7,No,No,Summer,Cloudy,8073.35,0.0,2.0,418.9,0.051,16,2022,3,20,6
2823,ORD102823,P-SPO-012,Sports,Cricket Bat,South,Bengaluru,SUP-014,18.0,WH-SO-04,340.0,27.0,128.0,711.0,21.2,2019.81,26.5,No,No,Autumn,Rainy,1943.55,0.0,2.0,579.31,0.02,24,2024,11,14,3
2824,ORD102824,P-SPO-014,Sports,Football,Central,Bhopal,SUP-026,12.0,WH-CE-04,168.0,10.0,65.0,312.0,9.53,395.5,0.2,No,No,Winter,Rainy,359.65,0.0,3.0,599.93,0.062,9,2021,12,8,2
2825,ORD102825,P-BEA-010,Beauty,Body Lotion 400ml,North,,SUP-040,12.0,WH-NO-04,497.0,21.0,236.0,962.0,27.54,142.54,17.8,No,No,Winter,Cloudy,156.59,0.0,1.0,477.72,0.07,35,2023,12,20,2
2826,ORD102826,P-CLO-006,Clothing,Denim Jeans,West,Mumbai,SUP-003,13.0,WH-WE-01,570.0,75.0,413.0,1458.0,45.49,1842.38,11.9,Yes,No,Winter,,1979.41,0.0,3.0,412.0,0.043,71,2023,2,7,1
2827,ORD102827,P-GRO-015,Grocery,Basmati Rice 5kg,North,Chandigarh,SUP-032,14.0,WH-NO-03,382.0,44.0,247.0,1073.0,32.08,350.75,15.3,,No,Summer,Sunny,360.34,0.0,2.0,388.0,0.026,39,2022,6,27,0
2828,ORD102828,P-BEA-008,Beauty,Talcum Powder,West,Mumbai,SUP-005,4.0,WH-WE-01,331.0,18.0,113.0,587.0,19.35,607.5,3.7,No,No,Autumn,Cloudy,611.24,0.0,2.0,352.97,0.026,19,2022,10,4,1
2829,ORD102829,P-BEA-008,Beauty,Talcum Powder,North,Kanpur,SUP-031,5.0,WH-NO-05,635.0,34.0,136.0,736.0,26.89,666.06,2.5,No,No,Autumn,Sunny,692.96,0.0,0.0,225.56,0.043,31,2021,11,28,6
2830,ORD102830,P-GRO-010,Grocery,Toor Dal 1kg,Central,Indore,SUP-013,14.0,WH-CE-05,407.0,25.0,193.0,659.0,25.07,211.92,27.6,No,No,Autumn,Cloudy,185.17,1.0,0.0,420.07,0.103,28,2023,9,9,5
2831,ORD102831,P-CLO-010,Clothing,Cotton Saree,West,Surat,SUP-006,6.0,WH-WE-03,576.0,24.0,237.0,753.0,26.13,478.73,22.8,No,No,Winter,Rainy,486.07,0.0,0.0,310.06,0.079,39,2024,12,21,5
2832,ORD102832,P-CLO-008,Clothing,Track Pants,North,Jaipur,SUP-010,6.0,WH-NO-01,196.0,19.0,,612.0,24.67,2021.52,15.7,No,No,Summer,Cloudy,2221.67,,0.0,393.84,0.068,23,2023,5,6,5
2833,ORD102833,P-BEA-008,Beauty,Face Wash 100ml,West,Surat,SUP-015,10.0,WH-WE-04,103.0,22.0,153.0,652.0,22.53,1111.93,6.0,No,No,Winter,Sunny,1204.45,0.0,1.0,368.15,0.089,27,2022,2,8,1
2834,ORD102834,P-FUR-005,Furniture,Wooden Bookshelf,East,Guwahati,SUP-030,17.0,WH-EA-03,53.0,,25.0,100.0,3.43,2883.84,33.3,Yes,No,Autumn,Sunny,2641.46,0.0,1.0,482.48,0.085,4,2023,9,6,2
2835,ORD102835,P-FUR-011,Furniture,Foldable Bed,South,Hyderabad,SUP-028,13.0,WH-SO-04,93.0,8.0,75.0,255.0,7.82,6923.29,21.7,No,No,Autumn,Rainy,7026.07,0.0,0.0,325.4,0.048,12,2022,10,3,0
2836,ORD102836,P-FUR-011,Furniture,Foldable Bed,South,Coimbatore,SUP-030,14.0,WH-SO-01,171.0,11.0,67.0,276.0,9.33,7721.64,6.5,Yes,No,Autumn,Sunny,7028.06,0.0,0.0,402.94,0.043,14,2024,9,7,5
2837,ORD102837,P-GRO-007,Grocery,Wheat Flour 5kg,West,Nagpur,SUP-001,5.0,WH-WE-03,267.0,43.0,310.0,1451.0,42.89,474.4,16.0,No,No,Winter,Cloudy,480.36,0.0,0.0,206.19,0.1,33,2022,1,21,4
2838,ORD102838,P-GRO-011,Grocery,Basmati Rice 5kg,West,Pune,SUP-040,5.0,WH-WE-02,774.0,40.0,433.0,,65.43,78.81,21.0,No,No,Winter,Rainy,74.07,0.0,0.0,304.56,0.087,50,2023,1,28,5
2839,ORD102839,P-ELE-003,Electronics,Home Router,South,Kochi,SUP-018,6.0,WH-SO-05,347.0,18.0,,425.0,15.74,13412.5,9.8,No,,Winter,Sunny,12478.98,0.0,1.0,,0.029,23,2022,12,26,0
2840,ORD102840,P-BEA-007,Beauty,Sunscreen Lotion,West,Nagpur,SUP-005,5.0,WH-WE-02,308.0,26.0,273.0,1178.0,33.26,971.19,21.3,No,No,Autumn,Cloudy,999.01,0.0,1.0,294.67,0.04,43,2024,7,18,3
2841,ORD102841,P-CLO-015,Clothing,Track Pants,South,Coimbatore,SUP-038,15.0,WH-SO-05,542.0,11.0,143.0,756.0,22.56,386.62,9.7,Yes,No,Autumn,Sunny,364.17,0.0,1.0,510.91,0.119,29,2021,6,11,4
2842,ORD102842,P-CLO-012,Clothing,Formal Shirt,North,Kanpur,SUP-032,11.0,WH-NO-05,390.0,23.0,197.0,750.0,24.64,437.2,17.6,No,No,Autumn,Cloudy,409.41,0.0,1.0,403.13,0.101,40,2023,6,22,3
2843,ORD102843,P-GRO-011,Grocery,Tea Powder 500g,East,Kolkata,SUP-004,4.0,WH-EA-03,788.0,33.0,316.0,,39.15,391.83,13.6,No,No,Spring,Sunny,402.85,0.0,0.0,307.24,0.211,31,2024,3,28,3
2844,ORD102844,P-GRO-013,Grocery,Toor Dal 1kg,North,Chandigarh,SUP-018,15.0,WH-NO-01,230.0,16.0,136.0,812.0,22.01,474.84,5.2,No,No,Summer,Sunny,418.56,0.0,0.0,383.05,0.064,18,2022,6,13,0
2845,ORD102845,P-CLO-010,Clothing,Formal Shirt,South,Coimbatore,SUP-037,9.0,WH-SO-02,288.0,13.0,174.0,666.0,22.11,1022.43,10.5,No,No,Winter,Sunny,996.09,,0.0,380.39,0.141,25,2023,1,8,6
2846,ORD102846,P-GRO-010,Grocery,Sugar 1kg,East,Ranchi,SUP-028,12.0,WH-EA-01,282.0,24.0,208.0,742.0,22.71,290.44,9.0,Yes,No,Spring,Rainy,254.73,0.0,,313.58,,25,2022,3,7,0
2847,ORD102847,P-ELE-008,Electronics,Home Router,South,,SUP-008,12.0,WH-SO-04,,6.0,44.0,267.0,7.72,3217.27,28.9,Yes,No,Autumn,Cloudy,2868.51,0.0,,511.04,0.101,11,2022,9,5,0
2848,ORD102848,P-BEA-013,Beauty,Body Lotion 400ml,North,Kanpur,SUP-029,11.0,WH-NO-04,177.0,19.0,189.0,864.0,27.53,169.15,2.4,Yes,No,Autumn,Rainy,184.99,0.0,2.0,402.7,0.081,40,2024,10,20,6
2849,ORD102849,P-GRO-011,Grocery,Sugar 1kg,West,Mumbai,SUP-008,11.0,WH-WE-02,588.0,48.0,315.0,1148.0,43.22,225.63,4.0,No,No,Autumn,,218.11,0.0,2.0,376.02,0.046,51,2022,6,15,2
2850,ORD102850,P-GRO-008,Grocery,Basmati Rice 5kg,East,Patna,SUP-015,15.0,WH-EA-04,133.0,32.0,259.0,1030.0,34.94,216.7,12.9,No,No,Autumn,Rainy,204.27,0.0,2.0,513.51,0.163,18,2021,10,22,4
2851,ORD102851,P-CLO-002,Clothing,Kids Winter Jacket,West,Surat,SUP-008,16.0,WH-WE-03,410.0,23.0,126.0,600.0,21.04,727.05,2.0,Yes,No,Summer,Cloudy,776.54,0.0,,616.1,0.232,35,2023,4,28,4
2852,ORD102852,P-BEA-013,Beauty,Talcum Powder,East,Patna,SUP-028,6.0,WH-EA-05,79.0,19.0,118.0,623.0,20.79,998.5,20.7,No,No,Autumn,Sunny,1127.59,0.0,2.0,369.87,0.048,20,2022,11,18,4
2853,ORD102853,P-GRO-005,Grocery,Toor Dal 1kg,East,Ranchi,SUP-038,16.0,WH-EA-01,384.0,34.0,196.0,974.0,31.4,230.29,8.7,No,No,Spring,Cloudy,234.93,1.0,1.0,481.03,0.132,26,2024,2,14,2
2854,ORD102854,P-BEA-006,Beauty,Sunscreen Lotion,South,Kochi,SUP-002,4.0,WH-SO-01,360.0,19.0,254.0,1032.0,35.77,176.49,9.3,No,No,Spring,Sunny,190.9,0.0,4.0,337.65,0.014,24,2021,2,23,1
2855,ORD102855,P-SPO-002,Sports,Yoga Mat,West,Mumbai,SUP-025,7.0,WH-WE-05,168.0,24.0,111.0,493.0,17.04,3710.15,4.9,Yes,No,Summer,Rainy,3546.42,0.0,0.0,460.06,0.142,19,2024,8,11,6
2856,ORD102856,P-FUR-004,Furniture,Office Chair,North,Lucknow,SUP-010,9.0,WH-NO-02,27.0,2.0,,139.0,4.57,4785.36,14.3,No,No,Autumn,,4806.18,0.0,2.0,340.22,0.081,1,2023,10,23,0
2857,ORD102857,P-CLO-002,Clothing,Cotton Saree,South,Bengaluru,SUP-031,4.0,WH-SO-05,353.0,23.0,154.0,475.0,18.62,2465.01,18.9,No,No,Summer,Sunny,,1.0,0.0,275.8,0.087,20,2024,5,14,1
2858,ORD102858,P-BEA-002,Beauty,Moisturizer Cream,West,Surat,SUP-006,12.0,WH-WE-05,319.0,37.0,241.0,1144.0,39.42,115.45,11.1,No,Yes,Summer,Rainy,118.44,0.0,3.0,517.48,,34,2022,8,19,4
2859,ORD102859,P-CLO-001,Clothing,Kids Winter Jacket,West,Nagpur,SUP-015,9.0,WH-WE-01,300.0,35.0,157.0,657.0,21.29,1265.47,7.0,No,No,Autumn,Sunny,1363.13,,0.0,325.83,0.11,29,2022,10,13,3
2860,ORD102860,P-GRO-005,Grocery,Tea Powder 500g,East,Guwahati,SUP-009,4.0,WH-EA-03,858.0,38.0,267.0,1149.0,37.6,114.55,0.4,No,No,Summer,Cloudy,101.08,0.0,3.0,411.8,0.061,30,2022,5,4,2
2861,ORD102861,P-CLO-012,Clothing,Track Pants,North,Delhi,SUP-035,28.0,WH-NO-04,299.0,23.0,191.0,548.0,19.74,1304.89,11.8,No,No,Summer,Rainy,1211.97,0.0,1.0,707.46,0.08,18,2024,5,3,4
2862,ORD102862,P-GRO-013,Grocery,Masala Mix 200g,North,Delhi,SUP-004,10.0,WH-NO-01,601.0,15.0,267.0,1159.0,40.68,369.59,,Yes,No,Summer,Sunny,355.24,0.0,2.0,316.62,0.337,44,2021,4,14,2
2863,ORD102863,P-ELE-004,Electronics,Smartwatch,East,Kolkata,SUP-024,3.0,WH-EA-05,,13.0,74.0,252.0,9.9,9557.21,5.4,Yes,No,Spring,Sunny,8815.45,1.0,2.0,424.49,0.133,9,2023,2,12,6
2864,ORD102864,P-GRO-007,Grocery,Basmati Rice 5kg,West,Ahmedabad,SUP-005,5.0,WH-WE-01,1151.0,72.0,582.0,1770.0,63.97,392.91,2.0,No,Yes,Winter,Rainy,400.13,0.0,0.0,227.22,0.064,89,2022,1,15,5
2865,ORD102865,P-ELE-013,Electronics,Smartwatch,South,Coimbatore,SUP-024,5.0,WH-SO-01,137.0,7.0,74.0,366.0,14.99,8262.15,4.0,No,No,Summer,Sunny,8405.82,0.0,0.0,248.38,0.05,17,2023,7,22,5
2866,ORD102866,P-GRO-011,Grocery,Masala Mix 200g,North,Delhi,SUP-031,6.0,WH-NO-03,,27.0,293.0,1003.0,34.27,264.33,11.7,Yes,No,Autumn,Cloudy,,0.0,3.0,361.81,0.119,41,2024,11,9,5
2867,ORD102867,P-CLO-014,Clothing,Formal Shirt,North,Kanpur,SUP-031,10.0,WH-NO-02,259.0,18.0,131.0,648.0,20.67,354.58,14.3,No,Yes,Autumn,Rainy,343.16,0.0,1.0,320.82,0.13,23,2023,9,13,2
2868,ORD102868,P-SPO-007,Sports,Gym Dumbbells 5kg,East,Patna,SUP-002,13.0,WH-EA-04,97.0,16.0,65.0,332.0,11.93,3531.7,,Yes,No,Spring,Sunny,3912.49,1.0,4.0,630.73,0.07,18,2021,3,6,5
2869,ORD102869,P-ELE-003,Electronics,Power Bank 10000mAh,West,Ahmedabad,SUP-031,12.0,WH-WE-02,42.0,8.0,67.0,212.0,9.15,5415.54,16.1,No,No,Summer,Sunny,5509.39,0.0,,361.14,0.08,6,2022,8,7,6
2870,ORD102870,P-FUR-003,Furniture,Plastic Storage Rack,North,Jaipur,SUP-012,4.0,WH-NO-02,113.0,4.0,45.0,203.0,6.24,17089.77,30.2,No,No,Winter,Stormy,16884.4,0.0,5.0,510.63,0.164,7,2021,2,15,0
2871,ORD102871,P-CLO-011,Clothing,Formal Shirt,North,Chandigarh,SUP-028,4.0,WH-NO-05,516.0,20.0,182.0,728.0,23.78,1355.63,17.4,No,No,Winter,Cloudy,1362.85,0.0,0.0,313.16,,23,2022,12,12,0
2872,ORD102872,P-ELE-001,Electronics,Bluetooth Speaker,South,Hyderabad,SUP-039,9.0,WH-SO-01,32.0,,55.0,192.0,7.01,,10.9,No,No,Autumn,Cloudy,4045.25,0.0,0.0,424.57,0.196,6,2021,9,12,6
2873,ORD102873,P-GRO-007,Grocery,Instant Noodles Pack,North,Lucknow,SUP-005,12.0,WH-NO-03,257.0,22.0,162.0,639.0,23.45,575.72,4.2,No,No,Autumn,Sunny,585.57,0.0,1.0,342.29,0.078,23,2023,10,9,0
2874,ORD102874,P-ELE-006,Electronics,Bluetooth Speaker,East,Bhubaneswar,SUP-015,9.0,WH-EA-01,92.0,46.0,76.0,282.0,8.62,1793.15,4.8,Yes,No,Spring,Stormy,1669.18,0.0,2.0,379.21,0.009,7,2023,2,19,6
2875,ORD102875,P-GRO-014,Grocery,Wheat Flour 5kg,North,Lucknow,SUP-035,12.0,WH-NO-01,119.0,7.0,218.0,804.0,25.68,551.29,26.6,No,No,Spring,Sunny,629.04,3.0,2.0,486.99,0.116,18,2022,3,26,5
2876,ORD102876,P-GRO-015,Grocery,Tea Powder 500g,East,Patna,SUP-006,5.0,WH-EA-02,292.0,45.0,218.0,935.0,29.12,213.83,18.3,No,No,Summer,Sunny,221.73,0.0,2.0,415.51,0.109,26,2024,6,6,3
2877,ORD102877,P-GRO-008,Grocery,Sugar 1kg,West,Surat,SUP-011,5.0,WH-WE-02,554.0,43.0,327.0,1128.0,44.32,452.79,11.7,No,No,Winter,Sunny,411.06,0.0,2.0,297.64,0.066,58,2023,12,28,3
2878,ORD102878,P-CLO-009,Clothing,Woolen Sweater,Central,Jabalpur,SUP-022,12.0,WH-CE-03,327.0,17.0,130.0,498.0,15.74,393.89,11.3,No,No,Summer,Cloudy,336.67,0.0,1.0,353.45,0.19,17,2023,7,6,3
2879,ORD102879,P-ELE-006,Electronics,Home Router,Central,Jabalpur,SUP-040,9.0,WH-CE-03,34.0,11.0,61.0,233.0,8.68,4516.64,12.3,No,No,Summer,Sunny,4765.53,0.0,1.0,413.8,0.063,9,2022,6,2,3
2880,ORD102880,P-ELE-012,Electronics,Power Bank 10000mAh,South,Chennai,SUP-012,,WH-SO-01,139.0,14.0,59.0,,10.39,10464.36,18.6,Yes,No,Spring,Sunny,11546.43,0.0,1.0,377.98,0.187,13,2022,2,2,2
2881,ORD102881,P-ELE-005,Electronics,Power Bank 10000mAh,North,Lucknow,SUP-016,6.0,WH-NO-01,114.0,13.0,65.0,280.0,9.36,4750.57,16.1,Yes,No,Summer,Cloudy,4922.35,0.0,1.0,287.51,0.041,10,2023,5,6,5
2882,ORD102882,P-CLO-012,Clothing,Formal Shirt,South,Bengaluru,SUP-032,10.0,WH-SO-01,640.0,,,825.0,26.25,1663.25,8.5,No,No,Winter,Cloudy,1744.77,0.0,0.0,262.2,0.188,33,2024,2,29,3
2883,ORD102883,P-GRO-014,Grocery,Wheat Flour 5kg,West,Pune,SUP-005,9.0,WH-WE-04,788.0,,234.0,984.0,32.68,113.97,11.4,No,No,Summer,Sunny,119.79,0.0,1.0,,0.191,38,2024,5,8,2
2884,ORD102884,P-CLO-003,Clothing,Kids Winter Jacket,North,Chandigarh,SUP-014,9.0,WH-NO-05,432.0,21.0,104.0,545.0,18.02,2458.51,17.6,Yes,,Winter,Cloudy,2459.45,0.0,0.0,370.12,0.161,21,2024,2,10,5
2885,ORD102885,P-GRO-004,Grocery,Sugar 1kg,South,Chennai,SUP-013,6.0,WH-SO-01,1005.0,128.0,560.0,2507.0,94.63,466.8,7.2,Yes,No,Spring,Sunny,404.01,0.0,1.0,395.71,0.051,75,2021,2,3,2
2886,ORD102886,P-ELE-006,Electronics,Smartwatch,South,Coimbatore,SUP-017,4.0,WH-SO-01,86.0,12.0,86.0,253.0,10.51,11139.14,13.0,No,No,Winter,Sunny,10516.35,0.0,0.0,322.32,0.077,11,2024,12,9,0
2887,ORD102887,P-SPO-013,Sports,Football,North,Delhi,SUP-023,8.0,WH-NO-04,95.0,7.0,128.0,566.0,18.06,3026.7,8.2,No,No,Winter,Sunny,3219.09,0.0,0.0,261.54,0.023,16,2021,12,18,5
2888,ORD102888,P-ELE-010,Electronics,Wireless Earbuds,West,Ahmedabad,SUP-009,16.0,WH-WE-04,177.0,13.0,53.0,244.0,7.94,13227.17,,No,No,Winter,Stormy,13847.31,0.0,3.0,625.78,0.142,8,2021,1,15,4
2889,ORD102889,P-ELE-003,Electronics,Wireless Earbuds,East,Patna,SUP-016,11.0,WH-EA-04,,8.0,60.0,259.0,9.08,10659.14,18.6,Yes,No,Summer,Cloudy,10492.32,0.0,2.0,521.77,0.073,6,2023,3,31,4
2890,ORD102890,P-ELE-006,Electronics,Bluetooth Speaker,East,Bhubaneswar,SUP-037,14.0,WH-EA-01,134.0,9.0,51.0,,7.43,12231.98,14.0,No,No,Autumn,Sunny,11695.59,0.0,2.0,512.43,0.08,8,2022,10,28,4
2891,ORD102891,P-SPO-010,Sports,Skipping Rope,Central,,SUP-034,15.0,WH-CE-05,73.0,4.0,68.0,284.0,9.38,2005.47,4.6,Yes,No,Summer,Sunny,2033.36,0.0,1.0,472.75,0.057,8,2021,6,5,5
2892,ORD102892,P-FUR-015,Furniture,Dining Chair,North,Chandigarh,SUP-039,8.0,WH-NO-04,80.0,13.0,47.0,257.0,8.96,13967.12,12.0,No,No,,Sunny,13583.72,0.0,3.0,475.99,0.033,7,2021,11,10,2
2893,ORD102893,P-FUR-007,Furniture,Dining Chair,North,Jaipur,SUP-028,9.0,WH-NO-01,137.0,11.0,56.0,273.0,8.49,13900.63,2.8,Yes,No,Autumn,Cloudy,13812.19,,2.0,321.3,,11,2021,10,28,3
2894,ORD102894,P-SPO-002,Sports,Running Shoes,South,,SUP-024,4.0,WH-SO-01,246.0,13.0,104.0,465.0,14.42,1817.2,8.9,No,No,Autumn,Cloudy,1836.42,0.0,0.0,153.19,0.016,15,2022,10,5,2
2895,ORD102895,P-ELE-002,Electronics,Wireless Earbuds,East,Patna,SUP-009,3.0,WH-EA-04,93.0,12.0,61.0,262.0,8.81,8939.53,40.6,No,No,Winter,Sunny,8383.7,0.0,1.0,279.91,0.188,6,2023,12,31,6
2896,ORD102896,P-SPO-001,Sports,Cycling Helmet,East,Bhubaneswar,SUP-007,8.0,WH-EA-04,139.0,11.0,56.0,317.0,10.81,1378.84,15.6,No,No,Autumn,Rainy,1467.09,0.0,0.0,311.38,0.08,11,2023,9,24,6
2897,ORD102897,P-GRO-002,Grocery,Masala Mix 200g,North,Jaipur,SUP-022,9.0,WH-NO-04,366.0,34.0,195.0,851.0,27.63,454.66,16.0,Yes,No,Spring,Sunny,448.67,0.0,0.0,157.36,0.055,41,2021,2,7,6
2898,ORD102898,P-FUR-007,Furniture,Dining Chair,Central,Raipur,SUP-017,8.0,WH-CE-03,117.0,5.0,33.0,102.0,4.79,12465.09,22.8,No,No,Autumn,Sunny,12951.31,1.0,0.0,332.42,0.106,7,2021,9,11,5
2899,ORD102899,P-CLO-005,Clothing,Formal Shirt,South,Hyderabad,SUP-032,11.0,WH-SO-03,389.0,17.0,139.0,659.0,22.12,991.55,8.5,No,No,Summer,,996.59,0.0,1.0,462.73,0.042,27,2023,6,11,6
2900,ORD102900,P-GRO-005,Grocery,Sunflower Oil 1L,South,Chennai,SUP-001,15.0,WH-SO-04,509.0,77.0,303.0,1261.0,50.09,246.15,10.0,No,No,Spring,Sunny,276.52,0.0,1.0,545.65,0.12,55,2024,3,18,0
2901,ORD102901,P-SPO-012,Sports,Cycling Helmet,East,Ranchi,SUP-036,8.0,WH-EA-01,95.0,16.0,104.0,451.0,14.42,3081.22,17.8,Yes,No,Winter,Rainy,3215.05,0.0,1.0,379.46,0.057,15,2021,2,19,4
2902,ORD102902,P-ELE-008,Electronics,Smartphone Charger,Central,Gwalior,SUP-007,,WH-CE-02,126.0,3.0,40.0,183.0,5.58,14241.79,8.3,No,No,Summer,Cloudy,14706.18,,2.0,413.3,0.031,2,2022,5,6,4
2903,ORD102903,P-SPO-011,Sports,Skipping Rope,West,Nagpur,SUP-016,5.0,WH-WE-01,65.0,10.0,69.0,204.0,9.12,4981.88,1.0,No,No,,Rainy,5129.86,0.0,0.0,347.26,0.022,9,2021,6,19,5
2904,ORD102904,P-GRO-009,Grocery,Masala Mix 200g,Central,Gwalior,SUP-015,18.0,WH-CE-05,783.0,38.0,292.0,1014.0,31.65,262.82,4.0,No,No,Winter,Sunny,306.64,0.0,2.0,621.11,0.105,51,2022,12,11,6
2905,ORD102905,P-FUR-004,Furniture,TV Unit,North,Lucknow,SUP-037,6.0,WH-NO-04,40.0,5.0,31.0,119.0,4.01,8498.41,16.0,No,No,Summer,Sunny,8468.41,,1.0,340.83,0.064,5,2022,7,25,0
2906,ORD102906,P-SPO-015,Sports,Gym Dumbbells 5kg,East,Patna,SUP-029,9.0,WH-EA-04,141.0,19.0,73.0,365.0,11.6,3982.1,11.4,No,No,Autumn,Sunny,4034.32,0.0,0.0,377.16,0.059,15,2021,9,12,6
2907,ORD102907,P-ELE-008,Electronics,Power Bank 10000mAh,West,Mumbai,SUP-002,5.0,WH-WE-03,189.0,13.0,95.0,374.0,11.35,11633.77,,No,No,Autumn,Cloudy,11731.31,0.0,0.0,318.45,0.065,17,2024,11,10,6
2908,ORD102908,P-SPO-013,Sports,Skipping Rope,East,Guwahati,SUP-035,4.0,WH-EA-05,199.0,11.0,92.0,415.0,13.52,3377.75,19.6,Yes,No,Winter,Sunny,2846.5,0.0,0.0,386.41,0.057,19,2024,1,20,5
2909,ORD102909,P-CLO-002,Clothing,Woolen Sweater,South,Coimbatore,SUP-028,9.0,WH-SO-05,,17.0,126.0,567.0,18.64,2068.09,16.2,No,No,Summer,Sunny,2083.48,0.0,1.0,176.1,0.155,17,2023,3,9,3
2910,ORD102910,P-FUR-013,Furniture,Wooden Bookshelf,Central,Indore,SUP-003,9.0,WH-CE-04,60.0,9.0,41.0,,6.79,13691.72,11.2,No,Yes,Winter,Stormy,14804.88,0.0,1.0,426.1,0.042,7,2024,1,24,2
2911,ORD102911,P-ELE-011,Electronics,Laptop Stand,North,Delhi,SUP-032,4.0,WH-NO-05,261.0,10.0,96.0,344.0,12.56,5382.0,13.0,No,No,Summer,Cloudy,5603.64,0.0,,248.26,0.074,19,2022,4,2,5
2912,ORD102912,P-CLO-004,Clothing,Track Pants,South,Kochi,SUP-002,,WH-SO-04,357.0,26.0,163.0,871.0,24.19,2422.38,10.3,Yes,No,Autumn,Sunny,2715.21,0.0,0.0,368.65,0.113,50,2024,9,28,5
2913,ORD102913,P-FUR-012,Furniture,Office Chair,West,Pune,SUP-018,5.0,WH-WE-04,177.0,6.0,56.0,230.0,6.97,15121.26,22.5,No,No,Autumn,Rainy,16071.55,,1.0,,0.024,7,2022,8,24,2
2914,ORD102914,P-CLO-012,Clothing,Women's Kurti,Central,Raipur,SUP-007,11.0,WH-CE-02,311.0,13.0,113.0,464.0,14.78,2427.92,6.2,No,No,Autumn,Sunny,2525.43,0.0,2.0,445.86,0.147,16,2022,7,18,0
2915,ORD102915,P-ELE-014,Electronics,Bluetooth Speaker,Central,Bhopal,SUP-001,11.0,WH-CE-05,173.0,7.0,46.0,203.0,7.48,11071.56,21.0,Yes,No,Summer,Rainy,,0.0,0.0,380.84,0.101,12,2023,4,11,1
2916,ORD102916,P-GRO-004,Grocery,Wheat Flour 5kg,West,Mumbai,SUP-023,7.0,WH-WE-01,,67.0,376.0,1934.0,62.26,372.33,29.4,Yes,No,Summer,Rainy,383.19,0.0,1.0,333.28,0.134,70,2023,4,25,1
2917,ORD102917,P-BEA-014,Beauty,Body Lotion 400ml,North,Kanpur,SUP-028,8.0,WH-NO-04,279.0,23.0,176.0,690.0,24.04,701.66,17.1,No,No,Summer,Sunny,685.91,0.0,2.0,431.84,0.205,26,2023,6,24,5
2918,ORD102918,P-ELE-012,Electronics,Home Router,Central,Gwalior,SUP-020,4.0,WH-CE-04,121.0,3.0,55.0,243.0,6.63,10340.39,16.3,No,No,Summer,Stormy,10234.07,2.0,1.0,324.77,0.101,7,2024,5,1,2
2919,ORD102919,P-FUR-006,Furniture,Office Chair,South,Bengaluru,SUP-014,9.0,WH-SO-01,120.0,12.0,70.0,295.0,8.64,11461.9,34.6,No,No,Winter,Sunny,9276.77,0.0,1.0,317.95,0.07,7,2022,1,27,3
2920,ORD102920,P-SPO-006,Sports,Yoga Mat,East,Kolkata,SUP-021,17.0,WH-EA-04,242.0,15.0,99.0,316.0,11.5,2976.66,1.2,No,No,Autumn,Sunny,3356.5,0.0,1.0,523.91,0.124,17,2023,10,31,1
2921,ORD102921,P-ELE-004,Electronics,Home Router,South,Hyderabad,SUP-007,11.0,WH-SO-01,124.0,15.0,102.0,394.0,14.18,11470.15,5.6,No,Yes,Autumn,Cloudy,11288.21,0.0,2.0,489.86,0.153,19,2021,10,16,5
2922,ORD102922,P-ELE-008,Electronics,Smartwatch,West,Surat,SUP-002,6.0,WH-WE-03,52.0,16.0,90.0,330.0,11.27,5334.95,26.6,No,No,Winter,Cloudy,,0.0,2.0,385.99,0.259,14,2021,12,18,5
2923,ORD102923,P-FUR-014,Furniture,Office Chair,East,Bhubaneswar,SUP-007,7.0,WH-EA-05,118.0,9.0,61.0,252.0,7.44,10208.38,28.3,No,Yes,Winter,Sunny,9909.22,0.0,2.0,457.29,0.037,13,2022,12,25,6
2924,ORD102924,P-ELE-013,Electronics,Smartwatch,West,Nagpur,SUP-003,15.0,WH-WE-01,127.0,16.0,121.0,439.0,13.19,8036.06,2.8,No,No,Winter,Sunny,9165.71,0.0,4.0,578.48,0.012,17,2023,2,6,0
2925,ORD102925,P-CLO-003,Clothing,Woolen Sweater,North,Jaipur,SUP-031,5.0,WH-NO-02,370.0,30.0,207.0,648.0,27.61,1928.33,18.0,No,No,Summer,Sunny,1939.41,0.0,0.0,216.53,0.065,30,2023,8,1,1
2926,ORD102926,P-FUR-002,Furniture,Wooden Bookshelf,North,Jaipur,SUP-025,6.0,WH-NO-03,84.0,9.0,48.0,227.0,7.27,5635.2,11.6,No,No,Summer,,5751.04,0.0,0.0,297.83,0.028,11,2021,7,23,4
2927,ORD102927,P-CLO-001,Clothing,Formal Shirt,South,Chennai,SUP-008,15.0,WH-SO-05,243.0,21.0,251.0,1014.0,30.29,,12.1,Yes,No,Summer,Sunny,2575.88,2.0,1.0,462.61,0.022,43,2024,4,8,0
2928,ORD102928,P-GRO-010,Grocery,Tea Powder 500g,North,Jaipur,SUP-023,9.0,WH-NO-02,815.0,33.0,209.0,1077.0,36.69,204.12,4.1,No,No,Summer,Sunny,217.76,0.0,0.0,249.12,0.162,41,2023,3,25,5
2929,ORD102929,P-FUR-005,Furniture,Dining Chair,West,Nagpur,SUP-020,8.0,WH-WE-01,88.0,3.0,37.0,143.0,4.52,3053.96,6.1,No,No,Summer,Stormy,2983.55,0.0,1.0,402.1,0.054,3,2023,5,17,2
2930,ORD102930,P-CLO-012,Clothing,Kids Winter Jacket,South,Bengaluru,SUP-005,4.0,WH-SO-01,528.0,14.0,188.0,791.0,22.16,1040.78,1.3,No,No,Winter,Rainy,899.25,0.0,0.0,379.81,0.059,21,2023,12,28,3
2931,ORD102931,P-GRO-012,Grocery,Masala Mix 200g,East,Guwahati,SUP-039,11.0,WH-EA-01,6244.0,99.0,587.0,2461.0,72.0,365.0,4.6,Yes,No,Autumn,Stormy,383.66,0.0,1.0,402.17,0.08,107,2023,10,9,0
2932,ORD102932,P-CLO-003,Clothing,Track Pants,North,Kanpur,SUP-038,5.0,WH-NO-05,212.0,23.0,125.0,647.0,20.57,1563.67,7.6,No,No,Autumn,Sunny,1478.83,0.0,1.0,277.8,0.07,18,2022,9,19,0
2933,ORD102933,P-SPO-011,Sports,Badminton Racket,North,Chandigarh,SUP-031,10.0,WH-NO-04,143.0,8.0,67.0,286.0,9.21,3615.05,4.5,No,No,Winter,Sunny,3805.9,0.0,3.0,344.08,0.04,12,2022,12,9,4
2934,ORD102934,P-FUR-012,Furniture,Plastic Storage Rack,East,Guwahati,SUP-033,4.0,WH-EA-03,59.0,7.0,84.0,305.0,10.2,2264.09,7.4,Yes,No,Winter,Cloudy,2255.36,0.0,1.0,323.34,0.041,12,2021,12,7,1
2935,ORD102935,P-CLO-015,Clothing,Cotton Saree,South,Chennai,SUP-022,8.0,WH-SO-05,319.0,13.0,169.0,702.0,22.16,1741.49,2.5,Yes,No,Summer,Cloudy,1798.44,0.0,0.0,376.98,0.146,29,2023,4,8,5
2936,ORD102936,P-GRO-011,Grocery,Basmati Rice 5kg,North,Delhi,SUP-033,17.0,WH-NO-05,1005.0,27.0,296.0,1224.0,41.62,538.19,19.8,No,Yes,Autumn,Cloudy,576.76,0.0,1.0,475.07,0.064,75,2021,10,24,6
2937,ORD102937,P-ELE-006,Electronics,Smartphone Charger,North,Kanpur,SUP-022,9.0,WH-NO-05,137.0,5.0,49.0,222.0,6.69,13301.47,1.4,No,No,Summer,,11461.34,0.0,1.0,366.65,0.015,6,2023,7,18,1
2938,ORD102938,P-GRO-015,Grocery,Sunflower Oil 1L,North,Lucknow,SUP-007,10.0,WH-NO-01,979.0,6.0,439.0,1146.0,42.58,294.66,24.0,Yes,No,Autumn,Rainy,297.69,,1.0,285.82,0.021,59,2022,9,3,5
2939,ORD102939,P-ELE-005,Electronics,Power Bank 10000mAh,East,Guwahati,SUP-007,1.0,WH-EA-01,88.0,13.0,61.0,286.0,10.16,14655.14,2.3,No,,Winter,Cloudy,14633.81,2.0,0.0,230.82,0.018,12,2021,12,12,6
2940,ORD102940,P-SPO-013,Sports,Skipping Rope,North,Lucknow,SUP-035,4.0,WH-NO-04,72.0,18.0,96.0,481.0,16.7,2659.0,16.4,No,No,Autumn,Sunny,2720.25,0.0,1.0,231.16,0.055,19,2022,11,27,6
2941,ORD102941,P-GRO-006,Grocery,Instant Noodles Pack,South,Chennai,SUP-018,8.0,WH-SO-02,1044.0,61.0,329.0,1819.0,53.97,162.31,15.0,No,No,Autumn,Cloudy,168.86,0.0,0.0,354.3,0.09,48,2024,9,26,3
2942,ORD102942,P-BEA-015,Beauty,Face Wash 100ml,West,Surat,SUP-030,16.0,WH-WE-01,387.0,22.0,173.0,603.0,18.61,682.77,11.1,No,No,Summer,Sunny,691.07,0.0,1.0,487.9,0.106,23,2023,4,2,6
2943,ORD102943,P-ELE-012,Electronics,LED TV 43in,East,Patna,SUP-006,10.0,WH-EA-04,61.0,6.0,45.0,177.0,5.73,5911.11,19.4,No,No,Summer,Sunny,5604.75,0.0,1.0,377.3,0.036,7,2022,5,20,4
2944,ORD102944,P-GRO-009,Grocery,Wheat Flour 5kg,East,Ranchi,SUP-018,9.0,WH-EA-02,509.0,,228.0,1092.0,35.16,356.92,13.2,No,No,Autumn,Stormy,324.67,0.0,3.0,525.0,0.068,23,2022,10,20,3
2945,ORD102945,P-GRO-004,Grocery,Basmati Rice 5kg,South,Bengaluru,SUP-004,6.0,WH-SO-05,684.0,56.0,539.0,1374.0,,409.07,11.0,No,,Autumn,Cloudy,357.11,0.0,4.0,381.94,0.102,58,2023,6,3,5
2946,ORD102946,P-GRO-003,Grocery,Wheat Flour 5kg,Central,Bhopal,SUP-009,6.0,WH-CE-03,520.0,43.0,176.0,955.0,29.88,339.29,9.7,No,No,Autumn,Sunny,342.54,0.0,1.0,438.59,0.092,30,2021,8,13,4
2947,ORD102947,P-BEA-015,Beauty,Lipstick Set,South,Bengaluru,SUP-005,11.0,WH-SO-02,324.0,11.0,94.0,389.0,14.58,448.09,7.2,,No,Summer,Sunny,466.97,0.0,0.0,393.0,0.162,19,2023,3,31,4
2948,ORD102948,P-SPO-013,Sports,Cycling Helmet,South,Chennai,SUP-009,7.0,WH-SO-05,357.0,24.0,112.0,534.0,19.09,4282.91,24.8,Yes,No,Winter,Sunny,4165.72,0.0,0.0,303.9,0.07,27,2021,2,19,4
2949,ORD102949,P-SPO-008,Sports,Football,Central,Bhopal,SUP-025,9.0,WH-CE-04,97.0,4.0,39.0,214.0,5.45,3034.8,,No,,Summer,Rainy,3236.49,0.0,1.0,341.81,0.111,7,2024,5,31,4
2950,ORD102950,P-ELE-014,Electronics,Power Bank 10000mAh,East,Patna,SUP-001,15.0,WH-EA-02,133.0,4.0,51.0,213.0,6.78,7711.19,18.2,Yes,No,Summer,Rainy,7640.57,0.0,1.0,521.07,,9,2023,6,10,5
2951,ORD102951,P-BEA-012,Beauty,Body Lotion 400ml,East,Kolkata,SUP-008,6.0,WH-EA-01,486.0,14.0,186.0,781.0,25.72,606.61,17.6,No,No,Summer,Cloudy,602.45,0.0,2.0,342.07,0.116,16,2021,6,15,1
2952,ORD102952,P-ELE-006,Electronics,Smartphone Charger,West,Surat,SUP-028,8.0,WH-WE-03,75.0,7.0,129.0,454.0,15.52,,7.8,No,Yes,Autumn,Stormy,4865.15,0.0,0.0,392.84,0.047,13,2022,11,12,5
2953,ORD102953,P-SPO-013,Sports,Yoga Mat,North,Delhi,SUP-006,8.0,WH-NO-04,183.0,10.0,62.0,313.0,9.31,1463.03,10.5,No,No,Autumn,Sunny,1411.14,0.0,1.0,442.43,0.072,13,2024,7,15,0
2954,ORD102954,P-CLO-012,Clothing,Formal Shirt,West,Nagpur,SUP-023,6.0,WH-WE-05,666.0,20.0,197.0,773.0,29.0,739.09,29.8,No,No,Autumn,Rainy,793.53,0.0,3.0,359.8,0.038,35,2024,11,10,6
2955,ORD102955,P-GRO-008,Grocery,Masala Mix 200g,West,Nagpur,SUP-035,5.0,WH-WE-01,309.0,70.0,469.0,1791.0,63.44,63.0,12.2,No,No,Autumn,Cloudy,70.04,0.0,,344.69,0.095,77,2021,7,20,1
2956,ORD102956,P-ELE-001,Electronics,Power Bank 10000mAh,South,Coimbatore,SUP-032,6.0,WH-SO-03,197.0,18.0,109.0,405.0,12.13,10994.74,5.6,,,Winter,Rainy,10827.35,0.0,6.0,441.4,0.16,21,2022,1,31,0
2957,ORD102957,P-ELE-012,Electronics,Home Router,South,Coimbatore,SUP-005,13.0,WH-SO-05,28.0,8.0,67.0,265.0,8.84,1350.8,18.8,No,No,Summer,Rainy,1444.51,0.0,1.0,500.08,0.157,6,2021,7,31,5
2958,ORD102958,P-GRO-006,Grocery,Wheat Flour 5kg,North,Jaipur,SUP-006,13.0,WH-NO-04,610.0,49.0,299.0,1372.0,44.11,418.1,26.3,Yes,No,Summer,,465.41,0.0,1.0,458.96,0.189,72,2022,6,23,3
2959,ORD102959,P-SPO-006,Sports,Cycling Helmet,Central,Jabalpur,SUP-029,14.0,WH-CE-01,138.0,12.0,72.0,255.0,9.06,2947.51,16.1,Yes,No,Summer,Sunny,2726.48,0.0,2.0,480.44,0.037,15,2024,6,13,3
2960,ORD102960,P-BEA-011,Beauty,Talcum Powder,North,Chandigarh,SUP-014,7.0,WH-NO-05,277.0,,232.0,1072.0,33.83,1112.41,12.8,No,No,Autumn,Sunny,1140.66,0.0,0.0,189.59,0.035,34,2023,10,30,0
2961,ORD102961,P-SPO-013,Sports,Gym Dumbbells 5kg,South,Coimbatore,SUP-017,8.0,WH-SO-04,125.0,23.0,166.0,639.0,22.57,1453.42,14.7,No,No,Winter,Sunny,1475.55,0.0,2.0,436.68,,26,2022,1,11,1
2962,ORD102962,P-ELE-002,Electronics,Smartphone Charger,West,Ahmedabad,SUP-020,11.0,WH-WE-03,87.0,4.0,61.0,222.0,8.83,14344.14,20.8,No,No,Summer,Sunny,15577.76,0.0,3.0,484.77,0.136,7,2022,4,21,3
2963,ORD102963,P-CLO-013,Clothing,Denim Jeans,West,Surat,SUP-024,12.0,WH-WE-04,567.0,28.0,156.0,884.0,26.87,955.18,11.2,No,No,Summer,Sunny,891.36,0.0,,354.66,0.03,24,2023,6,13,1
2964,ORD102964,P-GRO-005,Grocery,Sunflower Oil 1L,North,Lucknow,SUP-018,14.0,WH-NO-04,724.0,60.0,323.0,1377.0,50.62,70.29,11.9,No,No,Summer,Cloudy,72.07,0.0,3.0,546.61,0.03,47,2023,5,23,1
2965,ORD102965,P-CLO-009,Clothing,Track Pants,West,Mumbai,SUP-001,10.0,WH-WE-02,210.0,34.0,190.0,571.0,21.87,1063.21,14.9,Yes,No,Autumn,Sunny,1041.24,0.0,0.0,436.15,0.066,32,2022,11,9,2
2966,ORD102966,P-GRO-014,Grocery,Wheat Flour 5kg,East,Ranchi,SUP-004,6.0,WH-EA-04,430.0,18.0,147.0,535.0,19.87,279.58,6.6,No,No,Autumn,Rainy,289.09,0.0,0.0,382.58,0.147,22,2022,9,8,3
2967,ORD102967,P-GRO-004,Grocery,Sugar 1kg,West,Surat,SUP-001,,WH-WE-02,1069.0,64.0,338.0,1405.0,46.72,277.92,12.1,No,No,Autumn,Sunny,305.08,0.0,0.0,245.41,0.049,62,2024,9,26,3
2968,ORD102968,P-CLO-004,Clothing,Denim Jeans,North,Jaipur,SUP-011,9.0,WH-NO-02,168.0,8.0,72.0,281.0,10.17,397.84,20.9,Yes,No,Winter,Sunny,444.86,0.0,4.0,424.26,0.078,19,2023,1,6,4
2969,ORD102969,P-ELE-015,Electronics,Home Router,North,Lucknow,SUP-033,13.0,WH-NO-03,105.0,19.0,99.0,522.0,14.71,8601.03,12.2,No,No,Winter,Sunny,9447.49,0.0,,495.94,0.211,18,2024,2,17,5
2970,ORD102970,P-CLO-006,Clothing,Track Pants,East,Guwahati,SUP-039,,WH-EA-01,287.0,,150.0,700.0,21.06,1277.24,4.3,No,No,Autumn,Stormy,1176.06,0.0,5.0,721.96,0.048,16,2024,11,3,6
2971,ORD102971,P-FUR-015,Furniture,Plastic Storage Rack,North,Chandigarh,SUP-020,10.0,WH-NO-04,58.0,25.0,35.0,159.0,5.25,14713.53,8.1,,No,Summer,Sunny,14156.84,0.0,1.0,332.73,0.108,6,2022,5,5,3
2972,ORD102972,P-ELE-006,Electronics,Bluetooth Speaker,East,Kolkata,SUP-002,3.0,WH-EA-03,40.0,7.0,68.0,252.0,9.28,4647.47,17.9,Yes,No,Spring,Sunny,5021.63,0.0,3.0,409.14,0.056,8,2024,2,12,0
2973,ORD102973,P-SPO-010,Sports,Cricket Bat,North,Kanpur,SUP-003,6.0,WH-NO-04,250.0,10.0,60.0,328.0,10.01,2817.64,18.9,No,No,Summer,Sunny,2953.97,0.0,1.0,403.25,0.009,10,2024,4,3,2
2974,ORD102974,P-CLO-008,Clothing,Women's Kurti,West,Nagpur,SUP-033,10.0,WH-WE-01,156.0,31.0,240.0,950.0,30.76,2012.53,19.9,No,No,Autumn,Sunny,1970.23,0.0,2.0,470.57,0.079,24,2021,11,17,2
2975,ORD102975,P-BEA-015,Beauty,Talcum Powder,West,Nagpur,SUP-014,12.0,WH-WE-03,304.0,31.0,209.0,832.0,29.88,844.03,11.9,No,No,Autumn,Stormy,782.15,0.0,3.0,487.13,0.016,24,2021,11,26,4
2976,ORD102976,P-FUR-009,Furniture,Dining Chair,West,Ahmedabad,SUP-036,10.0,WH-WE-03,74.0,6.0,49.0,262.0,8.53,7949.97,1.9,Yes,Yes,Autumn,Cloudy,5465.26,0.0,0.0,390.32,0.086,6,2021,8,25,2
2977,ORD102977,P-FUR-008,Furniture,Dining Chair,Central,Indore,SUP-021,8.0,WH-CE-01,37.0,4.0,29.0,130.0,4.26,14605.55,11.5,No,No,Autumn,Sunny,12742.86,0.0,1.0,430.01,0.076,5,2023,6,19,0
2978,ORD102978,P-FUR-007,Furniture,Sofa Cushion Set,Central,Bhopal,SUP-036,6.0,WH-CE-03,28.0,5.0,30.0,127.0,4.58,10896.27,14.1,No,No,Winter,Sunny,10629.99,0.0,1.0,361.37,0.109,7,2024,1,18,3
2979,ORD102979,P-SPO-006,Sports,Football,South,Coimbatore,SUP-006,13.0,WH-SO-05,268.0,16.0,143.0,,17.63,4081.63,13.0,No,No,Winter,Sunny,3986.84,0.0,1.0,309.96,0.109,23,2024,1,4,3
2980,ORD102980,P-FUR-007,Furniture,Study Table,South,Kochi,SUP-035,16.0,WH-SO-05,103.0,3.0,32.0,155.0,4.63,9767.4,10.2,No,No,Summer,Cloudy,10088.61,0.0,1.0,444.49,0.081,4,2022,7,21,3
2981,ORD102981,P-GRO-007,Grocery,Sugar 1kg,West,Mumbai,SUP-022,8.0,WH-WE-01,240.0,25.0,203.0,1047.0,32.58,515.52,8.4,No,No,Autumn,Sunny,540.33,0.0,1.0,418.1,0.11,30,2023,10,25,2
2982,ORD102982,P-ELE-012,Electronics,LED TV 43in,Central,Gwalior,SUP-018,14.0,WH-CE-05,181.0,12.0,44.0,264.0,8.94,1329.52,8.6,No,No,Spring,Cloudy,1569.79,0.0,1.0,410.69,0.113,16,2021,2,13,5
2983,ORD102983,P-FUR-001,Furniture,Study Table,Central,Bhopal,SUP-022,20.0,WH-CE-03,85.0,,34.0,169.0,5.35,13135.15,7.2,No,No,Autumn,Sunny,12326.22,0.0,1.0,597.05,0.18,9,2023,8,18,4
2984,ORD102984,P-ELE-008,Electronics,Wireless Earbuds,West,Surat,SUP-014,2.0,WH-WE-01,198.0,11.0,66.0,260.0,7.98,8762.55,1.2,Yes,No,Autumn,Sunny,7394.77,0.0,1.0,296.56,0.227,12,2022,11,24,3
2985,ORD102985,P-GRO-009,Grocery,Tea Powder 500g,North,Delhi,SUP-025,3.0,WH-NO-05,583.0,37.0,299.0,,39.69,524.47,1.8,No,No,Summer,Cloudy,485.5,0.0,0.0,266.72,0.035,48,2024,4,27,5
2986,ORD102986,P-ELE-012,Electronics,Power Bank 10000mAh,Central,Jabalpur,SUP-031,6.0,WH-CE-03,167.0,7.0,47.0,220.0,7.58,9123.71,4.4,No,No,Autumn,Cloudy,10347.55,0.0,0.0,364.28,0.053,11,2024,11,14,3
2987,ORD102987,P-CLO-010,Clothing,Denim Jeans,Central,Bhopal,SUP-033,6.0,WH-CE-05,152.0,16.0,92.0,473.0,13.43,1712.01,9.4,Yes,No,Summer,Cloudy,1713.78,0.0,1.0,316.67,0.093,19,2023,3,24,4
2988,ORD102988,P-ELE-007,Electronics,Home Router,West,Ahmedabad,SUP-040,8.0,WH-WE-01,196.0,12.0,76.0,300.0,10.7,,11.5,No,No,Autumn,Rainy,11536.84,0.0,0.0,365.4,0.067,15,2023,6,28,2
2989,ORD102989,P-FUR-002,Furniture,Plastic Storage Rack,West,Surat,SUP-017,6.0,WH-WE-01,51.0,9.0,55.0,224.0,6.28,4890.31,10.6,No,No,Autumn,Rainy,4670.11,0.0,3.0,401.21,0.064,8,2024,9,18,2
2990,ORD102990,P-BEA-006,Beauty,Hair Oil 250ml,East,Ranchi,SUP-031,13.0,WH-EA-05,118.0,9.0,184.0,1044.0,26.07,476.65,6.1,No,No,,Rainy,457.53,0.0,0.0,419.28,0.024,23,2022,5,17,1
2991,ORD102991,P-BEA-004,Beauty,Herbal Shampoo 200ml,Central,Indore,SUP-036,,WH-CE-02,430.0,26.0,148.0,704.0,22.85,1127.35,6.5,No,No,Autumn,Sunny,972.75,0.0,2.0,427.58,0.076,18,2021,7,31,5
2992,ORD102992,P-GRO-004,Grocery,Tea Powder 500g,North,Kanpur,SUP-001,7.0,WH-NO-03,683.0,25.0,274.0,918.0,36.96,476.27,13.8,No,No,Winter,Rainy,463.67,0.0,1.0,,0.061,32,2023,1,10,1
2993,ORD102993,P-CLO-011,Clothing,Denim Jeans,West,Mumbai,SUP-019,4.0,WH-WE-04,298.0,19.0,153.0,587.0,19.78,1656.55,7.5,Yes,No,Autumn,Cloudy,1657.99,,0.0,274.59,0.082,27,2022,6,4,5
2994,ORD102994,P-CLO-008,Clothing,Track Pants,North,Chandigarh,SUP-029,4.0,WH-NO-05,501.0,15.0,182.0,701.0,23.19,1613.31,12.0,No,No,Autumn,Cloudy,1725.28,,1.0,237.43,0.155,26,2023,7,17,0
2995,ORD102995,P-CLO-012,Clothing,Formal Shirt,South,Kochi,SUP-019,6.0,WH-SO-02,236.0,13.0,99.0,376.0,12.64,300.69,1.0,No,No,Spring,Cloudy,314.19,,2.0,348.09,0.062,10,2024,2,18,6
2996,ORD102996,P-FUR-003,Furniture,Study Table,North,Lucknow,SUP-005,,WH-NO-04,63.0,3.0,42.0,155.0,4.56,19623.8,5.6,No,No,Winter,Sunny,22743.35,,,388.26,0.189,4,2023,1,7,5
2997,ORD102997,P-GRO-015,Grocery,Sunflower Oil 1L,South,Hyderabad,SUP-027,7.0,WH-SO-04,567.0,16.0,212.0,1050.0,36.77,500.85,4.7,No,No,Spring,Cloudy,494.69,0.0,1.0,304.82,0.082,26,2022,3,27,6
2998,ORD102998,P-SPO-008,Sports,Yoga Mat,North,Chandigarh,SUP-017,8.0,WH-NO-04,255.0,8.0,88.0,401.0,12.8,3719.53,16.5,No,No,Summer,Rainy,3791.69,0.0,1.0,416.24,0.097,11,2023,4,6,3
2999,ORD102999,P-ELE-004,Electronics,Bluetooth Speaker,Central,Indore,SUP-025,6.0,WH-CE-03,81.0,13.0,67.0,299.0,9.58,8260.61,21.2,Yes,No,Autumn,Stormy,8250.3,0.0,1.0,331.26,0.103,12,2022,10,10,0
3000,ORD103000,P-BEA-006,Beauty,Moisturizer Cream,East,Guwahati,SUP-001,7.0,WH-EA-01,125.0,18.0,87.0,478.0,15.29,279.27,1.4,No,No,Autumn,Sunny,263.74,0.0,2.0,540.65,0.104,17,2021,9,29,2
3001,ORD103001,P-CLO-013,Clothing,Kids Winter Jacket,West,Ahmedabad,SUP-001,6.0,WH-WE-02,190.0,26.0,109.0,503.0,18.52,257.42,25.6,No,No,Spring,Stormy,265.86,0.0,0.0,294.26,0.027,16,2024,2,4,6
3002,ORD103002,P-GRO-011,Grocery,Masala Mix 200g,South,Coimbatore,SUP-025,20.0,WH-SO-03,699.0,17.0,273.0,1323.0,40.35,170.34,3.6,Yes,No,Summer,Sunny,166.58,0.0,1.0,506.95,0.183,50,2022,5,1,6
3003,ORD103003,P-BEA-003,Beauty,Hair Oil 250ml,North,Chandigarh,SUP-040,6.0,WH-NO-03,490.0,33.0,142.0,575.0,21.31,292.7,25.5,No,No,Spring,Stormy,331.65,0.0,0.0,339.66,0.226,25,2023,2,26,6
3004,ORD103004,P-ELE-015,Electronics,LED TV 43in,West,Nagpur,SUP-026,2.0,WH-WE-01,35.0,14.0,55.0,262.0,8.4,8123.01,10.2,No,No,Autumn,Cloudy,7610.0,0.0,0.0,260.86,0.095,10,2024,8,20,1
3005,ORD103005,P-BEA-002,Beauty,Hair Oil 250ml,West,Ahmedabad,SUP-038,6.0,WH-WE-04,234.0,20.0,153.0,935.0,29.68,356.3,9.0,No,Yes,Autumn,Cloudy,346.61,0.0,2.0,431.06,0.051,34,2021,10,2,5
3006,ORD103006,P-CLO-005,Clothing,Woolen Sweater,East,Guwahati,SUP-034,4.0,WH-EA-03,175.0,26.0,139.0,641.0,23.73,630.52,4.0,No,Yes,Autumn,Cloudy,567.78,0.0,0.0,234.62,0.04,27,2022,9,17,5
3007,ORD103007,P-ELE-011,Electronics,Smartphone Charger,West,Surat,SUP-012,5.0,WH-WE-04,42.0,8.0,61.0,253.0,9.45,5118.64,8.0,No,No,Autumn,Stormy,5257.2,0.0,2.0,334.76,0.119,7,2021,9,13,0
3008,ORD103008,P-ELE-008,Electronics,Smartphone Charger,West,Nagpur,SUP-005,8.0,WH-WE-03,178.0,11.0,62.0,267.0,9.21,3555.33,26.4,No,No,Autumn,Sunny,3177.75,0.0,0.0,336.69,0.075,13,2022,10,1,5
3009,ORD103009,P-BEA-007,Beauty,Face Wash 100ml,East,Ranchi,SUP-023,11.0,WH-EA-02,466.0,29.0,142.0,646.0,19.36,355.74,3.6,Yes,Yes,Summer,Sunny,355.51,0.0,1.0,,0.091,41,2022,3,17,3
3010,ORD103010,P-GRO-014,Grocery,Instant Noodles Pack,Central,Indore,SUP-025,8.0,WH-CE-01,951.0,39.0,374.0,1730.0,55.33,443.96,25.9,No,No,Summer,Rainy,402.44,0.0,1.0,430.88,0.028,40,2024,8,30,4
3011,ORD103011,P-SPO-012,Sports,Skipping Rope,West,Pune,SUP-031,4.0,WH-WE-01,202.0,9.0,91.0,474.0,14.31,,18.1,Yes,No,Spring,,1447.07,0.0,1.0,232.59,0.094,17,2022,3,19,5
3012,ORD103012,P-BEA-015,Beauty,Lipstick Set,West,Pune,SUP-021,4.0,WH-WE-03,945.0,,306.0,1378.0,41.28,178.09,,No,No,Autumn,Cloudy,167.19,0.0,1.0,354.76,0.024,47,2023,6,17,5
3013,ORD103013,P-FUR-005,Furniture,Dining Chair,South,Hyderabad,SUP-037,12.0,WH-SO-02,123.0,11.0,39.0,173.0,5.38,7609.19,7.3,Yes,No,Summer,Cloudy,8053.26,0.0,1.0,542.21,0.038,7,2021,7,19,0
3014,ORD103014,P-GRO-013,Grocery,Sugar 1kg,North,Chandigarh,SUP-034,8.0,WH-NO-04,452.0,,252.0,1246.0,41.68,,5.7,No,No,Autumn,Rainy,458.61,0.0,1.0,414.11,0.038,41,2022,10,29,5
3015,ORD103015,P-FUR-004,Furniture,TV Unit,South,Bengaluru,SUP-024,6.0,WH-SO-04,40.0,8.0,60.0,133.0,6.56,15729.93,41.7,No,No,Summer,Rainy,15575.45,0.0,2.0,428.39,0.099,3,2024,5,4,5
3016,ORD103016,P-SPO-013,Sports,Cycling Helmet,West,Nagpur,SUP-023,11.0,WH-WE-02,117.0,19.0,68.0,472.0,14.73,3727.68,3.7,No,No,Autumn,Sunny,3895.41,0.0,0.0,369.86,0.089,18,2023,9,9,5
3017,ORD103017,P-ELE-009,Electronics,Home Router,West,Nagpur,SUP-001,9.0,WH-WE-04,221.0,15.0,84.0,404.0,10.91,4364.25,8.7,Yes,No,Winter,Cloudy,4133.79,0.0,2.0,348.68,0.138,15,2022,2,17,3
3018,ORD103018,P-GRO-009,Grocery,Toor Dal 1kg,South,Coimbatore,SUP-032,8.0,WH-SO-03,887.0,224.0,359.0,1248.0,44.93,477.94,21.7,Yes,No,Autumn,,402.78,0.0,1.0,233.87,0.21,66,2024,11,20,2
3019,ORD103019,P-GRO-002,Grocery,Sugar 1kg,East,Patna,SUP-028,14.0,WH-EA-05,430.0,31.0,,937.0,31.34,487.13,16.5,No,No,Summer,Cloudy,444.3,0.0,1.0,479.35,0.168,32,2024,3,18,0
3020,ORD103020,P-GRO-014,Grocery,Sunflower Oil 1L,North,Kanpur,SUP-036,10.0,WH-NO-05,207.0,33.0,291.0,1393.0,39.43,447.22,21.7,No,No,Autumn,Sunny,136.58,0.0,2.0,424.8,0.086,30,2022,8,11,3
3021,ORD103021,P-BEA-005,Beauty,Talcum Powder,South,Chennai,SUP-004,6.0,WH-SO-05,709.0,37.0,193.0,1089.0,34.48,440.63,11.9,Yes,No,Autumn,Sunny,,0.0,0.0,216.37,0.174,40,2024,11,23,5
3022,ORD103022,P-CLO-009,Clothing,Denim Jeans,Central,Indore,SUP-006,14.0,WH-CE-01,208.0,18.0,120.0,415.0,13.21,2304.92,6.8,No,No,Autumn,Cloudy,2407.95,0.0,1.0,553.21,0.111,22,2021,10,1,4
3023,ORD103023,P-CLO-003,Clothing,Formal Shirt,South,Kochi,SUP-027,8.0,WH-SO-03,352.0,43.0,180.0,,32.16,2178.52,12.3,No,No,Summer,Sunny,2153.21,0.0,3.0,,0.039,37,2022,4,30,5
3024,ORD103024,P-GRO-014,Grocery,Tea Powder 500g,South,Kochi,SUP-020,11.0,WH-SO-01,1151.0,41.0,289.0,1512.0,49.02,191.31,8.0,No,No,Autumn,Cloudy,206.87,0.0,0.0,373.18,0.014,54,2024,9,21,5
3025,ORD103025,P-ELE-005,Electronics,Power Bank 10000mAh,East,Bhubaneswar,SUP-024,5.0,WH-EA-05,60.0,7.0,48.0,226.0,7.37,6121.55,18.2,No,No,Autumn,Sunny,6298.6,0.0,0.0,286.38,0.072,10,2024,11,18,0
3026,ORD103026,P-GRO-012,Grocery,Sugar 1kg,South,Bengaluru,SUP-018,15.0,WH-SO-04,470.0,33.0,289.0,1586.0,50.77,481.03,5.6,No,No,Summer,Rainy,426.84,0.0,2.0,550.71,0.015,48,2024,4,17,2
3027,ORD103027,P-BEA-012,Beauty,Talcum Powder,West,Mumbai,SUP-026,13.0,WH-WE-02,324.0,45.0,196.0,913.0,34.38,703.52,25.4,Yes,No,Autumn,Rainy,560.15,0.0,1.0,465.78,0.102,30,2021,10,7,3
3028,ORD103028,P-FUR-009,Furniture,Sofa Cushion Set,Central,Jabalpur,SUP-027,8.0,WH-CE-04,119.0,6.0,31.0,189.0,5.08,6085.55,6.7,No,,Autumn,Cloudy,5595.1,0.0,0.0,263.01,0.091,5,2021,11,16,1
3029,ORD103029,P-GRO-002,Grocery,Instant Noodles Pack,East,Patna,SUP-008,4.0,WH-EA-03,757.0,31.0,168.0,1016.0,33.82,131.04,,No,No,Autumn,Rainy,132.48,0.0,0.0,172.59,0.018,34,2023,8,4,4
3030,ORD103030,P-BEA-005,Beauty,Sunscreen Lotion,East,Guwahati,SUP-031,10.0,WH-EA-03,236.0,12.0,94.0,357.0,13.21,345.06,4.1,No,No,Spring,Stormy,355.3,0.0,1.0,385.89,0.032,13,2021,3,23,1
3031,ORD103031,P-ELE-010,Electronics,Bluetooth Speaker,South,Chennai,SUP-020,6.0,WH-SO-03,105.0,6.0,56.0,238.0,8.53,11781.51,35.6,,No,Winter,Rainy,11682.13,0.0,6.0,508.87,0.163,8,2024,12,19,3
3032,ORD103032,P-GRO-009,Grocery,Masala Mix 200g,East,Bhubaneswar,SUP-024,9.0,WH-EA-05,219.0,36.0,239.0,944.0,35.39,118.18,1.4,Yes,No,Autumn,Cloudy,119.32,0.0,0.0,381.12,0.049,40,2024,10,7,0
3033,ORD103033,P-GRO-009,Grocery,Toor Dal 1kg,South,Kochi,SUP-025,27.0,WH-SO-04,1001.0,66.0,335.0,1340.0,45.83,587.36,9.9,No,No,,Sunny,649.41,0.0,2.0,642.43,0.067,73,2024,3,27,2
3034,ORD103034,P-SPO-004,Sports,Gym Dumbbells 5kg,North,Chandigarh,SUP-030,4.0,WH-NO-03,49.0,11.0,98.0,411.0,14.17,881.8,11.3,No,No,Autumn,Rainy,882.79,0.0,2.0,356.94,0.02,13,2024,11,15,4
3035,ORD103035,P-FUR-009,Furniture,Wooden Bookshelf,West,Ahmedabad,SUP-013,8.0,WH-WE-04,,4.0,47.0,243.0,7.37,10156.72,29.3,Yes,No,Winter,Cloudy,10441.0,0.0,3.0,498.03,0.222,8,2021,12,2,3
3036,ORD103036,P-FUR-002,Furniture,Plastic Storage Rack,South,Hyderabad,SUP-001,9.0,WH-SO-01,73.0,6.0,43.0,,5.72,10737.23,14.6,No,No,Autumn,Cloudy,12108.59,0.0,2.0,331.28,0.068,10,2024,7,11,3
3037,ORD103037,P-ELE-008,Electronics,LED TV 43in,East,,SUP-008,17.0,WH-EA-02,146.0,13.0,66.0,252.0,9.77,2479.21,6.4,Yes,No,Winter,Cloudy,2119.96,0.0,1.0,519.63,0.03,16,2022,1,11,1
3038,ORD103038,P-ELE-002,Electronics,LED TV 43in,North,Chandigarh,SUP-039,11.0,WH-NO-01,268.0,21.0,98.0,382.0,15.96,9940.31,13.1,Yes,No,Autumn,Sunny,11299.89,0.0,1.0,414.79,0.065,27,2021,6,27,6
3039,ORD103039,P-FUR-010,Furniture,Dining Chair,West,Ahmedabad,SUP-009,26.0,WH-WE-05,102.0,9.0,48.0,215.0,6.93,7173.18,7.8,No,No,Winter,Rainy,5704.61,0.0,1.0,,0.168,7,2022,1,19,2
3040,ORD103040,P-GRO-009,Grocery,Instant Noodles Pack,North,Delhi,SUP-010,5.0,WH-NO-01,474.0,30.0,,1147.0,35.8,582.28,25.2,Yes,No,Spring,Rainy,543.8,0.0,1.0,217.71,0.139,33,2024,2,6,1
3041,ORD103041,P-SPO-013,Sports,Running Shoes,South,Hyderabad,SUP-035,5.0,WH-SO-05,247.0,23.0,117.0,360.0,18.21,3333.13,7.6,No,Yes,Autumn,Sunny,3184.04,,0.0,135.96,0.114,18,2024,10,9,2
3042,ORD103042,P-BEA-007,Beauty,Face Wash 100ml,West,Surat,SUP-010,12.0,WH-WE-05,292.0,181.0,264.0,1072.0,34.29,217.52,12.8,No,No,Autumn,Sunny,189.1,0.0,0.0,359.56,0.082,43,2023,6,14,2
3043,ORD103043,P-CLO-003,Clothing,Women's Kurti,South,Bengaluru,SUP-019,5.0,WH-SO-05,211.0,26.0,169.0,790.0,28.35,1547.78,1.2,No,Yes,Winter,Stormy,1527.37,0.0,0.0,287.37,0.144,32,2021,12,25,5
3044,ORD103044,P-BEA-004,Beauty,Herbal Shampoo 200ml,Central,Jabalpur,SUP-015,13.0,WH-CE-04,205.0,24.0,169.0,,24.09,815.51,21.7,Yes,No,Summer,Sunny,812.17,0.0,1.0,460.44,0.133,31,2023,5,28,6
3045,ORD103045,P-SPO-013,Sports,Running Shoes,North,Kanpur,SUP-027,24.0,WH-NO-03,,23.0,134.0,,18.33,1779.89,1.1,No,No,,Cloudy,1885.26,0.0,1.0,567.14,0.277,18,2023,1,15,6
3046,ORD103046,P-CLO-015,Clothing,Woolen Sweater,West,Surat,SUP-024,4.0,WH-WE-05,298.0,44.0,228.0,930.0,37.43,1117.16,1.7,No,No,Winter,Cloudy,1180.42,0.0,0.0,331.53,0.184,40,2023,1,27,4
3047,ORD103047,P-FUR-001,Furniture,Plastic Storage Rack,Central,Bhopal,SUP-021,14.0,WH-CE-05,26.0,6.0,33.0,142.0,5.04,7949.52,4.0,No,No,Summer,Cloudy,8059.89,0.0,3.0,594.57,0.015,6,2022,5,27,4
3048,ORD103048,P-SPO-011,Sports,Yoga Mat,East,Bhubaneswar,SUP-021,7.0,WH-EA-05,243.0,14.0,70.0,388.0,11.72,3200.59,,Yes,No,Summer,Sunny,3486.96,0.0,1.0,319.13,0.008,22,2021,7,22,3
3049,ORD103049,P-GRO-008,Grocery,Tea Powder 500g,West,Nagpur,SUP-034,1.0,WH-WE-04,839.0,43.0,297.0,1610.0,48.64,235.2,12.3,Yes,No,Autumn,Sunny,247.33,0.0,1.0,242.11,0.069,70,2022,6,12,6
3050,ORD103050,P-SPO-004,Sports,Cycling Helmet,South,Bengaluru,SUP-024,7.0,WH-SO-04,122.0,8.0,98.0,412.0,13.95,4353.09,7.8,Yes,No,Summer,Cloudy,4239.93,0.0,3.0,416.48,0.008,9,2024,7,24,2
3051,ORD103051,P-ELE-008,Electronics,LED TV 43in,West,Surat,SUP-021,6.0,WH-WE-04,166.0,8.0,89.0,334.0,10.19,1339.05,5.7,No,No,Summer,Sunny,1351.81,0.0,1.0,337.93,0.169,11,2022,8,20,5
3052,ORD103052,P-FUR-015,Furniture,Wooden Bookshelf,Central,Jabalpur,SUP-036,11.0,WH-CE-05,145.0,9.0,52.0,218.0,6.95,9552.82,12.5,No,No,Winter,,9066.99,0.0,1.0,431.92,0.077,7,2021,1,31,6
3053,ORD103053,P-BEA-003,Beauty,Sunscreen Lotion,West,Mumbai,SUP-004,11.0,WH-WE-03,538.0,14.0,168.0,784.0,23.8,561.99,14.8,No,No,Summer,Stormy,506.89,0.0,2.0,543.22,0.051,25,2022,5,20,4
3054,ORD103054,P-FUR-013,Furniture,TV Unit,Central,Indore,SUP-034,6.0,WH-CE-03,62.0,3.0,29.0,113.0,3.4,16969.57,10.6,No,No,Autumn,Rainy,17550.49,2.0,0.0,227.87,0.024,4,2022,11,5,5
3055,ORD103055,P-CLO-002,Clothing,Cotton Saree,East,Guwahati,SUP-008,9.0,WH-EA-05,195.0,,100.0,525.0,17.73,2418.14,11.6,No,No,Summer,Sunny,2128.18,0.0,0.0,311.73,0.017,20,2023,5,27,5
3056,ORD103056,P-FUR-011,Furniture,Foldable Bed,East,Ranchi,SUP-014,10.0,WH-EA-02,36.0,6.0,42.0,162.0,4.99,10750.93,14.5,No,No,Summer,Cloudy,10589.71,0.0,1.0,402.61,0.073,9,2023,7,27,3
3057,ORD103057,P-ELE-002,Electronics,Laptop Stand,South,Coimbatore,SUP-001,17.0,WH-SO-04,292.0,8.0,83.0,371.0,12.49,1411.84,5.2,Yes,No,Autumn,Sunny,,0.0,2.0,482.36,0.14,14,2022,9,14,2
3058,ORD103058,P-GRO-001,Grocery,Basmati Rice 5kg,West,,SUP-023,6.0,WH-WE-01,258.0,14.0,314.0,1401.0,42.93,54.73,1.2,No,No,Autumn,Cloudy,55.04,0.0,0.0,,0.064,29,2021,7,29,3
3059,ORD103059,P-GRO-001,Grocery,Instant Noodles Pack,West,Surat,SUP-034,12.0,WH-WE-03,,33.0,308.0,1106.0,39.84,269.04,5.6,No,No,Autumn,Sunny,253.39,0.0,2.0,573.06,0.064,39,2022,10,7,4
3060,ORD103060,P-CLO-013,Clothing,Men's Cotton T-Shirt,East,Bhubaneswar,SUP-016,11.0,WH-EA-01,384.0,19.0,121.0,505.0,16.1,398.47,9.8,No,No,Winter,,416.58,0.0,2.0,512.0,0.176,19,2021,1,5,1
3061,ORD103061,P-CLO-009,Clothing,Formal Shirt,North,Chandigarh,SUP-027,12.0,WH-NO-05,260.0,27.0,124.0,585.0,18.71,468.52,6.9,Yes,No,,Cloudy,460.18,0.0,1.0,446.27,0.098,26,2023,1,10,1
3062,ORD103062,P-GRO-011,Grocery,Wheat Flour 5kg,East,Guwahati,SUP-016,8.0,WH-EA-05,381.0,23.0,223.0,929.0,28.28,64.23,11.4,Yes,No,Autumn,Sunny,63.57,0.0,0.0,311.98,0.233,40,2022,10,13,3
3063,ORD103063,P-SPO-003,Sports,Running Shoes,West,Mumbai,SUP-031,13.0,WH-WE-02,50.0,8.0,71.0,320.0,10.8,928.69,3.9,Yes,No,Summer,Sunny,932.57,0.0,0.0,342.08,0.013,8,2022,6,5,6
3064,ORD103064,P-GRO-014,Grocery,Sunflower Oil 1L,Central,Indore,SUP-040,17.0,WH-CE-01,444.0,,126.0,517.0,19.04,128.89,5.2,No,No,Autumn,Cloudy,122.59,0.0,3.0,622.79,0.282,15,2023,8,25,4
3065,ORD103065,P-CLO-013,Clothing,Women's Kurti,North,Delhi,SUP-029,5.0,WH-NO-04,,44.0,187.0,799.0,26.83,1647.28,8.6,No,No,Winter,Rainy,1572.62,0.0,0.0,327.72,0.162,24,2024,1,8,0
3066,ORD103066,P-GRO-008,Grocery,Masala Mix 200g,North,Jaipur,SUP-014,9.0,WH-NO-05,138.0,51.0,337.0,1144.0,44.61,173.26,31.7,,No,Winter,Sunny,165.41,0.0,1.0,331.01,0.069,33,2022,1,21,4
3067,ORD103067,P-ELE-014,Electronics,Bluetooth Speaker,South,Coimbatore,SUP-033,4.0,WH-SO-02,184.0,20.0,103.0,494.0,17.19,4685.81,0.9,No,No,Winter,Cloudy,4638.89,0.0,3.0,414.39,0.116,17,2023,1,6,4
3068,ORD103068,P-BEA-003,Beauty,Hair Oil 250ml,North,Delhi,SUP-002,11.0,WH-NO-05,289.0,29.0,113.0,466.0,18.45,818.67,8.3,No,No,Winter,Sunny,,0.0,1.0,313.82,0.091,21,2023,1,15,6
3069,ORD103069,P-CLO-005,Clothing,Kids Winter Jacket,Central,Bhopal,SUP-040,8.0,WH-CE-03,380.0,37.0,150.0,870.0,28.79,1481.91,6.0,No,No,Winter,Rainy,1535.31,0.0,1.0,414.37,0.233,36,2023,1,14,5
3070,ORD103070,P-ELE-001,Electronics,Smartwatch,South,Chennai,SUP-034,9.0,WH-SO-03,94.0,10.0,63.0,311.0,9.34,5872.12,11.0,No,No,Autumn,Cloudy,5040.75,0.0,2.0,349.44,0.119,7,2022,8,13,5
3071,ORD103071,P-SPO-003,Sports,Running Shoes,East,Patna,SUP-027,6.0,WH-EA-02,102.0,5.0,65.0,263.0,8.01,3573.45,7.5,,No,Autumn,Rainy,3144.88,0.0,1.0,387.16,0.087,7,2021,11,3,2
3072,ORD103072,P-BEA-013,Beauty,Hair Oil 250ml,North,Chandigarh,SUP-025,10.0,WH-NO-02,167.0,16.0,160.0,384.0,15.41,372.84,24.1,No,No,Autumn,,429.17,0.0,2.0,483.97,0.109,26,2021,9,8,2
3073,ORD103073,P-BEA-007,Beauty,Talcum Powder,South,Hyderabad,SUP-011,20.0,WH-SO-02,564.0,30.0,178.0,750.0,24.4,931.7,22.9,No,No,Winter,Rainy,899.34,0.0,1.0,647.65,0.185,29,2021,2,15,0
3074,ORD103074,P-SPO-010,Sports,Skipping Rope,Central,Indore,SUP-018,9.0,WH-CE-01,,9.0,118.0,505.0,13.45,3511.61,28.0,No,No,Summer,Cloudy,3226.55,0.0,0.0,384.01,0.164,14,2021,3,18,3
3075,ORD103075,P-SPO-014,Sports,Yoga Mat,East,Kolkata,SUP-005,11.0,WH-EA-02,153.0,16.0,86.0,344.0,12.15,3857.55,15.8,,No,Summer,Sunny,,0.0,0.0,479.57,0.186,13,2024,3,28,3
3076,ORD103076,P-GRO-012,Grocery,Sunflower Oil 1L,North,,SUP-014,10.0,WH-NO-02,788.0,34.0,252.0,1107.0,35.25,511.57,6.2,Yes,No,Summer,Cloudy,542.96,0.0,1.0,339.03,0.049,52,2021,4,13,1
3077,ORD103077,P-FUR-006,Furniture,Dining Chair,South,Coimbatore,SUP-024,26.0,WH-SO-01,95.0,7.0,53.0,258.0,7.68,3138.64,9.5,No,No,Summer,Sunny,3299.59,0.0,3.0,642.27,0.024,5,2024,6,3,0
3078,ORD103078,P-FUR-006,Furniture,Wooden Bookshelf,Central,Gwalior,SUP-015,,WH-CE-02,76.0,3.0,34.0,123.0,4.82,5508.52,13.1,Yes,No,Autumn,Rainy,5178.8,0.0,2.0,365.65,0.023,5,2024,8,2,4
3079,ORD103079,P-GRO-002,Grocery,Wheat Flour 5kg,Central,Jabalpur,SUP-031,9.0,WH-CE-01,323.0,26.0,161.0,718.0,23.08,256.42,26.0,No,No,Winter,Rainy,245.9,0.0,0.0,249.33,0.068,26,2021,12,19,6
3080,ORD103080,P-GRO-013,Grocery,Basmati Rice 5kg,North,Kanpur,SUP-035,17.0,WH-NO-01,1069.0,67.0,374.0,1836.0,55.86,54.52,13.3,No,No,Autumn,Cloudy,53.06,0.0,1.0,651.59,0.174,69,2022,10,10,0
3081,ORD103081,P-ELE-015,Electronics,Smartwatch,East,Ranchi,SUP-023,7.0,WH-EA-04,80.0,4.0,54.0,177.0,6.11,3496.41,5.1,Yes,No,Autumn,Sunny,3583.51,0.0,4.0,546.11,0.059,7,2022,6,11,5
3082,ORD103082,P-FUR-008,Furniture,Foldable Bed,North,Jaipur,SUP-014,9.0,WH-NO-01,29.0,5.0,34.0,113.0,4.43,19741.43,3.9,Yes,No,Autumn,Rainy,19813.26,0.0,0.0,291.15,0.034,2,2022,7,30,5
3083,ORD103083,P-BEA-008,Beauty,Body Lotion 400ml,East,Kolkata,SUP-013,4.0,WH-EA-02,438.0,26.0,130.0,697.0,20.64,1170.05,,No,,Autumn,Rainy,1084.21,1.0,1.0,237.31,0.02,18,2022,6,8,2
3084,ORD103084,P-BEA-013,Beauty,Hair Oil 250ml,North,Lucknow,SUP-022,5.0,WH-NO-04,483.0,33.0,,651.0,26.39,387.36,8.3,No,No,Summer,Cloudy,371.57,0.0,0.0,274.6,0.145,34,2022,5,16,0
3085,ORD103085,P-GRO-006,Grocery,Sugar 1kg,West,,SUP-029,13.0,WH-WE-01,827.0,40.0,305.0,875.0,37.71,400.28,5.0,No,No,Autumn,Cloudy,391.78,0.0,1.0,433.23,0.025,39,2023,9,27,2
3086,ORD103086,P-GRO-007,Grocery,Tea Powder 500g,Central,Gwalior,SUP-006,8.0,WH-CE-04,194.0,18.0,115.0,517.0,20.12,88.85,17.7,No,No,Summer,Sunny,99.38,0.0,1.0,266.48,,25,2022,8,26,4
3087,ORD103087,P-CLO-014,Clothing,Track Pants,North,Kanpur,SUP-018,4.0,WH-NO-01,176.0,16.0,145.0,514.0,17.87,2457.92,3.4,No,No,Autumn,Sunny,2423.04,0.0,0.0,267.13,0.069,20,2021,10,1,4
3088,ORD103088,P-CLO-006,Clothing,Woolen Sweater,South,Coimbatore,SUP-018,5.0,WH-SO-01,83.0,16.0,213.0,673.0,26.64,2055.72,18.9,No,No,Summer,,2599.86,0.0,3.0,409.45,0.04,19,2022,7,8,4
3089,ORD103089,P-SPO-014,Sports,Skipping Rope,North,Lucknow,SUP-012,11.0,WH-NO-01,55.0,11.0,103.0,365.0,13.85,4855.7,8.0,Yes,No,Autumn,Cloudy,4751.12,,1.0,525.51,0.087,10,2024,11,30,5
3090,ORD103090,P-SPO-003,Sports,Yoga Mat,South,Coimbatore,SUP-010,9.0,WH-SO-05,247.0,18.0,175.0,560.0,20.08,2569.91,13.6,No,No,Winter,Sunny,2223.87,1.0,2.0,438.69,0.174,20,2024,12,14,5
3091,ORD103091,P-SPO-008,Sports,Yoga Mat,North,Jaipur,SUP-034,10.0,WH-NO-01,296.0,11.0,122.0,512.0,15.07,940.65,23.0,No,No,Summer,Cloudy,967.08,0.0,3.0,534.49,0.067,16,2021,4,1,3
3092,ORD103092,P-BEA-008,Beauty,Face Wash 100ml,South,Coimbatore,SUP-018,5.0,WH-SO-01,113.0,23.0,146.0,695.0,22.15,803.3,4.7,,No,Summer,Sunny,870.6,0.0,0.0,312.44,0.044,24,2023,4,22,5
3093,ORD103093,P-SPO-005,Sports,Cycling Helmet,Central,Raipur,SUP-024,10.0,WH-CE-05,48.0,14.0,67.0,288.0,9.38,,19.1,No,No,Autumn,Sunny,3706.67,0.0,4.0,542.21,0.21,11,2024,11,23,5
3094,ORD103094,P-CLO-015,Clothing,Cotton Saree,North,Jaipur,SUP-002,9.0,WH-NO-04,247.0,33.0,186.0,763.0,21.81,2360.99,11.6,No,No,Autumn,Stormy,2398.14,0.0,0.0,295.02,0.071,15,2021,10,11,0
3095,ORD103095,P-ELE-008,Electronics,Home Router,West,Pune,SUP-012,12.0,WH-WE-03,256.0,10.0,83.0,446.0,12.68,13384.56,12.9,No,Yes,Summer,Sunny,12978.0,0.0,1.0,357.83,0.109,19,2021,4,11,6
3096,ORD103096,P-ELE-014,Electronics,Power Bank 10000mAh,North,Lucknow,SUP-009,10.0,WH-NO-01,49.0,15.0,63.0,258.0,9.51,5126.98,3.8,Yes,No,Autumn,Sunny,5010.07,0.0,0.0,371.02,0.107,10,2021,11,6,5
3097,ORD103097,P-GRO-004,Grocery,Toor Dal 1kg,East,Patna,SUP-014,6.0,WH-EA-02,583.0,47.0,256.0,939.0,34.82,,15.8,No,No,Summer,Rainy,440.89,0.0,1.0,,0.128,27,2022,4,9,5
3098,ORD103098,P-GRO-006,Grocery,Sunflower Oil 1L,South,Chennai,SUP-034,3.0,WH-SO-03,437.0,32.0,279.0,1148.0,40.92,184.94,13.2,No,No,Autumn,Sunny,197.65,0.0,0.0,188.48,0.206,46,2024,9,27,4
3099,ORD103099,P-ELE-008,Electronics,Wireless Earbuds,Central,Gwalior,SUP-023,4.0,WH-CE-03,69.0,9.0,73.0,234.0,7.59,7450.69,6.4,No,No,Winter,Sunny,7224.69,,2.0,352.28,0.056,8,2022,1,2,6
3100,ORD103100,P-SPO-009,Sports,Skipping Rope,North,Lucknow,SUP-037,,WH-NO-03,264.0,11.0,92.0,369.0,10.79,2862.94,18.0,Yes,No,Summer,Cloudy,3125.5,0.0,0.0,286.47,0.022,19,2022,5,1,6
3101,ORD103101,P-ELE-004,Electronics,LED TV 43in,North,Delhi,SUP-017,9.0,WH-NO-01,160.0,3.0,69.0,198.0,7.41,14916.45,14.1,Yes,No,Winter,Sunny,14280.88,0.0,0.0,425.54,0.032,11,2022,1,15,5
3102,ORD103102,P-SPO-005,Sports,Badminton Racket,West,Mumbai,SUP-031,8.0,WH-WE-05,137.0,11.0,153.0,544.0,18.29,4115.94,8.2,Yes,No,Autumn,Sunny,4098.33,0.0,1.0,328.08,0.257,21,2022,7,27,2
3103,ORD103103,P-BEA-010,Beauty,Body Lotion 400ml,West,Nagpur,SUP-007,8.0,WH-WE-04,302.0,28.0,165.0,,22.71,941.56,17.6,,No,Winter,Cloudy,1035.66,0.0,1.0,199.95,,32,2024,12,24,1
3104,ORD103104,P-FUR-005,Furniture,Plastic Storage Rack,West,Ahmedabad,SUP-033,3.0,WH-WE-02,32.0,2.0,19.0,130.0,3.78,3162.64,6.0,No,No,Summer,Stormy,3500.64,0.0,2.0,386.74,0.046,2,2021,5,3,0
3105,ORD103105,P-FUR-012,Furniture,TV Unit,North,Chandigarh,SUP-025,3.0,WH-NO-05,73.0,8.0,39.0,173.0,5.3,13482.98,18.6,Yes,No,Autumn,Rainy,14390.36,2.0,3.0,464.07,0.056,6,2022,11,1,1
3106,ORD103106,P-GRO-008,Grocery,Tea Powder 500g,South,Kochi,SUP-002,12.0,WH-SO-02,350.0,56.0,255.0,1161.0,43.31,180.76,1.8,No,No,Summer,Sunny,153.7,0.0,2.0,450.07,0.059,37,2023,6,16,4
3107,ORD103107,P-FUR-015,Furniture,Dining Chair,West,Mumbai,SUP-028,19.0,WH-WE-01,25.0,7.0,31.0,188.0,5.79,5406.41,11.0,No,No,Summer,Cloudy,4854.07,,1.0,523.2,0.015,4,2021,6,24,3
3108,ORD103108,P-ELE-004,Electronics,Smartphone Charger,East,Ranchi,SUP-020,14.0,WH-EA-05,76.0,3.0,46.0,163.0,5.61,4405.37,6.3,No,No,Summer,Cloudy,4652.47,0.0,1.0,425.1,0.07,6,2021,3,6,5
3109,ORD103109,P-SPO-013,Sports,Badminton Racket,East,Guwahati,SUP-001,15.0,WH-EA-01,296.0,21.0,96.0,504.0,16.36,4027.03,5.5,No,No,Winter,Sunny,3802.02,0.0,1.0,579.17,0.034,26,2024,12,6,4
3110,ORD103110,P-GRO-008,Grocery,Sunflower Oil 1L,South,,SUP-034,17.0,WH-SO-01,555.0,60.0,295.0,1225.0,46.92,268.37,3.6,No,No,Winter,Sunny,269.95,0.0,2.0,526.91,0.053,68,2022,1,29,5
3111,ORD103111,P-GRO-002,Grocery,Basmati Rice 5kg,South,Hyderabad,SUP-022,13.0,WH-SO-04,429.0,75.0,387.0,1409.0,59.12,109.1,2.1,No,No,Winter,Cloudy,110.91,0.0,0.0,323.32,0.075,59,2021,12,21,1
3112,ORD103112,P-FUR-011,Furniture,TV Unit,Central,Gwalior,SUP-025,4.0,WH-CE-02,70.0,6.0,32.0,128.0,4.41,9490.71,4.0,No,No,Summer,Sunny,9685.21,0.0,0.0,221.0,0.094,3,2022,5,25,2
3113,ORD103113,P-FUR-004,Furniture,Foldable Bed,West,Pune,SUP-024,7.0,WH-WE-01,146.0,10.0,48.0,184.0,6.83,8104.87,3.5,Yes,No,Summer,Rainy,7420.34,0.0,,395.9,0.105,6,2021,4,16,4
3114,ORD103114,P-CLO-003,Clothing,Denim Jeans,North,Lucknow,SUP-004,10.0,WH-NO-01,152.0,12.0,117.0,439.0,14.93,1873.82,11.2,No,No,Summer,Sunny,2027.15,0.0,1.0,459.12,0.077,15,2021,8,3,1
3115,ORD103115,P-FUR-008,Furniture,Plastic Storage Rack,Central,Jabalpur,SUP-014,7.0,WH-CE-01,51.0,13.0,17.0,63.0,2.27,19577.78,1.0,No,No,Winter,Sunny,18756.37,0.0,1.0,395.87,0.061,1,2021,2,5,4
3116,ORD103116,P-ELE-012,Electronics,Smartphone Charger,East,Patna,SUP-029,7.0,WH-EA-05,45.0,5.0,39.0,219.0,7.26,9586.86,33.2,No,No,Spring,,10039.25,0.0,1.0,322.24,0.025,6,2023,2,21,1
3117,ORD103117,P-FUR-004,Furniture,Study Table,South,Coimbatore,SUP-014,5.0,WH-SO-04,,5.0,37.0,133.0,4.33,11698.54,3.8,No,No,Autumn,Rainy,11504.65,0.0,2.0,376.25,0.142,6,2022,11,8,1
3118,ORD103118,P-GRO-010,Grocery,Masala Mix 200g,South,Kochi,SUP-036,3.0,WH-SO-05,198.0,44.0,279.0,1541.0,47.83,62.73,21.2,No,No,Spring,Sunny,72.37,1.0,0.0,166.23,0.063,41,2022,2,5,5
3119,ORD103119,P-GRO-001,Grocery,Basmati Rice 5kg,West,Ahmedabad,SUP-013,4.0,WH-WE-04,1048.0,33.0,333.0,1797.0,55.81,552.9,0.4,No,No,Autumn,Rainy,616.97,0.0,0.0,242.24,0.084,59,2024,9,3,1
3120,ORD103120,P-ELE-003,Electronics,Bluetooth Speaker,South,Chennai,SUP-019,16.0,WH-SO-03,219.0,10.0,84.0,323.0,9.51,11400.66,2.9,No,No,Spring,Rainy,13344.8,0.0,2.0,470.66,0.14,12,2022,3,23,2
3121,ORD103121,P-GRO-012,Grocery,Sunflower Oil 1L,East,Ranchi,SUP-018,15.0,WH-EA-02,459.0,12.0,204.0,890.0,29.36,524.98,14.3,No,No,Winter,Sunny,594.39,0.0,0.0,567.86,0.031,41,2021,1,25,0
3122,ORD103122,P-GRO-001,Grocery,Masala Mix 200g,West,Nagpur,SUP-001,3.0,WH-WE-05,525.0,43.0,346.0,1105.0,42.16,553.98,22.3,No,No,Summer,Cloudy,548.03,0.0,1.0,251.58,0.099,34,2021,5,26,2
3123,ORD103123,P-CLO-006,Clothing,Women's Kurti,North,Chandigarh,SUP-033,2.0,WH-NO-05,,25.0,186.0,789.0,23.88,2335.41,17.9,Yes,No,Autumn,Cloudy,,0.0,0.0,275.71,0.012,41,2023,11,26,6
3124,ORD103124,P-ELE-008,Electronics,Bluetooth Speaker,Central,Bhopal,SUP-006,12.0,WH-CE-03,154.0,7.0,56.0,232.0,7.53,4648.8,22.4,No,No,Spring,Sunny,4226.53,0.0,1.0,499.59,0.113,8,2023,2,19,6
3125,ORD103125,P-ELE-001,Electronics,Power Bank 10000mAh,South,Hyderabad,SUP-019,5.0,WH-SO-01,103.0,10.0,50.0,261.0,8.05,1616.24,4.7,No,No,Winter,Rainy,1650.66,0.0,0.0,330.81,0.083,7,2022,1,16,6
3126,ORD103126,P-CLO-015,Clothing,Kids Winter Jacket,South,Hyderabad,SUP-037,4.0,WH-SO-04,307.0,6.0,97.0,462.0,14.2,1795.31,14.0,Yes,No,Winter,Stormy,1798.81,0.0,0.0,223.83,0.029,18,2021,12,28,1
3127,ORD103127,P-ELE-008,Electronics,Bluetooth Speaker,West,Mumbai,SUP-040,11.0,WH-WE-02,121.0,11.0,98.0,324.0,11.12,12037.37,21.3,No,No,Autumn,Cloudy,11995.95,0.0,0.0,495.35,0.09,11,2021,11,17,2
3128,ORD103128,P-FUR-006,Furniture,Foldable Bed,East,Bhubaneswar,SUP-010,5.0,WH-EA-02,44.0,5.0,31.0,144.0,4.93,6123.4,17.6,Yes,No,Autumn,Sunny,5717.26,0.0,3.0,363.53,0.006,6,2022,9,9,4
3129,ORD103129,P-SPO-015,Sports,Badminton Racket,South,Bengaluru,SUP-016,16.0,WH-SO-04,367.0,17.0,119.0,605.0,16.75,3745.67,23.5,Yes,No,Autumn,Rainy,3853.84,0.0,27.0,625.46,0.066,28,2023,10,26,3
3130,ORD103130,P-CLO-009,Clothing,Denim Jeans,East,Guwahati,SUP-023,14.0,WH-EA-05,359.0,24.0,134.0,461.0,,1432.77,7.5,No,No,Autumn,Cloudy,1389.0,0.0,0.0,518.99,0.1,22,2023,7,22,5
3131,ORD103131,P-SPO-011,Sports,Gym Dumbbells 5kg,Central,Raipur,SUP-028,3.0,WH-CE-04,36.0,9.0,74.0,322.0,11.27,2166.11,4.5,No,No,Winter,Sunny,2082.49,0.0,0.0,278.12,0.117,10,2023,12,29,4
3132,ORD103132,P-ELE-002,Electronics,LED TV 43in,West,Surat,SUP-011,7.0,WH-WE-01,113.0,9.0,55.0,287.0,8.8,4904.11,5.6,No,No,Spring,Cloudy,4968.41,0.0,1.0,350.38,0.136,9,2021,3,2,1
3133,ORD103133,P-ELE-003,Electronics,Home Router,West,Ahmedabad,SUP-022,11.0,WH-WE-04,200.0,9.0,61.0,262.0,8.92,5361.92,12.0,No,No,Summer,Cloudy,5328.52,0.0,2.0,450.68,0.178,7,2023,3,28,1
3134,ORD103134,P-BEA-001,Beauty,Lipstick Set,South,Coimbatore,SUP-034,8.0,WH-SO-05,877.0,56.0,431.0,1792.0,63.39,697.6,4.6,No,Yes,Winter,Sunny,618.01,0.0,1.0,251.68,0.022,60,2024,1,22,0
3135,ORD103135,P-BEA-008,Beauty,Body Lotion 400ml,South,Coimbatore,SUP-031,7.0,WH-SO-04,72.0,13.0,136.0,815.0,25.11,420.25,7.0,No,No,Autumn,Sunny,393.77,0.0,2.0,273.64,0.113,15,2021,10,23,5
3136,ORD103136,P-BEA-013,Beauty,Herbal Shampoo 200ml,East,Kolkata,SUP-033,7.0,WH-EA-02,295.0,28.0,140.0,655.0,19.17,335.87,3.9,No,No,Summer,Rainy,350.18,0.0,1.0,379.03,0.021,16,2023,5,2,1
3137,ORD103137,P-ELE-014,Electronics,Laptop Stand,North,Chandigarh,SUP-036,7.0,WH-NO-04,52.0,9.0,97.0,354.0,11.58,6689.36,6.5,Yes,No,Winter,Stormy,6663.82,1.0,0.0,288.77,0.072,10,2021,1,10,6
3138,ORD103138,P-BEA-009,Beauty,Sunscreen Lotion,West,Surat,SUP-035,11.0,WH-WE-02,226.0,23.0,104.0,751.0,29.73,811.25,20.4,No,No,Summer,Sunny,685.18,0.0,0.0,314.43,0.113,27,2024,8,22,3
3139,ORD103139,P-GRO-001,Grocery,Sugar 1kg,South,Hyderabad,SUP-021,4.0,WH-SO-05,189.0,15.0,325.0,1374.0,45.25,422.15,4.6,No,No,Winter,Sunny,445.75,0.0,0.0,289.35,0.039,42,2023,12,14,3
3140,ORD103140,P-GRO-010,Grocery,Toor Dal 1kg,South,Chennai,SUP-039,5.0,WH-SO-05,732.0,33.0,126.0,1020.0,32.62,57.16,16.2,Yes,No,Summer,Sunny,56.93,0.0,1.0,244.01,0.026,26,2023,6,30,4
3141,ORD103141,P-ELE-010,Electronics,Laptop Stand,South,Kochi,SUP-020,3.0,WH-SO-03,103.0,7.0,57.0,179.0,6.66,1354.5,4.8,Yes,,Summer,Cloudy,1239.45,0.0,1.0,286.49,0.093,6,2023,5,27,5
3142,ORD103142,P-SPO-009,Sports,Cricket Bat,South,Bengaluru,SUP-029,5.0,WH-SO-01,170.0,,91.0,496.0,14.32,2535.76,17.5,No,No,Autumn,Sunny,2400.06,0.0,,234.97,0.046,16,2023,9,6,2
3143,ORD103143,P-ELE-011,Electronics,Laptop Stand,South,Kochi,SUP-038,6.0,WH-SO-03,120.0,8.0,65.0,292.0,9.22,34212.31,10.1,No,No,Autumn,Cloudy,13060.49,0.0,0.0,339.28,0.031,9,2022,9,10,5
3144,ORD103144,P-BEA-009,Beauty,Body Lotion 400ml,East,Guwahati,SUP-002,11.0,WH-EA-01,329.0,26.0,143.0,649.0,24.02,627.88,,No,Yes,Autumn,,516.94,1.0,1.0,387.14,0.17,28,2024,11,13,2
3145,ORD103145,P-FUR-011,Furniture,Plastic Storage Rack,East,Patna,SUP-038,6.0,WH-EA-04,30.0,8.0,55.0,192.0,,12666.15,37.1,Yes,No,Autumn,Rainy,13092.26,0.0,2.0,430.42,0.086,7,2021,11,9,1
3146,ORD103146,P-BEA-008,Beauty,Face Wash 100ml,South,Bengaluru,SUP-033,7.0,WH-SO-04,373.0,,280.0,966.0,30.49,1021.02,25.1,Yes,No,Spring,Rainy,1101.62,0.0,1.0,319.84,0.048,45,2024,3,30,5
3147,ORD103147,P-FUR-003,Furniture,Foldable Bed,North,Kanpur,SUP-040,10.0,WH-NO-02,104.0,,47.0,226.0,8.05,2820.85,10.1,No,No,Winter,Rainy,3021.82,0.0,1.0,331.98,0.083,9,2024,1,19,4
3148,ORD103148,P-BEA-002,Beauty,Body Lotion 400ml,West,Ahmedabad,SUP-031,15.0,WH-WE-05,332.0,18.0,117.0,538.0,,198.29,1.4,No,No,Summer,Sunny,216.6,0.0,1.0,467.25,0.027,26,2024,5,8,2
3149,ORD103149,P-ELE-014,Electronics,Bluetooth Speaker,North,Kanpur,SUP-007,4.0,WH-NO-04,,16.0,90.0,333.0,11.43,13059.32,5.2,No,No,Summer,Cloudy,12244.48,0.0,0.0,321.58,0.064,8,2021,4,14,2
3150,ORD103150,P-ELE-007,Electronics,Wireless Earbuds,East,Ranchi,SUP-013,5.0,WH-EA-05,110.0,,39.0,138.0,4.93,13173.35,14.3,No,No,Autumn,Sunny,14263.02,0.0,3.0,332.53,0.091,6,2022,10,13,3
3151,ORD103151,P-CLO-005,Clothing,Formal Shirt,East,Kolkata,SUP-001,4.0,WH-EA-02,200.0,8.0,111.0,517.0,16.78,1555.08,31.8,No,No,Summer,Sunny,1588.96,0.0,0.0,195.53,0.079,18,2023,7,28,4
3152,ORD103152,P-GRO-005,Grocery,Masala Mix 200g,East,Guwahati,SUP-025,4.0,WH-EA-01,340.0,48.0,253.0,1253.0,42.99,585.25,13.2,No,No,Autumn,Cloudy,546.14,0.0,3.0,328.76,0.01,30,2023,6,24,5
3153,ORD103153,P-ELE-001,Electronics,LED TV 43in,West,Pune,SUP-018,12.0,WH-WE-03,116.0,10.0,67.0,246.0,7.82,3393.22,13.8,Yes,No,Autumn,Rainy,3519.94,0.0,1.0,520.49,0.063,13,2023,10,3,1
3154,ORD103154,P-ELE-015,Electronics,Smartwatch,East,Ranchi,SUP-019,11.0,WH-EA-02,58.0,7.0,36.0,166.0,5.41,,8.1,Yes,No,Summer,Rainy,15174.11,0.0,4.0,483.02,0.098,5,2023,7,16,6
3155,ORD103155,P-GRO-002,Grocery,Wheat Flour 5kg,Central,Indore,SUP-030,10.0,WH-CE-04,224.0,30.0,215.0,1044.0,32.29,439.82,21.9,No,No,Autumn,Sunny,494.02,0.0,5.0,621.35,0.096,38,2021,11,23,1
3156,ORD103156,P-ELE-004,Electronics,Laptop Stand,West,Mumbai,SUP-033,8.0,WH-WE-03,320.0,13.0,104.0,465.0,14.6,10193.1,32.3,Yes,No,,Cloudy,11169.33,0.0,2.0,387.89,0.091,22,2024,4,24,2
3157,ORD103157,P-ELE-007,Electronics,Bluetooth Speaker,North,,SUP-003,4.0,WH-NO-04,239.0,21.0,81.0,489.0,14.79,9219.89,17.7,No,No,Winter,Sunny,8710.53,0.0,1.0,267.34,0.017,19,2022,12,8,3
3158,ORD103158,P-SPO-006,Sports,Badminton Racket,South,Hyderabad,SUP-037,16.0,WH-SO-01,387.0,21.0,123.0,,19.47,4605.43,1.1,Yes,No,Autumn,Cloudy,4730.95,0.0,1.0,522.76,0.057,17,2024,11,19,1
3159,ORD103159,P-GRO-001,Grocery,Tea Powder 500g,South,Hyderabad,SUP-015,16.0,WH-SO-01,729.0,33.0,205.0,1147.0,34.5,278.38,7.7,No,No,Winter,Sunny,285.73,0.0,1.0,476.48,0.173,49,2023,1,31,1
3160,ORD103160,P-SPO-005,Sports,Gym Dumbbells 5kg,South,Chennai,SUP-031,17.0,WH-SO-05,180.0,15.0,75.0,,15.2,2349.07,10.6,Yes,No,,Rainy,2396.3,0.0,5.0,720.77,0.019,19,2023,2,25,5
3161,ORD103161,P-SPO-012,Sports,Badminton Racket,East,Bhubaneswar,SUP-024,21.0,WH-EA-03,475.0,20.0,121.0,670.0,19.84,3057.03,7.0,No,No,Summer,Rainy,2982.48,0.0,1.0,511.7,0.065,23,2023,5,14,6
3162,ORD103162,P-ELE-004,Electronics,LED TV 43in,North,Kanpur,SUP-018,7.0,WH-NO-01,59.0,11.0,80.0,295.0,11.58,11056.17,14.9,Yes,No,,Sunny,12608.18,0.0,2.0,399.11,0.226,12,2024,6,26,2
3163,ORD103163,P-FUR-013,Furniture,Study Table,North,Jaipur,SUP-009,10.0,WH-NO-05,35.0,5.0,24.0,137.0,3.92,18642.98,2.9,No,No,Autumn,Rainy,17713.64,0.0,0.0,282.54,0.024,4,2024,8,9,4
3164,ORD103164,P-FUR-006,Furniture,Sofa Cushion Set,South,Kochi,SUP-008,10.0,WH-SO-01,55.0,8.0,48.0,229.0,7.06,7868.49,21.1,No,No,Summer,Cloudy,8917.45,0.0,1.0,297.01,0.168,9,2023,5,5,4
3165,ORD103165,P-FUR-001,Furniture,Wooden Bookshelf,West,Pune,SUP-030,5.0,WH-WE-05,30.0,5.0,28.0,159.0,4.79,17842.35,11.3,No,No,Spring,Cloudy,15808.6,0.0,20.0,241.24,0.045,3,2023,3,10,4
3166,ORD103166,P-ELE-002,Electronics,Smartwatch,West,Nagpur,SUP-013,13.0,WH-WE-02,171.0,8.0,65.0,236.0,8.56,11534.57,8.9,No,No,Spring,Cloudy,11182.61,0.0,1.0,420.67,0.028,5,2021,3,21,6
3167,ORD103167,P-ELE-013,Electronics,Bluetooth Speaker,Central,Indore,SUP-010,4.0,WH-CE-03,36.0,10.0,69.0,220.0,8.61,6709.01,24.8,No,No,Summer,Sunny,7119.37,0.0,1.0,276.38,0.067,6,2021,4,9,4
3168,ORD103168,P-ELE-007,Electronics,Power Bank 10000mAh,North,Kanpur,SUP-001,5.0,WH-NO-02,,6.0,68.0,,8.83,9091.7,16.1,Yes,No,Winter,Sunny,8325.94,0.0,3.0,315.62,0.257,11,2023,12,13,2
3169,ORD103169,P-FUR-015,Furniture,Sofa Cushion Set,South,Kochi,SUP-034,8.0,WH-SO-01,39.0,5.0,36.0,145.0,5.07,16470.3,2.8,No,No,Summer,Sunny,15501.85,1.0,4.0,461.0,0.087,3,2022,5,20,4
3170,ORD103170,P-SPO-012,Sports,Badminton Racket,Central,Bhopal,SUP-016,4.0,WH-CE-03,295.0,8.0,115.0,404.0,14.7,3512.52,3.8,No,No,Autumn,Cloudy,3662.84,0.0,1.0,279.92,0.103,16,2022,10,1,5
3171,ORD103171,P-FUR-001,Furniture,Wooden Bookshelf,West,Nagpur,SUP-014,13.0,WH-WE-02,157.0,7.0,46.0,184.0,7.29,4955.59,22.1,No,No,Summer,Sunny,4270.38,0.0,2.0,565.93,0.091,13,2023,7,7,4
3172,ORD103172,P-FUR-005,Furniture,Sofa Cushion Set,East,Guwahati,SUP-015,25.0,WH-EA-03,30.0,5.0,33.0,133.0,5.38,19302.54,15.3,No,No,Autumn,Cloudy,21008.55,0.0,2.0,685.0,0.039,4,2021,11,21,6
3173,ORD103173,P-SPO-011,Sports,Cricket Bat,East,Guwahati,SUP-024,7.0,WH-EA-03,99.0,19.0,133.0,576.0,19.21,843.96,4.8,Yes,No,Summer,Rainy,943.79,0.0,2.0,275.84,0.161,24,2022,5,2,0
3174,ORD103174,P-FUR-001,Furniture,Study Table,North,Chandigarh,SUP-020,5.0,WH-NO-04,16.0,5.0,36.0,182.0,5.54,19846.03,15.0,No,No,Spring,Cloudy,22261.65,0.0,1.0,274.77,0.103,8,2021,3,4,3
3175,ORD103175,P-ELE-015,Electronics,Wireless Earbuds,West,Pune,SUP-022,5.0,WH-WE-01,194.0,13.0,97.0,355.0,11.48,9109.04,28.9,No,,Winter,Sunny,9346.26,,0.0,309.31,0.093,21,2024,1,27,5
3176,ORD103176,P-SPO-003,Sports,Yoga Mat,East,,SUP-012,4.0,WH-EA-02,151.0,9.0,105.0,340.0,11.49,3916.25,3.4,No,No,Winter,Cloudy,3782.22,0.0,0.0,229.57,0.181,14,2023,1,13,4
3177,ORD103177,P-GRO-012,Grocery,Toor Dal 1kg,East,Kolkata,SUP-012,11.0,WH-EA-05,551.0,34.0,266.0,928.0,27.23,452.86,11.4,No,No,Autumn,Sunny,439.73,0.0,0.0,317.79,0.054,41,2021,10,5,1
3178,ORD103178,P-ELE-013,Electronics,LED TV 43in,East,Ranchi,SUP-035,6.0,WH-EA-05,121.0,8.0,42.0,183.0,5.31,910.9,18.8,No,No,Summer,Rainy,931.84,0.0,1.0,260.68,0.049,8,2023,5,21,6
3179,ORD103179,P-CLO-008,Clothing,Women's Kurti,South,Chennai,SUP-018,6.0,WH-SO-03,243.0,18.0,199.0,735.0,27.04,2277.72,11.3,Yes,No,Autumn,Sunny,2301.33,0.0,1.0,333.06,0.165,39,2021,7,28,2
3180,ORD103180,P-SPO-013,Sports,Yoga Mat,South,Coimbatore,SUP-039,2.0,WH-SO-02,154.0,18.0,73.0,452.0,14.77,370.27,12.4,No,Yes,Spring,Sunny,359.01,0.0,1.0,377.37,0.075,13,2024,2,15,3
3181,ORD103181,P-GRO-014,Grocery,Toor Dal 1kg,West,Ahmedabad,SUP-034,6.0,WH-WE-03,650.0,81.0,580.0,2687.0,88.42,361.89,17.1,Yes,No,Winter,Rainy,,0.0,0.0,234.65,0.224,172,2021,12,4,5
3182,ORD103182,P-CLO-012,Clothing,Denim Jeans,East,Patna,SUP-029,9.0,WH-EA-04,142.0,19.0,93.0,434.0,14.95,485.5,3.8,No,No,Winter,Sunny,475.94,0.0,3.0,524.84,0.057,15,2022,1,30,6
3183,ORD103183,P-ELE-011,Electronics,Smartwatch,North,Lucknow,SUP-022,8.0,WH-NO-02,142.0,5.0,48.0,240.0,7.65,938.7,8.8,Yes,No,Autumn,Sunny,1046.63,0.0,3.0,465.7,0.017,9,2024,7,3,2
3184,ORD103184,P-ELE-006,Electronics,Bluetooth Speaker,South,Chennai,SUP-034,4.0,WH-SO-05,,15.0,93.0,380.0,11.01,7484.0,35.2,No,No,Winter,Sunny,7543.83,0.0,0.0,225.53,0.09,17,2023,12,22,4
3185,ORD103185,P-ELE-005,Electronics,Home Router,Central,Jabalpur,SUP-003,9.0,WH-CE-01,105.0,5.0,49.0,139.0,5.79,8730.28,1.1,No,No,Autumn,Sunny,8756.75,0.0,0.0,364.56,0.118,7,2023,9,22,4
3186,ORD103186,P-BEA-014,Beauty,Talcum Powder,South,Coimbatore,SUP-020,9.0,WH-SO-04,326.0,20.0,143.0,672.0,21.88,136.0,12.9,No,Yes,Summer,Rainy,141.64,0.0,0.0,242.55,0.267,24,2023,5,30,1
3187,ORD103187,P-SPO-004,Sports,Running Shoes,South,Coimbatore,SUP-029,7.0,WH-SO-03,394.0,17.0,114.0,548.0,,4915.75,13.7,No,No,Winter,Sunny,5114.37,0.0,0.0,344.92,0.207,26,2023,1,30,0
3188,ORD103188,P-ELE-007,Electronics,Smartwatch,East,Guwahati,SUP-005,18.0,WH-EA-03,73.0,3.0,31.0,134.0,4.59,10842.54,9.8,No,No,Autumn,Sunny,10717.15,0.0,2.0,539.04,0.055,2,2021,10,8,4
3189,ORD103189,P-GRO-008,Grocery,Basmati Rice 5kg,West,Ahmedabad,SUP-008,4.0,WH-WE-03,334.0,52.0,215.0,1368.0,42.35,419.42,8.0,Yes,No,,Rainy,438.37,0.0,0.0,255.39,0.038,50,2022,3,15,1
3190,ORD103190,P-ELE-006,Electronics,Smartwatch,West,Nagpur,SUP-003,4.0,WH-WE-01,245.0,9.0,89.0,313.0,10.71,11488.55,4.1,No,,Autumn,Sunny,12120.47,0.0,0.0,262.23,0.099,12,2024,11,7,3
3191,ORD103191,P-ELE-006,Electronics,Bluetooth Speaker,West,Pune,SUP-020,23.0,WH-WE-02,237.0,15.0,101.0,355.0,12.78,9118.09,22.2,No,No,Autumn,Sunny,10324.04,0.0,4.0,760.71,0.037,21,2024,9,4,2
3192,ORD103192,P-CLO-009,Clothing,Denim Jeans,North,Kanpur,SUP-022,10.0,WH-NO-02,269.0,22.0,134.0,760.0,23.47,1522.11,8.0,Yes,No,Autumn,Sunny,1530.79,0.0,1.0,340.17,0.111,29,2023,11,28,1
3193,ORD103193,P-FUR-005,Furniture,Dining Chair,Central,Indore,SUP-019,12.0,WH-CE-04,65.0,8.0,51.0,235.0,8.97,16397.88,0.7,No,No,Summer,Rainy,15373.56,0.0,0.0,244.75,,4,2024,7,22,0
3194,ORD103194,P-FUR-015,Furniture,Study Table,Central,Indore,SUP-003,5.0,WH-CE-03,73.0,5.0,36.0,114.0,4.07,9852.64,10.9,Yes,No,Summer,Cloudy,9318.52,0.0,6.0,369.93,0.078,2,2024,3,20,2
3195,ORD103195,P-GRO-003,Grocery,Wheat Flour 5kg,East,Bhubaneswar,SUP-020,6.0,WH-EA-03,384.0,13.0,187.0,652.0,,503.26,25.3,No,No,Summer,Cloudy,598.59,0.0,0.0,267.4,0.147,29,2022,8,7,6
3196,ORD103196,P-CLO-006,Clothing,Track Pants,East,Guwahati,SUP-036,6.0,WH-EA-03,531.0,14.0,397.0,1557.0,44.38,1132.59,9.0,No,Yes,Autumn,Cloudy,962.27,0.0,1.0,464.43,0.059,41,2023,11,12,6
3197,ORD103197,P-ELE-013,Electronics,Home Router,North,Jaipur,SUP-002,11.0,WH-NO-03,98.0,8.0,,,9.92,4838.39,4.0,Yes,No,Winter,Cloudy,4377.8,0.0,2.0,421.49,0.066,9,2024,1,5,4
3198,ORD103198,P-ELE-008,Electronics,Smartwatch,South,Coimbatore,SUP-032,8.0,WH-SO-01,144.0,8.0,69.0,201.0,7.78,9594.2,7.1,Yes,,Autumn,Rainy,,0.0,1.0,446.71,0.158,8,2021,7,22,3
3199,ORD103199,P-SPO-011,Sports,Gym Dumbbells 5kg,North,,SUP-011,13.0,WH-NO-05,43.0,9.0,56.0,287.0,9.34,2971.48,,No,No,Autumn,Rainy,2825.25,0.0,0.0,351.87,0.094,8,2024,8,27,1
3200,ORD103200,P-BEA-010,Beauty,Talcum Powder,North,Delhi,SUP-003,7.0,WH-NO-05,355.0,19.0,177.0,654.0,24.57,507.94,8.3,No,No,Winter,Cloudy,541.21,0.0,1.0,390.38,0.027,30,2022,12,22,3
3201,ORD103201,P-SPO-005,Sports,Cricket Bat,Central,Jabalpur,SUP-003,9.0,WH-CE-02,216.0,13.0,46.0,272.0,8.82,1089.87,6.6,No,No,Summer,Rainy,1153.64,0.0,0.0,297.77,0.058,11,2022,4,3,6
3202,ORD103202,P-SPO-012,Sports,Badminton Racket,South,Kochi,SUP-001,12.0,WH-SO-04,269.0,16.0,78.0,311.0,11.98,3985.7,12.2,Yes,No,Autumn,Sunny,3815.22,0.0,4.0,457.52,0.04,13,2022,11,24,3
3203,ORD103203,P-FUR-004,Furniture,Office Chair,East,Kolkata,SUP-017,,WH-EA-02,16.0,1.0,20.0,71.0,2.81,13942.07,15.4,No,No,Summer,Cloudy,15619.29,1.0,,686.14,0.031,1,2022,4,26,1
3204,ORD103204,P-SPO-012,Sports,Badminton Racket,South,Kochi,SUP-020,5.0,WH-SO-01,148.0,10.0,84.0,406.0,12.64,4269.26,20.2,Yes,No,Summer,Cloudy,3892.43,0.0,1.0,327.92,0.024,14,2022,5,1,6
3205,ORD103205,P-GRO-002,Grocery,Masala Mix 200g,South,Chennai,SUP-025,2.0,WH-SO-05,975.0,48.0,331.0,1205.0,42.87,564.9,5.4,No,No,Spring,Sunny,531.58,0.0,0.0,243.43,0.133,51,2023,3,9,3
3206,ORD103206,P-ELE-011,Electronics,Smartwatch,South,Kochi,SUP-004,9.0,WH-SO-02,,9.0,49.0,266.0,7.87,4489.17,16.0,Yes,No,Winter,Sunny,5053.89,1.0,3.0,520.05,0.095,11,2024,12,28,5
3207,ORD103207,P-ELE-002,Electronics,Home Router,South,Kochi,SUP-027,11.0,WH-SO-02,73.0,7.0,61.0,203.0,8.68,12409.57,4.1,No,No,Autumn,Sunny,11113.59,0.0,2.0,477.73,0.06,5,2022,8,20,5
3208,ORD103208,P-ELE-014,Electronics,Smartwatch,East,Guwahati,SUP-030,9.0,WH-EA-03,62.0,10.0,47.0,223.0,7.02,6811.09,12.2,No,No,Autumn,Sunny,7000.1,0.0,0.0,412.82,0.038,9,2021,11,10,2
3209,ORD103209,P-ELE-010,Electronics,Power Bank 10000mAh,Central,Bhopal,SUP-003,10.0,WH-CE-03,23.0,6.0,54.0,228.0,8.0,13508.37,8.4,No,No,Winter,Rainy,,0.0,0.0,427.3,0.146,8,2024,1,18,3
3210,ORD103210,P-GRO-001,Grocery,Sunflower Oil 1L,South,Coimbatore,SUP-028,4.0,WH-SO-02,1288.0,58.0,462.0,1884.0,58.52,488.16,5.2,Yes,No,Spring,Sunny,386.65,0.0,0.0,257.9,,54,2022,3,7,0
3211,ORD103211,P-FUR-002,Furniture,Wooden Bookshelf,Central,Bhopal,SUP-005,11.0,WH-CE-05,38.0,5.0,33.0,148.0,5.15,2992.06,0.3,No,No,Winter,Cloudy,2911.23,0.0,0.0,256.39,0.059,4,2023,2,24,4
3212,ORD103212,P-BEA-003,Beauty,Moisturizer Cream,West,Pune,SUP-018,18.0,WH-WE-02,224.0,23.0,149.0,694.0,21.79,621.8,6.7,No,No,Winter,Sunny,668.94,0.0,4.0,603.19,0.061,21,2022,1,6,3
3213,ORD103213,P-CLO-015,Clothing,Track Pants,East,Guwahati,SUP-027,13.0,WH-EA-03,191.0,14.0,113.0,504.0,,1741.64,5.7,No,No,Autumn,Cloudy,1704.01,0.0,1.0,464.61,0.138,15,2021,11,6,5
3214,ORD103214,P-ELE-009,Electronics,Smartwatch,North,Delhi,SUP-035,3.0,WH-NO-04,285.0,15.0,115.0,400.0,13.2,2616.7,22.2,Yes,Yes,Winter,Sunny,2629.12,0.0,1.0,292.48,0.256,26,2022,1,4,1
3215,ORD103215,P-BEA-005,Beauty,Herbal Shampoo 200ml,North,Lucknow,SUP-022,11.0,WH-NO-05,51.0,13.0,125.0,606.0,17.86,803.52,5.1,No,No,Summer,Sunny,815.61,0.0,0.0,468.89,0.065,12,2022,6,5,6
3216,ORD103216,P-GRO-005,Grocery,Sunflower Oil 1L,West,Surat,SUP-018,6.0,WH-WE-03,198.0,39.0,247.0,1063.0,35.22,542.74,24.6,Yes,No,Autumn,Cloudy,556.32,0.0,0.0,369.6,0.123,48,2024,10,28,0
3217,ORD103217,P-ELE-001,Electronics,Bluetooth Speaker,East,Kolkata,SUP-034,5.0,WH-EA-03,140.0,5.0,42.0,176.0,,10817.73,16.7,No,No,Autumn,Sunny,10120.31,0.0,0.0,313.26,0.128,6,2023,9,8,4
3218,ORD103218,P-GRO-004,Grocery,Sunflower Oil 1L,South,Chennai,SUP-009,17.0,WH-SO-05,310.0,,302.0,1096.0,40.41,362.13,14.4,No,No,Autumn,Sunny,384.33,0.0,2.0,551.08,0.071,47,2023,10,14,5
3219,ORD103219,P-GRO-013,Grocery,Sugar 1kg,West,Mumbai,SUP-009,7.0,WH-WE-03,263.0,36.0,253.0,1210.0,38.47,236.14,7.3,No,No,Summer,Cloudy,240.96,0.0,3.0,406.99,0.204,30,2021,3,20,5
3220,ORD103220,P-GRO-009,Grocery,Instant Noodles Pack,South,Coimbatore,SUP-019,14.0,WH-SO-02,449.0,31.0,190.0,970.0,29.06,418.33,10.9,Yes,No,Winter,Rainy,379.97,0.0,1.0,495.13,0.182,45,2021,1,16,5
3221,ORD103221,P-BEA-006,Beauty,Talcum Powder,West,Mumbai,SUP-005,9.0,WH-WE-01,186.0,30.0,150.0,735.0,22.97,225.45,6.9,Yes,No,Summer,Cloudy,217.05,0.0,1.0,372.47,0.086,31,2022,5,15,6
3222,ORD103222,P-BEA-001,Beauty,Herbal Shampoo 200ml,South,Chennai,SUP-001,8.0,WH-SO-02,462.0,28.0,187.0,929.0,26.38,746.02,20.7,No,No,Autumn,Cloudy,661.68,0.0,2.0,333.01,0.177,26,2024,7,20,5
3223,ORD103223,P-FUR-006,Furniture,Plastic Storage Rack,Central,Raipur,SUP-015,12.0,WH-CE-01,,8.0,52.0,197.0,6.39,18540.7,11.0,No,No,Winter,Cloudy,18857.88,0.0,0.0,449.54,0.131,10,2021,1,24,6
3224,ORD103224,P-ELE-006,Electronics,Smartwatch,South,Chennai,SUP-007,6.0,WH-SO-02,171.0,5.0,49.0,206.0,7.27,6896.35,2.9,No,No,Winter,Cloudy,7167.05,0.0,1.0,213.81,0.025,6,2024,1,25,3
3225,ORD103225,P-BEA-002,Beauty,Lipstick Set,North,Lucknow,SUP-026,,WH-NO-03,411.0,22.0,109.0,657.0,19.27,994.34,12.0,No,No,Summer,Cloudy,1011.22,0.0,2.0,402.97,0.049,17,2024,4,14,6
3226,ORD103226,P-FUR-010,Furniture,Plastic Storage Rack,West,Nagpur,SUP-022,10.0,WH-WE-03,109.0,5.0,27.0,,4.98,5602.52,3.6,Yes,No,Winter,Cloudy,5848.95,2.0,0.0,325.56,0.173,7,2022,2,10,3
3227,ORD103227,P-ELE-010,Electronics,Smartphone Charger,North,Jaipur,SUP-020,12.0,WH-NO-01,134.0,7.0,59.0,161.0,5.85,2608.78,26.8,No,No,Summer,Cloudy,2636.64,0.0,1.0,363.27,0.045,9,2021,6,21,0
3228,ORD103228,P-FUR-015,Furniture,Study Table,Central,Bhopal,SUP-020,22.0,WH-CE-03,27.0,3.0,14.0,70.0,2.3,14759.1,15.7,No,No,Summer,Rainy,,,2.0,554.58,0.008,2,2021,8,13,4
3229,ORD103229,P-CLO-006,Clothing,Formal Shirt,East,Ranchi,SUP-004,8.0,WH-EA-03,317.0,22.0,171.0,512.0,19.0,1608.53,3.5,No,No,Summer,Sunny,1592.07,0.0,2.0,410.35,0.222,25,2021,4,23,4
3230,ORD103230,P-CLO-005,Clothing,Men's Cotton T-Shirt,North,Chandigarh,SUP-017,7.0,WH-NO-01,230.0,25.0,138.0,646.0,20.43,1149.14,3.0,No,No,Summer,Sunny,1213.66,0.0,0.0,276.12,0.101,20,2024,5,17,4
3231,ORD103231,P-ELE-013,Electronics,Wireless Earbuds,North,Delhi,SUP-003,10.0,WH-NO-02,126.0,14.0,64.0,307.0,10.7,8738.02,8.2,No,No,Winter,Cloudy,7839.14,0.0,0.0,379.51,0.031,13,2024,2,24,5
3232,ORD103232,P-CLO-006,Clothing,Kids Winter Jacket,Central,Jabalpur,SUP-015,6.0,WH-CE-04,176.0,7.0,124.0,596.0,17.97,1800.95,5.0,Yes,No,Autumn,Rainy,1599.64,0.0,3.0,415.26,0.067,16,2023,9,10,6
3233,ORD103233,P-ELE-010,Electronics,Power Bank 10000mAh,East,Patna,SUP-028,7.0,WH-EA-01,111.0,5.0,52.0,213.0,6.76,3808.32,22.7,No,No,Summer,Rainy,3834.71,0.0,0.0,309.04,0.152,11,2021,5,11,1
3234,ORD103234,P-ELE-012,Electronics,Smartwatch,West,Pune,SUP-040,7.0,WH-WE-02,87.0,9.0,58.0,307.0,8.61,4951.46,2.1,No,No,Autumn,Sunny,5222.59,0.0,1.0,381.57,0.166,10,2024,10,20,6
3235,ORD103235,P-ELE-014,Electronics,Wireless Earbuds,North,Delhi,SUP-012,8.0,WH-NO-03,111.0,8.0,77.0,297.0,12.03,7278.34,7.3,No,No,Autumn,Cloudy,7117.19,0.0,1.0,,0.205,10,2023,9,27,2
3236,ORD103236,P-SPO-005,Sports,Skipping Rope,Central,Jabalpur,SUP-011,2.0,WH-CE-01,150.0,12.0,67.0,395.0,12.56,1262.42,5.1,Yes,No,Summer,Stormy,1326.87,0.0,0.0,109.75,0.038,12,2024,4,24,2
3237,ORD103237,P-GRO-010,Grocery,Sugar 1kg,East,Patna,SUP-027,11.0,WH-EA-04,,,213.0,1019.0,33.52,355.93,21.5,Yes,No,Autumn,Sunny,364.75,0.0,1.0,448.42,0.166,62,2022,7,9,5
3238,ORD103238,P-GRO-002,Grocery,Wheat Flour 5kg,West,Ahmedabad,SUP-037,8.0,WH-WE-04,636.0,51.0,256.0,1046.0,34.45,80.92,19.5,Yes,No,Autumn,Cloudy,67.66,0.0,1.0,348.45,0.073,55,2021,10,16,5
3239,ORD103239,P-GRO-012,Grocery,Wheat Flour 5kg,South,Chennai,SUP-012,3.0,WH-SO-02,346.0,,222.0,1188.0,41.34,366.73,25.2,Yes,No,Summer,Sunny,434.89,0.0,0.0,273.88,0.018,60,2024,4,15,0
3240,ORD103240,P-SPO-001,Sports,Cycling Helmet,North,Kanpur,SUP-034,15.0,WH-NO-02,299.0,17.0,91.0,430.0,13.87,493.9,19.4,No,No,Summer,Rainy,444.17,0.0,0.0,263.76,0.085,15,2021,3,17,2
3241,ORD103241,P-CLO-011,Clothing,Formal Shirt,Central,Gwalior,SUP-013,17.0,WH-CE-04,67.0,15.0,105.0,346.0,14.38,1455.97,5.3,No,No,Autumn,Sunny,1345.93,0.0,1.0,,0.049,12,2021,9,25,5
3242,ORD103242,P-SPO-004,Sports,Football,Central,Raipur,SUP-026,7.0,WH-CE-02,117.0,5.0,94.0,272.0,11.36,2765.13,3.4,No,No,Summer,Cloudy,3019.43,1.0,0.0,293.9,0.195,11,2021,8,13,4
3243,ORD103243,P-GRO-007,Grocery,Wheat Flour 5kg,South,Chennai,SUP-009,6.0,WH-SO-01,223.0,37.0,272.0,1284.0,46.68,,22.5,No,No,Summer,Sunny,280.02,0.0,1.0,338.49,0.158,33,2021,5,4,1
3244,ORD103244,P-ELE-002,Electronics,LED TV 43in,Central,Gwalior,SUP-011,10.0,WH-CE-01,124.0,4.0,73.0,191.0,7.96,5973.92,8.8,Yes,No,Summer,Sunny,5606.97,0.0,0.0,411.58,0.152,10,2023,3,17,4
3245,ORD103245,P-CLO-011,Clothing,Formal Shirt,North,Chandigarh,SUP-040,12.0,WH-NO-01,606.0,31.0,197.0,822.0,26.39,671.81,20.0,No,No,Autumn,Sunny,646.57,1.0,0.0,341.79,0.059,46,2021,11,30,1
3246,ORD103246,P-GRO-008,Grocery,Wheat Flour 5kg,North,Kanpur,SUP-016,6.0,WH-NO-05,302.0,64.0,361.0,,62.51,253.26,21.2,,Yes,Autumn,Sunny,235.42,0.0,0.0,163.74,0.15,88,2024,11,12,1
3247,ORD103247,P-BEA-010,Beauty,Sunscreen Lotion,North,Jaipur,SUP-001,7.0,WH-NO-05,530.0,35.0,235.0,979.0,32.89,1100.5,8.0,No,No,Autumn,,1030.04,0.0,0.0,248.3,0.054,44,2024,9,23,0
3248,ORD103248,P-SPO-006,Sports,Yoga Mat,South,Bengaluru,SUP-031,15.0,WH-SO-03,264.0,15.0,79.0,391.0,12.69,3310.66,10.5,Yes,No,Autumn,Sunny,3519.71,0.0,1.0,444.26,0.033,26,2021,9,4,5
3249,ORD103249,P-CLO-001,Clothing,Cotton Saree,North,Kanpur,SUP-006,16.0,WH-NO-05,381.0,21.0,129.0,711.0,24.12,1685.63,11.3,No,No,Summer,Sunny,1618.46,0.0,1.0,504.23,0.042,23,2024,4,26,4
3250,ORD103250,P-SPO-009,Sports,Badminton Racket,South,Bengaluru,SUP-005,7.0,WH-SO-04,386.0,10.0,117.0,547.0,17.12,1090.84,10.1,No,No,Winter,Rainy,997.6,0.0,1.0,365.77,0.047,12,2021,2,27,5
3251,ORD103251,P-CLO-011,Clothing,Woolen Sweater,North,Lucknow,SUP-034,6.0,WH-NO-03,325.0,20.0,159.0,660.0,23.15,310.03,1.8,No,No,Spring,Sunny,291.18,0.0,8.0,539.66,,18,2022,2,22,1
3252,ORD103252,P-GRO-010,Grocery,Instant Noodles Pack,West,Ahmedabad,SUP-014,5.0,WH-WE-04,498.0,50.0,,1295.0,43.54,448.45,11.0,No,No,Summer,Cloudy,442.88,0.0,1.0,374.66,0.104,38,2023,8,23,2
3253,ORD103253,P-CLO-004,Clothing,Denim Jeans,West,,SUP-006,9.0,WH-WE-03,152.0,13.0,154.0,730.0,25.7,2101.72,4.2,No,No,Autumn,Sunny,1975.77,0.0,,242.35,0.047,19,2021,10,29,4
3254,ORD103254,P-ELE-011,Electronics,Wireless Earbuds,West,Nagpur,SUP-040,5.0,WH-WE-05,111.0,8.0,46.0,245.0,7.49,6319.76,12.4,No,No,Summer,,6164.05,0.0,0.0,424.46,0.007,7,2021,4,24,5
3255,ORD103255,P-BEA-009,Beauty,Sunscreen Lotion,North,Kanpur,SUP-012,13.0,WH-NO-05,220.0,18.0,228.0,740.0,28.57,1089.74,10.9,No,No,Autumn,Cloudy,1120.09,0.0,1.0,421.62,0.056,30,2021,8,18,2
3256,ORD103256,P-ELE-004,Electronics,LED TV 43in,West,Mumbai,SUP-026,6.0,WH-WE-05,241.0,16.0,107.0,426.0,13.72,6437.8,12.4,No,No,Autumn,Sunny,6190.17,0.0,0.0,218.71,0.183,21,2023,8,21,0
3257,ORD103257,P-GRO-002,Grocery,Masala Mix 200g,South,Chennai,SUP-011,4.0,WH-SO-03,1236.0,39.0,364.0,2209.0,63.98,536.81,4.9,Yes,No,Autumn,Cloudy,499.89,0.0,2.0,312.62,0.141,53,2021,11,20,5
3258,ORD103258,P-CLO-005,Clothing,Formal Shirt,West,,SUP-024,3.0,WH-WE-03,270.0,29.0,121.0,723.0,23.08,2289.59,31.8,No,No,Winter,,2161.96,8.0,0.0,184.97,0.218,20,2021,12,26,6
3259,ORD103259,P-ELE-001,Electronics,LED TV 43in,East,Guwahati,SUP-028,6.0,WH-EA-01,177.0,7.0,72.0,348.0,12.38,1041.02,10.0,No,No,Autumn,Sunny,1156.96,0.0,1.0,274.06,0.018,13,2021,10,27,2
3260,ORD103260,P-ELE-011,Electronics,LED TV 43in,South,Hyderabad,SUP-031,6.0,WH-SO-04,164.0,6.0,73.0,274.0,8.87,6015.86,17.3,No,No,Summer,Sunny,7062.59,0.0,0.0,333.58,0.074,8,2024,7,12,4
3261,ORD103261,P-FUR-001,Furniture,Dining Chair,North,Jaipur,SUP-017,6.0,WH-NO-01,97.0,8.0,27.0,192.0,6.87,16328.33,11.3,Yes,No,Autumn,Cloudy,16388.57,0.0,0.0,352.47,0.128,9,2024,7,21,6
3262,ORD103262,P-ELE-001,Electronics,Wireless Earbuds,West,Mumbai,SUP-025,9.0,WH-WE-03,82.0,9.0,60.0,310.0,9.35,6387.77,11.2,Yes,No,Spring,Cloudy,6758.21,0.0,0.0,312.79,0.082,10,2024,3,22,4
3263,ORD103263,P-CLO-003,Clothing,Woolen Sweater,Central,Raipur,SUP-034,11.0,WH-CE-01,509.0,10.0,193.0,756.0,24.17,425.36,16.1,No,No,Winter,Sunny,393.38,0.0,2.0,432.75,0.015,24,2021,1,30,5
3264,ORD103264,P-GRO-005,Grocery,Sunflower Oil 1L,West,,SUP-034,,WH-WE-03,1067.0,59.0,351.0,,48.71,158.43,26.5,No,No,Winter,Rainy,150.95,,0.0,350.65,0.049,50,2022,1,2,6
3265,ORD103265,P-GRO-001,Grocery,Instant Noodles Pack,Central,Indore,SUP-030,6.0,WH-CE-04,431.0,10.0,193.0,962.0,28.16,487.19,1.7,No,No,Autumn,Sunny,504.73,0.0,1.0,393.11,0.014,24,2024,7,9,1
3266,ORD103266,P-ELE-010,Electronics,Smartwatch,Central,Gwalior,SUP-016,8.0,WH-CE-02,38.0,8.0,70.0,266.0,8.82,9216.84,9.2,Yes,No,Spring,Cloudy,,0.0,0.0,287.43,0.119,6,2023,3,21,1
3267,ORD103267,P-BEA-002,Beauty,Sunscreen Lotion,North,Delhi,SUP-022,,WH-NO-04,,33.0,138.0,521.0,20.41,670.32,0.6,No,No,Spring,Sunny,711.75,0.0,1.0,,0.093,21,2021,3,2,1
3268,ORD103268,P-SPO-013,Sports,Football,West,Mumbai,SUP-039,9.0,WH-WE-02,417.0,,110.0,517.0,17.16,2939.55,11.6,Yes,No,Winter,,2806.78,0.0,1.0,386.19,0.047,24,2021,12,30,3
3269,ORD103269,P-ELE-009,Electronics,Laptop Stand,South,Hyderabad,SUP-010,22.0,WH-SO-02,122.0,5.0,47.0,176.0,6.05,7629.03,26.1,Yes,No,Summer,Cloudy,6971.18,0.0,1.0,538.52,0.024,8,2024,4,23,1
3270,ORD103270,P-SPO-002,Sports,Running Shoes,East,Guwahati,SUP-028,8.0,WH-EA-01,288.0,14.0,132.0,436.0,14.61,2774.04,9.4,Yes,No,Autumn,Cloudy,2860.18,1.0,1.0,293.02,0.059,25,2024,7,8,0
3271,ORD103271,P-CLO-007,Clothing,Formal Shirt,North,Chandigarh,SUP-032,6.0,WH-NO-01,198.0,9.0,60.0,409.0,13.01,,10.8,Yes,No,Autumn,Rainy,923.28,0.0,0.0,392.32,0.01,16,2022,9,15,3
3272,ORD103272,P-FUR-003,Furniture,Plastic Storage Rack,Central,Bhopal,SUP-020,,WH-CE-02,39.0,4.0,24.0,126.0,3.94,19437.15,18.0,Yes,No,Summer,Cloudy,18950.42,0.0,24.0,464.86,0.026,6,2021,8,10,1
3273,ORD103273,P-FUR-015,Furniture,Foldable Bed,West,Surat,SUP-035,4.0,WH-WE-01,29.0,7.0,29.0,114.0,4.29,16740.46,21.2,No,No,Summer,Rainy,17131.7,0.0,1.0,297.05,0.198,2,2021,4,23,4
3274,ORD103274,P-FUR-009,Furniture,Plastic Storage Rack,South,,SUP-018,8.0,WH-SO-05,62.0,4.0,29.0,137.0,4.57,16633.8,10.3,No,No,Autumn,Stormy,17237.52,1.0,2.0,463.32,0.041,5,2021,11,26,4
3275,ORD103275,P-BEA-013,Beauty,Talcum Powder,South,Coimbatore,SUP-034,15.0,WH-SO-04,95.0,19.0,178.0,739.0,25.19,1089.17,14.1,No,No,Summer,Stormy,1110.08,0.0,0.0,436.04,0.077,17,2024,3,13,2
3276,ORD103276,P-CLO-006,Clothing,Men's Cotton T-Shirt,South,Chennai,SUP-026,4.0,WH-SO-02,408.0,20.0,123.0,537.0,17.58,535.34,8.8,No,No,Summer,Sunny,492.65,0.0,0.0,236.27,0.075,16,2024,4,22,0
3277,ORD103277,P-CLO-003,Clothing,Denim Jeans,West,Nagpur,SUP-003,9.0,WH-WE-05,221.0,35.0,164.0,892.0,28.63,1986.61,5.0,No,No,Winter,Sunny,2022.13,0.0,2.0,325.46,0.123,34,2022,1,10,0
3278,ORD103278,P-GRO-004,Grocery,Instant Noodles Pack,Central,Indore,SUP-033,6.0,WH-CE-02,467.0,32.0,234.0,914.0,30.77,143.28,2.6,No,No,Autumn,Cloudy,145.39,0.0,0.0,211.16,0.156,34,2024,11,28,3
3279,ORD103279,P-ELE-007,Electronics,Power Bank 10000mAh,South,Kochi,SUP-028,6.0,WH-SO-03,175.0,9.0,69.0,265.0,10.1,3250.1,26.8,No,No,Autumn,Sunny,2540.36,0.0,1.0,379.14,0.088,11,2024,7,6,5
3280,ORD103280,P-FUR-012,Furniture,Wooden Bookshelf,South,Chennai,SUP-009,5.0,WH-SO-04,46.0,6.0,,153.0,5.16,14549.6,18.0,Yes,No,Winter,Rainy,15547.79,1.0,5.0,439.1,0.058,6,2024,12,13,4
3281,ORD103281,P-ELE-007,Electronics,Smartwatch,East,Guwahati,SUP-029,10.0,WH-EA-04,229.0,6.0,81.0,333.0,9.98,9148.36,22.3,Yes,No,Winter,Sunny,8047.88,0.0,3.0,412.21,0.042,11,2024,1,5,4
3282,ORD103282,P-GRO-014,Grocery,Basmati Rice 5kg,South,Hyderabad,SUP-021,4.0,WH-SO-01,169.0,36.0,287.0,1124.0,42.31,367.05,10.0,Yes,No,Summer,Rainy,370.82,0.0,1.0,341.84,0.086,30,2023,4,18,1
3283,ORD103283,P-ELE-006,Electronics,Smartphone Charger,East,Kolkata,SUP-038,11.0,WH-EA-02,178.0,3.0,71.0,321.0,9.44,1298.18,19.6,No,No,Winter,Sunny,1455.81,0.0,0.0,342.83,0.019,14,2024,12,5,3
3284,ORD103284,P-ELE-004,Electronics,Home Router,North,Delhi,SUP-013,3.0,WH-NO-02,148.0,11.0,51.0,278.0,11.17,5532.47,5.2,No,No,Autumn,Rainy,5424.56,0.0,0.0,215.9,0.026,10,2023,10,4,2
3285,ORD103285,P-FUR-008,Furniture,Sofa Cushion Set,North,Chandigarh,SUP-011,12.0,WH-NO-03,57.0,6.0,33.0,209.0,6.84,12167.96,22.2,No,No,Summer,Cloudy,11149.64,2.0,1.0,335.06,,5,2024,4,30,1
3286,ORD103286,P-FUR-002,Furniture,Study Table,South,Bengaluru,SUP-003,6.0,WH-SO-05,75.0,9.0,55.0,188.0,6.71,2274.84,7.2,No,No,Autumn,Sunny,2376.6,0.0,0.0,217.84,0.028,8,2022,8,12,4
3287,ORD103287,P-CLO-011,Clothing,Track Pants,Central,Gwalior,SUP-032,6.0,WH-CE-03,107.0,,126.0,549.0,18.38,409.86,11.0,No,No,Winter,Cloudy,455.83,0.0,,328.93,0.088,19,2021,12,19,6
3288,ORD103288,P-ELE-002,Electronics,Bluetooth Speaker,South,Bengaluru,SUP-040,10.0,WH-SO-03,39.0,16.0,101.0,391.0,12.18,9605.62,1.8,Yes,No,Summer,Cloudy,8753.71,0.0,4.0,502.93,0.024,12,2023,4,18,1
3289,ORD103289,P-CLO-010,Clothing,Kids Winter Jacket,South,Hyderabad,SUP-028,15.0,WH-SO-01,393.0,21.0,185.0,742.0,22.69,1467.5,21.4,No,No,Autumn,Rainy,1190.48,0.0,1.0,441.0,0.104,21,2022,8,21,6
3290,ORD103290,P-GRO-006,Grocery,Instant Noodles Pack,West,Pune,SUP-015,11.0,WH-WE-03,133.0,45.0,205.0,1286.0,38.11,516.51,10.4,No,No,Summer,Cloudy,565.38,0.0,2.0,537.34,0.092,33,2022,5,28,5
3291,ORD103291,P-BEA-006,Beauty,Body Lotion 400ml,Central,Bhopal,SUP-036,10.0,WH-CE-03,630.0,32.0,199.0,653.0,25.87,691.37,4.2,Yes,No,Autumn,Cloudy,738.61,0.0,2.0,427.0,0.116,39,2023,10,15,6
3292,ORD103292,P-CLO-010,Clothing,Women's Kurti,South,Chennai,SUP-011,11.0,WH-SO-04,,29.0,175.0,771.0,28.29,1123.48,16.1,,No,Autumn,Sunny,1158.07,0.0,3.0,504.82,0.029,27,2023,6,12,0
3293,ORD103293,P-CLO-011,Clothing,Denim Jeans,North,Chandigarh,SUP-028,11.0,WH-NO-05,466.0,21.0,131.0,552.0,19.59,1939.45,6.2,Yes,No,Summer,Cloudy,1660.2,1.0,1.0,327.25,0.079,21,2022,4,7,3
3294,ORD103294,P-CLO-014,Clothing,Denim Jeans,West,Pune,SUP-024,5.0,WH-WE-03,649.0,23.0,157.0,768.0,27.8,1688.05,6.0,No,No,Winter,Sunny,1768.76,0.0,0.0,262.83,0.053,39,2021,12,19,6
3295,ORD103295,P-SPO-005,Sports,Cycling Helmet,South,Chennai,SUP-035,9.0,WH-SO-01,179.0,21.0,125.0,484.0,15.53,4358.91,20.7,No,No,Summer,Stormy,4719.32,,0.0,318.91,0.102,18,2023,3,10,4
3296,ORD103296,P-BEA-013,Beauty,Body Lotion 400ml,West,Pune,SUP-039,16.0,WH-WE-05,455.0,49.0,204.0,877.0,27.17,180.69,3.6,,No,Summer,Cloudy,211.86,0.0,1.0,444.95,0.028,44,2022,4,23,5
3297,ORD103297,P-CLO-013,Clothing,Cotton Saree,South,Chennai,SUP-015,6.0,WH-SO-03,236.0,11.0,126.0,479.0,19.71,1474.42,8.4,Yes,Yes,Winter,Rainy,1441.22,0.0,0.0,414.47,0.053,23,2021,12,14,1
3298,ORD103298,P-CLO-015,Clothing,Men's Cotton T-Shirt,North,Chandigarh,SUP-004,6.0,WH-NO-03,158.0,16.0,98.0,420.0,15.79,1382.87,7.8,Yes,No,Autumn,,1400.47,0.0,0.0,276.07,0.02,19,2021,11,21,6
3299,ORD103299,P-ELE-015,Electronics,Power Bank 10000mAh,South,Kochi,SUP-007,5.0,WH-SO-05,210.0,8.0,66.0,247.0,8.42,9660.55,1.3,Yes,No,Summer,Sunny,7996.87,0.0,0.0,289.18,0.205,10,2023,8,27,6
3300,ORD103300,P-SPO-012,Sports,Gym Dumbbells 5kg,West,Ahmedabad,SUP-030,17.0,WH-WE-03,342.0,17.0,95.0,458.0,15.34,4134.4,3.3,No,No,Autumn,Sunny,4454.69,0.0,2.0,567.52,0.091,19,2022,8,30,1
3301,ORD103301,P-GRO-005,Grocery,Wheat Flour 5kg,South,Hyderabad,SUP-015,10.0,WH-SO-04,,16.0,192.0,1043.0,30.12,548.21,16.1,No,No,Summer,Sunny,589.62,0.0,0.0,338.83,0.062,36,2022,5,15,6
3302,ORD103302,P-GRO-011,Grocery,Toor Dal 1kg,North,Jaipur,SUP-006,9.0,WH-NO-05,1896.0,16.0,142.0,599.0,22.86,219.64,3.3,Yes,No,Summer,Sunny,226.74,0.0,1.0,371.77,0.077,23,2021,6,18,4
3303,ORD103303,P-SPO-012,Sports,Badminton Racket,South,Hyderabad,SUP-033,6.0,WH-SO-03,247.0,21.0,84.0,382.0,13.51,920.2,8.5,Yes,No,Summer,Sunny,1007.63,0.0,0.0,336.41,0.003,17,2021,3,22,0
3304,ORD103304,P-FUR-005,Furniture,Wooden Bookshelf,West,Nagpur,SUP-026,7.0,WH-WE-05,41.0,9.0,49.0,214.0,6.34,19495.01,10.4,Yes,No,Autumn,Rainy,18275.75,0.0,1.0,261.78,0.054,11,2023,10,13,4
3305,ORD103305,P-ELE-013,Electronics,Home Router,North,Chandigarh,SUP-006,18.0,WH-NO-01,183.0,6.0,83.0,325.0,11.47,3361.83,13.2,No,No,Autumn,Cloudy,3303.16,0.0,1.0,601.88,0.132,13,2024,11,14,3
3306,ORD103306,P-ELE-011,Electronics,Home Router,West,Pune,SUP-029,5.0,WH-WE-05,121.0,25.0,100.0,502.0,15.66,5616.49,14.8,No,No,Summer,Cloudy,5536.03,0.0,1.0,335.88,0.165,17,2022,4,20,2
3307,ORD103307,P-ELE-008,Electronics,Wireless Earbuds,West,Ahmedabad,SUP-026,5.0,WH-WE-05,70.0,5.0,41.0,196.0,6.88,7299.3,10.5,No,No,Summer,Cloudy,7941.18,1.0,2.0,443.59,0.101,7,2024,5,17,4
3308,ORD103308,P-CLO-013,Clothing,Woolen Sweater,South,Coimbatore,SUP-040,8.0,WH-SO-01,174.0,28.0,158.0,658.0,22.64,1993.8,16.4,No,No,Summer,Sunny,2172.71,0.0,3.0,477.94,,33,2023,5,29,0
3309,ORD103309,P-ELE-002,Electronics,Bluetooth Speaker,Central,Indore,SUP-040,12.0,WH-CE-01,159.0,13.0,87.0,408.0,12.94,6642.29,11.6,No,No,Summer,Sunny,6811.11,0.0,0.0,272.26,0.058,13,2022,3,20,6
3310,ORD103310,P-SPO-011,Sports,Skipping Rope,West,Pune,SUP-040,11.0,WH-WE-01,143.0,11.0,81.0,303.0,10.42,3622.99,5.5,No,No,Summer,Sunny,3699.89,0.0,1.0,351.09,0.208,12,2023,4,9,6
3311,ORD103311,P-SPO-012,Sports,Skipping Rope,South,Hyderabad,SUP-036,9.0,WH-SO-02,187.0,12.0,71.0,314.0,11.37,2663.48,11.1,Yes,No,Autumn,Rainy,2780.87,0.0,0.0,309.44,0.054,15,2021,7,9,4
3312,ORD103312,P-CLO-001,Clothing,Kids Winter Jacket,North,Kanpur,SUP-032,12.0,WH-NO-05,324.0,33.0,189.0,809.0,25.3,1323.74,12.0,No,No,Summer,Cloudy,1288.1,0.0,,369.71,0.037,25,2022,5,9,0
3313,ORD103313,P-FUR-007,Furniture,Sofa Cushion Set,South,Chennai,SUP-027,11.0,WH-SO-01,147.0,6.0,45.0,180.0,6.63,9805.96,9.0,No,No,Winter,Sunny,10874.18,0.0,0.0,352.47,0.032,11,2023,12,11,0
3314,ORD103314,P-GRO-008,Grocery,Sugar 1kg,North,Chandigarh,SUP-022,12.0,WH-NO-01,206.0,65.0,302.0,1328.0,41.34,500.38,16.8,No,No,Summer,Cloudy,482.29,0.0,0.0,306.76,0.098,32,2024,5,28,1
3315,ORD103315,P-ELE-004,Electronics,Power Bank 10000mAh,East,Guwahati,SUP-032,9.0,WH-EA-03,102.0,12.0,81.0,266.0,9.25,10532.84,15.8,Yes,No,Autumn,Cloudy,10894.79,0.0,1.0,354.6,0.065,21,2021,11,19,4
3316,ORD103316,P-BEA-014,Beauty,Lipstick Set,Central,Gwalior,SUP-039,9.0,WH-CE-02,688.0,28.0,208.0,839.0,30.94,1171.04,4.3,No,Yes,Autumn,,1115.18,0.0,0.0,280.85,0.237,38,2024,8,23,4
3317,ORD103317,P-ELE-010,Electronics,Laptop Stand,West,Mumbai,SUP-005,12.0,WH-WE-04,46.0,12.0,104.0,364.0,11.25,11310.67,1.0,No,No,Autumn,Sunny,12167.41,0.0,4.0,526.45,0.048,11,2023,6,4,6
3318,ORD103318,P-ELE-005,Electronics,Home Router,South,Chennai,SUP-006,9.0,WH-SO-04,237.0,12.0,79.0,331.0,11.6,1380.22,20.7,,No,Winter,Sunny,1369.22,0.0,1.0,444.2,0.025,17,2021,12,1,2
3319,ORD103319,P-GRO-007,Grocery,Masala Mix 200g,South,Kochi,SUP-020,5.0,WH-SO-05,84.0,25.0,168.0,,28.53,533.33,13.7,No,No,Spring,Rainy,621.5,,0.0,227.91,0.212,21,2024,2,13,1
3320,ORD103320,P-ELE-002,Electronics,Smartphone Charger,North,Kanpur,SUP-012,10.0,WH-NO-03,137.0,11.0,102.0,282.0,11.81,11382.8,5.6,No,No,Autumn,,11267.65,0.0,2.0,440.75,0.079,9,2024,7,11,3
3321,ORD103321,P-CLO-002,Clothing,Formal Shirt,East,Guwahati,SUP-022,10.0,WH-EA-03,525.0,30.0,213.0,631.0,23.95,1194.57,25.4,No,No,Spring,Cloudy,1284.15,0.0,1.0,333.94,0.104,28,2022,2,3,3
3322,ORD103322,P-FUR-012,Furniture,Foldable Bed,North,Delhi,SUP-013,7.0,WH-NO-01,53.0,9.0,44.0,242.0,7.27,16240.58,16.0,Yes,No,Summer,Sunny,15421.41,0.0,0.0,335.38,0.048,11,2021,6,4,4
3323,ORD103323,P-BEA-015,Beauty,Sunscreen Lotion,Central,Raipur,SUP-032,17.0,WH-CE-05,135.0,18.0,131.0,645.0,21.19,102.87,10.2,No,No,Spring,Sunny,100.34,,0.0,413.85,0.081,15,2022,2,20,6
3324,ORD103324,P-FUR-005,Furniture,Sofa Cushion Set,West,Mumbai,SUP-036,7.0,WH-WE-02,97.0,11.0,83.0,353.0,10.6,8479.78,7.6,Yes,No,Winter,Sunny,8451.26,0.0,1.0,367.82,0.116,14,2024,1,11,3
3325,ORD103325,P-BEA-004,Beauty,Body Lotion 400ml,North,Lucknow,SUP-012,11.0,WH-NO-03,286.0,18.0,193.0,751.0,25.41,414.37,12.7,No,No,Summer,Sunny,426.02,0.0,1.0,287.91,0.06,26,2021,4,1,3
3326,ORD103326,P-GRO-011,Grocery,Tea Powder 500g,West,Nagpur,SUP-031,9.0,WH-WE-05,867.0,78.0,317.0,1552.0,51.59,145.03,22.7,Yes,No,Spring,Cloudy,136.37,0.0,0.0,252.72,0.268,67,2022,2,27,6
3327,ORD103327,P-BEA-008,Beauty,Hair Oil 250ml,East,Patna,SUP-005,6.0,WH-EA-04,429.0,39.0,192.0,1106.0,31.75,151.02,17.1,No,No,Summer,Sunny,144.12,0.0,0.0,318.35,0.143,36,2022,4,13,2
3328,ORD103328,P-CLO-003,Clothing,Woolen Sweater,West,Mumbai,SUP-032,5.0,WH-WE-04,470.0,21.0,,,21.74,306.96,12.3,No,No,Winter,Sunny,309.15,0.0,0.0,348.5,0.013,27,2021,1,25,0
3329,ORD103329,P-GRO-011,Grocery,Basmati Rice 5kg,South,Coimbatore,SUP-028,11.0,WH-SO-01,1282.0,59.0,385.0,1952.0,56.1,261.6,,No,No,Summer,,269.94,0.0,1.0,461.44,0.228,59,2023,5,23,1
3330,ORD103330,P-SPO-004,Sports,Running Shoes,North,Jaipur,SUP-029,12.0,WH-NO-04,215.0,12.0,76.0,284.0,9.97,2491.41,7.0,No,No,Summer,Sunny,2484.17,0.0,5.0,592.28,0.106,12,2024,3,23,5
3331,ORD103331,P-GRO-002,Grocery,Wheat Flour 5kg,East,,SUP-020,15.0,WH-EA-01,567.0,23.0,203.0,776.0,26.65,476.94,9.0,No,No,Summer,Cloudy,470.09,0.0,2.0,464.32,0.187,31,2021,8,16,0
3332,ORD103332,P-ELE-007,Electronics,Home Router,North,Kanpur,SUP-005,6.0,WH-NO-04,153.0,7.0,58.0,199.0,7.23,13274.77,34.8,No,No,Autumn,,11865.12,0.0,0.0,212.84,0.114,6,2024,7,19,4
3333,ORD103333,P-GRO-012,Grocery,Tea Powder 500g,East,Guwahati,SUP-034,4.0,WH-EA-03,289.0,31.0,123.0,798.0,25.31,58.1,,No,Yes,Autumn,Cloudy,60.43,0.0,0.0,248.34,0.02,32,2024,10,24,3
3334,ORD103334,P-GRO-008,Grocery,Tea Powder 500g,North,Jaipur,SUP-005,2.0,WH-NO-03,718.0,22.0,303.0,918.0,33.8,394.17,6.7,No,No,Autumn,Stormy,420.75,0.0,0.0,163.33,0.055,38,2024,6,26,2
3335,ORD103335,P-GRO-010,Grocery,Instant Noodles Pack,West,Nagpur,SUP-020,12.0,WH-WE-04,348.0,53.0,341.0,1579.0,45.19,278.05,20.6,No,No,Autumn,Cloudy,299.43,0.0,3.0,469.55,0.182,48,2023,11,22,2
3336,ORD103336,P-CLO-004,Clothing,Women's Kurti,West,Pune,SUP-007,12.0,WH-WE-04,481.0,37.0,138.0,527.0,21.09,854.25,11.8,Yes,No,Autumn,Rainy,864.51,0.0,,484.72,0.153,28,2022,10,17,0
3337,ORD103337,P-SPO-008,Sports,Gym Dumbbells 5kg,North,Chandigarh,SUP-034,10.0,WH-NO-02,220.0,5.0,69.0,301.0,10.08,1062.98,20.8,No,No,Autumn,Cloudy,1011.67,0.0,1.0,351.9,0.029,13,2021,10,25,0
3338,ORD103338,P-GRO-011,Grocery,Instant Noodles Pack,South,Hyderabad,SUP-023,6.0,WH-SO-02,409.0,28.0,168.0,614.0,21.82,334.63,22.4,Yes,No,Summer,Rainy,326.02,0.0,1.0,301.13,0.094,28,2024,8,26,0
3339,ORD103339,P-CLO-008,Clothing,Track Pants,West,Surat,SUP-021,13.0,WH-WE-03,390.0,13.0,,605.0,19.73,1082.2,5.6,No,No,Winter,Sunny,1095.56,0.0,3.0,499.82,0.097,25,2023,2,15,2
3340,ORD103340,P-GRO-004,Grocery,Sunflower Oil 1L,North,Chandigarh,SUP-013,8.0,WH-NO-01,767.0,19.0,,903.0,32.7,280.1,8.0,,No,Autumn,,279.68,0.0,0.0,343.99,0.119,41,2022,10,23,6
3341,ORD103341,P-BEA-015,Beauty,Body Lotion 400ml,East,Bhubaneswar,SUP-032,2.0,WH-EA-02,735.0,31.0,241.0,1069.0,34.98,698.03,0.9,No,No,Autumn,Sunny,650.83,0.0,1.0,247.76,0.045,33,2022,7,26,1
3342,ORD103342,P-ELE-002,Electronics,Smartphone Charger,West,Mumbai,SUP-009,7.0,WH-WE-01,164.0,12.0,88.0,313.0,10.07,13777.46,3.0,No,No,Autumn,Cloudy,11923.18,0.0,0.0,375.24,0.086,12,2021,11,15,0
3343,ORD103343,P-ELE-014,Electronics,LED TV 43in,South,Coimbatore,SUP-029,18.0,WH-SO-03,358.0,18.0,110.0,473.0,15.01,1594.94,3.8,No,No,Autumn,Sunny,1524.05,1.0,1.0,554.45,0.103,11,2022,7,13,2
3344,ORD103344,P-CLO-011,Clothing,Track Pants,West,Mumbai,SUP-039,9.0,WH-WE-02,216.0,18.0,149.0,639.0,18.17,1552.2,4.9,No,No,Summer,Stormy,1517.82,0.0,0.0,406.26,0.219,20,2024,3,12,1
3345,ORD103345,P-FUR-002,Furniture,Foldable Bed,East,Bhubaneswar,SUP-011,4.0,WH-EA-02,130.0,4.0,54.0,174.0,5.85,9937.11,7.3,No,No,Spring,Cloudy,10182.88,0.0,0.0,280.62,0.108,8,2023,3,30,3
3346,ORD103346,P-BEA-004,Beauty,Sunscreen Lotion,East,Bhubaneswar,SUP-028,7.0,WH-EA-05,415.0,21.0,177.0,642.0,22.1,724.18,17.7,,No,Summer,Sunny,700.45,0.0,1.0,436.37,0.058,26,2022,8,1,0
3347,ORD103347,P-CLO-006,Clothing,Kids Winter Jacket,North,Jaipur,SUP-013,16.0,WH-NO-01,379.0,7.0,119.0,475.0,16.21,1764.71,12.6,Yes,No,Summer,Cloudy,1729.2,0.0,0.0,449.47,0.215,16,2021,6,8,1
3348,ORD103348,P-BEA-015,Beauty,Talcum Powder,North,Chandigarh,SUP-038,6.0,WH-NO-01,218.0,32.0,131.0,660.0,25.86,801.72,10.2,No,No,Summer,Rainy,808.88,0.0,0.0,318.67,0.085,20,2022,8,30,1
3349,ORD103349,P-GRO-008,Grocery,Sunflower Oil 1L,North,Delhi,SUP-036,7.0,WH-NO-02,418.0,34.0,252.0,1259.0,38.39,157.46,14.7,No,No,Autumn,Rainy,177.19,0.0,7.0,485.96,0.049,47,2021,11,11,3
3350,ORD103350,P-ELE-004,Electronics,LED TV 43in,Central,Raipur,SUP-013,15.0,WH-CE-01,,9.0,61.0,179.0,6.62,13348.76,6.7,Yes,No,Summer,Cloudy,13171.09,0.0,,485.95,0.203,10,2022,8,5,4
3351,ORD103351,P-ELE-014,Electronics,Bluetooth Speaker,West,Pune,SUP-010,8.0,WH-WE-05,123.0,5.0,47.0,211.0,6.38,3124.62,,No,No,Summer,Sunny,2737.5,0.0,0.0,354.84,0.206,8,2021,8,7,5
3352,ORD103352,P-ELE-002,Electronics,Power Bank 10000mAh,West,Pune,SUP-004,14.0,WH-WE-05,247.0,19.0,93.0,451.0,16.56,5604.51,28.6,No,No,Autumn,Rainy,5297.6,0.0,1.0,472.61,0.065,21,2024,10,16,2
3353,ORD103353,P-GRO-013,Grocery,Tea Powder 500g,North,Lucknow,SUP-028,6.0,WH-NO-05,324.0,22.0,314.0,1153.0,46.3,241.65,16.5,No,No,Autumn,Rainy,276.6,,1.0,379.32,0.068,40,2021,9,12,6
3354,ORD103354,P-CLO-013,Clothing,Cotton Saree,East,Kolkata,SUP-037,8.0,WH-EA-04,148.0,18.0,74.0,292.0,12.88,2416.07,7.6,No,No,Summer,Rainy,2693.27,0.0,1.0,377.77,0.041,12,2021,7,1,3
3355,ORD103355,P-GRO-006,Grocery,Instant Noodles Pack,West,Nagpur,SUP-006,7.0,WH-WE-01,997.0,53.0,304.0,1516.0,46.59,523.58,8.5,No,No,Summer,Cloudy,562.94,0.0,0.0,297.09,0.023,88,2023,8,16,2
3356,ORD103356,P-CLO-001,Clothing,Woolen Sweater,West,Pune,SUP-033,3.0,WH-WE-03,322.0,18.0,131.0,673.0,19.93,872.56,9.0,No,No,Summer,Sunny,921.53,0.0,0.0,321.85,0.132,23,2022,5,18,2
3357,ORD103357,P-CLO-014,Clothing,Formal Shirt,North,Chandigarh,SUP-031,7.0,WH-NO-01,549.0,27.0,197.0,958.0,30.85,1474.93,6.6,Yes,No,Winter,Stormy,1559.06,0.0,0.0,237.83,0.026,24,2024,12,26,3
3358,ORD103358,P-FUR-015,Furniture,Plastic Storage Rack,West,Nagpur,SUP-019,5.0,WH-WE-02,31.0,5.0,42.0,158.0,5.88,10053.48,20.7,No,No,Autumn,Sunny,9861.28,0.0,2.0,399.59,0.009,5,2022,8,14,6
3359,ORD103359,P-FUR-006,Furniture,Study Table,North,Lucknow,SUP-009,7.0,WH-NO-03,81.0,6.0,28.0,151.0,5.71,19815.15,2.3,No,No,Autumn,Sunny,21190.0,1.0,,341.43,0.118,3,2023,8,10,3
3360,ORD103360,P-GRO-003,Grocery,Basmati Rice 5kg,North,Kanpur,SUP-027,6.0,WH-NO-04,737.0,17.0,254.0,942.0,33.0,386.03,3.9,No,No,Summer,Cloudy,414.02,,2.0,393.48,0.05,30,2024,5,3,4
3361,ORD103361,P-GRO-005,Grocery,Toor Dal 1kg,Central,Raipur,SUP-024,13.0,WH-CE-02,878.0,35.0,328.0,1260.0,38.59,312.49,10.7,No,No,Winter,Cloudy,333.6,0.0,2.0,441.53,0.042,49,2024,12,9,0
3362,ORD103362,P-CLO-003,Clothing,Cotton Saree,East,Ranchi,SUP-033,8.0,WH-EA-02,,15.0,82.0,469.0,16.13,1951.09,9.6,,No,Spring,Rainy,1857.65,2.0,0.0,354.18,0.128,11,2024,3,28,3
3363,ORD103363,P-CLO-010,Clothing,Track Pants,South,Hyderabad,SUP-023,,WH-SO-05,637.0,37.0,231.0,,28.41,948.68,14.0,Yes,No,Summer,Cloudy,924.04,0.0,2.0,474.53,0.029,53,2023,4,24,0
3364,ORD103364,P-GRO-008,Grocery,Toor Dal 1kg,East,Kolkata,SUP-002,5.0,WH-EA-02,328.0,30.0,275.0,973.0,35.72,438.33,7.2,Yes,No,Summer,,415.83,0.0,1.0,289.76,0.236,38,2024,4,4,3
3365,ORD103365,P-GRO-006,Grocery,Tea Powder 500g,Central,Jabalpur,SUP-009,11.0,WH-CE-03,642.0,38.0,405.0,1672.0,54.81,151.05,10.8,No,No,Spring,Cloudy,163.1,0.0,0.0,379.01,0.124,62,2022,2,18,4
3366,ORD103366,P-FUR-010,Furniture,Dining Chair,North,Kanpur,SUP-016,12.0,WH-NO-02,108.0,5.0,39.0,187.0,5.58,14916.35,3.7,Yes,No,Autumn,Rainy,5541.13,1.0,2.0,409.91,0.094,6,2024,6,25,1
3367,ORD103367,P-FUR-010,Furniture,Wooden Bookshelf,West,Nagpur,SUP-020,3.0,WH-WE-05,40.0,6.0,38.0,165.0,5.19,10782.67,5.7,Yes,No,,Rainy,11120.94,0.0,3.0,427.41,0.098,4,2024,6,28,4
3368,ORD103368,P-ELE-001,Electronics,Smartphone Charger,South,Bengaluru,SUP-014,9.0,WH-SO-03,155.0,8.0,64.0,221.0,8.08,6219.6,3.2,No,No,Autumn,Sunny,6505.98,0.0,2.0,475.53,0.007,10,2022,7,15,4
3369,ORD103369,P-CLO-007,Clothing,Woolen Sweater,North,Kanpur,SUP-036,6.0,WH-NO-01,293.0,17.0,120.0,494.0,16.57,1484.19,2.0,No,,Summer,Sunny,1316.53,0.0,0.0,253.08,0.054,13,2021,4,9,4
3370,ORD103370,P-SPO-013,Sports,Gym Dumbbells 5kg,South,Chennai,SUP-012,7.0,WH-SO-01,227.0,15.0,146.0,488.0,,3813.93,21.1,No,Yes,Autumn,Sunny,4083.0,0.0,2.0,425.68,0.086,27,2023,9,28,3
3371,ORD103371,P-ELE-012,Electronics,Smartphone Charger,East,Ranchi,SUP-028,7.0,WH-EA-05,266.0,11.0,70.0,329.0,11.05,5045.6,12.6,Yes,No,Summer,Rainy,4827.28,0.0,1.0,311.64,0.053,11,2021,5,30,6
3372,ORD103372,P-BEA-013,Beauty,Moisturizer Cream,North,Kanpur,SUP-015,9.0,WH-NO-05,588.0,26.0,272.0,782.0,31.15,254.4,8.2,Yes,Yes,Winter,Cloudy,245.24,0.0,0.0,425.0,0.076,48,2021,1,26,1
3373,ORD103373,P-ELE-015,Electronics,LED TV 43in,South,Bengaluru,SUP-040,6.0,WH-SO-04,45.0,8.0,72.0,291.0,10.44,4984.94,16.2,No,No,Autumn,Cloudy,4651.66,0.0,0.0,155.24,0.073,10,2024,10,16,2
3374,ORD103374,P-CLO-001,Clothing,Women's Kurti,East,Patna,SUP-037,3.0,WH-EA-01,36.0,12.0,81.0,250.0,12.37,1191.72,12.5,No,No,Summer,Sunny,1199.35,0.0,2.0,371.9,0.08,11,2023,4,10,0
3375,ORD103375,P-CLO-005,Clothing,Formal Shirt,East,Patna,SUP-032,18.0,WH-EA-04,364.0,19.0,137.0,525.0,17.03,1143.81,2.2,No,No,Summer,Rainy,1137.7,0.0,4.0,680.38,0.137,23,2023,8,8,1
3376,ORD103376,P-ELE-007,Electronics,Power Bank 10000mAh,West,Pune,SUP-031,6.0,WH-WE-04,53.0,6.0,38.0,191.0,5.64,3205.67,23.8,No,No,Autumn,Rainy,2848.93,0.0,1.0,289.49,0.119,6,2024,7,10,2
3377,ORD103377,P-SPO-008,Sports,Running Shoes,West,Ahmedabad,SUP-026,7.0,WH-WE-05,122.0,8.0,147.0,571.0,16.61,4381.32,12.6,Yes,,Autumn,Cloudy,3754.23,0.0,0.0,328.83,0.116,17,2024,9,19,3
3378,ORD103378,P-CLO-012,Clothing,Woolen Sweater,South,Hyderabad,SUP-024,8.0,WH-SO-03,294.0,24.0,119.0,568.0,,391.03,5.8,No,No,Autumn,Sunny,,0.0,0.0,282.11,0.106,23,2024,10,29,1
3379,ORD103379,P-SPO-011,Sports,Skipping Rope,South,Coimbatore,SUP-023,7.0,WH-SO-03,373.0,12.0,173.0,565.0,20.72,1265.89,5.9,No,No,Summer,Cloudy,1348.32,1.0,3.0,385.32,0.089,20,2021,7,14,2
3380,ORD103380,P-GRO-011,Grocery,Wheat Flour 5kg,East,Guwahati,SUP-002,2.0,WH-EA-04,624.0,25.0,311.0,1194.0,40.74,95.91,20.0,No,No,Summer,Rainy,101.41,0.0,0.0,288.85,0.094,49,2022,4,19,1
3381,ORD103381,P-SPO-003,Sports,Cricket Bat,East,Patna,SUP-038,13.0,WH-EA-01,285.0,10.0,104.0,462.0,15.21,438.21,1.5,No,No,Winter,Cloudy,473.29,,1.0,523.76,0.023,21,2024,1,28,6
3382,ORD103382,P-SPO-011,Sports,Football,North,Delhi,SUP-040,8.0,WH-NO-04,135.0,9.0,61.0,342.0,10.14,3163.0,8.0,No,No,Spring,Rainy,3112.96,0.0,1.0,306.86,0.112,10,2021,2,12,4
3383,ORD103383,P-CLO-012,Clothing,Track Pants,South,Coimbatore,SUP-022,3.0,WH-SO-03,558.0,24.0,149.0,776.0,24.98,304.53,6.8,Yes,No,Winter,Sunny,295.91,0.0,,306.37,0.052,45,2021,12,10,4
3384,ORD103384,P-GRO-012,Grocery,Wheat Flour 5kg,North,Delhi,SUP-035,8.0,WH-NO-01,1246.0,89.0,422.0,1722.0,69.09,351.73,23.3,Yes,No,Winter,Sunny,348.61,0.0,2.0,455.16,0.099,93,2023,1,23,0
3385,ORD103385,P-FUR-009,Furniture,Sofa Cushion Set,South,Bengaluru,SUP-017,8.0,WH-SO-05,56.0,6.0,39.0,155.0,4.79,4361.77,11.2,No,No,Summer,Sunny,4642.49,0.0,0.0,,0.126,4,2022,5,17,1
3386,ORD103386,P-CLO-002,Clothing,Formal Shirt,Central,Gwalior,SUP-005,8.0,WH-CE-02,,7.0,96.0,331.0,13.67,914.58,4.5,No,No,Autumn,Sunny,1032.57,1.0,1.0,320.62,0.114,19,2021,9,10,4
3387,ORD103387,P-SPO-003,Sports,Cycling Helmet,East,Patna,SUP-034,5.0,WH-EA-05,43.0,5.0,90.0,352.0,11.52,4912.03,22.8,No,No,Summer,Sunny,4731.13,0.0,0.0,216.84,0.137,10,2024,8,6,1
3388,ORD103388,P-CLO-012,Clothing,Kids Winter Jacket,South,Bengaluru,SUP-021,4.0,WH-SO-02,558.0,31.0,166.0,813.0,23.23,,2.6,No,No,Autumn,Cloudy,2253.69,0.0,1.0,,0.084,21,2022,10,17,0
3389,ORD103389,P-GRO-014,Grocery,Masala Mix 200g,East,Patna,SUP-038,6.0,WH-EA-03,390.0,37.0,,984.0,39.25,56.33,21.9,No,No,Summer,Sunny,56.47,0.0,2.0,325.53,0.072,49,2022,8,24,2
3390,ORD103390,P-ELE-013,Electronics,LED TV 43in,West,Ahmedabad,SUP-009,12.0,WH-WE-03,83.0,10.0,107.0,430.0,14.52,10158.02,12.3,No,Yes,Autumn,Rainy,9942.46,0.0,2.0,459.97,0.017,15,2023,8,19,5
3391,ORD103391,P-FUR-007,Furniture,Dining Chair,South,Kochi,SUP-020,11.0,WH-SO-04,64.0,8.0,49.0,191.0,6.43,10641.26,17.2,Yes,No,,Sunny,10146.92,0.0,0.0,419.58,0.271,8,2023,9,7,3
3392,ORD103392,P-SPO-009,Sports,Gym Dumbbells 5kg,South,Kochi,SUP-027,17.0,WH-SO-01,234.0,17.0,66.0,382.0,12.75,3490.43,7.3,Yes,No,Winter,Sunny,3455.34,,2.0,563.92,0.013,15,2022,12,21,2
3393,ORD103393,P-ELE-003,Electronics,Smartphone Charger,West,Surat,SUP-006,7.0,WH-WE-02,91.0,18.0,102.0,517.0,15.93,9042.41,15.8,No,No,Summer,Sunny,8470.45,0.0,1.0,305.67,0.07,15,2024,7,20,5
3394,ORD103394,P-BEA-009,Beauty,Herbal Shampoo 200ml,North,Kanpur,SUP-040,4.0,WH-NO-01,350.0,26.0,208.0,946.0,33.85,119.17,9.1,No,No,Spring,Sunny,126.09,0.0,0.0,314.62,0.017,31,2022,3,9,2
3395,ORD103395,P-SPO-003,Sports,Yoga Mat,East,Bhubaneswar,SUP-025,12.0,WH-EA-02,133.0,5.0,76.0,430.0,13.43,1487.71,6.3,No,No,Autumn,Cloudy,1663.12,0.0,0.0,435.34,0.005,15,2024,6,26,2
3396,ORD103396,P-ELE-012,Electronics,Smartphone Charger,East,Bhubaneswar,SUP-007,14.0,WH-EA-03,30.0,,74.0,303.0,10.4,9512.0,2.1,Yes,No,Summer,Cloudy,9295.92,0.0,2.0,548.33,0.028,8,2024,6,22,5
3397,ORD103397,P-ELE-012,Electronics,Home Router,West,Nagpur,SUP-030,6.0,WH-WE-03,63.0,10.0,77.0,320.0,10.55,,8.6,No,No,Winter,Cloudy,9294.67,0.0,2.0,421.7,0.14,10,2021,1,14,3
3398,ORD103398,P-FUR-001,Furniture,Office Chair,Central,Indore,SUP-036,5.0,WH-CE-05,50.0,3.0,30.0,94.0,3.64,11600.35,21.2,No,No,Winter,Rainy,11500.18,2.0,0.0,,0.065,4,2024,1,8,0
3399,ORD103399,P-FUR-015,Furniture,Foldable Bed,West,Nagpur,SUP-015,8.0,WH-WE-03,39.0,4.0,60.0,253.0,7.62,4028.04,6.1,No,No,Summer,Sunny,3803.3,0.0,1.0,409.0,0.056,8,2021,8,20,4
3400,ORD103400,P-ELE-012,Electronics,Smartwatch,East,Ranchi,SUP-025,13.0,WH-EA-03,138.0,6.0,41.0,186.0,6.09,3935.87,4.7,No,No,Winter,Cloudy,4151.98,0.0,3.0,495.13,0.054,8,2022,12,11,6
3401,ORD103401,P-BEA-006,Beauty,Sunscreen Lotion,North,Lucknow,SUP-030,11.0,WH-NO-01,228.0,36.0,288.0,1368.0,43.07,392.25,31.0,No,No,Autumn,Sunny,363.25,0.0,0.0,343.78,0.011,48,2024,9,4,2
3402,ORD103402,P-CLO-007,Clothing,Cotton Saree,East,Guwahati,SUP-006,13.0,WH-EA-01,68.0,14.0,120.0,453.0,13.59,683.74,11.9,Yes,No,Autumn,Sunny,717.87,0.0,1.0,434.19,0.04,19,2021,10,13,2
3403,ORD103403,P-SPO-002,Sports,Cycling Helmet,West,Surat,SUP-022,10.0,WH-WE-04,213.0,27.0,157.0,608.0,20.86,4401.84,1.3,Yes,No,Summer,Sunny,4491.26,0.0,25.0,352.99,,31,2023,4,2,6
3404,ORD103404,P-SPO-015,Sports,Cycling Helmet,Central,Gwalior,SUP-023,11.0,WH-CE-04,279.0,13.0,135.0,482.0,16.5,2828.9,16.4,Yes,,Spring,Cloudy,2737.54,,24.0,295.27,0.11,15,2024,2,11,6
3405,ORD103405,P-BEA-002,Beauty,Body Lotion 400ml,West,Pune,SUP-013,20.0,WH-WE-03,494.0,43.0,145.0,647.0,26.27,156.65,37.8,No,Yes,,Rainy,150.27,1.0,1.0,,0.039,35,2022,12,3,5
3406,ORD103406,P-CLO-014,Clothing,Formal Shirt,North,Kanpur,SUP-012,,WH-NO-03,107.0,14.0,75.0,427.0,13.99,391.75,17.9,,No,Summer,Sunny,364.4,0.0,2.0,496.68,0.019,14,2021,4,25,6
3407,ORD103407,P-GRO-010,Grocery,Sugar 1kg,West,Ahmedabad,SUP-026,5.0,WH-WE-03,337.0,60.0,320.0,1660.0,48.68,131.52,9.4,No,No,Summer,Sunny,142.37,0.0,1.0,326.51,,43,2021,4,6,1
3408,ORD103408,P-CLO-014,Clothing,Women's Kurti,West,Mumbai,SUP-031,5.0,WH-WE-05,301.0,30.0,285.0,1060.0,35.54,1645.47,10.5,Yes,No,Winter,Rainy,1616.15,,0.0,187.95,0.044,40,2023,1,27,4
3409,ORD103409,P-ELE-006,Electronics,Home Router,West,Mumbai,SUP-016,11.0,WH-WE-01,,15.0,111.0,353.0,12.82,9125.58,13.3,No,No,Winter,Rainy,9352.78,0.0,1.0,354.93,0.062,16,2021,2,6,5
3410,ORD103410,P-FUR-014,Furniture,Office Chair,West,Surat,SUP-006,3.0,WH-WE-03,75.0,4.0,34.0,178.0,5.46,14417.72,23.6,No,No,Winter,Cloudy,14405.03,0.0,0.0,220.89,0.086,6,2021,1,23,5
3411,ORD103411,P-ELE-007,Electronics,Wireless Earbuds,East,Bhubaneswar,SUP-032,5.0,WH-EA-02,299.0,18.0,112.0,381.0,14.83,10082.92,16.5,No,Yes,Autumn,Sunny,9911.83,0.0,0.0,296.33,0.108,18,2024,10,24,3
3412,ORD103412,P-CLO-006,Clothing,Track Pants,East,Kolkata,SUP-007,14.0,WH-EA-01,733.0,58.0,247.0,935.0,33.21,2406.72,3.6,No,No,Winter,Sunny,2469.56,0.0,3.0,579.57,0.064,53,2023,2,18,5
3413,ORD103413,P-ELE-006,Electronics,Power Bank 10000mAh,South,Hyderabad,SUP-001,,WH-SO-04,134.0,5.0,45.0,217.0,7.77,1537.31,,Yes,No,Autumn,Cloudy,1600.28,0.0,6.0,563.42,0.126,9,2022,11,24,3
3414,ORD103414,P-GRO-015,Grocery,Sunflower Oil 1L,North,Chandigarh,SUP-013,13.0,WH-NO-04,561.0,13.0,264.0,1413.0,43.25,444.38,17.2,No,No,Summer,,449.3,0.0,3.0,562.31,0.06,58,2021,5,27,3
3415,ORD103415,P-GRO-007,Grocery,Masala Mix 200g,West,Mumbai,SUP-033,7.0,WH-WE-05,1295.0,45.0,380.0,1693.0,55.19,545.89,17.2,Yes,No,Winter,Cloudy,537.64,0.0,1.0,306.13,0.123,87,2024,2,23,4
3416,ORD103416,P-FUR-008,Furniture,Study Table,Central,Indore,SUP-031,6.0,WH-CE-01,33.0,5.0,26.0,131.0,4.64,16817.77,12.3,No,No,Winter,Sunny,15355.76,0.0,0.0,261.08,0.028,7,2023,1,16,0
3417,ORD103417,P-BEA-010,Beauty,Face Wash 100ml,West,Ahmedabad,SUP-013,4.0,WH-WE-01,161.0,23.0,219.0,645.0,22.66,138.81,3.8,Yes,No,Autumn,Cloudy,132.11,0.0,2.0,330.56,0.116,26,2021,11,18,3
3418,ORD103418,P-ELE-009,Electronics,Home Router,South,Coimbatore,SUP-021,9.0,WH-SO-03,111.0,7.0,47.0,241.0,7.9,14825.9,27.4,No,No,Winter,,14462.86,0.0,,303.87,0.113,7,2024,1,5,4
3419,ORD103419,P-BEA-009,Beauty,Herbal Shampoo 200ml,North,,SUP-039,8.0,WH-NO-05,151.0,23.0,113.0,531.0,17.36,390.34,27.0,No,No,Winter,Sunny,390.84,0.0,1.0,379.1,0.224,27,2021,12,13,0
3420,ORD103420,P-SPO-006,Sports,Football,South,Bengaluru,SUP-029,5.0,WH-SO-05,394.0,17.0,142.0,585.0,19.2,2695.87,10.6,No,No,Winter,,2320.8,0.0,0.0,232.73,0.078,22,2023,1,6,4
3421,ORD103421,P-GRO-003,Grocery,Instant Noodles Pack,West,Surat,SUP-031,11.0,WH-WE-04,353.0,46.0,262.0,1010.0,36.07,206.9,4.6,,No,Spring,Sunny,217.15,0.0,0.0,393.77,0.071,38,2023,3,30,3
3422,ORD103422,P-FUR-015,Furniture,Foldable Bed,East,Ranchi,SUP-004,9.0,WH-EA-05,168.0,6.0,53.0,231.0,6.94,16596.51,22.3,No,No,Spring,Rainy,17022.82,0.0,3.0,459.3,0.052,8,2022,2,12,5
3423,ORD103423,P-GRO-008,Grocery,Tea Powder 500g,Central,Bhopal,SUP-010,13.0,WH-CE-05,750.0,28.0,227.0,1329.0,38.2,260.44,21.1,,No,Autumn,Rainy,248.32,0.0,,438.17,0.094,42,2024,7,3,2
3424,ORD103424,P-ELE-015,Electronics,Home Router,South,Kochi,SUP-005,5.0,WH-SO-02,172.0,10.0,54.0,330.0,9.65,9032.95,14.5,No,,Autumn,Sunny,8370.81,0.0,2.0,407.55,0.086,10,2023,10,25,2
3425,ORD103425,P-CLO-007,Clothing,Men's Cotton T-Shirt,East,Kolkata,SUP-040,11.0,WH-EA-03,413.0,,194.0,918.0,27.27,378.63,14.8,Yes,No,Winter,Sunny,357.83,0.0,,547.98,0.09,37,2022,2,26,5
3426,ORD103426,P-ELE-009,Electronics,Home Router,West,Surat,SUP-014,11.0,WH-WE-04,238.0,16.0,61.0,375.0,10.11,9864.32,12.6,Yes,No,Autumn,Rainy,8819.74,0.0,2.0,458.1,0.006,12,2021,8,17,1
3427,ORD103427,P-SPO-009,Sports,Yoga Mat,North,Lucknow,SUP-020,4.0,WH-NO-02,267.0,13.0,73.0,326.0,11.69,569.21,13.1,Yes,No,Summer,Rainy,553.76,0.0,1.0,266.27,0.102,15,2022,4,26,1
3428,ORD103428,P-SPO-015,Sports,Gym Dumbbells 5kg,Central,Gwalior,SUP-023,23.0,WH-CE-05,110.0,15.0,84.0,385.0,13.71,585.15,22.1,No,No,Autumn,Rainy,576.75,0.0,1.0,493.82,0.044,12,2022,11,11,4
3429,ORD103429,P-BEA-002,Beauty,Moisturizer Cream,East,Ranchi,SUP-021,5.0,WH-EA-04,61.0,18.0,108.0,453.0,17.52,1198.72,13.6,No,No,Spring,Sunny,1286.8,0.0,,375.78,0.014,11,2023,3,16,3
3430,ORD103430,P-CLO-008,Clothing,Denim Jeans,North,Kanpur,SUP-003,5.0,WH-NO-03,461.0,17.0,115.0,615.0,,1927.28,21.5,No,No,Summer,Sunny,2000.41,0.0,,434.45,0.064,22,2022,8,8,0
3431,ORD103431,P-CLO-003,Clothing,Denim Jeans,North,Kanpur,SUP-037,18.0,WH-NO-03,77.0,19.0,123.0,551.0,20.95,494.12,11.5,No,No,Spring,Stormy,543.42,0.0,1.0,354.72,0.105,18,2021,2,28,6
3432,ORD103432,P-SPO-014,Sports,Gym Dumbbells 5kg,West,Nagpur,SUP-016,10.0,WH-WE-04,271.0,13.0,103.0,530.0,15.6,3022.71,13.9,No,No,Autumn,Cloudy,3049.85,0.0,3.0,525.27,0.042,18,2023,9,15,4
3433,ORD103433,P-GRO-008,Grocery,Masala Mix 200g,East,Patna,SUP-037,19.0,WH-EA-02,814.0,40.0,316.0,1183.0,38.56,424.56,9.1,No,No,Autumn,Sunny,393.61,0.0,2.0,498.67,0.12,51,2022,7,8,4
3434,ORD103434,P-ELE-014,Electronics,Wireless Earbuds,West,Ahmedabad,SUP-031,17.0,WH-WE-02,39.0,6.0,98.0,312.0,10.75,8889.48,3.6,Yes,No,Summer,Rainy,10127.39,0.0,1.0,530.78,0.029,9,2022,5,6,4
3435,ORD103435,P-CLO-005,Clothing,Cotton Saree,West,Surat,SUP-028,16.0,WH-WE-03,183.0,,183.0,615.0,22.99,554.5,8.2,No,No,Summer,Cloudy,540.37,0.0,1.0,417.6,0.113,23,2023,3,24,4
3436,ORD103436,P-GRO-003,Grocery,Instant Noodles Pack,South,Bengaluru,SUP-029,15.0,WH-SO-01,742.0,28.0,259.0,936.0,35.77,492.69,,Yes,No,,Sunny,431.77,0.0,0.0,462.67,0.039,42,2024,5,5,6
3437,ORD103437,P-GRO-010,Grocery,Sugar 1kg,West,Ahmedabad,SUP-040,5.0,WH-WE-03,681.0,27.0,291.0,1026.0,36.06,193.12,26.5,No,No,Winter,Stormy,196.52,0.0,1.0,386.22,,43,2021,1,8,4
3438,ORD103438,P-ELE-003,Electronics,Home Router,Central,,SUP-013,4.0,WH-CE-03,58.0,7.0,43.0,219.0,6.27,10608.22,6.5,No,No,Autumn,Cloudy,9258.98,0.0,1.0,302.99,0.029,8,2024,11,4,0
3439,ORD103439,P-CLO-006,Clothing,Men's Cotton T-Shirt,North,Kanpur,SUP-014,5.0,WH-NO-03,167.0,14.0,123.0,565.0,16.9,2356.19,24.9,No,No,Summer,Sunny,2340.24,0.0,1.0,343.98,0.166,16,2023,7,22,5
3440,ORD103440,P-GRO-005,Grocery,Wheat Flour 5kg,West,Mumbai,SUP-027,4.0,WH-WE-03,1195.0,58.0,389.0,1621.0,50.22,504.39,3.5,No,No,Summer,Sunny,485.21,0.0,3.0,394.27,0.043,65,2023,3,10,4
3441,ORD103441,P-ELE-004,Electronics,Bluetooth Speaker,South,,SUP-010,5.0,WH-SO-05,73.0,,108.0,337.0,14.33,10127.19,3.5,No,No,Summer,Cloudy,10551.47,0.0,0.0,229.82,0.072,10,2021,3,16,1
3442,ORD103442,P-ELE-002,Electronics,Smartwatch,South,Bengaluru,SUP-033,12.0,WH-SO-02,133.0,16.0,78.0,289.0,9.74,12147.97,6.5,,No,Autumn,Cloudy,13074.65,0.0,0.0,372.4,0.106,18,2023,11,6,0
3443,ORD103443,P-GRO-010,Grocery,Wheat Flour 5kg,South,Hyderabad,SUP-002,15.0,WH-SO-03,681.0,53.0,448.0,1699.0,58.03,584.98,14.7,No,No,Autumn,,569.78,0.0,3.0,576.42,0.196,50,2023,11,18,5
3444,ORD103444,P-SPO-012,Sports,Yoga Mat,West,,SUP-036,14.0,WH-WE-04,170.0,14.0,76.0,342.0,12.24,,7.0,No,No,Summer,Cloudy,3961.8,0.0,1.0,527.76,0.117,14,2023,3,30,3
3445,ORD103445,P-GRO-006,Grocery,Instant Noodles Pack,North,Chandigarh,SUP-014,14.0,WH-NO-02,443.0,29.0,274.0,1077.0,35.69,98.38,20.4,No,No,Spring,Sunny,104.35,0.0,0.0,375.41,0.117,41,2024,3,17,6
3446,ORD103446,P-FUR-005,Furniture,Office Chair,South,Chennai,SUP-001,8.0,WH-SO-04,44.0,5.0,35.0,152.0,5.57,14990.61,8.4,,No,Summer,Sunny,14071.06,0.0,1.0,388.32,0.014,5,2024,5,10,4
3447,ORD103447,P-BEA-003,Beauty,Talcum Powder,West,Pune,SUP-025,11.0,WH-WE-05,644.0,35.0,241.0,881.0,31.02,983.73,2.5,No,No,Summer,,988.8,0.0,3.0,464.15,0.109,33,2024,5,10,4
3448,ORD103448,P-GRO-011,Grocery,Basmati Rice 5kg,North,Chandigarh,SUP-012,12.0,WH-NO-02,535.0,33.0,219.0,913.0,33.3,173.38,10.8,No,No,Summer,Sunny,180.89,0.0,1.0,457.17,0.113,30,2022,4,23,5
3449,ORD103449,P-BEA-013,Beauty,Lipstick Set,West,Mumbai,SUP-013,12.0,WH-WE-02,507.0,41.0,190.0,948.0,33.73,1414.99,25.1,No,No,Autumn,Rainy,466.44,0.0,1.0,462.85,0.092,34,2023,9,11,0
3450,ORD103450,P-FUR-009,Furniture,Foldable Bed,Central,,SUP-020,6.0,WH-CE-01,110.0,6.0,27.0,99.0,4.9,4106.35,13.3,No,No,Summer,Sunny,4007.59,0.0,,282.78,0.124,7,2021,3,25,3
3451,ORD103451,P-CLO-007,Clothing,Woolen Sweater,North,Delhi,SUP-024,5.0,WH-NO-01,374.0,34.0,193.0,629.0,20.81,1827.72,7.4,No,No,Summer,Sunny,1842.47,0.0,3.0,420.28,0.036,26,2023,4,1,5
3452,ORD103452,P-ELE-010,Electronics,Power Bank 10000mAh,North,Jaipur,SUP-006,12.0,WH-NO-02,95.0,9.0,45.0,246.0,7.7,3093.96,4.1,,No,Summer,Sunny,3423.34,0.0,1.0,330.9,0.051,9,2021,8,2,0
3453,ORD103453,P-ELE-014,Electronics,Wireless Earbuds,Central,Raipur,SUP-002,7.0,WH-CE-05,90.0,5.0,36.0,125.0,4.52,3124.87,3.8,No,No,Spring,Rainy,2822.51,0.0,0.0,338.94,0.055,5,2022,3,26,5
3454,ORD103454,P-SPO-015,Sports,Running Shoes,North,Kanpur,SUP-019,1.0,WH-NO-02,287.0,11.0,96.0,416.0,12.46,3839.89,23.0,No,No,Autumn,Sunny,3794.06,0.0,0.0,237.55,0.134,17,2023,9,16,5
3455,ORD103455,P-BEA-003,Beauty,Moisturizer Cream,North,Jaipur,SUP-015,2.0,WH-NO-05,225.0,24.0,246.0,844.0,30.82,513.7,13.4,No,No,Autumn,Sunny,569.33,0.0,2.0,372.31,0.138,38,2022,9,13,1
3456,ORD103456,P-SPO-008,Sports,Skipping Rope,Central,Raipur,SUP-024,13.0,WH-CE-05,85.0,6.0,43.0,191.0,7.25,4721.59,,No,No,Autumn,Sunny,5088.49,0.0,,324.84,0.046,8,2024,6,15,5
3457,ORD103457,P-SPO-014,Sports,Skipping Rope,West,Surat,SUP-030,6.0,WH-WE-04,187.0,10.0,64.0,326.0,9.82,2662.98,6.0,,No,Summer,Cloudy,2604.27,0.0,0.0,283.78,0.148,13,2021,5,8,5
3458,ORD103458,P-ELE-010,Electronics,Smartphone Charger,East,Kolkata,SUP-025,5.0,WH-EA-05,130.0,10.0,44.0,210.0,7.4,3918.03,2.0,Yes,No,Autumn,Sunny,,0.0,4.0,362.29,0.133,10,2024,11,20,2
3459,ORD103459,P-BEA-013,Beauty,Moisturizer Cream,East,Kolkata,SUP-005,5.0,WH-EA-03,122.0,20.0,142.0,544.0,17.71,1122.83,13.2,Yes,No,Autumn,Sunny,1164.1,0.0,2.0,284.88,0.056,26,2023,10,31,1
3460,ORD103460,P-CLO-015,Clothing,Track Pants,Central,Raipur,SUP-040,11.0,WH-CE-05,489.0,34.0,323.0,966.0,37.7,1508.43,8.3,No,No,Autumn,Cloudy,1566.37,0.0,0.0,244.83,0.133,31,2022,9,21,2
3461,ORD103461,P-BEA-002,Beauty,Talcum Powder,East,Ranchi,SUP-029,10.0,WH-EA-03,261.0,13.0,147.0,623.0,21.09,828.18,17.2,No,No,Spring,Rainy,919.49,0.0,1.0,405.23,0.109,22,2021,2,6,5
3462,ORD103462,P-ELE-010,Electronics,Smartwatch,East,Ranchi,SUP-002,4.0,WH-EA-01,72.0,6.0,75.0,237.0,8.16,14481.04,23.1,No,Yes,Spring,Rainy,15791.82,0.0,1.0,264.26,0.196,14,2021,3,3,2
3463,ORD103463,P-GRO-008,Grocery,Sunflower Oil 1L,West,Pune,SUP-031,4.0,WH-WE-05,515.0,63.0,429.0,1702.0,58.97,449.38,24.4,No,No,Autumn,,399.69,0.0,4.0,426.58,0.088,61,2022,8,28,6
3464,ORD103464,P-BEA-005,Beauty,Lipstick Set,East,Patna,SUP-036,6.0,WH-EA-05,358.0,24.0,139.0,593.0,20.5,1020.67,5.3,No,No,Summer,Sunny,890.43,0.0,3.0,417.71,0.157,18,2023,4,17,0
3465,ORD103465,P-BEA-010,Beauty,Body Lotion 400ml,East,Ranchi,SUP-023,5.0,WH-EA-05,479.0,29.0,159.0,682.0,22.33,1050.9,5.6,No,No,Winter,Sunny,1005.19,0.0,1.0,340.39,0.046,28,2023,1,10,1
3466,ORD103466,P-FUR-002,Furniture,Foldable Bed,South,Hyderabad,SUP-034,15.0,WH-SO-03,211.0,12.0,69.0,277.0,9.13,12997.15,9.3,No,No,Summer,Sunny,,0.0,1.0,502.47,0.099,7,2022,3,11,4
3467,ORD103467,P-GRO-008,Grocery,Sunflower Oil 1L,East,Kolkata,SUP-036,2.0,WH-EA-01,87.0,18.0,140.0,813.0,25.78,70.19,21.5,Yes,Yes,Autumn,Rainy,77.56,0.0,1.0,348.23,0.12,33,2023,8,8,1
3468,ORD103468,P-GRO-007,Grocery,Wheat Flour 5kg,East,Patna,SUP-039,12.0,WH-EA-03,250.0,21.0,189.0,626.0,26.03,206.21,34.2,Yes,No,Summer,Cloudy,181.53,0.0,1.0,416.32,0.066,20,2023,6,17,5
3469,ORD103469,P-SPO-006,Sports,Football,South,Kochi,SUP-039,4.0,WH-SO-05,300.0,20.0,108.0,547.0,15.86,3217.4,8.9,No,No,Summer,Cloudy,3140.4,0.0,0.0,238.89,0.203,18,2022,5,17,1
3470,ORD103470,P-CLO-010,Clothing,Formal Shirt,South,Kochi,SUP-008,5.0,WH-SO-05,252.0,22.0,110.0,481.0,16.4,620.46,1.3,Yes,No,Summer,Cloudy,577.22,0.0,1.0,245.6,0.08,23,2022,4,21,3
3471,ORD103471,P-CLO-015,Clothing,Formal Shirt,West,Nagpur,SUP-002,5.0,WH-WE-04,404.0,18.0,,509.0,17.91,1507.87,11.6,Yes,No,Autumn,Cloudy,1316.42,0.0,2.0,384.7,0.24,20,2022,10,9,6
3472,ORD103472,P-CLO-015,Clothing,Kids Winter Jacket,South,Bengaluru,SUP-027,6.0,WH-SO-04,665.0,41.0,225.0,870.0,28.04,390.11,21.0,Yes,No,Winter,Cloudy,426.96,0.0,1.0,281.78,0.122,54,2023,12,22,4
3473,ORD103473,P-GRO-011,Grocery,Masala Mix 200g,North,Kanpur,SUP-028,4.0,WH-NO-01,197.0,44.0,228.0,961.0,32.64,514.49,18.2,No,No,Summer,Sunny,490.75,0.0,0.0,271.22,0.184,38,2023,5,9,1
3474,ORD103474,P-CLO-005,Clothing,Cotton Saree,South,Bengaluru,SUP-023,9.0,WH-SO-04,119.0,27.0,133.0,693.0,22.84,1137.47,2.3,Yes,No,Summer,Cloudy,1311.01,1.0,1.0,494.56,0.209,31,2021,7,5,0
3475,ORD103475,P-CLO-015,Clothing,Kids Winter Jacket,North,Kanpur,SUP-010,4.0,WH-NO-01,305.0,22.0,138.0,564.0,19.55,1835.01,21.3,No,No,Autumn,Sunny,2041.32,0.0,1.0,207.93,,25,2024,9,10,1
3476,ORD103476,P-BEA-015,Beauty,Moisturizer Cream,West,Nagpur,SUP-038,8.0,WH-WE-04,391.0,15.0,205.0,965.0,30.42,286.22,27.1,No,No,Autumn,Sunny,286.15,0.0,0.0,252.1,0.108,28,2021,10,23,5
3477,ORD103477,P-SPO-013,Sports,Running Shoes,South,Chennai,SUP-017,,WH-SO-01,121.0,10.0,99.0,357.0,14.19,3247.79,4.2,No,No,Autumn,Sunny,2703.4,0.0,0.0,220.76,0.184,10,2023,9,9,5
3478,ORD103478,P-SPO-014,Sports,Cycling Helmet,South,Bengaluru,SUP-030,6.0,WH-SO-03,167.0,18.0,130.0,576.0,18.74,2086.92,20.5,No,No,Winter,Stormy,2030.12,0.0,0.0,222.54,0.027,16,2021,1,25,0
3479,ORD103479,P-CLO-013,Clothing,Men's Cotton T-Shirt,West,Surat,SUP-025,12.0,WH-WE-05,505.0,45.0,223.0,861.0,30.24,1528.73,4.0,No,No,Winter,Stormy,1808.29,0.0,3.0,572.26,0.065,29,2022,1,7,4
3480,ORD103480,P-CLO-012,Clothing,Denim Jeans,North,Delhi,SUP-036,8.0,WH-NO-01,142.0,23.0,92.0,410.0,16.69,1769.12,,No,No,Summer,Rainy,1829.72,0.0,,300.16,0.062,21,2023,4,6,3
3481,ORD103481,P-FUR-011,Furniture,Study Table,North,Chandigarh,SUP-029,12.0,WH-NO-03,150.0,3.0,21.0,123.0,3.69,,27.3,No,No,Summer,,14226.61,0.0,2.0,455.4,0.097,3,2024,5,22,2
3482,ORD103482,P-BEA-010,Beauty,Herbal Shampoo 200ml,West,Pune,SUP-026,13.0,WH-WE-01,,33.0,177.0,742.0,25.69,117.72,3.5,No,No,Summer,Sunny,111.96,0.0,1.0,460.87,,27,2023,4,3,0
3483,ORD103483,P-CLO-010,Clothing,Men's Cotton T-Shirt,East,Bhubaneswar,SUP-034,7.0,WH-EA-04,262.0,11.0,,486.0,14.72,510.64,2.7,Yes,No,Summer,,546.88,0.0,1.0,263.98,0.064,21,2021,3,22,0
3484,ORD103484,P-FUR-006,Furniture,Foldable Bed,West,Nagpur,SUP-003,15.0,WH-WE-05,116.0,1.0,32.0,170.0,5.29,15548.05,13.7,,,Autumn,,16007.91,0.0,1.0,467.54,0.132,6,2024,10,28,0
3485,ORD103485,P-BEA-014,Beauty,Body Lotion 400ml,West,Nagpur,SUP-029,9.0,WH-WE-01,,26.0,80.0,456.0,16.41,395.08,19.4,Yes,No,Spring,Sunny,404.05,0.0,0.0,416.19,0.086,19,2022,2,2,2
3486,ORD103486,P-FUR-010,Furniture,TV Unit,Central,Raipur,SUP-024,13.0,WH-CE-03,27.0,1.0,29.0,135.0,4.03,14623.92,8.4,Yes,No,Summer,Cloudy,15953.07,0.0,1.0,,0.108,6,2022,6,17,4
3487,ORD103487,P-BEA-010,Beauty,Herbal Shampoo 200ml,North,Lucknow,SUP-032,11.0,WH-NO-04,499.0,4.0,167.0,,25.68,753.85,12.4,No,,Autumn,Sunny,819.13,0.0,1.0,381.72,0.168,28,2021,6,8,1
3488,ORD103488,P-GRO-012,Grocery,Sugar 1kg,West,Nagpur,SUP-009,9.0,WH-WE-01,491.0,41.0,280.0,1069.0,38.2,424.91,17.1,No,No,Autumn,Rainy,439.77,0.0,0.0,376.15,0.093,40,2023,10,15,6
3489,ORD103489,P-CLO-002,Clothing,Denim Jeans,West,Ahmedabad,SUP-024,,WH-WE-03,527.0,20.0,164.0,608.0,22.49,1956.85,7.7,No,No,Autumn,Cloudy,1708.43,0.0,2.0,216.3,0.024,24,2022,10,16,6
3490,ORD103490,P-CLO-014,Clothing,Denim Jeans,North,Delhi,SUP-012,16.0,WH-NO-01,522.0,27.0,189.0,675.0,24.46,2401.64,24.9,Yes,No,Autumn,Sunny,2212.91,0.0,1.0,445.39,0.192,33,2021,11,17,2
3491,ORD103491,P-ELE-009,Electronics,Smartwatch,Central,Jabalpur,SUP-005,8.0,WH-CE-05,127.0,20.0,75.0,396.0,12.72,5869.9,3.3,Yes,Yes,Summer,Rainy,5580.36,0.0,1.0,269.08,0.069,17,2023,7,20,3
3492,ORD103492,P-BEA-015,Beauty,Hair Oil 250ml,South,Kochi,SUP-024,6.0,WH-SO-03,865.0,50.0,274.0,1086.0,39.08,1099.4,21.6,No,No,Autumn,Rainy,1096.12,,1.0,343.36,0.026,48,2021,10,14,3
3493,ORD103493,P-FUR-002,Furniture,Foldable Bed,West,Pune,SUP-001,8.0,WH-WE-03,34.0,7.0,52.0,176.0,5.62,13132.84,7.1,No,No,Winter,Cloudy,14707.74,0.0,1.0,363.95,0.019,10,2023,2,15,2
3494,ORD103494,P-ELE-004,Electronics,Wireless Earbuds,East,Kolkata,SUP-004,6.0,WH-EA-05,23.0,,45.0,178.0,6.27,5289.68,15.3,No,No,Summer,Sunny,6158.29,0.0,0.0,235.15,0.211,4,2023,8,28,0
3495,ORD103495,P-BEA-015,Beauty,Lipstick Set,East,Kolkata,SUP-022,6.0,WH-EA-04,145.0,12.0,120.0,461.0,14.02,439.48,4.8,No,No,Spring,Sunny,453.25,0.0,0.0,351.05,0.144,14,2024,3,31,6
3496,ORD103496,P-FUR-011,Furniture,Wooden Bookshelf,North,Chandigarh,SUP-036,21.0,WH-NO-02,158.0,8.0,55.0,204.0,7.08,14963.24,9.9,Yes,No,Autumn,Cloudy,15621.87,0.0,1.0,435.01,0.095,10,2023,10,13,4
3497,ORD103497,P-BEA-010,Beauty,Face Wash 100ml,Central,,SUP-029,14.0,WH-CE-04,359.0,18.0,125.0,605.0,20.56,1035.14,0.2,No,No,Summer,Cloudy,909.99,0.0,1.0,546.88,0.125,16,2023,4,10,0
3498,ORD103498,P-GRO-007,Grocery,Basmati Rice 5kg,East,Guwahati,SUP-001,5.0,WH-EA-02,863.0,64.0,492.0,1528.0,51.66,402.39,11.4,Yes,No,Winter,Sunny,388.78,0.0,2.0,,0.098,117,2021,2,19,4
3499,ORD103499,P-BEA-009,Beauty,Lipstick Set,North,,SUP-005,9.0,WH-NO-03,378.0,30.0,235.0,849.0,27.8,,5.8,Yes,No,Winter,Rainy,791.75,0.0,1.0,380.31,0.044,37,2021,12,6,0
3500,ORD103500,P-GRO-009,Grocery,Basmati Rice 5kg,North,Delhi,SUP-018,8.0,WH-NO-05,132.0,32.0,189.0,1011.0,33.57,386.6,15.9,No,No,Summer,Sunny,366.91,3.0,,287.11,0.091,21,2023,4,25,1
3501,ORD103501,P-CLO-003,Clothing,Cotton Saree,West,Nagpur,SUP-018,13.0,WH-WE-05,274.0,27.0,140.0,555.0,20.45,2291.93,30.3,No,No,Spring,Stormy,2398.22,0.0,4.0,538.21,0.023,21,2023,2,23,3
3502,ORD103502,P-ELE-009,Electronics,Wireless Earbuds,North,Delhi,SUP-002,6.0,WH-NO-05,147.0,7.0,71.0,284.0,7.96,4056.19,2.9,No,No,Spring,Sunny,3909.85,0.0,1.0,347.54,0.12,11,2023,2,19,6
3503,ORD103503,P-FUR-008,Furniture,Office Chair,East,Kolkata,SUP-011,10.0,WH-EA-03,,3.0,33.0,138.0,4.32,17267.98,5.7,No,No,Winter,Rainy,14649.96,0.0,1.0,349.64,0.103,4,2023,12,11,0
3504,ORD103504,P-FUR-005,Furniture,TV Unit,West,Surat,SUP-006,6.0,WH-WE-05,112.0,11.0,39.0,253.0,7.71,12032.4,18.8,No,Yes,Summer,Sunny,12843.48,0.0,0.0,280.01,0.063,13,2024,8,15,3
3505,ORD103505,P-CLO-006,Clothing,Cotton Saree,South,Coimbatore,SUP-023,6.0,WH-SO-05,249.0,18.0,115.0,614.0,18.3,447.85,5.9,No,No,Winter,Rainy,490.97,0.0,0.0,307.99,0.091,23,2023,1,5,3
3506,ORD103506,P-CLO-012,Clothing,Kids Winter Jacket,East,Ranchi,SUP-027,4.0,WH-EA-03,499.0,22.0,149.0,707.0,24.08,471.84,15.5,No,No,Summer,Rainy,482.72,0.0,0.0,293.54,0.218,19,2021,7,16,4
3507,ORD103507,P-BEA-011,Beauty,Face Wash 100ml,South,Hyderabad,SUP-016,4.0,WH-SO-01,218.0,17.0,148.0,562.0,17.31,819.96,10.1,Yes,No,Autumn,Sunny,808.93,0.0,0.0,339.61,0.104,20,2022,10,8,5
3508,ORD103508,P-FUR-008,Furniture,Study Table,Central,Raipur,SUP-023,7.0,WH-CE-01,136.0,5.0,50.0,225.0,6.6,4187.99,0.6,No,No,Winter,Sunny,3886.66,0.0,2.0,471.78,0.059,5,2022,1,5,2
3509,ORD103509,P-GRO-010,Grocery,Masala Mix 200g,West,Surat,SUP-009,9.0,WH-WE-04,584.0,73.0,273.0,1399.0,40.82,326.05,12.3,Yes,No,Winter,Stormy,304.21,0.0,0.0,328.85,0.103,53,2023,2,13,0
3510,ORD103510,P-SPO-004,Sports,Skipping Rope,South,Coimbatore,SUP-035,9.0,WH-SO-05,156.0,4.0,41.0,220.0,6.7,313.34,,No,No,Summer,Stormy,340.19,0.0,2.0,319.47,0.066,5,2023,5,12,4
3511,ORD103511,P-FUR-008,Furniture,TV Unit,East,Guwahati,SUP-001,5.0,WH-EA-05,16.0,3.0,22.0,84.0,2.87,16595.2,7.5,No,No,Spring,Rainy,15601.64,0.0,0.0,272.74,0.05,4,2023,3,12,6
3512,ORD103512,P-SPO-009,Sports,Skipping Rope,East,Patna,SUP-021,10.0,WH-EA-02,212.0,12.0,77.0,380.0,11.15,4242.83,12.1,No,No,Summer,Sunny,4925.98,0.0,1.0,468.13,0.027,17,2023,4,30,6
3513,ORD103513,P-SPO-004,Sports,Cricket Bat,Central,Jabalpur,SUP-013,2.0,WH-CE-05,48.0,11.0,66.0,240.0,9.18,615.33,17.4,No,No,,Sunny,662.08,0.0,1.0,262.5,0.097,7,2022,3,30,2
3514,ORD103514,P-SPO-003,Sports,Skipping Rope,South,Chennai,SUP-019,10.0,WH-SO-05,381.0,14.0,123.0,452.0,16.08,4808.54,1.9,No,No,Autumn,Sunny,4939.2,0.0,1.0,484.83,0.036,22,2021,9,16,3
3515,ORD103515,P-BEA-008,Beauty,Lipstick Set,East,Patna,SUP-021,6.0,WH-EA-03,426.0,27.0,141.0,452.0,19.58,887.91,19.3,No,No,Autumn,Cloudy,1080.73,0.0,1.0,255.2,0.114,35,2024,6,2,6
3516,ORD103516,P-FUR-015,Furniture,Sofa Cushion Set,Central,Indore,SUP-026,7.0,WH-CE-02,60.0,5.0,30.0,158.0,,13728.81,7.4,No,No,Autumn,Sunny,15129.95,0.0,1.0,369.28,0.107,6,2022,8,10,2
3517,ORD103517,P-ELE-007,Electronics,Bluetooth Speaker,North,Lucknow,SUP-038,6.0,WH-NO-03,192.0,8.0,73.0,266.0,9.26,7635.96,10.2,No,No,Autumn,Sunny,7373.02,0.0,1.0,354.21,0.162,8,2021,10,31,6
3518,ORD103518,P-CLO-014,Clothing,Cotton Saree,East,Patna,SUP-023,4.0,WH-EA-04,132.0,28.0,222.0,783.0,27.4,1405.07,14.7,No,Yes,Winter,Rainy,1290.01,0.0,0.0,1264.85,0.045,30,2024,12,25,2
3519,ORD103519,P-BEA-013,Beauty,Body Lotion 400ml,North,Chandigarh,SUP-010,4.0,WH-NO-05,570.0,36.0,304.0,968.0,32.99,662.69,34.0,Yes,No,Winter,Cloudy,640.21,0.0,3.0,382.73,0.042,44,2021,2,17,2
3520,ORD103520,P-CLO-012,Clothing,Woolen Sweater,East,Guwahati,SUP-021,9.0,WH-EA-01,449.0,26.0,123.0,516.0,19.31,1429.14,2.4,No,No,Summer,Cloudy,1417.4,0.0,,480.54,0.082,16,2022,5,22,6
3521,ORD103521,P-SPO-014,Sports,Gym Dumbbells 5kg,South,Hyderabad,SUP-021,4.0,WH-SO-02,45.0,9.0,118.0,449.0,14.09,4266.11,9.5,No,No,Winter,Rainy,4007.3,0.0,0.0,300.52,0.113,7,2023,12,20,2
3522,ORD103522,P-ELE-007,Electronics,LED TV 43in,Central,Jabalpur,SUP-035,7.0,WH-CE-01,117.0,13.0,85.0,299.0,10.19,13655.49,24.5,No,No,Summer,Cloudy,12427.09,0.0,3.0,359.83,0.098,10,2022,8,24,2
3523,ORD103523,P-GRO-012,Grocery,Tea Powder 500g,South,Hyderabad,SUP-023,6.0,WH-SO-05,322.0,52.0,323.0,1154.0,39.75,471.71,0.2,No,No,Summer,Sunny,480.59,0.0,1.0,294.18,0.13,33,2024,5,15,2
3524,ORD103524,P-CLO-003,Clothing,Formal Shirt,North,Chandigarh,SUP-035,9.0,WH-NO-03,229.0,20.0,119.0,430.0,16.55,2178.53,8.0,No,No,Summer,Rainy,2333.33,0.0,3.0,474.32,0.095,12,2022,6,9,3
3525,ORD103525,P-CLO-005,Clothing,Women's Kurti,West,Mumbai,SUP-026,10.0,WH-WE-02,416.0,,124.0,551.0,20.47,1079.97,11.8,Yes,No,Autumn,Stormy,1240.47,0.0,1.0,400.11,0.002,37,2023,7,29,5
3526,ORD103526,P-ELE-009,Electronics,Laptop Stand,West,Nagpur,SUP-023,20.0,WH-WE-02,128.0,10.0,75.0,303.0,11.14,10373.34,8.3,No,No,Autumn,Sunny,10436.99,0.0,4.0,642.24,0.181,14,2022,9,17,5
3527,ORD103527,P-ELE-001,Electronics,Wireless Earbuds,West,Mumbai,SUP-014,16.0,WH-WE-01,140.0,15.0,76.0,408.0,12.98,3466.21,12.2,No,No,Autumn,Sunny,,0.0,0.0,463.51,0.014,15,2022,11,17,3
3528,ORD103528,P-BEA-012,Beauty,Lipstick Set,West,Mumbai,SUP-011,8.0,WH-WE-03,469.0,37.0,186.0,1316.0,34.37,840.95,18.0,No,No,Winter,Sunny,716.41,0.0,1.0,369.23,0.056,54,2022,12,29,3
3529,ORD103529,P-CLO-014,Clothing,Cotton Saree,South,Kochi,SUP-004,3.0,WH-SO-04,221.0,14.0,201.0,791.0,25.75,1407.57,24.8,Yes,No,Autumn,Sunny,1504.26,0.0,0.0,301.97,0.216,37,2024,11,25,0
3530,ORD103530,P-ELE-002,Electronics,Home Router,East,Bhubaneswar,SUP-022,10.0,WH-EA-02,156.0,10.0,46.0,244.0,7.55,12690.4,10.8,Yes,No,Winter,Sunny,11666.19,0.0,,357.39,0.069,15,2024,1,16,1
3531,ORD103531,P-ELE-015,Electronics,Smartwatch,North,Delhi,SUP-037,5.0,WH-NO-03,76.0,10.0,60.0,395.0,12.12,14226.17,6.9,No,No,Autumn,Sunny,14573.06,0.0,0.0,292.82,0.119,12,2022,6,26,6
3532,ORD103532,P-CLO-002,Clothing,Woolen Sweater,North,Chandigarh,SUP-001,13.0,WH-NO-04,393.0,17.0,148.0,523.0,20.82,708.32,2.5,Yes,No,Autumn,Cloudy,705.88,0.0,2.0,451.71,0.023,23,2022,9,1,3
3533,ORD103533,P-ELE-002,Electronics,Power Bank 10000mAh,Central,Raipur,SUP-039,6.0,WH-CE-02,48.0,9.0,51.0,218.0,6.53,10925.37,18.4,No,No,Autumn,Sunny,10713.97,1.0,0.0,258.57,0.162,6,2022,8,17,2
3534,ORD103534,P-FUR-012,Furniture,Office Chair,West,Mumbai,SUP-035,2.0,WH-WE-04,52.0,4.0,31.0,126.0,4.1,14202.31,20.9,No,No,Winter,Rainy,12516.53,0.0,1.0,346.36,0.09,5,2023,12,12,1
3535,ORD103535,P-BEA-011,Beauty,Body Lotion 400ml,North,,SUP-018,22.0,WH-NO-02,616.0,27.0,168.0,937.0,28.22,972.6,1.6,Yes,No,Summer,Cloudy,913.7,0.0,3.0,706.95,0.146,25,2023,5,14,6
3536,ORD103536,P-GRO-015,Grocery,Wheat Flour 5kg,North,Jaipur,SUP-013,8.0,WH-NO-03,441.0,28.0,202.0,854.0,31.74,525.91,7.2,,No,Spring,Sunny,,0.0,0.0,,0.078,20,2023,2,20,0
3537,ORD103537,P-CLO-007,Clothing,Cotton Saree,Central,Bhopal,SUP-024,17.0,WH-CE-05,86.0,12.0,95.0,395.0,12.83,2379.84,8.6,No,No,Autumn,Rainy,2266.73,0.0,3.0,542.0,0.159,9,2022,9,21,2
3538,ORD103538,P-ELE-009,Electronics,Smartphone Charger,North,,SUP-035,5.0,WH-NO-05,25.0,6.0,51.0,205.0,6.4,9229.46,19.1,No,No,Summer,Cloudy,10102.52,1.0,0.0,353.44,0.087,8,2022,8,6,5
3539,ORD103539,P-GRO-003,Grocery,Tea Powder 500g,South,Chennai,SUP-002,9.0,WH-SO-03,732.0,72.0,359.0,1432.0,48.15,487.54,14.8,No,No,Spring,Rainy,473.78,0.0,2.0,,0.05,51,2023,3,23,3
3540,ORD103540,P-SPO-011,Sports,Running Shoes,North,Jaipur,SUP-018,10.0,WH-NO-02,207.0,6.0,109.0,367.0,13.81,787.78,10.5,No,No,Summer,Rainy,745.37,0.0,0.0,263.45,0.028,10,2024,4,29,0
3541,ORD103541,P-CLO-015,Clothing,Woolen Sweater,North,Lucknow,SUP-002,5.0,WH-NO-05,688.0,52.0,202.0,732.0,29.54,522.08,14.2,No,Yes,Autumn,Rainy,549.21,0.0,0.0,237.85,0.171,54,2024,11,13,2
3542,ORD103542,P-SPO-009,Sports,Cycling Helmet,South,Chennai,SUP-026,7.0,WH-SO-03,282.0,21.0,93.0,401.0,12.5,873.53,4.9,No,No,Spring,Rainy,896.35,0.0,2.0,351.93,0.281,15,2021,3,31,2
3543,ORD103543,P-GRO-014,Grocery,Instant Noodles Pack,Central,Raipur,SUP-004,6.0,WH-CE-02,608.0,31.0,250.0,1096.0,,315.48,5.1,No,No,Winter,Cloudy,366.77,0.0,0.0,276.2,0.111,38,2021,12,13,0
3544,ORD103544,P-GRO-006,Grocery,Tea Powder 500g,South,Hyderabad,SUP-013,,WH-SO-03,181.0,44.0,245.0,1170.0,41.9,478.18,13.1,Yes,No,Autumn,Sunny,516.86,0.0,2.0,525.92,0.015,41,2023,9,29,4
3545,ORD103545,P-CLO-015,Clothing,Woolen Sweater,East,,SUP-030,14.0,WH-EA-03,198.0,14.0,69.0,432.0,13.33,2284.16,25.9,No,No,Autumn,Cloudy,1920.73,1.0,1.0,440.88,0.023,14,2021,8,6,4
3546,ORD103546,P-CLO-009,Clothing,Men's Cotton T-Shirt,West,Nagpur,SUP-031,7.0,WH-WE-05,187.0,37.0,170.0,791.0,27.92,2254.04,12.8,Yes,No,Autumn,Cloudy,2399.23,0.0,2.0,424.1,0.103,36,2023,6,11,6
3547,ORD103547,P-SPO-003,Sports,Cycling Helmet,East,Guwahati,SUP-010,5.0,WH-EA-02,53.0,10.0,60.0,259.0,9.58,3764.45,15.8,Yes,No,Autumn,,3971.09,0.0,0.0,256.26,0.066,9,2022,9,11,6
3548,ORD103548,P-ELE-006,Electronics,Smartphone Charger,West,Ahmedabad,SUP-021,5.0,WH-WE-01,197.0,10.0,74.0,276.0,8.84,10339.15,17.5,No,No,Autumn,Cloudy,11711.77,0.0,1.0,288.98,0.078,15,2021,10,6,2
3549,ORD103549,P-BEA-008,Beauty,Lipstick Set,West,Pune,SUP-008,10.0,WH-WE-03,215.0,43.0,219.0,790.0,31.91,748.32,10.1,No,No,Winter,Sunny,736.44,1.0,0.0,342.73,0.028,33,2023,1,7,5
3550,ORD103550,P-SPO-002,Sports,Cycling Helmet,East,Bhubaneswar,SUP-024,11.0,WH-EA-05,333.0,7.0,98.0,492.0,16.09,2855.23,25.3,No,No,Winter,Cloudy,3105.66,0.0,2.0,459.02,0.006,18,2023,1,14,5
3551,ORD103551,P-CLO-014,Clothing,Cotton Saree,East,Kolkata,SUP-001,5.0,WH-EA-01,113.0,15.0,,380.0,15.26,363.58,17.9,No,No,Autumn,Sunny,353.27,0.0,0.0,280.7,0.197,10,2023,11,8,2
3552,ORD103552,P-GRO-004,Grocery,Instant Noodles Pack,West,Nagpur,SUP-033,8.0,WH-WE-05,336.0,55.0,369.0,1354.0,51.12,465.44,12.3,,No,Summer,Cloudy,476.25,0.0,1.0,378.3,0.121,53,2024,4,21,6
3553,ORD103553,P-CLO-011,Clothing,Cotton Saree,West,Mumbai,SUP-001,7.0,WH-WE-01,329.0,22.0,162.0,713.0,24.72,1994.69,13.6,No,No,Autumn,Cloudy,1826.35,0.0,1.0,342.2,0.099,25,2024,10,27,6
3554,ORD103554,P-GRO-014,Grocery,Tea Powder 500g,West,Surat,SUP-025,8.0,WH-WE-03,300.0,21.0,268.0,1344.0,41.89,300.67,1.6,No,No,Autumn,Rainy,267.61,0.0,0.0,284.91,0.01,35,2022,10,4,1
3555,ORD103555,P-BEA-007,Beauty,Herbal Shampoo 200ml,North,Lucknow,SUP-017,7.0,WH-NO-03,486.0,25.0,164.0,593.0,24.88,143.14,25.9,No,No,Autumn,Sunny,153.1,0.0,2.0,403.6,0.081,36,2023,10,4,2
3556,ORD103556,P-CLO-010,Clothing,Woolen Sweater,West,Surat,SUP-009,3.0,WH-WE-01,565.0,19.0,168.0,748.0,23.24,1009.43,6.7,No,No,Winter,Stormy,,0.0,0.0,151.48,0.071,32,2024,2,25,6
3557,ORD103557,P-SPO-008,Sports,Running Shoes,West,Pune,SUP-022,4.0,WH-WE-04,255.0,15.0,114.0,563.0,16.8,3349.89,3.1,No,No,Winter,Rainy,3006.66,0.0,0.0,293.42,,17,2024,12,13,4
3558,ORD103558,P-FUR-012,Furniture,Sofa Cushion Set,South,Bengaluru,SUP-006,2.0,WH-SO-01,63.0,8.0,52.0,248.0,8.07,6942.83,29.1,No,No,Autumn,,7395.23,0.0,0.0,283.38,0.064,9,2023,8,9,2
3559,ORD103559,P-CLO-001,Clothing,Formal Shirt,West,Nagpur,SUP-024,7.0,WH-WE-03,551.0,13.0,159.0,754.0,25.61,755.59,3.3,Yes,No,Winter,,590.23,0.0,1.0,279.53,0.078,29,2021,12,26,6
3560,ORD103560,P-FUR-006,Furniture,TV Unit,South,Coimbatore,SUP-026,7.0,WH-SO-03,59.0,5.0,40.0,161.0,5.39,4268.71,13.8,No,No,Summer,Rainy,3992.14,0.0,0.0,360.36,0.027,5,2022,5,15,6
3561,ORD103561,P-CLO-010,Clothing,Formal Shirt,South,Bengaluru,SUP-019,5.0,WH-SO-03,231.0,,128.0,500.0,19.46,1155.49,1.8,No,,Autumn,Rainy,1001.97,0.0,1.0,402.41,0.062,16,2021,11,2,1
3562,ORD103562,P-SPO-002,Sports,Football,West,Mumbai,SUP-015,8.0,WH-WE-01,163.0,10.0,119.0,469.0,15.73,1662.78,6.1,No,No,Autumn,Sunny,1822.3,0.0,1.0,307.73,0.041,14,2021,10,16,5
3563,ORD103563,P-ELE-013,Electronics,Smartphone Charger,South,Hyderabad,SUP-019,5.0,WH-SO-03,190.0,9.0,71.0,254.0,8.21,11250.87,8.2,Yes,No,,Cloudy,10860.64,0.0,0.0,290.75,0.092,10,2022,3,24,3
3564,ORD103564,P-SPO-010,Sports,Running Shoes,South,Kochi,SUP-039,6.0,WH-SO-04,46.0,6.0,57.0,399.0,9.73,4453.35,,Yes,No,Winter,,4481.46,0.0,1.0,306.73,0.019,11,2022,12,30,4
3565,ORD103565,P-BEA-001,Beauty,Hair Oil 250ml,South,Hyderabad,SUP-031,4.0,WH-SO-03,164.0,43.0,250.0,1254.0,37.06,661.66,12.7,Yes,No,Winter,Cloudy,677.76,0.0,0.0,249.34,0.108,52,2024,2,24,5
3566,ORD103566,P-SPO-001,Sports,Football,West,Mumbai,SUP-001,5.0,WH-WE-04,129.0,17.0,71.0,394.0,13.37,2851.97,8.5,No,No,Spring,Sunny,3036.46,1.0,,283.1,0.037,13,2022,3,2,2
3567,ORD103567,P-CLO-003,Clothing,Cotton Saree,South,Coimbatore,SUP-012,10.0,WH-SO-04,359.0,,140.0,562.0,20.82,2328.85,25.1,No,No,Autumn,Sunny,2458.39,0.0,1.0,315.4,0.144,29,2021,9,30,3
3568,ORD103568,P-BEA-010,Beauty,Talcum Powder,West,Ahmedabad,SUP-001,12.0,WH-WE-01,151.0,50.0,334.0,1154.0,37.23,,11.6,No,No,Summer,Sunny,805.17,0.0,1.0,505.18,0.034,33,2021,7,4,6
3569,ORD103569,P-GRO-008,Grocery,Tea Powder 500g,West,Surat,SUP-010,8.0,WH-WE-05,572.0,66.0,297.0,1161.0,38.95,233.76,2.2,Yes,No,Autumn,Cloudy,228.79,0.0,1.0,356.28,0.008,54,2021,10,14,3
3570,ORD103570,P-BEA-008,Beauty,Talcum Powder,East,Patna,SUP-032,9.0,WH-EA-05,579.0,28.0,153.0,753.0,24.23,1062.89,11.2,No,No,,Sunny,1135.43,0.0,1.0,381.6,0.018,34,2022,9,25,6
3571,ORD103571,P-ELE-009,Electronics,Smartphone Charger,Central,Bhopal,SUP-035,10.0,WH-CE-05,108.0,6.0,53.0,192.0,7.13,13003.51,18.4,No,No,Summer,Cloudy,12321.7,0.0,0.0,,0.053,6,2022,8,25,3
3572,ORD103572,P-GRO-008,Grocery,Toor Dal 1kg,West,Mumbai,SUP-019,6.0,WH-WE-05,573.0,62.0,268.0,1151.0,46.06,275.57,1.7,No,No,Summer,Rainy,266.71,0.0,0.0,321.35,0.331,44,2022,8,6,5
3573,ORD103573,P-CLO-006,Clothing,Kids Winter Jacket,South,Coimbatore,SUP-028,10.0,WH-SO-02,330.0,8.0,104.0,558.0,17.91,1147.54,2.8,No,No,Summer,Cloudy,1006.46,1.0,0.0,320.49,0.105,14,2022,4,9,5
3574,ORD103574,P-GRO-001,Grocery,Wheat Flour 5kg,Central,Gwalior,SUP-015,12.0,WH-CE-04,856.0,70.0,315.0,1170.0,41.02,321.26,4.7,No,No,Autumn,Rainy,364.34,0.0,0.0,352.14,0.061,58,2022,10,25,1
3575,ORD103575,P-GRO-001,Grocery,Basmati Rice 5kg,East,Patna,SUP-020,6.0,WH-EA-03,933.0,56.0,360.0,1617.0,54.02,130.82,9.4,No,No,Autumn,Rainy,120.42,0.0,1.0,314.53,0.129,49,2023,8,3,3
3576,ORD103576,P-BEA-011,Beauty,Lipstick Set,North,Delhi,SUP-034,,WH-NO-05,227.0,20.0,124.0,489.0,18.28,105.75,10.9,No,No,Spring,Sunny,117.69,0.0,0.0,413.83,0.067,16,2021,3,7,6
3577,ORD103577,P-GRO-012,Grocery,Wheat Flour 5kg,South,Coimbatore,SUP-012,5.0,WH-SO-05,294.0,27.0,356.0,1703.0,51.2,170.16,8.1,,No,Autumn,Sunny,177.47,0.0,3.0,370.35,0.135,49,2024,7,24,2
3578,ORD103578,P-BEA-004,Beauty,Herbal Shampoo 200ml,East,Kolkata,SUP-013,7.0,WH-EA-01,,26.0,137.0,533.0,20.41,153.43,5.3,No,No,Spring,Cloudy,155.88,0.0,1.0,310.52,0.021,20,2022,3,23,2
3579,ORD103579,P-ELE-004,Electronics,LED TV 43in,North,Delhi,SUP-006,5.0,WH-NO-05,138.0,10.0,81.0,314.0,9.67,10153.12,19.3,Yes,No,Summer,Cloudy,10451.21,0.0,0.0,240.45,0.106,12,2021,7,22,3
3580,ORD103580,P-BEA-007,Beauty,Lipstick Set,East,Bhubaneswar,SUP-009,7.0,WH-EA-04,407.0,23.0,134.0,729.0,24.46,504.73,6.8,No,No,Autumn,Stormy,461.72,0.0,0.0,,0.013,19,2021,9,13,0
3581,ORD103581,P-BEA-010,Beauty,Talcum Powder,South,Coimbatore,SUP-002,10.0,WH-SO-03,235.0,14.0,109.0,518.0,17.69,983.26,2.2,No,No,Spring,Sunny,1109.55,0.0,2.0,449.76,0.055,18,2023,3,10,4
3582,ORD103582,P-GRO-009,Grocery,Toor Dal 1kg,East,Ranchi,SUP-033,7.0,WH-EA-03,682.0,22.0,215.0,906.0,29.73,106.01,7.6,No,No,Winter,,102.94,0.0,0.0,466.06,0.039,35,2023,1,31,1
3583,ORD103583,P-BEA-009,Beauty,Lipstick Set,North,Jaipur,SUP-035,11.0,WH-NO-03,555.0,18.0,132.0,669.0,22.82,632.76,13.0,Yes,No,Summer,Rainy,684.03,0.0,4.0,456.21,0.124,24,2021,5,10,0
3584,ORD103584,P-SPO-001,Sports,Badminton Racket,West,,SUP-017,6.0,WH-WE-04,272.0,11.0,134.0,626.0,21.55,2957.71,9.3,No,No,Winter,Rainy,2829.16,3.0,0.0,223.53,0.024,20,2022,12,31,5
3585,ORD103585,P-BEA-007,Beauty,Sunscreen Lotion,South,Coimbatore,SUP-024,10.0,WH-SO-04,164.0,26.0,195.0,737.0,24.67,435.78,13.9,No,No,Autumn,Cloudy,385.88,0.0,1.0,483.69,0.265,18,2021,11,20,5
3586,ORD103586,P-GRO-012,Grocery,Wheat Flour 5kg,North,Kanpur,SUP-010,6.0,WH-NO-03,276.0,67.0,278.0,1294.0,45.44,89.76,12.7,No,No,Autumn,Cloudy,104.0,0.0,0.0,158.06,0.065,49,2024,8,24,5
3587,ORD103587,P-CLO-009,Clothing,Track Pants,South,Bengaluru,SUP-002,8.0,WH-SO-05,333.0,24.0,166.0,651.0,21.08,796.09,3.8,No,No,Summer,Rainy,757.66,0.0,3.0,498.61,0.1,16,2022,3,28,0
3588,ORD103588,P-BEA-013,Beauty,Lipstick Set,East,Kolkata,SUP-021,2.0,WH-EA-02,85.0,17.0,129.0,784.0,23.16,862.58,15.8,,No,Winter,Cloudy,894.45,3.0,1.0,226.49,0.088,21,2024,12,31,1
3589,ORD103589,P-GRO-011,Grocery,Toor Dal 1kg,East,Guwahati,SUP-007,3.0,WH-EA-03,239.0,38.0,315.0,1291.0,34.36,,4.0,No,No,Summer,Rainy,273.84,0.0,0.0,236.67,0.107,26,2023,4,27,3
3590,ORD103590,P-BEA-014,Beauty,Face Wash 100ml,East,Ranchi,SUP-034,7.0,WH-EA-03,355.0,4.0,137.0,586.0,17.77,654.8,15.5,Yes,No,Autumn,Rainy,651.08,0.0,0.0,296.25,0.054,23,2024,11,9,5
3591,ORD103591,P-GRO-009,Grocery,Masala Mix 200g,North,Jaipur,SUP-012,4.0,WH-NO-01,186.0,324.0,287.0,1189.0,37.13,433.94,11.2,No,No,Summer,Sunny,454.91,0.0,4.0,508.6,0.024,47,2023,3,22,2
3592,ORD103592,P-BEA-009,Beauty,Lipstick Set,West,Pune,SUP-030,8.0,WH-WE-03,164.0,21.0,166.0,597.0,25.12,731.09,10.2,No,No,Autumn,Sunny,739.43,0.0,0.0,299.21,0.028,21,2021,7,4,6
3593,ORD103593,P-ELE-009,Electronics,Smartphone Charger,South,Hyderabad,SUP-011,7.0,WH-SO-05,238.0,11.0,67.0,282.0,9.54,8346.95,11.1,No,No,Autumn,Rainy,8281.5,0.0,1.0,393.65,0.156,10,2023,7,29,5
3594,ORD103594,P-ELE-004,Electronics,Smartphone Charger,North,Delhi,SUP-006,15.0,WH-NO-04,137.0,8.0,77.0,218.0,7.8,3390.79,1.9,Yes,No,,,3333.54,0.0,0.0,397.6,0.09,13,2022,11,29,1
3595,ORD103595,P-SPO-007,Sports,Yoga Mat,West,Pune,SUP-022,,WH-WE-04,468.0,27.0,134.0,580.0,22.82,4955.74,8.7,No,No,Summer,Sunny,5300.89,0.0,1.0,373.05,0.116,25,2024,4,11,3
3596,ORD103596,P-SPO-003,Sports,Skipping Rope,West,Surat,SUP-008,26.0,WH-WE-01,142.0,16.0,61.0,313.0,9.46,3926.27,6.8,No,No,Summer,Cloudy,3519.93,0.0,2.0,631.8,0.09,13,2022,7,26,1
3597,ORD103597,P-SPO-007,Sports,Cricket Bat,East,Kolkata,SUP-016,23.0,WH-EA-01,125.0,3.0,52.0,196.0,7.82,3537.39,5.2,Yes,No,Autumn,,3470.4,0.0,3.0,637.33,0.1,9,2021,10,1,4
3598,ORD103598,P-SPO-003,Sports,Cricket Bat,South,Hyderabad,SUP-012,10.0,WH-SO-03,251.0,21.0,138.0,531.0,19.28,4373.25,4.9,No,Yes,Summer,Sunny,,0.0,0.0,271.15,0.009,30,2021,6,15,1
3599,ORD103599,P-CLO-008,Clothing,Kids Winter Jacket,South,Chennai,SUP-036,4.0,WH-SO-02,199.0,30.0,216.0,693.0,27.98,1430.34,2.7,No,,Winter,Cloudy,1260.68,0.0,1.0,282.62,0.138,30,2023,12,23,5
3600,ORD103600,P-GRO-015,Grocery,Toor Dal 1kg,East,Bhubaneswar,SUP-021,9.0,WH-EA-01,1293.0,48.0,407.0,1601.0,54.13,387.49,30.3,Yes,No,Winter,Sunny,384.19,0.0,1.0,,0.062,110,2021,12,7,1
3601,ORD103601,P-ELE-007,Electronics,Home Router,North,Jaipur,SUP-029,7.0,WH-NO-03,195.0,7.0,51.0,289.0,8.65,6114.0,10.4,No,No,Autumn,Sunny,5574.36,0.0,0.0,349.73,0.128,10,2023,9,2,5
3602,ORD103602,P-CLO-012,Clothing,Track Pants,South,Kochi,SUP-024,17.0,WH-SO-04,157.0,28.0,170.0,574.0,21.8,1171.65,2.1,No,No,Autumn,Sunny,1199.86,0.0,3.0,572.57,,18,2021,7,16,4
3603,ORD103603,P-GRO-007,Grocery,Sugar 1kg,Central,Raipur,SUP-037,7.0,WH-CE-04,691.0,35.0,276.0,1006.0,35.41,449.8,28.7,Yes,No,Summer,Cloudy,450.99,,2.0,408.69,0.144,83,2021,4,27,1
3604,ORD103604,P-SPO-014,Sports,Yoga Mat,West,Nagpur,SUP-018,10.0,WH-WE-01,190.0,22.0,152.0,698.0,21.55,4957.46,1.3,No,No,Autumn,Rainy,4583.08,0.0,2.0,408.59,0.166,16,2023,11,5,6
3605,ORD103605,P-ELE-004,Electronics,Laptop Stand,South,Coimbatore,SUP-035,8.0,WH-SO-04,,6.0,42.0,225.0,6.66,2001.23,14.6,No,No,Summer,Cloudy,2005.11,,1.0,364.88,0.051,9,2022,5,19,3
3606,ORD103606,P-ELE-013,Electronics,Smartwatch,North,Kanpur,SUP-036,4.0,WH-NO-02,184.0,9.0,,278.0,9.26,11145.09,,Yes,No,Summer,Rainy,11203.71,0.0,0.0,282.23,0.084,16,2023,4,9,6
3607,ORD103607,P-GRO-011,Grocery,Wheat Flour 5kg,West,Surat,SUP-037,6.0,WH-WE-01,936.0,64.0,364.0,1428.0,54.32,273.58,20.9,No,No,Winter,Sunny,260.25,0.0,0.0,209.35,0.133,71,2021,2,10,2
3608,ORD103608,P-ELE-014,Electronics,LED TV 43in,South,Hyderabad,SUP-028,8.0,WH-SO-03,215.0,13.0,77.0,323.0,11.13,14890.56,10.1,Yes,Yes,Autumn,Sunny,14394.32,0.0,0.0,348.7,0.14,21,2021,10,2,5
3609,ORD103609,P-GRO-002,Grocery,Masala Mix 200g,North,Jaipur,SUP-040,7.0,WH-NO-02,891.0,33.0,302.0,1235.0,43.0,489.53,3.4,No,No,Summer,Sunny,464.15,0.0,1.0,372.72,0.07,43,2021,5,12,2
3610,ORD103610,P-FUR-014,Furniture,Foldable Bed,North,Lucknow,SUP-030,4.0,WH-NO-04,77.0,5.0,32.0,146.0,5.18,15943.35,10.7,Yes,No,Winter,Rainy,13034.67,0.0,,220.49,,8,2022,2,13,6
3611,ORD103611,P-GRO-014,Grocery,Toor Dal 1kg,West,Surat,SUP-013,12.0,WH-WE-04,294.0,71.0,385.0,1422.0,54.62,461.23,4.6,No,No,,Cloudy,495.43,0.0,1.0,,0.064,41,2022,2,19,5
3612,ORD103612,P-FUR-005,Furniture,Dining Chair,East,Guwahati,SUP-007,6.0,WH-EA-04,44.0,5.0,25.0,98.0,3.04,2414.27,35.2,Yes,No,Summer,Rainy,2645.04,0.0,1.0,388.45,0.051,5,2022,7,2,5
3613,ORD103613,P-SPO-010,Sports,Yoga Mat,North,Jaipur,SUP-009,16.0,WH-NO-01,259.0,20.0,105.0,393.0,13.58,4118.91,24.9,No,No,Winter,Sunny,3542.19,0.0,1.0,548.57,0.061,17,2021,12,22,2
3614,ORD103614,P-FUR-009,Furniture,Office Chair,North,Delhi,SUP-023,9.0,WH-NO-02,86.0,12.0,57.0,204.0,8.32,8943.43,14.1,No,Yes,Autumn,Rainy,9807.75,0.0,1.0,351.71,0.207,14,2022,10,30,6
3615,ORD103615,P-FUR-001,Furniture,TV Unit,East,,SUP-007,6.0,WH-EA-03,96.0,5.0,,146.0,4.61,10913.94,10.6,No,No,Autumn,Rainy,11264.48,0.0,0.0,327.79,0.274,5,2024,8,8,3
3616,ORD103616,P-GRO-008,Grocery,Instant Noodles Pack,East,Guwahati,SUP-010,6.0,WH-EA-05,555.0,54.0,362.0,1434.0,40.95,441.05,12.2,No,No,Summer,Rainy,402.16,0.0,,379.98,0.25,38,2021,5,6,3
3617,ORD103617,P-ELE-010,Electronics,Bluetooth Speaker,West,Mumbai,SUP-026,6.0,WH-WE-03,101.0,11.0,60.0,303.0,9.83,2162.71,9.0,No,No,Summer,Sunny,2126.51,0.0,0.0,302.29,0.041,12,2024,7,29,0
3618,ORD103618,P-GRO-004,Grocery,Masala Mix 200g,North,Jaipur,SUP-014,19.0,WH-NO-04,1009.0,34.0,335.0,1174.0,43.59,471.3,,No,No,Autumn,Sunny,444.7,0.0,,449.58,0.291,39,2022,8,26,4
3619,ORD103619,P-SPO-006,Sports,Yoga Mat,West,Nagpur,SUP-028,4.0,WH-WE-02,227.0,16.0,138.0,606.0,16.69,4090.03,12.6,No,No,Summer,Cloudy,4392.14,0.0,1.0,271.94,0.062,21,2023,4,25,1
3620,ORD103620,P-FUR-009,Furniture,Sofa Cushion Set,Central,Raipur,SUP-040,2.0,WH-CE-02,14.0,4.0,27.0,138.0,4.61,1822.47,10.7,No,No,Autumn,Cloudy,1688.69,1.0,0.0,142.16,0.1,4,2023,9,9,5
3621,ORD103621,P-GRO-014,Grocery,Basmati Rice 5kg,East,Ranchi,SUP-004,4.0,WH-EA-04,221.0,31.0,,774.0,23.95,177.3,11.4,No,No,,Rainy,207.41,0.0,1.0,375.28,0.069,29,2023,12,10,6
3622,ORD103622,P-CLO-001,Clothing,Cotton Saree,North,Kanpur,SUP-026,7.0,WH-NO-05,220.0,40.0,263.0,929.0,32.22,292.78,9.2,No,No,Autumn,Sunny,319.92,0.0,1.0,467.73,0.082,34,2024,10,10,3
3623,ORD103623,P-BEA-015,Beauty,Herbal Shampoo 200ml,West,Ahmedabad,SUP-033,12.0,WH-WE-01,918.0,40.0,255.0,1148.0,40.95,571.17,13.0,No,No,Winter,Cloudy,515.2,0.0,0.0,403.78,0.069,44,2024,12,31,1
3624,ORD103624,P-FUR-013,Furniture,Office Chair,South,Kochi,SUP-006,12.0,WH-SO-03,63.0,6.0,50.0,223.0,6.92,12544.62,22.0,No,No,Summer,Sunny,14188.9,0.0,1.0,367.24,0.155,10,2021,5,24,0
3625,ORD103625,P-CLO-013,Clothing,Track Pants,North,Kanpur,SUP-032,13.0,WH-NO-04,250.0,14.0,100.0,491.0,18.13,669.17,0.8,Yes,No,Summer,Cloudy,708.24,0.0,0.0,448.89,,22,2022,8,23,1
3626,ORD103626,P-SPO-001,Sports,Football,South,Bengaluru,SUP-021,5.0,WH-SO-01,188.0,15.0,112.0,487.0,16.98,1199.3,11.8,No,No,Winter,Sunny,1184.85,0.0,1.0,262.08,0.04,15,2023,2,27,0
3627,ORD103627,P-FUR-009,Furniture,Plastic Storage Rack,Central,Jabalpur,SUP-026,4.0,WH-CE-04,39.0,3.0,27.0,94.0,3.17,3713.09,0.6,Yes,No,Winter,Rainy,3913.82,0.0,0.0,374.25,,4,2023,2,3,4
3628,ORD103628,P-FUR-006,Furniture,TV Unit,South,Bengaluru,SUP-003,,WH-SO-03,66.0,5.0,24.0,145.0,4.28,5966.79,14.6,No,No,Winter,Sunny,6408.17,0.0,1.0,296.3,0.101,3,2024,12,19,3
3629,ORD103629,P-ELE-014,Electronics,Home Router,West,Ahmedabad,SUP-018,9.0,WH-WE-03,196.0,19.0,,477.0,18.49,7050.78,4.0,Yes,No,Autumn,Cloudy,6623.04,0.0,0.0,345.24,0.167,15,2023,8,10,3
3630,ORD103630,P-ELE-012,Electronics,Bluetooth Speaker,East,Ranchi,SUP-015,4.0,WH-EA-03,31.0,4.0,39.0,184.0,5.55,10741.08,28.5,No,No,Summer,Sunny,11458.55,0.0,1.0,354.16,0.095,4,2022,8,11,3
3631,ORD103631,P-SPO-010,Sports,Cricket Bat,East,Guwahati,SUP-007,9.0,WH-EA-05,214.0,9.0,83.0,356.0,11.01,4404.72,16.9,No,No,Autumn,Sunny,4252.24,3.0,0.0,345.12,0.08,14,2024,9,6,4
3632,ORD103632,P-CLO-001,Clothing,Denim Jeans,North,Lucknow,SUP-031,12.0,WH-NO-01,258.0,22.0,146.0,715.0,22.53,288.77,17.8,No,No,Winter,Cloudy,307.58,0.0,2.0,353.34,0.05,30,2023,12,4,0
3633,ORD103633,P-GRO-014,Grocery,Tea Powder 500g,East,Guwahati,SUP-021,9.0,WH-EA-02,711.0,40.0,229.0,1102.0,34.34,363.19,27.2,No,No,,Sunny,359.23,0.0,1.0,403.33,0.024,45,2024,3,10,6
3634,ORD103634,P-CLO-008,Clothing,Denim Jeans,North,Lucknow,SUP-036,9.0,WH-NO-02,256.0,18.0,162.0,553.0,20.79,1424.94,6.1,No,No,,Cloudy,1310.11,0.0,1.0,326.4,0.017,22,2023,7,6,3
3635,ORD103635,P-ELE-003,Electronics,Laptop Stand,South,Chennai,SUP-007,9.0,WH-SO-05,216.0,5.0,70.0,217.0,8.42,1224.89,5.1,No,No,Summer,Sunny,1286.65,1.0,0.0,349.44,0.103,7,2021,4,5,0
3636,ORD103636,P-BEA-014,Beauty,Talcum Powder,South,Kochi,SUP-030,1.0,WH-SO-03,641.0,17.0,196.0,637.0,25.95,897.56,18.7,No,No,Autumn,Cloudy,870.37,0.0,1.0,181.08,0.058,22,2024,11,19,1
3637,ORD103637,P-GRO-014,Grocery,Tea Powder 500g,South,Bengaluru,SUP-025,5.0,WH-SO-01,1301.0,62.0,450.0,1622.0,56.27,476.22,6.6,No,No,Autumn,Rainy,482.11,0.0,0.0,288.56,0.104,64,2023,11,8,2
3638,ORD103638,P-BEA-008,Beauty,Sunscreen Lotion,East,Ranchi,SUP-027,4.0,WH-EA-01,348.0,28.0,170.0,754.0,24.39,117.14,21.6,Yes,No,Summer,Rainy,120.97,,0.0,298.08,0.017,22,2021,8,7,5
3639,ORD103639,P-CLO-010,Clothing,Kids Winter Jacket,North,Chandigarh,SUP-013,14.0,WH-NO-05,146.0,21.0,164.0,697.0,25.78,1692.99,7.3,No,No,Winter,Sunny,1891.99,0.0,3.0,593.18,0.028,25,2022,1,4,1
3640,ORD103640,P-GRO-010,Grocery,Sunflower Oil 1L,South,Bengaluru,SUP-028,17.0,WH-SO-01,,18.0,135.0,789.0,24.9,104.38,9.0,No,No,Summer,Cloudy,100.74,0.0,2.0,585.81,0.148,23,2022,5,14,5
3641,ORD103641,P-ELE-005,Electronics,Smartwatch,Central,Gwalior,SUP-010,12.0,WH-CE-01,109.0,5.0,50.0,263.0,8.92,7041.92,21.5,No,No,Winter,Sunny,6564.13,0.0,1.0,510.45,0.103,13,2022,1,8,5
3642,ORD103642,P-BEA-012,Beauty,Talcum Powder,North,Delhi,SUP-031,4.0,WH-NO-03,115.0,16.0,180.0,786.0,26.23,101.85,10.4,No,No,Autumn,Sunny,115.26,1.0,0.0,298.38,0.053,31,2023,6,27,1
3643,ORD103643,P-ELE-015,Electronics,Laptop Stand,South,,SUP-018,11.0,WH-SO-03,105.0,7.0,63.0,239.0,7.51,12085.83,14.2,No,No,Spring,Rainy,12088.91,0.0,3.0,,0.096,9,2023,3,11,5
3644,ORD103644,P-ELE-015,Electronics,Power Bank 10000mAh,South,Chennai,SUP-020,17.0,WH-SO-02,289.0,8.0,92.0,460.0,15.34,4963.55,7.6,No,No,Autumn,Sunny,4747.08,0.0,2.0,543.43,0.179,12,2021,11,7,6
3645,ORD103645,P-BEA-011,Beauty,Body Lotion 400ml,South,Coimbatore,SUP-024,14.0,WH-SO-01,317.0,19.0,189.0,487.0,18.44,851.11,5.8,Yes,No,Autumn,Sunny,875.78,0.0,3.0,574.89,0.081,23,2023,10,15,6
3646,ORD103646,P-GRO-006,Grocery,Toor Dal 1kg,West,Pune,SUP-004,6.0,WH-WE-01,819.0,46.0,272.0,1383.0,39.91,185.89,2.0,No,No,Spring,Rainy,180.78,0.0,1.0,234.81,0.178,54,2022,2,24,3
3647,ORD103647,P-GRO-014,Grocery,Wheat Flour 5kg,South,Coimbatore,SUP-015,14.0,WH-SO-03,1275.0,32.0,323.0,1716.0,54.32,319.96,20.8,No,No,Summer,Sunny,313.11,0.0,2.0,370.88,0.083,54,2021,8,21,5
3648,ORD103648,P-GRO-014,Grocery,Masala Mix 200g,South,Bengaluru,SUP-009,6.0,WH-SO-05,872.0,30.0,283.0,1172.0,44.03,277.8,8.4,Yes,No,Autumn,Sunny,335.0,0.0,1.0,348.81,0.028,72,2024,10,29,1
3649,ORD103649,P-BEA-001,Beauty,Lipstick Set,East,Guwahati,SUP-039,10.0,WH-EA-01,204.0,12.0,88.0,373.0,12.73,129.32,17.4,Yes,No,Summer,Rainy,119.1,0.0,0.0,478.48,0.095,13,2022,4,5,1
3650,ORD103650,P-GRO-006,Grocery,Sugar 1kg,South,Coimbatore,SUP-017,16.0,WH-SO-03,1093.0,48.0,535.0,1935.0,63.48,552.85,3.7,No,No,Winter,Sunny,489.25,0.0,4.0,667.0,0.065,81,2021,12,6,0
3651,ORD103651,P-GRO-009,Grocery,Sugar 1kg,Central,Indore,SUP-001,16.0,WH-CE-01,419.0,28.0,190.0,705.0,26.73,462.85,,No,Yes,Autumn,Rainy,508.23,0.0,0.0,422.35,0.152,33,2023,11,13,0
3652,ORD103652,P-GRO-009,Grocery,Basmati Rice 5kg,Central,Jabalpur,SUP-002,4.0,WH-CE-04,211.0,33.0,,820.0,25.37,72.46,14.7,No,No,Winter,Sunny,70.26,0.0,1.0,360.22,0.11,27,2024,1,21,6
3653,ORD103653,P-GRO-011,Grocery,Wheat Flour 5kg,North,Chandigarh,SUP-037,11.0,WH-NO-01,300.0,46.0,435.0,1308.0,49.14,305.92,9.8,No,No,Summer,Stormy,313.73,0.0,1.0,388.46,0.032,43,2021,8,11,2
3654,ORD103654,P-GRO-008,Grocery,Wheat Flour 5kg,South,Coimbatore,SUP-007,9.0,WH-SO-02,507.0,15.0,192.0,1061.0,30.26,469.41,17.0,Yes,,Spring,Rainy,493.38,0.0,0.0,287.31,0.134,42,2021,3,23,1
3655,ORD103655,P-ELE-001,Electronics,Smartphone Charger,North,Delhi,SUP-001,8.0,WH-NO-01,210.0,9.0,51.0,271.0,8.27,10167.77,2.7,No,No,Summer,Sunny,8744.43,0.0,0.0,242.89,0.036,6,2024,5,26,6
3656,ORD103656,P-ELE-003,Electronics,Power Bank 10000mAh,North,Kanpur,SUP-009,,WH-NO-04,66.0,7.0,57.0,,7.57,9424.24,30.1,No,No,,Stormy,10284.18,0.0,0.0,252.97,0.254,9,2023,1,7,5
3657,ORD103657,P-GRO-012,Grocery,Masala Mix 200g,East,Patna,SUP-009,10.0,WH-EA-04,738.0,41.0,284.0,945.0,35.28,417.96,4.9,No,No,Autumn,Sunny,399.19,0.0,1.0,343.32,0.085,37,2022,10,29,5
3658,ORD103658,P-SPO-011,Sports,Cycling Helmet,East,Guwahati,SUP-004,6.0,WH-EA-01,221.0,27.0,128.0,487.0,16.02,4441.7,2.5,No,No,Autumn,Rainy,5116.44,0.0,0.0,342.37,0.148,20,2022,9,7,2
3659,ORD103659,P-ELE-010,Electronics,Smartphone Charger,South,Bengaluru,SUP-040,19.0,WH-SO-03,105.0,4.0,32.0,161.0,6.23,10740.44,20.7,No,No,,Cloudy,10056.27,0.0,1.0,432.56,,6,2023,5,7,6
3660,ORD103660,P-GRO-007,Grocery,Toor Dal 1kg,South,Bengaluru,SUP-003,3.0,WH-SO-02,616.0,35.0,392.0,1325.0,45.0,345.71,2.2,No,No,Autumn,Sunny,389.01,0.0,2.0,365.44,0.125,69,2023,9,12,1
3661,ORD103661,P-SPO-005,Sports,Football,South,,SUP-030,6.0,WH-SO-01,81.0,10.0,53.0,269.0,9.01,3106.15,34.4,Yes,No,Summer,Cloudy,3540.2,0.0,1.0,279.56,0.043,15,2021,4,28,2
3662,ORD103662,P-SPO-005,Sports,Cricket Bat,Central,Jabalpur,SUP-034,9.0,WH-CE-01,453.0,25.0,152.0,617.0,19.83,3357.95,14.9,No,No,Winter,Sunny,3226.45,0.0,1.0,386.54,0.021,21,2022,1,23,6
3663,ORD103663,P-FUR-011,Furniture,Foldable Bed,Central,Indore,SUP-026,10.0,WH-CE-05,41.0,6.0,28.0,122.0,3.71,19881.02,18.4,No,No,Autumn,Cloudy,19578.34,0.0,1.0,350.79,0.067,5,2024,10,26,5
3664,ORD103664,P-GRO-008,Grocery,Instant Noodles Pack,North,Kanpur,SUP-006,2.0,WH-NO-04,269.0,41.0,355.0,1513.0,46.53,96.86,21.0,Yes,No,Autumn,,94.43,0.0,1.0,328.42,0.046,58,2021,9,1,2
3665,ORD103665,P-GRO-002,Grocery,Basmati Rice 5kg,East,Bhubaneswar,SUP-030,21.0,WH-EA-04,399.0,28.0,252.0,1225.0,37.28,553.32,10.8,No,No,Autumn,Sunny,620.59,0.0,1.0,539.87,0.039,50,2024,8,18,6
3666,ORD103666,P-GRO-006,Grocery,Sugar 1kg,South,,SUP-014,8.0,WH-SO-02,744.0,32.0,343.0,1300.0,41.81,278.3,29.5,No,No,Summer,Rainy,282.29,0.0,0.0,366.2,0.263,65,2022,8,10,2
3667,ORD103667,P-ELE-013,Electronics,Wireless Earbuds,West,Ahmedabad,SUP-017,6.0,WH-WE-02,125.0,8.0,64.0,,9.07,4210.24,6.0,Yes,No,Autumn,Rainy,4389.68,0.0,0.0,305.93,0.06,16,2021,10,5,1
3668,ORD103668,P-GRO-009,Grocery,Instant Noodles Pack,East,Bhubaneswar,SUP-011,6.0,WH-EA-04,198.0,22.0,199.0,657.0,23.49,129.82,13.4,Yes,No,Summer,Cloudy,128.33,0.0,0.0,347.45,0.187,23,2023,5,19,4
3669,ORD103669,P-CLO-013,Clothing,Men's Cotton T-Shirt,West,Pune,SUP-032,8.0,WH-WE-03,751.0,33.0,183.0,756.0,31.42,1866.25,4.7,No,No,Summer,Cloudy,1936.74,0.0,3.0,410.32,0.063,28,2023,8,27,6
3670,ORD103670,P-GRO-008,Grocery,Toor Dal 1kg,North,Jaipur,SUP-024,15.0,WH-NO-01,482.0,31.0,271.0,927.0,30.48,96.42,21.3,No,No,Summer,Sunny,100.56,0.0,0.0,511.46,0.095,31,2022,5,27,4
3671,ORD103671,P-FUR-008,Furniture,Study Table,South,Kochi,SUP-007,4.0,WH-SO-03,134.0,3.0,29.0,148.0,5.61,11865.04,12.6,No,No,Summer,Stormy,11298.56,0.0,0.0,229.39,0.136,2,2024,3,4,0
3672,ORD103672,P-GRO-015,Grocery,Toor Dal 1kg,Central,Jabalpur,SUP-017,10.0,WH-CE-03,498.0,15.0,252.0,869.0,28.65,481.64,14.2,No,No,Summer,Rainy,549.94,0.0,2.0,436.31,0.059,33,2021,4,4,6
3673,ORD103673,P-GRO-008,Grocery,Toor Dal 1kg,North,Chandigarh,SUP-032,6.0,WH-NO-03,211.0,50.0,335.0,1199.0,51.69,387.01,1.0,No,No,Autumn,Rainy,380.7,0.0,2.0,365.08,0.04,25,2021,6,28,0
3674,ORD103674,P-BEA-003,Beauty,Sunscreen Lotion,North,Kanpur,SUP-038,23.0,WH-NO-03,,35.0,334.0,1181.0,44.87,470.91,19.1,No,No,Autumn,Rainy,509.71,0.0,4.0,750.27,0.041,50,2023,6,28,2
3675,ORD103675,P-SPO-007,Sports,Skipping Rope,West,Nagpur,SUP-038,5.0,WH-WE-05,153.0,10.0,80.0,338.0,12.22,3231.73,6.8,No,No,Summer,Sunny,2905.52,0.0,2.0,443.6,0.098,10,2023,4,24,0
3676,ORD103676,P-GRO-010,Grocery,Masala Mix 200g,West,,SUP-006,,WH-WE-02,740.0,58.0,277.0,1809.0,45.84,188.44,6.3,No,No,Autumn,Sunny,198.75,0.0,1.0,342.12,0.06,72,2023,10,19,3
3677,ORD103677,P-CLO-006,Clothing,Denim Jeans,West,Surat,SUP-035,,WH-WE-03,472.0,34.0,187.0,789.0,28.44,717.78,3.0,No,No,Summer,Cloudy,778.93,0.0,0.0,348.3,0.086,44,2024,5,27,0
3678,ORD103678,P-GRO-007,Grocery,Masala Mix 200g,West,Surat,SUP-023,23.0,WH-WE-05,1375.0,55.0,486.0,1770.0,61.76,343.17,9.3,No,No,Autumn,Sunny,350.47,0.0,1.0,520.11,0.023,90,2024,9,20,4
3679,ORD103679,P-ELE-014,Electronics,Bluetooth Speaker,West,Mumbai,SUP-030,13.0,WH-WE-05,44.0,,95.0,384.0,12.72,3190.35,19.8,No,Yes,Winter,Cloudy,3464.95,0.0,1.0,452.33,0.14,14,2023,1,11,2
3680,ORD103680,P-BEA-007,Beauty,Face Wash 100ml,North,Jaipur,SUP-016,7.0,WH-NO-05,420.0,34.0,215.0,834.0,25.8,502.96,11.8,No,No,Winter,Sunny,474.5,0.0,2.0,482.88,,36,2023,1,3,1
3681,ORD103681,P-ELE-005,Electronics,Smartwatch,East,Ranchi,SUP-027,13.0,WH-EA-04,47.0,15.0,83.0,304.0,10.92,1040.14,19.9,No,No,Autumn,Cloudy,1079.46,0.0,1.0,440.37,0.053,8,2024,9,11,2
3682,ORD103682,P-CLO-002,Clothing,Cotton Saree,West,Pune,SUP-011,,WH-WE-01,,21.0,106.0,346.0,14.35,2061.28,17.2,No,No,Autumn,Cloudy,1810.51,0.0,0.0,358.34,0.096,12,2024,11,4,0
3683,ORD103683,P-CLO-007,Clothing,Denim Jeans,West,Nagpur,SUP-021,3.0,WH-WE-05,339.0,24.0,229.0,658.0,26.0,1174.83,7.5,No,No,Spring,Sunny,1188.79,0.0,0.0,312.04,0.099,23,2021,3,11,3
3684,ORD103684,P-ELE-012,Electronics,Smartwatch,South,Kochi,SUP-010,10.0,WH-SO-01,160.0,11.0,62.0,240.0,8.29,7620.96,3.5,No,No,Winter,,7137.55,0.0,1.0,358.78,0.172,9,2023,1,9,0
3685,ORD103685,P-ELE-005,Electronics,Bluetooth Speaker,North,Jaipur,SUP-016,13.0,WH-NO-03,52.0,9.0,58.0,,9.59,3453.1,10.8,No,No,Autumn,Sunny,3434.11,0.0,1.0,561.12,0.156,12,2024,9,4,2
3686,ORD103686,P-GRO-008,Grocery,Sunflower Oil 1L,West,Surat,SUP-017,5.0,WH-WE-03,150.0,59.0,246.0,1157.0,42.93,570.56,19.0,Yes,No,Summer,Sunny,633.52,2.0,1.0,300.79,0.067,45,2021,3,16,1
3687,ORD103687,P-SPO-010,Sports,Badminton Racket,South,Hyderabad,SUP-035,13.0,WH-SO-04,171.0,12.0,112.0,403.0,12.48,2861.26,10.5,No,No,Autumn,Sunny,3259.05,0.0,4.0,577.41,0.315,19,2024,11,28,3
3688,ORD103688,P-FUR-014,Furniture,Plastic Storage Rack,North,Chandigarh,SUP-026,12.0,WH-NO-04,44.0,7.0,45.0,186.0,6.53,19413.04,23.5,No,No,Winter,Sunny,17421.42,0.0,0.0,283.19,0.15,6,2023,12,31,6
3689,ORD103689,P-GRO-013,Grocery,Wheat Flour 5kg,West,Ahmedabad,SUP-026,17.0,WH-WE-04,552.0,28.0,287.0,1190.0,40.48,321.21,9.1,No,No,Autumn,Sunny,353.21,0.0,0.0,521.69,0.129,54,2021,8,16,0
3690,ORD103690,P-ELE-005,Electronics,Home Router,East,Bhubaneswar,SUP-012,26.0,WH-EA-02,47.0,7.0,65.0,270.0,10.2,10047.14,2.5,No,No,Autumn,Sunny,11171.71,1.0,1.0,647.95,0.026,9,2023,7,26,2
3691,ORD103691,P-FUR-003,Furniture,Plastic Storage Rack,South,Hyderabad,SUP-018,10.0,WH-SO-04,111.0,6.0,27.0,155.0,4.99,10613.74,13.4,No,No,Autumn,Sunny,10889.4,1.0,2.0,422.45,0.02,6,2022,9,22,3
3692,ORD103692,P-ELE-011,Electronics,Laptop Stand,North,Kanpur,SUP-019,5.0,WH-NO-04,50.0,9.0,62.0,215.0,6.79,8598.33,9.6,No,No,Summer,Sunny,9532.42,0.0,0.0,216.5,0.11,8,2022,5,4,2
3693,ORD103693,P-CLO-004,Clothing,Men's Cotton T-Shirt,North,Jaipur,SUP-032,9.0,WH-NO-01,242.0,14.0,117.0,508.0,20.4,360.66,32.6,No,No,Summer,Cloudy,348.69,0.0,0.0,453.83,0.099,18,2023,6,26,0
3694,ORD103694,P-BEA-006,Beauty,Moisturizer Cream,West,Pune,SUP-008,5.0,WH-WE-04,259.0,40.0,171.0,785.0,28.57,775.19,5.8,Yes,No,Winter,Rainy,743.32,0.0,1.0,347.34,0.124,42,2023,12,11,0
3695,ORD103695,P-CLO-002,Clothing,Woolen Sweater,East,Bhubaneswar,SUP-003,3.0,WH-EA-01,3502.0,35.0,174.0,770.0,26.0,2337.32,4.8,No,No,Autumn,Sunny,2242.03,0.0,0.0,348.59,0.056,16,2024,7,29,0
3696,ORD103696,P-GRO-012,Grocery,Masala Mix 200g,North,Lucknow,SUP-021,12.0,WH-NO-03,245.0,45.0,262.0,1267.0,40.17,264.85,8.2,No,No,Autumn,Sunny,279.98,1.0,1.0,438.1,0.003,36,2022,9,2,4
3697,ORD103697,P-ELE-003,Electronics,Home Router,South,Bengaluru,SUP-033,11.0,WH-SO-02,121.0,16.0,78.0,449.0,12.1,12638.75,16.0,No,Yes,Autumn,Sunny,12540.41,0.0,1.0,424.61,0.063,22,2021,8,22,6
3698,ORD103698,P-ELE-006,Electronics,Wireless Earbuds,North,Lucknow,SUP-030,12.0,WH-NO-02,74.0,5.0,51.0,183.0,6.52,12187.51,18.6,No,No,Summer,Sunny,11489.59,0.0,0.0,397.73,0.044,6,2024,6,15,5
3699,ORD103699,P-CLO-007,Clothing,Track Pants,North,,SUP-033,11.0,WH-NO-02,522.0,12.0,171.0,457.0,20.82,1810.25,12.4,No,,Summer,Sunny,1713.52,1.0,1.0,369.34,0.144,14,2022,5,4,2
3700,ORD103700,P-SPO-001,Sports,Yoga Mat,South,Kochi,SUP-016,13.0,WH-SO-05,236.0,10.0,80.0,322.0,11.41,1161.9,,Yes,No,Winter,Cloudy,1162.01,0.0,1.0,,0.041,18,2024,1,15,0
3701,ORD103701,P-GRO-012,Grocery,Basmati Rice 5kg,East,Kolkata,SUP-010,6.0,WH-EA-05,272.0,43.0,232.0,979.0,31.56,219.31,20.6,Yes,No,Summer,Cloudy,204.41,0.0,0.0,295.72,0.034,37,2024,3,11,0
3702,ORD103702,P-CLO-010,Clothing,Men's Cotton T-Shirt,North,Lucknow,SUP-027,16.0,WH-NO-04,259.0,21.0,91.0,472.0,15.03,1515.75,4.4,No,No,Spring,Rainy,1596.8,0.0,1.0,588.69,0.018,18,2021,3,27,5
3703,ORD103703,P-FUR-009,Furniture,Dining Chair,South,Chennai,SUP-002,5.0,WH-SO-04,149.0,4.0,53.0,202.0,6.88,16363.36,11.7,No,No,,Rainy,17927.81,0.0,1.0,181.79,0.31,6,2022,8,23,1
3704,ORD103704,P-ELE-003,Electronics,Smartwatch,South,Chennai,SUP-036,9.0,WH-SO-02,162.0,6.0,61.0,240.0,8.99,19677.7,6.7,No,No,Summer,Rainy,6391.14,1.0,3.0,530.56,,10,2021,5,4,1
3705,ORD103705,P-ELE-001,Electronics,Smartwatch,South,Chennai,SUP-029,9.0,WH-SO-01,253.0,9.0,86.0,,12.9,5007.0,15.0,No,No,Autumn,Sunny,6173.07,0.0,2.0,358.77,0.094,13,2023,6,3,5
3706,ORD103706,P-GRO-001,Grocery,Masala Mix 200g,North,Jaipur,SUP-021,18.0,WH-NO-03,707.0,12.0,230.0,866.0,28.59,150.25,31.9,No,No,Spring,Sunny,155.19,0.0,1.0,504.95,0.023,31,2024,3,7,3
3707,ORD103707,P-FUR-010,Furniture,Study Table,North,Kanpur,SUP-008,2.0,WH-NO-03,106.0,4.0,29.0,163.0,5.3,2202.82,3.1,No,No,Spring,Cloudy,2501.56,0.0,2.0,279.46,,3,2023,3,30,3
3708,ORD103708,P-CLO-012,Clothing,Men's Cotton T-Shirt,North,Delhi,SUP-011,4.0,WH-NO-02,84.0,23.0,166.0,569.0,20.47,340.48,6.7,No,No,,Cloudy,345.49,0.0,1.0,340.58,0.159,16,2022,4,19,1
3709,ORD103709,P-BEA-012,Beauty,Talcum Powder,South,Chennai,SUP-040,7.0,WH-SO-02,327.0,3.0,179.0,833.0,25.62,949.67,19.8,No,No,Autumn,Cloudy,928.52,0.0,0.0,393.14,0.035,23,2024,11,22,4
3710,ORD103710,P-SPO-013,Sports,Gym Dumbbells 5kg,West,Ahmedabad,SUP-001,8.0,WH-WE-01,,19.0,124.0,579.0,18.96,3391.2,13.4,No,No,Summer,Cloudy,3423.52,0.0,0.0,364.07,0.073,20,2021,5,6,3
3711,ORD103711,P-BEA-006,Beauty,Body Lotion 400ml,North,Lucknow,SUP-001,9.0,WH-NO-05,604.0,34.0,211.0,705.0,23.77,1004.01,19.2,No,No,Summer,Stormy,1017.37,0.0,0.0,286.54,0.015,28,2021,7,26,0
3712,ORD103712,P-SPO-001,Sports,Gym Dumbbells 5kg,West,Surat,SUP-014,7.0,WH-WE-02,161.0,15.0,,386.0,,2083.21,15.2,Yes,No,Autumn,Cloudy,2062.61,0.0,4.0,479.83,,19,2022,6,19,6
3713,ORD103713,P-BEA-004,Beauty,Herbal Shampoo 200ml,West,Pune,SUP-010,7.0,WH-WE-05,892.0,43.0,202.0,1109.0,38.34,408.17,6.4,No,Yes,Autumn,Rainy,372.82,0.0,0.0,357.19,0.064,41,2024,10,17,3
3714,ORD103714,P-BEA-012,Beauty,Sunscreen Lotion,North,Chandigarh,SUP-028,11.0,WH-NO-04,289.0,41.0,319.0,1294.0,39.63,278.54,1.8,No,No,Autumn,Stormy,256.72,0.0,0.0,386.82,0.145,30,2024,7,30,1
3715,ORD103715,P-BEA-012,Beauty,Talcum Powder,North,Chandigarh,SUP-002,7.0,WH-NO-01,246.0,27.0,156.0,576.0,20.39,1178.88,10.0,No,No,Summer,Sunny,1285.75,0.0,2.0,431.34,0.046,33,2023,4,5,2
3716,ORD103716,P-BEA-008,Beauty,Face Wash 100ml,North,Lucknow,SUP-032,12.0,WH-NO-01,194.0,29.0,142.0,661.0,24.89,148.12,10.4,No,No,Autumn,Sunny,158.0,0.0,2.0,526.46,0.15,23,2024,10,23,2
3717,ORD103717,P-BEA-001,Beauty,Herbal Shampoo 200ml,North,Jaipur,SUP-032,5.0,WH-NO-03,502.0,24.0,186.0,798.0,26.65,995.2,19.4,No,No,Autumn,Sunny,1136.82,0.0,0.0,245.01,0.03,42,2024,8,13,1
3718,ORD103718,P-SPO-012,Sports,Yoga Mat,East,Guwahati,SUP-010,2.0,WH-EA-01,278.0,18.0,113.0,341.0,14.3,2821.56,9.2,Yes,No,Summer,Sunny,2732.9,0.0,1.0,271.67,0.086,17,2023,5,8,0
3719,ORD103719,P-CLO-013,Clothing,Formal Shirt,North,Chandigarh,SUP-024,10.0,WH-NO-05,205.0,14.0,122.0,740.0,23.86,281.45,6.6,Yes,No,Summer,Rainy,270.51,0.0,0.0,374.73,0.009,29,2021,6,22,1
3720,ORD103720,P-FUR-004,Furniture,Sofa Cushion Set,West,Ahmedabad,SUP-027,6.0,WH-WE-05,114.0,8.0,49.0,205.0,6.21,6888.32,14.7,No,No,Summer,Stormy,6255.04,0.0,0.0,338.91,0.14,4,2024,8,7,2
3721,ORD103721,P-CLO-013,Clothing,Women's Kurti,East,Ranchi,SUP-034,10.0,WH-EA-04,283.0,18.0,101.0,569.0,15.27,1520.88,10.9,No,No,Summer,Sunny,1649.36,0.0,0.0,359.64,0.039,18,2023,7,27,3
3722,ORD103722,P-BEA-010,Beauty,Talcum Powder,West,Nagpur,SUP-030,7.0,WH-WE-02,569.0,25.0,161.0,779.0,23.55,122.14,18.1,Yes,No,Summer,Sunny,113.42,0.0,1.0,254.36,0.026,33,2021,7,26,0
3723,ORD103723,P-CLO-014,Clothing,Women's Kurti,West,Nagpur,SUP-039,5.0,WH-WE-05,105.0,25.0,201.0,865.0,24.44,2227.27,2.9,Yes,No,Summer,Rainy,2221.77,0.0,2.0,358.58,0.087,23,2024,5,12,6
3724,ORD103724,P-BEA-010,Beauty,Herbal Shampoo 200ml,East,Kolkata,SUP-005,9.0,WH-EA-04,302.0,26.0,108.0,536.0,17.35,633.63,2.1,Yes,No,Summer,Cloudy,649.51,0.0,0.0,324.5,0.041,25,2022,8,6,5
3725,ORD103725,P-BEA-002,Beauty,Talcum Powder,Central,Jabalpur,SUP-025,8.0,WH-CE-02,261.0,18.0,78.0,452.0,13.21,805.64,11.7,Yes,No,Spring,Rainy,704.87,0.0,0.0,284.5,0.068,15,2024,2,24,5
3726,ORD103726,P-SPO-010,Sports,Badminton Racket,Central,Jabalpur,SUP-031,4.0,WH-CE-05,128.0,16.0,86.0,338.0,11.06,4535.23,2.0,No,No,Winter,Sunny,4817.12,0.0,1.0,242.72,0.039,16,2022,1,18,1
3727,ORD103727,P-GRO-002,Grocery,Tea Powder 500g,South,Kochi,SUP-010,12.0,WH-SO-02,309.0,45.0,278.0,1330.0,38.83,550.69,26.2,No,No,Winter,Sunny,595.19,0.0,3.0,435.18,0.193,60,2021,1,15,4
3728,ORD103728,P-FUR-004,Furniture,Plastic Storage Rack,North,,SUP-009,9.0,WH-NO-03,20.0,7.0,34.0,123.0,5.24,6739.65,10.6,No,No,Autumn,Sunny,6888.88,0.0,21.0,348.64,0.033,8,2022,10,26,2
3729,ORD103729,P-BEA-014,Beauty,Moisturizer Cream,South,Chennai,SUP-004,12.0,WH-SO-04,633.0,34.0,170.0,810.0,30.37,625.49,17.9,No,No,Autumn,Sunny,621.15,,1.0,382.24,0.077,36,2022,10,23,6
3730,ORD103730,P-SPO-015,Sports,Gym Dumbbells 5kg,North,Jaipur,SUP-040,4.0,WH-NO-05,67.0,13.0,89.0,390.0,13.52,813.13,8.3,No,No,Summer,Sunny,811.03,0.0,0.0,243.26,0.023,13,2024,6,15,5
3731,ORD103731,P-SPO-008,Sports,Skipping Rope,East,Bhubaneswar,SUP-035,3.0,WH-EA-01,91.0,13.0,68.0,349.0,10.68,,13.9,No,No,Summer,Sunny,5327.27,0.0,1.0,266.98,0.062,13,2021,6,18,4
3732,ORD103732,P-CLO-005,Clothing,Men's Cotton T-Shirt,South,Kochi,SUP-005,8.0,WH-SO-02,280.0,14.0,104.0,496.0,15.43,1706.79,4.8,Yes,No,Summer,Cloudy,1714.07,0.0,1.0,290.68,0.072,23,2024,8,26,0
3733,ORD103733,P-CLO-006,Clothing,Woolen Sweater,East,Patna,SUP-010,23.0,WH-EA-05,,21.0,82.0,417.0,15.36,262.47,2.1,No,No,Summer,Rainy,262.05,0.0,2.0,490.81,,12,2021,8,12,3
3734,ORD103734,P-ELE-004,Electronics,Smartphone Charger,West,Surat,SUP-019,10.0,WH-WE-03,31.0,5.0,53.0,217.0,8.43,1966.85,8.0,,Yes,Autumn,Sunny,1858.81,0.0,1.0,468.48,0.215,10,2024,9,27,4
3735,ORD103735,P-SPO-009,Sports,Cycling Helmet,South,Coimbatore,SUP-036,6.0,WH-SO-04,246.0,11.0,89.0,354.0,11.95,2970.51,8.5,Yes,No,Autumn,Rainy,2305.33,0.0,1.0,348.59,0.106,14,2023,10,29,6
3736,ORD103736,P-GRO-007,Grocery,Masala Mix 200g,East,Ranchi,SUP-034,5.0,WH-EA-04,447.0,22.0,187.0,772.0,27.02,144.43,8.8,No,No,Summer,Sunny,157.1,0.0,0.0,233.04,0.093,30,2022,6,10,4
3737,ORD103737,P-BEA-001,Beauty,Talcum Powder,South,Bengaluru,SUP-036,16.0,WH-SO-02,138.0,57.0,227.0,960.0,33.34,721.18,4.5,Yes,Yes,Autumn,Cloudy,721.01,0.0,1.0,480.35,0.029,38,2024,10,29,1
3738,ORD103738,P-BEA-010,Beauty,Hair Oil 250ml,West,Nagpur,SUP-034,11.0,WH-WE-02,613.0,23.0,169.0,823.0,28.21,127.9,5.0,No,No,Autumn,Sunny,118.94,0.0,,539.64,0.148,22,2022,6,9,3
3739,ORD103739,P-CLO-010,Clothing,Woolen Sweater,East,Patna,SUP-026,10.0,WH-EA-03,280.0,16.0,96.0,468.0,15.96,1685.54,14.8,No,No,Summer,Rainy,1970.1,0.0,2.0,514.4,0.045,22,2023,7,16,6
3740,ORD103740,P-GRO-011,Grocery,Instant Noodles Pack,North,Kanpur,SUP-012,10.0,WH-NO-01,580.0,12.0,213.0,1045.0,31.76,80.04,9.4,No,No,Winter,Sunny,82.85,0.0,1.0,293.3,0.101,48,2021,1,24,6
3741,ORD103741,P-ELE-015,Electronics,Laptop Stand,West,Mumbai,SUP-025,3.0,WH-WE-04,187.0,12.0,55.0,256.0,7.84,11540.48,3.7,No,Yes,Summer,Sunny,11350.28,0.0,0.0,234.83,0.053,8,2021,5,30,6
3742,ORD103742,P-BEA-011,Beauty,Talcum Powder,North,Lucknow,SUP-020,8.0,WH-NO-01,324.0,26.0,208.0,974.0,33.96,269.65,3.2,No,No,Summer,Stormy,291.61,0.0,1.0,377.31,0.126,28,2022,6,1,2
3743,ORD103743,P-CLO-011,Clothing,Denim Jeans,West,Surat,SUP-039,9.0,WH-WE-05,393.0,28.0,139.0,555.0,19.26,1034.37,8.8,Yes,No,Winter,Sunny,1064.82,0.0,,419.14,0.028,22,2021,12,23,3
3744,ORD103744,P-ELE-004,Electronics,Power Bank 10000mAh,East,Bhubaneswar,SUP-018,16.0,WH-EA-04,185.0,5.0,53.0,239.0,7.37,7846.11,36.5,No,No,Autumn,Rainy,8064.87,0.0,1.0,,0.048,6,2021,11,29,0
3745,ORD103745,P-FUR-007,Furniture,TV Unit,South,Coimbatore,SUP-031,3.0,WH-SO-02,44.0,4.0,30.0,158.0,5.12,2791.29,7.0,No,No,Summer,Cloudy,2655.37,0.0,2.0,322.58,0.029,5,2022,7,8,4
3746,ORD103746,P-GRO-007,Grocery,Sugar 1kg,West,Ahmedabad,SUP-007,27.0,WH-WE-01,977.0,69.0,455.0,1800.0,54.9,128.5,23.0,Yes,No,Autumn,Sunny,135.66,0.0,1.0,591.58,0.068,121,2023,6,9,4
3747,ORD103747,P-SPO-015,Sports,Cricket Bat,West,Mumbai,SUP-028,10.0,WH-WE-04,205.0,8.0,96.0,491.0,15.58,4764.16,7.6,No,No,Summer,Sunny,5122.53,0.0,3.0,447.98,0.076,16,2021,7,3,5
3748,ORD103748,P-GRO-008,Grocery,Sunflower Oil 1L,West,Surat,SUP-019,3.0,WH-WE-03,693.0,44.0,234.0,1157.0,38.69,150.37,17.0,No,No,Winter,Rainy,143.11,0.0,0.0,248.94,0.064,49,2024,1,4,3
3749,ORD103749,P-GRO-011,Grocery,Sunflower Oil 1L,East,Bhubaneswar,SUP-018,13.0,WH-EA-01,774.0,36.0,298.0,1440.0,47.03,283.65,17.1,No,Yes,Summer,Rainy,240.65,0.0,1.0,384.04,0.179,42,2024,5,23,3
3750,ORD103750,P-ELE-009,Electronics,Smartwatch,West,Ahmedabad,SUP-031,15.0,WH-WE-03,,11.0,38.0,168.0,6.89,5575.42,5.3,Yes,No,Summer,Sunny,5999.18,0.0,1.0,441.56,0.166,9,2024,5,5,6
3751,ORD103751,P-CLO-001,Clothing,Formal Shirt,South,Chennai,SUP-020,4.0,WH-SO-05,305.0,33.0,110.0,597.0,21.24,524.57,3.3,No,No,Autumn,Rainy,550.94,0.0,1.0,305.49,0.222,23,2021,10,12,1
3752,ORD103752,P-CLO-015,Clothing,Track Pants,West,Nagpur,SUP-003,6.0,WH-WE-04,72.0,14.0,83.0,353.0,10.26,2076.0,6.7,No,No,Summer,,2215.86,0.0,0.0,343.4,0.034,15,2024,7,10,2
3753,ORD103753,P-BEA-011,Beauty,Moisturizer Cream,West,Surat,SUP-016,15.0,WH-WE-04,700.0,51.0,240.0,997.0,30.1,708.63,3.9,No,No,Autumn,Cloudy,711.25,0.0,,456.89,0.06,41,2021,7,9,4
3754,ORD103754,P-CLO-004,Clothing,Women's Kurti,North,Delhi,SUP-039,19.0,WH-NO-03,209.0,15.0,114.0,547.0,18.7,1547.02,17.3,No,No,Autumn,Rainy,1666.17,0.0,0.0,507.51,0.069,20,2021,6,6,6
3755,ORD103755,P-GRO-001,Grocery,Tea Powder 500g,North,Delhi,SUP-038,9.0,WH-NO-01,539.0,47.0,293.0,1019.0,38.2,550.3,,Yes,No,Autumn,Sunny,521.56,0.0,1.0,368.71,0.014,63,2023,11,27,0
3756,ORD103756,P-GRO-015,Grocery,Sunflower Oil 1L,South,Bengaluru,SUP-025,13.0,WH-SO-05,,43.0,379.0,1915.0,59.89,124.15,,No,No,Winter,Cloudy,122.3,0.0,1.0,480.97,0.032,52,2024,1,16,1
3757,ORD103757,P-GRO-005,Grocery,Masala Mix 200g,North,Delhi,SUP-026,7.0,WH-NO-04,336.0,40.0,190.0,774.0,31.99,130.39,27.0,Yes,No,Summer,Stormy,119.47,0.0,2.0,289.07,0.273,23,2021,7,5,0
3758,ORD103758,P-SPO-001,Sports,Cricket Bat,South,Coimbatore,SUP-011,7.0,WH-SO-03,70.0,13.0,82.0,383.0,12.17,1243.05,22.2,No,No,Autumn,Rainy,1358.15,0.0,0.0,246.74,0.035,11,2022,8,31,2
3759,ORD103759,P-ELE-010,Electronics,Bluetooth Speaker,North,Jaipur,SUP-032,5.0,WH-NO-04,40.0,4.0,43.0,,6.37,10790.56,13.5,No,No,Autumn,Sunny,10750.2,3.0,1.0,,0.108,6,2022,8,23,1
3760,ORD103760,P-SPO-001,Sports,Cycling Helmet,East,Bhubaneswar,SUP-024,,WH-EA-02,148.0,12.0,97.0,351.0,12.02,555.16,35.2,No,No,Autumn,Cloudy,565.46,0.0,1.0,235.77,0.281,13,2023,11,22,2
3761,ORD103761,P-GRO-004,Grocery,Tea Powder 500g,North,Chandigarh,SUP-002,13.0,WH-NO-04,4444.0,43.0,187.0,1378.0,41.54,290.53,12.5,No,No,Winter,Sunny,300.6,0.0,2.0,482.33,0.079,49,2023,1,24,1
3762,ORD103762,P-ELE-014,Electronics,Power Bank 10000mAh,South,Kochi,SUP-038,11.0,WH-SO-05,76.0,11.0,74.0,362.0,11.08,4692.29,6.8,No,No,Summer,Sunny,,0.0,4.0,522.71,0.041,9,2023,5,28,6
3763,ORD103763,P-GRO-001,Grocery,Toor Dal 1kg,West,Nagpur,SUP-035,6.0,WH-WE-02,1008.0,64.0,393.0,1353.0,41.88,547.08,15.8,No,No,Summer,Sunny,583.07,0.0,0.0,309.96,0.149,64,2021,4,28,2
3764,ORD103764,P-ELE-012,Electronics,Power Bank 10000mAh,South,Hyderabad,SUP-004,12.0,WH-SO-01,180.0,7.0,49.0,365.0,10.52,7588.07,13.3,No,No,Autumn,Sunny,8594.56,0.0,1.0,427.87,0.15,13,2024,11,28,3
3765,ORD103765,P-BEA-010,Beauty,Hair Oil 250ml,South,Hyderabad,SUP-017,8.0,WH-SO-04,634.0,23.0,185.0,820.0,28.94,1010.48,8.8,No,No,Summer,Cloudy,1089.68,0.0,3.0,556.95,0.056,34,2023,3,24,4
3766,ORD103766,P-CLO-005,Clothing,Kids Winter Jacket,West,Ahmedabad,SUP-030,8.0,WH-WE-05,489.0,3.0,166.0,708.0,24.92,1879.52,9.6,No,No,Autumn,Sunny,,0.0,1.0,403.11,0.269,23,2023,9,4,0
3767,ORD103767,P-GRO-005,Grocery,Basmati Rice 5kg,Central,Jabalpur,SUP-030,11.0,WH-CE-05,355.0,40.0,237.0,1000.0,33.11,559.92,17.5,No,No,Winter,Rainy,564.84,0.0,0.0,398.71,0.138,50,2022,12,3,5
3768,ORD103768,P-FUR-008,Furniture,TV Unit,East,Guwahati,SUP-007,5.0,WH-EA-05,106.0,7.0,46.0,210.0,5.92,19113.88,5.5,No,No,Winter,Rainy,19351.23,0.0,0.0,264.69,0.104,6,2021,12,26,6
3769,ORD103769,P-FUR-008,Furniture,Study Table,North,Lucknow,SUP-002,15.0,WH-NO-02,206.0,11.0,61.0,213.0,8.48,10836.56,11.9,No,Yes,Autumn,Cloudy,11913.5,0.0,2.0,603.7,0.068,19,2023,9,4,0
3770,ORD103770,P-SPO-014,Sports,Yoga Mat,North,Kanpur,SUP-040,6.0,WH-NO-05,59.0,18.0,161.0,529.0,18.62,3218.75,,No,No,Winter,Sunny,3077.36,0.0,0.0,273.03,0.029,16,2022,2,26,5
3771,ORD103771,P-SPO-004,Sports,Running Shoes,Central,Indore,SUP-036,10.0,WH-CE-02,482.0,15.0,131.0,558.0,19.84,2776.25,23.9,Yes,No,Autumn,Stormy,2545.17,0.0,1.0,425.09,0.038,16,2021,11,17,2
3772,ORD103772,P-FUR-009,Furniture,Dining Chair,West,Surat,SUP-030,4.0,WH-WE-03,116.0,3.0,38.0,148.0,4.7,12469.97,11.0,No,No,Summer,Sunny,13303.57,0.0,1.0,281.12,0.146,6,2023,3,19,6
3773,ORD103773,P-BEA-011,Beauty,Sunscreen Lotion,West,,SUP-027,10.0,WH-WE-05,334.0,37.0,217.0,841.0,31.67,703.27,6.5,No,No,Autumn,Cloudy,702.19,0.0,0.0,364.21,0.228,39,2022,6,6,0
3774,ORD103774,P-BEA-001,Beauty,Lipstick Set,West,Nagpur,SUP-028,13.0,WH-WE-05,372.0,20.0,207.0,799.0,26.46,649.43,10.5,No,No,Summer,Sunny,617.02,0.0,3.0,545.4,0.06,23,2024,7,30,1
3775,ORD103775,P-CLO-014,Clothing,Formal Shirt,North,Delhi,SUP-019,11.0,WH-NO-04,259.0,10.0,132.0,733.0,20.87,621.4,17.8,No,No,Summer,Rainy,608.47,0.0,1.0,459.99,0.044,15,2023,8,22,1
3776,ORD103776,P-FUR-015,Furniture,TV Unit,South,Chennai,SUP-028,8.0,WH-SO-03,89.0,9.0,42.0,184.0,6.98,11128.53,7.1,No,No,Summer,Sunny,9872.26,0.0,2.0,336.79,,3,2022,6,30,3
3777,ORD103777,P-ELE-002,Electronics,LED TV 43in,West,Surat,SUP-013,6.0,WH-WE-03,82.0,10.0,63.0,306.0,11.18,6990.66,15.9,No,No,Winter,Stormy,7085.8,,1.0,339.29,0.018,6,2021,2,22,0
3778,ORD103778,P-BEA-004,Beauty,Body Lotion 400ml,West,Mumbai,SUP-004,3.0,WH-WE-05,383.0,21.0,137.0,618.0,20.35,,20.4,No,No,Summer,Stormy,1158.15,0.0,0.0,,0.126,19,2022,5,14,5
3779,ORD103779,P-SPO-012,Sports,Cricket Bat,North,Delhi,SUP-013,4.0,WH-NO-05,104.0,0.0,76.0,399.0,12.17,3753.97,16.1,Yes,No,Autumn,Rainy,3914.03,2.0,0.0,239.05,0.07,12,2021,6,19,5
3780,ORD103780,P-ELE-013,Electronics,Laptop Stand,East,Patna,SUP-012,7.0,WH-EA-02,51.0,9.0,67.0,279.0,9.14,4637.27,30.3,No,No,Autumn,Rainy,4561.24,0.0,16.0,,0.069,8,2021,11,17,2
3781,ORD103781,P-BEA-003,Beauty,Hair Oil 250ml,North,Chandigarh,SUP-013,6.0,WH-NO-01,55.0,18.0,147.0,626.0,19.03,528.81,12.6,No,No,Spring,,530.31,0.0,0.0,307.22,0.016,16,2022,2,19,5
3782,ORD103782,P-SPO-014,Sports,Running Shoes,Central,Bhopal,SUP-019,13.0,WH-CE-05,33.0,13.0,69.0,280.0,8.52,3126.82,6.5,No,No,Autumn,Stormy,3012.93,0.0,1.0,432.73,0.033,6,2023,8,12,5
3783,ORD103783,P-GRO-005,Grocery,Toor Dal 1kg,South,Bengaluru,SUP-006,21.0,WH-SO-05,740.0,35.0,295.0,997.0,37.47,572.96,8.5,No,No,Summer,Sunny,561.29,3.0,1.0,497.8,0.101,38,2021,6,5,5
3784,ORD103784,P-CLO-005,Clothing,Cotton Saree,West,Pune,SUP-017,3.0,WH-WE-01,244.0,1.0,123.0,448.0,15.14,511.28,9.9,No,No,Summer,Rainy,465.07,1.0,1.0,331.94,0.138,15,2021,8,25,2
3785,ORD103785,P-SPO-006,Sports,Badminton Racket,North,Chandigarh,SUP-019,13.0,WH-NO-03,43.0,10.0,80.0,250.0,10.41,2717.15,2.8,Yes,No,Spring,Sunny,2941.52,0.0,0.0,296.41,0.085,9,2021,2,27,5
3786,ORD103786,P-SPO-011,Sports,Gym Dumbbells 5kg,East,Bhubaneswar,SUP-008,9.0,WH-EA-03,459.0,19.0,112.0,609.0,19.29,4541.96,5.8,No,No,Autumn,Sunny,4526.81,0.0,4.0,,0.021,22,2024,9,1,6
3787,ORD103787,P-ELE-004,Electronics,Home Router,East,Guwahati,SUP-019,5.0,WH-EA-01,70.0,10.0,53.0,263.0,7.22,12024.25,28.9,Yes,No,Winter,Sunny,10110.82,0.0,0.0,282.31,0.064,12,2024,12,13,4
3788,ORD103788,P-GRO-009,Grocery,Sugar 1kg,South,Kochi,SUP-027,11.0,WH-SO-04,966.0,42.0,264.0,1196.0,42.37,119.78,5.6,No,No,Spring,Stormy,104.59,0.0,,488.75,0.181,25,2022,3,12,5
3789,ORD103789,P-FUR-002,Furniture,Sofa Cushion Set,West,Mumbai,SUP-017,17.0,WH-WE-05,82.0,4.0,35.0,150.0,5.15,6098.44,11.2,No,No,Autumn,Sunny,6604.63,0.0,1.0,575.81,0.142,4,2022,10,28,4
3790,ORD103790,P-GRO-003,Grocery,Masala Mix 200g,West,Surat,SUP-001,6.0,WH-WE-02,910.0,45.0,327.0,1314.0,47.11,438.05,7.0,No,No,Spring,Cloudy,436.53,0.0,1.0,342.71,0.128,53,2022,3,17,3
3791,ORD103791,P-GRO-012,Grocery,Sunflower Oil 1L,West,Mumbai,SUP-029,14.0,WH-WE-04,1018.0,82.0,190.0,1494.0,43.35,406.06,16.3,No,No,Winter,Cloudy,405.41,0.0,2.0,596.59,0.082,56,2023,2,19,6
3792,ORD103792,P-ELE-006,Electronics,Smartwatch,South,Chennai,SUP-024,15.0,WH-SO-01,259.0,13.0,67.0,360.0,11.26,10844.17,8.3,No,No,Summer,Cloudy,10841.83,0.0,1.0,553.18,0.189,11,2023,3,17,4
3793,ORD103793,P-ELE-012,Electronics,Laptop Stand,West,Pune,SUP-017,14.0,WH-WE-02,134.0,9.0,63.0,284.0,9.76,8177.37,26.8,No,No,Winter,Sunny,8496.2,0.0,0.0,,0.103,12,2022,1,8,5
3794,ORD103794,P-CLO-012,Clothing,Cotton Saree,East,Guwahati,SUP-001,14.0,WH-EA-03,64.0,20.0,62.0,392.0,15.13,1407.65,7.7,No,No,Summer,,1580.01,1.0,1.0,451.87,0.235,11,2023,8,1,1
3795,ORD103795,P-FUR-015,Furniture,Office Chair,East,Patna,SUP-004,12.0,WH-EA-05,116.0,3.0,42.0,145.0,4.98,18599.61,8.9,No,No,Winter,Cloudy,19261.93,0.0,,394.13,,7,2021,1,12,1
3796,ORD103796,P-FUR-003,Furniture,Dining Chair,South,Kochi,SUP-004,4.0,WH-SO-05,65.0,5.0,43.0,162.0,6.06,13876.38,6.9,No,No,Autumn,Rainy,14217.59,2.0,1.0,377.85,0.03,7,2023,7,31,0
3797,ORD103797,P-BEA-015,Beauty,Herbal Shampoo 200ml,East,Patna,SUP-035,11.0,WH-EA-05,254.0,20.0,,716.0,24.11,524.03,0.7,Yes,No,Winter,Stormy,500.08,0.0,0.0,398.11,0.07,23,2024,1,2,1
3798,ORD103798,P-GRO-014,Grocery,Toor Dal 1kg,North,Kanpur,SUP-013,3.0,WH-NO-05,554.0,14.0,249.0,940.0,30.89,66.76,1.4,No,No,Spring,Sunny,58.52,0.0,1.0,220.24,0.084,26,2021,3,19,4
3799,ORD103799,P-GRO-007,Grocery,Sugar 1kg,South,Kochi,SUP-018,4.0,WH-SO-05,670.0,44.0,262.0,928.0,33.83,419.76,9.4,No,No,Autumn,Sunny,435.69,0.0,0.0,312.77,0.114,34,2023,11,24,4
3800,ORD103800,P-ELE-003,Electronics,LED TV 43in,North,Chandigarh,SUP-028,10.0,WH-NO-02,104.0,5.0,53.0,195.0,6.78,10615.69,9.4,No,No,Winter,Cloudy,11087.24,0.0,1.0,396.87,0.046,7,2023,12,14,3
3801,ORD103801,P-GRO-003,Grocery,Sunflower Oil 1L,South,,SUP-027,7.0,WH-SO-01,731.0,38.0,295.0,1205.0,36.57,433.34,9.6,No,No,Autumn,Cloudy,471.46,0.0,1.0,399.08,0.023,44,2024,11,21,3
3802,ORD103802,P-GRO-008,Grocery,Sugar 1kg,North,Jaipur,SUP-003,,WH-NO-05,113.0,21.0,185.0,710.0,25.28,411.16,23.4,No,,Summer,Cloudy,467.48,0.0,,168.86,0.129,26,2024,3,23,5
3803,ORD103803,P-ELE-001,Electronics,LED TV 43in,North,Chandigarh,SUP-038,,WH-NO-01,154.0,8.0,51.0,244.0,7.01,2069.46,3.0,No,No,,Rainy,1877.43,0.0,0.0,314.98,0.158,7,2021,1,31,6
3804,ORD103804,P-ELE-002,Electronics,Power Bank 10000mAh,West,Pune,SUP-011,10.0,WH-WE-03,131.0,15.0,68.0,287.0,9.09,6903.58,7.3,No,No,Summer,Sunny,6564.47,0.0,2.0,455.16,0.094,13,2021,4,30,4
3805,ORD103805,P-ELE-008,Electronics,Home Router,East,Bhubaneswar,SUP-031,,WH-EA-04,91.0,8.0,51.0,285.0,9.17,9322.15,11.6,No,No,Autumn,,9820.52,0.0,1.0,341.81,0.041,6,2021,7,20,1
3806,ORD103806,P-FUR-009,Furniture,Wooden Bookshelf,North,Lucknow,SUP-034,12.0,WH-NO-01,46.0,4.0,24.0,159.0,5.07,3786.62,1.9,No,No,Summer,Sunny,3786.98,0.0,1.0,448.98,0.136,4,2023,4,30,6
3807,ORD103807,P-FUR-013,Furniture,Sofa Cushion Set,West,Pune,SUP-022,12.0,WH-WE-05,162.0,6.0,50.0,243.0,10.41,10043.1,25.6,No,No,Autumn,Stormy,11202.79,0.0,2.0,429.77,0.148,8,2023,11,7,1
3808,ORD103808,P-SPO-015,Sports,Football,Central,Jabalpur,SUP-007,,WH-CE-02,219.0,10.0,89.0,379.0,11.55,1820.02,8.2,No,No,Summer,Sunny,1791.83,,0.0,271.83,0.13,14,2023,8,20,6
3809,ORD103809,P-BEA-005,Beauty,Talcum Powder,West,Pune,SUP-022,3.0,WH-WE-02,555.0,11.0,180.0,937.0,27.95,181.42,5.9,No,No,Summer,Rainy,210.46,0.0,0.0,294.06,0.024,26,2022,4,28,3
3810,ORD103810,P-CLO-005,Clothing,Women's Kurti,West,Ahmedabad,SUP-010,8.0,WH-WE-02,230.0,25.0,115.0,543.0,17.16,1437.71,14.7,No,No,Autumn,Sunny,1444.15,0.0,4.0,501.66,0.02,20,2021,10,21,3
3811,ORD103811,P-ELE-003,Electronics,Home Router,Central,Gwalior,SUP-034,11.0,WH-CE-03,43.0,7.0,59.0,213.0,8.26,6392.21,13.0,Yes,No,Summer,Cloudy,7224.56,0.0,0.0,280.37,0.131,6,2021,4,4,6
3812,ORD103812,P-CLO-004,Clothing,Track Pants,East,Patna,SUP-031,9.0,WH-EA-03,256.0,14.0,167.0,616.0,19.65,1559.62,8.0,No,No,Summer,Sunny,1259.32,3.0,1.0,461.78,0.074,13,2022,7,1,4
3813,ORD103813,P-ELE-007,Electronics,LED TV 43in,Central,Gwalior,SUP-033,8.0,WH-CE-01,66.0,5.0,41.0,144.0,,10940.56,8.6,No,No,Spring,Cloudy,11366.24,0.0,0.0,371.61,0.102,5,2022,3,16,2
3814,ORD103814,P-CLO-015,Clothing,Track Pants,Central,Jabalpur,SUP-034,16.0,WH-CE-01,52.0,20.0,117.0,521.0,16.22,1924.53,16.1,,No,Summer,Rainy,,0.0,0.0,459.87,0.211,19,2022,3,20,6
3815,ORD103815,P-GRO-014,Grocery,Sugar 1kg,South,Kochi,SUP-008,3.0,WH-SO-03,887.0,54.0,441.0,1887.0,59.26,168.63,20.2,Yes,No,Summer,Rainy,140.39,0.0,1.0,397.45,0.08,49,2021,5,9,6
3816,ORD103816,P-CLO-014,Clothing,Cotton Saree,West,Mumbai,SUP-002,3.0,WH-WE-02,378.0,31.0,217.0,671.0,23.2,1743.09,3.2,No,No,Summer,Cloudy,1740.95,,0.0,242.36,0.079,26,2022,3,2,2
3817,ORD103817,P-GRO-007,Grocery,Toor Dal 1kg,West,Ahmedabad,SUP-026,8.0,WH-WE-04,1176.0,56.0,389.0,,65.34,232.8,36.2,No,Yes,Summer,Sunny,209.75,0.0,0.0,,0.098,81,2024,5,8,2
3818,ORD103818,P-FUR-010,Furniture,Office Chair,West,Mumbai,SUP-025,3.0,WH-WE-05,28.0,5.0,51.0,188.0,6.08,1527.26,34.6,No,No,Winter,Stormy,1463.77,1.0,2.0,213.63,0.068,3,2021,12,18,5
3819,ORD103819,P-BEA-011,Beauty,Hair Oil 250ml,West,Surat,SUP-035,6.0,WH-WE-01,141.0,18.0,126.0,608.0,17.95,961.5,11.3,No,No,Autumn,Sunny,984.97,0.0,0.0,381.37,0.023,17,2024,7,5,4
3820,ORD103820,P-BEA-004,Beauty,Face Wash 100ml,South,Chennai,SUP-026,12.0,WH-SO-01,455.0,27.0,198.0,902.0,28.66,174.49,5.0,No,No,Summer,Cloudy,172.77,0.0,1.0,465.33,0.041,24,2021,5,7,4
3821,ORD103821,P-FUR-007,Furniture,Wooden Bookshelf,South,Kochi,SUP-033,15.0,WH-SO-04,114.0,7.0,42.0,150.0,5.55,13982.75,3.1,Yes,No,Summer,Sunny,14381.33,0.0,0.0,518.78,0.037,5,2023,7,20,3
3822,ORD103822,P-CLO-009,Clothing,Women's Kurti,East,Kolkata,SUP-014,9.0,WH-EA-01,126.0,24.0,,468.0,18.93,1771.58,18.4,No,No,Autumn,Rainy,1793.86,0.0,1.0,339.88,0.094,20,2021,6,7,0
3823,ORD103823,P-ELE-006,Electronics,Wireless Earbuds,West,Nagpur,SUP-005,7.0,WH-WE-04,112.0,9.0,60.0,350.0,10.24,8215.49,31.5,No,No,Autumn,,9762.88,0.0,0.0,433.76,0.077,13,2022,7,18,0
3824,ORD103824,P-BEA-008,Beauty,Face Wash 100ml,West,Pune,SUP-002,17.0,WH-WE-03,335.0,11.0,170.0,596.0,22.87,249.77,11.5,Yes,No,Autumn,Sunny,254.95,0.0,1.0,542.88,0.028,28,2024,10,25,4
3825,ORD103825,P-CLO-007,Clothing,Men's Cotton T-Shirt,West,Nagpur,SUP-018,8.0,WH-WE-03,345.0,29.0,181.0,642.0,24.19,643.75,17.2,No,No,Winter,Sunny,649.54,0.0,1.0,412.11,0.086,30,2024,1,29,0
3826,ORD103826,P-GRO-001,Grocery,Masala Mix 200g,West,Mumbai,SUP-001,4.0,WH-WE-04,652.0,24.0,300.0,1131.0,39.49,354.57,6.0,No,No,Winter,Cloudy,366.51,0.0,0.0,209.0,0.08,58,2023,1,21,5
3827,ORD103827,P-GRO-012,Grocery,Instant Noodles Pack,Central,Indore,SUP-021,7.0,WH-CE-05,344.0,24.0,196.0,726.0,,126.13,22.4,No,No,Autumn,Sunny,125.87,0.0,2.0,417.39,0.28,24,2023,7,12,2
3828,ORD103828,P-SPO-014,Sports,Cycling Helmet,North,Lucknow,SUP-017,4.0,WH-NO-01,223.0,19.0,,407.0,16.09,1576.26,35.9,No,No,Summer,Rainy,1376.52,0.0,0.0,,0.075,18,2023,8,23,2
3829,ORD103829,P-FUR-012,Furniture,Study Table,Central,Jabalpur,SUP-011,6.0,WH-CE-01,22.0,5.0,22.0,104.0,3.44,11186.3,6.8,No,No,Spring,Rainy,11805.43,0.0,2.0,379.15,0.033,2,2024,3,3,6
3830,ORD103830,P-CLO-015,Clothing,Woolen Sweater,North,,SUP-024,10.0,WH-NO-04,69.0,33.0,142.0,,19.12,1190.74,12.7,Yes,No,Summer,Stormy,1313.69,0.0,0.0,378.62,0.157,21,2023,5,17,2
3831,ORD103831,P-FUR-007,Furniture,Foldable Bed,East,Ranchi,SUP-028,3.0,WH-EA-01,82.0,5.0,32.0,129.0,4.14,18227.65,14.7,No,No,Winter,Sunny,20495.51,0.0,3.0,271.84,0.005,9,2023,1,17,1
3832,ORD103832,P-GRO-001,Grocery,Instant Noodles Pack,North,Chandigarh,SUP-002,16.0,WH-NO-03,676.0,20.0,409.0,1744.0,55.39,137.31,9.0,,No,Summer,Cloudy,144.88,0.0,2.0,579.7,0.09,75,2021,4,21,2
3833,ORD103833,P-CLO-005,Clothing,Track Pants,East,Guwahati,SUP-020,12.0,WH-EA-03,200.0,13.0,139.0,671.0,20.14,1599.95,20.7,No,No,Autumn,Cloudy,1565.54,0.0,2.0,411.37,0.03,17,2024,11,1,4
3834,ORD103834,P-GRO-013,Grocery,Wheat Flour 5kg,South,Coimbatore,SUP-038,7.0,WH-SO-02,723.0,30.0,195.0,989.0,31.53,434.31,7.2,,No,Summer,Rainy,443.45,0.0,1.0,344.97,0.176,34,2023,4,8,5
3835,ORD103835,P-CLO-003,Clothing,Cotton Saree,North,Jaipur,SUP-012,11.0,WH-NO-03,204.0,17.0,128.0,605.0,18.93,1416.95,12.2,,No,Spring,Sunny,1619.45,0.0,2.0,431.79,0.061,24,2022,2,28,0
3836,ORD103836,P-FUR-009,Furniture,Sofa Cushion Set,East,Ranchi,SUP-032,8.0,WH-EA-01,89.0,5.0,42.0,127.0,4.98,19025.73,25.0,No,No,Autumn,Sunny,18684.85,0.0,1.0,361.04,0.028,8,2021,7,17,5
3837,ORD103837,P-ELE-001,Electronics,Bluetooth Speaker,West,Nagpur,SUP-014,12.0,WH-WE-02,34.0,10.0,92.0,273.0,9.92,6236.93,15.1,Yes,No,Summer,Sunny,5641.43,0.0,1.0,338.79,0.039,9,2023,6,2,4
3838,ORD103838,P-BEA-005,Beauty,Lipstick Set,North,Chandigarh,SUP-011,9.0,WH-NO-01,236.0,12.0,102.0,585.0,19.79,162.43,15.3,No,No,Spring,Cloudy,191.14,0.0,1.0,1117.95,0.087,17,2024,2,18,6
3839,ORD103839,P-GRO-002,Grocery,Sunflower Oil 1L,West,Ahmedabad,SUP-035,3.0,WH-WE-05,180.0,41.0,239.0,,34.01,141.14,15.7,Yes,No,Spring,Rainy,129.64,0.0,24.0,223.81,0.039,35,2024,3,26,1
3840,ORD103840,P-FUR-002,Furniture,Office Chair,North,Jaipur,SUP-015,7.0,WH-NO-05,1258.0,6.0,43.0,250.0,8.36,3316.28,15.6,Yes,No,Autumn,Sunny,2899.27,0.0,2.0,285.91,0.078,11,2024,7,18,3
3841,ORD103841,P-FUR-003,Furniture,TV Unit,North,Jaipur,SUP-035,16.0,WH-NO-02,85.0,5.0,29.0,135.0,4.62,3155.69,6.2,Yes,No,Autumn,Cloudy,3236.26,0.0,1.0,420.02,0.092,6,2024,7,29,0
3842,ORD103842,P-FUR-009,Furniture,Sofa Cushion Set,North,Kanpur,SUP-027,11.0,WH-NO-01,51.0,7.0,31.0,135.0,4.25,18133.18,2.5,No,No,Summer,Sunny,18726.17,0.0,2.0,478.37,0.159,7,2023,6,30,4
3843,ORD103843,P-FUR-011,Furniture,Foldable Bed,East,Guwahati,SUP-033,6.0,WH-EA-02,60.0,2.0,18.0,76.0,3.14,10973.88,9.5,No,No,Autumn,Sunny,11376.01,0.0,1.0,309.5,0.039,4,2024,10,15,1
3844,ORD103844,P-SPO-005,Sports,Running Shoes,West,Nagpur,SUP-033,10.0,WH-WE-05,329.0,14.0,89.0,366.0,13.6,4078.76,13.3,No,No,Summer,Stormy,4365.33,0.0,1.0,374.43,0.142,14,2021,4,19,0
3845,ORD103845,P-CLO-013,Clothing,Formal Shirt,East,Guwahati,SUP-037,5.0,WH-EA-05,137.0,11.0,82.0,394.0,12.91,934.53,18.4,Yes,No,Autumn,Rainy,922.44,0.0,1.0,,0.057,11,2022,8,1,0
3846,ORD103846,P-BEA-006,Beauty,Herbal Shampoo 200ml,West,Nagpur,SUP-023,6.0,WH-WE-04,792.0,34.0,363.0,1517.0,50.4,311.62,8.0,No,No,Winter,Stormy,307.95,,0.0,140.33,0.188,40,2022,12,8,3
3847,ORD103847,P-FUR-012,Furniture,TV Unit,East,Guwahati,SUP-039,,WH-EA-05,40.0,4.0,23.0,111.0,,10189.04,4.1,Yes,No,Autumn,Sunny,9721.8,0.0,1.0,361.11,0.204,4,2023,10,19,3
3848,ORD103848,P-GRO-008,Grocery,Masala Mix 200g,West,Nagpur,SUP-003,15.0,WH-WE-01,698.0,25.0,273.0,1023.0,33.21,59.18,14.0,No,No,Spring,Rainy,59.83,0.0,1.0,474.16,0.166,37,2022,3,14,0
3849,ORD103849,P-GRO-011,Grocery,Sunflower Oil 1L,Central,Bhopal,SUP-020,4.0,WH-CE-03,181.0,64.0,355.0,1597.0,51.21,151.81,11.0,No,No,Spring,Cloudy,158.39,0.0,1.0,325.03,0.14,45,2022,2,28,0
3850,ORD103850,P-CLO-015,Clothing,Track Pants,South,Kochi,SUP-016,8.0,WH-SO-04,110.0,33.0,166.0,769.0,27.23,2374.61,8.1,No,No,Summer,Cloudy,2546.87,0.0,1.0,278.08,0.143,26,2024,8,12,0
3851,ORD103851,P-GRO-015,Grocery,Toor Dal 1kg,North,Lucknow,SUP-004,15.0,WH-NO-01,615.0,39.0,137.0,870.0,25.6,91.54,22.8,No,No,Autumn,Sunny,84.97,0.0,6.0,686.06,,41,2023,8,7,0
3852,ORD103852,P-GRO-009,Grocery,Sugar 1kg,North,Jaipur,SUP-035,8.0,WH-NO-03,588.0,48.0,236.0,1038.0,38.69,205.19,2.4,No,No,Summer,Sunny,184.73,0.0,1.0,335.12,0.079,41,2023,7,17,0
3853,ORD103853,P-GRO-015,Grocery,Basmati Rice 5kg,East,Patna,SUP-033,3.0,WH-EA-02,419.0,44.0,249.0,1076.0,36.76,468.18,24.2,No,No,Autumn,Sunny,501.33,0.0,0.0,327.92,0.018,46,2021,9,27,0
3854,ORD103854,P-FUR-011,Furniture,Plastic Storage Rack,East,Bhubaneswar,SUP-030,16.0,WH-EA-01,59.0,1.0,30.0,122.0,4.04,12059.6,2.1,No,No,Winter,Cloudy,11549.22,0.0,1.0,531.57,0.121,4,2023,1,1,6
3855,ORD103855,P-GRO-005,Grocery,Basmati Rice 5kg,North,Jaipur,SUP-026,11.0,WH-NO-02,962.0,61.0,365.0,,47.12,482.35,8.8,No,No,Autumn,Rainy,444.33,0.0,3.0,469.09,0.185,55,2022,9,8,3
3856,ORD103856,P-BEA-015,Beauty,Body Lotion 400ml,West,Ahmedabad,SUP-025,2.0,WH-WE-05,137.0,23.0,148.0,506.0,18.6,582.78,12.7,Yes,No,Summer,Cloudy,496.52,0.0,1.0,268.24,0.086,13,2023,6,26,0
3857,ORD103857,P-CLO-003,Clothing,Formal Shirt,Central,Gwalior,SUP-016,12.0,WH-CE-03,146.0,8.0,83.0,326.0,10.97,565.43,2.2,,No,Autumn,Sunny,629.09,,0.0,,0.015,16,2024,9,6,4
3858,ORD103858,P-FUR-008,Furniture,Wooden Bookshelf,South,Bengaluru,SUP-028,6.0,WH-SO-01,143.0,11.0,56.0,231.0,6.97,10128.43,14.4,No,No,Spring,Rainy,10351.79,0.0,0.0,300.91,0.079,8,2022,2,11,4
3859,ORD103859,P-ELE-003,Electronics,Laptop Stand,North,Kanpur,SUP-040,11.0,WH-NO-04,124.0,13.0,64.0,290.0,9.68,6697.97,0.2,No,No,Spring,Sunny,6990.26,0.0,2.0,441.92,0.042,9,2024,3,30,5
3860,ORD103860,P-CLO-012,Clothing,Woolen Sweater,North,Chandigarh,SUP-011,12.0,WH-NO-03,645.0,34.0,213.0,957.0,31.39,2442.92,26.1,No,No,Summer,Rainy,2528.41,0.0,2.0,446.4,0.059,35,2023,7,15,5
3861,ORD103861,P-ELE-014,Electronics,LED TV 43in,South,Coimbatore,SUP-014,5.0,WH-SO-02,166.0,12.0,62.0,284.0,9.83,10970.66,10.8,No,No,Winter,Sunny,11157.19,0.0,0.0,392.42,0.098,11,2022,12,27,1
3862,ORD103862,P-FUR-013,Furniture,Sofa Cushion Set,West,Pune,SUP-005,10.0,WH-WE-02,95.0,11.0,57.0,280.0,9.32,12863.96,6.5,No,No,Autumn,Cloudy,12840.07,0.0,3.0,521.87,0.058,13,2024,10,20,6
3863,ORD103863,P-GRO-002,Grocery,Sugar 1kg,East,Bhubaneswar,SUP-037,7.0,WH-EA-03,710.0,32.0,253.0,899.0,30.05,89.24,8.6,No,No,Autumn,Sunny,88.74,0.0,1.0,363.47,0.022,38,2021,8,3,1
3864,ORD103864,P-SPO-005,Sports,Badminton Racket,North,Chandigarh,SUP-022,3.0,WH-NO-05,291.0,17.0,125.0,,18.43,1952.69,2.1,,No,Autumn,Sunny,1800.08,0.0,0.0,281.36,0.075,17,2023,9,19,1
3865,ORD103865,P-GRO-006,Grocery,Instant Noodles Pack,South,Bengaluru,SUP-024,7.0,WH-SO-04,1123.0,93.0,390.0,1772.0,,363.66,5.6,No,No,Autumn,Cloudy,312.3,0.0,0.0,261.89,0.2,72,2022,8,6,5
3866,ORD103866,P-CLO-002,Clothing,Women's Kurti,North,Chandigarh,SUP-011,11.0,WH-NO-03,99.0,9.0,100.0,488.0,16.5,2009.64,12.0,No,No,Autumn,Cloudy,2370.67,0.0,0.0,352.09,0.113,15,2023,9,24,6
3867,ORD103867,P-GRO-008,Grocery,Masala Mix 200g,South,Coimbatore,SUP-002,13.0,WH-SO-02,297.0,27.0,237.0,784.0,25.78,98.43,17.3,No,No,Summer,Sunny,98.73,0.0,3.0,447.78,0.086,29,2021,7,22,3
3868,ORD103868,P-FUR-001,Furniture,Plastic Storage Rack,South,Kochi,SUP-033,8.0,WH-SO-01,82.0,10.0,48.0,216.0,6.67,19057.78,10.5,No,No,Winter,Cloudy,18390.68,0.0,1.0,357.78,0.048,9,2023,12,12,1
3869,ORD103869,P-CLO-010,Clothing,Men's Cotton T-Shirt,East,Ranchi,SUP-035,4.0,WH-EA-01,91.0,19.0,133.0,570.0,17.82,1591.4,16.3,No,No,Summer,Sunny,1489.43,0.0,1.0,,0.147,17,2021,4,11,6
3870,ORD103870,P-GRO-009,Grocery,Masala Mix 200g,East,Patna,SUP-014,5.0,WH-EA-01,355.0,49.0,255.0,1356.0,39.65,152.9,1.3,No,Yes,Summer,,165.74,0.0,2.0,335.7,0.122,37,2022,5,25,2
3871,ORD103871,P-GRO-009,Grocery,Instant Noodles Pack,West,Surat,SUP-031,8.0,WH-WE-05,843.0,54.0,250.0,1615.0,53.7,481.32,18.6,No,No,Summer,Sunny,486.89,0.0,1.0,345.76,0.027,50,2024,8,17,5
3872,ORD103872,P-ELE-014,Electronics,Power Bank 10000mAh,North,Delhi,SUP-023,7.0,WH-NO-03,146.0,5.0,39.0,182.0,6.96,1734.48,6.5,No,No,Autumn,Sunny,1614.68,0.0,0.0,268.42,0.013,3,2023,7,14,4
3873,ORD103873,P-ELE-012,Electronics,Smartphone Charger,West,Nagpur,SUP-026,4.0,WH-WE-01,250.0,13.0,65.0,305.0,10.24,12701.76,23.6,No,No,Winter,Cloudy,12393.28,0.0,1.0,350.72,0.089,12,2022,12,19,0
3874,ORD103874,P-SPO-004,Sports,Skipping Rope,North,Kanpur,SUP-007,11.0,WH-NO-05,247.0,16.0,69.0,274.0,10.88,2946.46,7.8,Yes,No,Summer,Rainy,3019.84,0.0,1.0,544.65,0.07,14,2022,4,29,4
3875,ORD103875,P-GRO-009,Grocery,Sugar 1kg,South,Kochi,SUP-025,7.0,WH-SO-01,664.0,50.0,423.0,1523.0,60.62,584.6,21.0,Yes,No,Summer,Sunny,566.52,0.0,0.0,214.37,0.076,85,2021,5,11,1
3876,ORD103876,P-ELE-013,Electronics,Home Router,West,Ahmedabad,SUP-007,8.0,WH-WE-04,258.0,14.0,96.0,344.0,12.25,1614.48,11.9,No,No,Autumn,Cloudy,1719.75,0.0,,407.09,0.141,17,2021,6,12,5
3877,ORD103877,P-SPO-013,Sports,Yoga Mat,West,Pune,SUP-009,3.0,WH-WE-01,275.0,14.0,89.0,,12.69,3186.03,1.9,Yes,No,Autumn,Rainy,3727.42,0.0,0.0,239.94,0.175,15,2023,11,14,1
3878,ORD103878,P-ELE-010,Electronics,Home Router,North,Jaipur,SUP-015,12.0,WH-NO-03,216.0,8.0,,227.0,8.48,,16.1,,No,Spring,Sunny,2593.37,0.0,0.0,311.25,0.146,8,2022,2,5,5
3879,ORD103879,P-GRO-002,Grocery,Sugar 1kg,East,Guwahati,SUP-009,15.0,WH-EA-03,709.0,43.0,251.0,1074.0,31.61,199.39,5.2,No,No,Summer,,194.84,0.0,3.0,499.33,0.14,42,2021,4,19,0
3880,ORD103880,P-FUR-007,Furniture,Wooden Bookshelf,West,Pune,SUP-037,11.0,WH-WE-05,16.0,4.0,39.0,139.0,4.54,12710.68,9.0,Yes,No,Autumn,Sunny,11866.76,0.0,1.0,412.97,0.065,4,2022,10,3,0
3881,ORD103881,P-SPO-013,Sports,Football,Central,Raipur,SUP-002,4.0,WH-CE-04,377.0,11.0,100.0,562.0,16.66,1683.99,7.4,No,No,Autumn,Rainy,1663.31,0.0,2.0,,0.058,17,2022,8,2,1
3882,ORD103882,P-FUR-002,Furniture,TV Unit,East,Guwahati,SUP-037,3.0,WH-EA-03,19.0,4.0,33.0,156.0,4.44,7433.6,2.6,No,No,Autumn,Sunny,6267.79,0.0,0.0,265.53,0.125,4,2024,10,31,3
3883,ORD103883,P-CLO-009,Clothing,Cotton Saree,North,Chandigarh,SUP-007,9.0,WH-NO-03,658.0,45.0,350.0,1547.0,46.94,,18.0,No,No,Winter,Sunny,584.02,0.0,3.0,405.64,0.086,72,2021,12,3,4
3884,ORD103884,P-SPO-009,Sports,Cricket Bat,East,Patna,SUP-035,3.0,WH-EA-04,285.0,12.0,113.0,447.0,15.64,1972.01,6.3,No,Yes,Winter,Rainy,1761.53,0.0,2.0,215.93,0.061,15,2022,1,26,2
3885,ORD103885,P-ELE-004,Electronics,Smartphone Charger,North,Lucknow,SUP-014,7.0,WH-NO-03,195.0,10.0,83.0,339.0,12.61,12304.99,9.2,No,No,,Rainy,11511.26,0.0,0.0,310.82,0.028,11,2021,8,29,6
3886,ORD103886,P-SPO-006,Sports,Skipping Rope,North,Chandigarh,SUP-037,8.0,WH-NO-04,210.0,11.0,104.0,473.0,17.43,491.29,2.9,No,Yes,Autumn,,494.58,0.0,0.0,383.2,0.067,25,2021,10,2,5
3887,ORD103887,P-BEA-015,Beauty,Herbal Shampoo 200ml,East,,SUP-022,2.0,WH-EA-03,453.0,19.0,145.0,650.0,21.36,146.2,8.6,No,No,Spring,Sunny,162.31,0.0,0.0,158.9,0.045,26,2023,2,19,6
3888,ORD103888,P-SPO-009,Sports,Football,West,Pune,SUP-020,12.0,WH-WE-05,190.0,14.0,99.0,392.0,13.67,1613.82,4.7,Yes,No,Autumn,,1503.53,0.0,1.0,462.63,0.074,20,2021,11,22,0
3889,ORD103889,P-GRO-015,Grocery,Tea Powder 500g,North,Delhi,SUP-006,8.0,WH-NO-01,533.0,19.0,209.0,693.0,25.77,477.22,15.0,No,,Autumn,Rainy,470.09,,0.0,330.53,0.067,22,2023,11,18,5
3890,ORD103890,P-ELE-008,Electronics,Power Bank 10000mAh,West,Pune,SUP-018,4.0,WH-WE-04,73.0,10.0,100.0,466.0,14.65,6117.33,4.4,No,No,Summer,Sunny,6260.98,0.0,0.0,341.84,0.113,13,2024,4,9,1
3891,ORD103891,P-FUR-013,Furniture,Wooden Bookshelf,West,Surat,SUP-023,8.0,WH-WE-05,47.0,4.0,33.0,179.0,5.67,5447.6,6.3,No,No,Winter,Sunny,5154.92,0.0,1.0,388.57,0.03,5,2022,12,13,1
3892,ORD103892,P-CLO-010,Clothing,Cotton Saree,West,Pune,SUP-040,9.0,WH-WE-04,554.0,33.0,203.0,934.0,34.31,1518.79,5.9,Yes,No,Winter,Rainy,1504.15,0.0,1.0,484.87,0.197,52,2021,12,16,3
3893,ORD103893,P-CLO-014,Clothing,Cotton Saree,South,Bengaluru,SUP-011,17.0,WH-SO-05,548.0,29.0,200.0,993.0,35.06,447.86,14.0,Yes,No,Summer,Rainy,390.87,0.0,1.0,565.9,0.131,42,2024,4,14,6
3894,ORD103894,P-SPO-005,Sports,Gym Dumbbells 5kg,South,Kochi,SUP-004,11.0,WH-SO-03,112.0,8.0,106.0,394.0,15.39,1832.63,23.4,No,Yes,Autumn,Sunny,1755.27,0.0,,375.13,0.041,17,2024,11,12,1
3895,ORD103895,P-FUR-006,Furniture,Sofa Cushion Set,North,Chandigarh,SUP-011,,WH-NO-03,111.0,3.0,26.0,141.0,4.67,19373.14,12.9,No,No,Autumn,Rainy,21280.16,0.0,1.0,371.02,0.051,6,2024,9,2,0
3896,ORD103896,P-GRO-001,Grocery,Sunflower Oil 1L,North,Chandigarh,SUP-010,6.0,WH-NO-01,195.0,34.0,214.0,1000.0,34.93,238.13,21.6,No,No,Autumn,Cloudy,253.67,0.0,2.0,266.39,0.01,34,2024,9,6,4
3897,ORD103897,P-GRO-004,Grocery,Tea Powder 500g,South,Hyderabad,SUP-038,13.0,WH-SO-02,168.0,22.0,217.0,826.0,25.07,481.51,3.3,No,No,Summer,Rainy,464.42,0.0,1.0,2375.31,0.177,25,2024,3,25,0
3898,ORD103898,P-ELE-003,Electronics,Wireless Earbuds,South,Hyderabad,SUP-007,11.0,WH-SO-01,222.0,11.0,75.0,330.0,11.03,7323.84,3.0,No,No,Winter,Sunny,6730.27,0.0,1.0,391.06,0.222,9,2023,12,15,4
3899,ORD103899,P-ELE-003,Electronics,Laptop Stand,North,Chandigarh,SUP-040,11.0,WH-NO-04,131.0,19.0,90.0,354.0,12.77,6093.16,5.5,No,No,Autumn,Sunny,5989.64,0.0,0.0,386.74,0.108,12,2024,10,29,1
3900,ORD103900,P-ELE-005,Electronics,Power Bank 10000mAh,North,Jaipur,SUP-005,11.0,WH-NO-04,79.0,7.0,39.0,209.0,6.96,2121.26,8.5,Yes,No,Summer,Cloudy,1872.88,0.0,,299.81,0.024,8,2022,5,11,2
3901,ORD103901,P-BEA-014,Beauty,Body Lotion 400ml,Central,Jabalpur,SUP-033,1.0,WH-CE-01,581.0,10.0,160.0,672.0,23.12,552.59,24.1,No,No,Autumn,Sunny,543.89,0.0,0.0,114.68,0.055,23,2024,9,19,3
3902,ORD103902,P-FUR-006,Furniture,Study Table,West,Nagpur,SUP-017,8.0,WH-WE-05,77.0,5.0,33.0,173.0,6.25,12218.89,,No,No,Winter,Sunny,11818.08,0.0,23.0,372.26,0.013,5,2021,1,31,6
3903,ORD103903,P-CLO-013,Clothing,Woolen Sweater,South,Hyderabad,SUP-003,3.0,WH-SO-02,105.0,22.0,140.0,580.0,,2346.84,21.0,Yes,No,Summer,Cloudy,2262.99,0.0,0.0,237.2,0.122,19,2024,5,1,2
3904,ORD103904,P-GRO-013,Grocery,Toor Dal 1kg,Central,Indore,SUP-025,4.0,WH-CE-04,733.0,24.0,176.0,807.0,31.08,363.65,10.0,No,No,Summer,Cloudy,359.54,,1.0,248.69,0.006,35,2022,5,4,2
3905,ORD103905,P-FUR-015,Furniture,Study Table,North,Delhi,SUP-030,6.0,WH-NO-05,95.0,4.0,50.0,182.0,5.99,11983.35,12.1,No,No,Summer,Sunny,12497.94,0.0,1.0,318.69,0.038,8,2022,3,4,4
3906,ORD103906,P-BEA-008,Beauty,Sunscreen Lotion,South,Hyderabad,SUP-034,,WH-SO-05,188.0,29.0,204.0,694.0,22.69,629.16,5.5,No,No,Autumn,Sunny,576.88,0.0,2.0,498.3,0.035,22,2023,9,14,3
3907,ORD103907,P-SPO-013,Sports,Gym Dumbbells 5kg,West,Nagpur,SUP-008,4.0,WH-WE-01,78.0,13.0,96.0,504.0,15.22,378.99,12.7,No,No,Autumn,Cloudy,408.03,0.0,4.0,443.99,0.106,13,2021,9,12,6
3908,ORD103908,P-CLO-007,Clothing,Formal Shirt,South,Chennai,SUP-025,10.0,WH-SO-01,247.0,14.0,104.0,595.0,19.58,892.61,24.3,No,No,Winter,Cloudy,972.96,0.0,3.0,451.26,0.072,15,2024,12,22,6
3909,ORD103909,P-BEA-010,Beauty,Hair Oil 250ml,North,Kanpur,SUP-023,2.0,WH-NO-01,613.0,19.0,170.0,707.0,26.23,221.88,7.0,No,No,Autumn,Cloudy,260.93,0.0,1.0,320.03,0.155,47,2023,11,29,2
3910,ORD103910,P-CLO-013,Clothing,Kids Winter Jacket,South,Coimbatore,SUP-018,7.0,WH-SO-05,255.0,27.0,95.0,375.0,18.09,1148.91,13.5,No,No,Winter,Sunny,1176.15,1.0,1.0,,,18,2021,1,29,4
3911,ORD103911,P-CLO-003,Clothing,Women's Kurti,East,Guwahati,SUP-036,8.0,WH-EA-03,288.0,14.0,141.0,568.0,21.34,1682.74,8.8,No,No,Summer,Sunny,1881.04,0.0,1.0,452.61,0.062,24,2024,5,20,0
3912,ORD103912,P-SPO-001,Sports,Gym Dumbbells 5kg,East,Bhubaneswar,SUP-017,8.0,WH-EA-01,135.0,10.0,63.0,321.0,10.39,4168.87,2.1,No,No,Summer,Rainy,4494.52,0.0,0.0,415.81,0.012,11,2021,6,7,0
3913,ORD103913,P-GRO-003,Grocery,Wheat Flour 5kg,South,Coimbatore,SUP-016,10.0,WH-SO-03,260.0,28.0,241.0,993.0,29.57,350.48,1.8,No,No,Summer,Rainy,355.82,0.0,1.0,367.23,0.006,25,2024,4,17,2
3914,ORD103914,P-GRO-011,Grocery,Basmati Rice 5kg,South,Bengaluru,SUP-022,6.0,WH-SO-03,491.0,46.0,183.0,1157.0,38.3,494.83,8.7,No,No,Summer,Cloudy,446.65,0.0,1.0,257.73,0.059,35,2024,4,2,1
3915,ORD103915,P-GRO-008,Grocery,Wheat Flour 5kg,South,Bengaluru,SUP-038,13.0,WH-SO-03,251.0,,222.0,1090.0,39.67,432.89,13.6,,No,Summer,Cloudy,463.89,0.0,2.0,456.97,,28,2023,7,30,6
3916,ORD103916,P-CLO-005,Clothing,Woolen Sweater,East,Kolkata,SUP-035,3.0,WH-EA-04,331.0,11.0,119.0,461.0,15.05,292.18,3.4,No,No,Summer,Sunny,297.78,0.0,1.0,311.47,0.099,19,2023,5,28,6
3917,ORD103917,P-CLO-012,Clothing,Kids Winter Jacket,North,Jaipur,SUP-029,5.0,WH-NO-01,107.0,16.0,84.0,301.0,13.26,1469.36,6.4,No,No,Summer,Sunny,1679.46,0.0,1.0,299.64,0.066,11,2024,4,27,5
3918,ORD103918,P-FUR-001,Furniture,Wooden Bookshelf,West,Ahmedabad,SUP-004,3.0,WH-WE-02,66.0,10.0,50.0,176.0,5.84,2116.61,19.8,Yes,No,Summer,Cloudy,2241.95,0.0,1.0,271.84,0.037,11,2024,5,27,0
3919,ORD103919,P-CLO-003,Clothing,Denim Jeans,West,Pune,SUP-013,9.0,WH-WE-04,408.0,,166.0,753.0,23.71,1858.39,7.3,Yes,No,Autumn,Cloudy,2015.36,0.0,1.0,380.98,0.206,38,2023,10,31,1
3920,ORD103920,P-GRO-008,Grocery,Instant Noodles Pack,South,Bengaluru,SUP-001,10.0,WH-SO-05,613.0,38.0,340.0,1298.0,47.06,583.91,5.2,No,No,Autumn,Sunny,556.9,0.0,2.0,405.0,0.112,46,2021,9,7,1
3921,ORD103921,P-SPO-014,Sports,Running Shoes,West,,SUP-004,7.0,WH-WE-02,408.0,32.0,136.0,614.0,18.66,4461.14,22.4,No,No,Summer,Sunny,4548.43,0.0,1.0,303.0,0.113,33,2023,8,31,3
3922,ORD103922,P-GRO-012,Grocery,Instant Noodles Pack,North,Lucknow,SUP-034,,WH-NO-03,169.0,40.0,339.0,1567.0,45.81,249.47,32.4,No,No,Autumn,Rainy,211.08,0.0,0.0,245.43,0.058,45,2021,10,22,4
3923,ORD103923,P-SPO-011,Sports,Gym Dumbbells 5kg,South,Bengaluru,SUP-033,12.0,WH-SO-05,145.0,,102.0,477.0,15.05,1133.21,3.7,No,No,Summer,,1183.48,0.0,0.0,436.19,0.011,13,2021,3,10,2
3924,ORD103924,P-GRO-011,Grocery,Masala Mix 200g,South,Bengaluru,SUP-005,,WH-SO-04,578.0,49.0,318.0,1449.0,46.59,575.28,3.1,Yes,No,Summer,Rainy,631.32,0.0,0.0,280.63,0.205,54,2021,8,10,1
3925,ORD103925,P-CLO-005,Clothing,Cotton Saree,South,Coimbatore,SUP-019,17.0,WH-SO-02,250.0,21.0,156.0,370.0,18.9,716.35,31.4,No,No,Autumn,Cloudy,796.12,0.0,0.0,487.17,0.007,21,2022,11,4,4
3926,ORD103926,P-CLO-007,Clothing,Formal Shirt,West,Surat,SUP-012,4.0,WH-WE-03,710.0,31.0,179.0,888.0,28.75,596.52,13.1,Yes,No,Autumn,Rainy,579.58,0.0,0.0,259.2,0.012,38,2024,11,9,5
3927,ORD103927,P-BEA-014,Beauty,Moisturizer Cream,Central,Indore,SUP-003,7.0,WH-CE-01,202.0,27.0,151.0,694.0,21.09,160.65,23.4,No,No,Winter,Sunny,137.34,0.0,0.0,263.0,0.107,24,2021,2,19,4
3928,ORD103928,P-ELE-011,Electronics,Wireless Earbuds,South,Hyderabad,SUP-016,17.0,WH-SO-03,185.0,5.0,58.0,261.0,8.81,9441.52,19.9,No,No,Summer,Sunny,9035.46,0.0,1.0,470.05,0.095,8,2021,4,19,0
3929,ORD103929,P-SPO-009,Sports,Skipping Rope,South,Chennai,SUP-005,9.0,WH-SO-03,74.0,9.0,78.0,329.0,10.15,3145.57,17.1,No,No,Summer,Cloudy,3125.98,0.0,2.0,322.05,0.199,9,2021,5,15,5
3930,ORD103930,P-CLO-002,Clothing,Woolen Sweater,East,Bhubaneswar,SUP-030,4.0,WH-EA-01,371.0,26.0,166.0,605.0,,1347.21,2.4,No,No,Autumn,Cloudy,1391.27,0.0,2.0,355.92,0.03,34,2021,10,6,2
3931,ORD103931,P-CLO-011,Clothing,Cotton Saree,South,,SUP-039,,WH-SO-02,550.0,8.0,173.0,811.0,26.92,1457.26,1.3,No,Yes,Spring,Sunny,1220.67,0.0,,515.03,0.062,25,2023,3,2,3
3932,ORD103932,P-CLO-006,Clothing,Formal Shirt,North,Kanpur,SUP-017,3.0,WH-NO-05,,18.0,178.0,939.0,29.87,1237.87,17.7,Yes,Yes,Summer,Cloudy,1227.52,1.0,1.0,299.28,0.261,34,2024,4,15,0
3933,ORD103933,P-ELE-006,Electronics,Smartphone Charger,Central,Gwalior,SUP-010,6.0,WH-CE-04,27.0,6.0,30.0,142.0,4.81,10584.8,0.5,No,No,Spring,Sunny,9706.27,1.0,0.0,341.35,0.024,5,2021,3,11,3
3934,ORD103934,P-CLO-011,Clothing,Cotton Saree,West,Nagpur,SUP-020,9.0,WH-WE-03,391.0,27.0,207.0,721.0,26.01,915.12,8.0,Yes,No,Summer,Sunny,1021.02,0.0,1.0,301.95,0.032,41,2024,3,21,3
3935,ORD103935,P-GRO-006,Grocery,Sunflower Oil 1L,Central,Indore,SUP-039,3.0,WH-CE-02,551.0,25.0,227.0,915.0,31.3,505.2,,No,No,Autumn,Stormy,410.83,0.0,1.0,168.23,0.056,15,2024,8,27,1
3936,ORD103936,P-GRO-009,Grocery,Tea Powder 500g,North,Kanpur,SUP-007,16.0,WH-NO-01,715.0,34.0,213.0,893.0,30.84,321.45,0.9,No,,Summer,Cloudy,347.49,0.0,1.0,457.06,0.135,32,2021,4,26,0
3937,ORD103937,P-FUR-001,Furniture,Wooden Bookshelf,North,Chandigarh,SUP-028,7.0,WH-NO-03,91.0,6.0,35.0,160.0,5.14,18490.16,18.2,No,No,Autumn,Sunny,18254.18,0.0,0.0,457.5,0.172,5,2022,10,20,3
3938,ORD103938,P-CLO-003,Clothing,Track Pants,South,Bengaluru,SUP-004,17.0,WH-SO-03,207.0,12.0,106.0,463.0,16.95,1172.12,,Yes,No,Summer,Sunny,980.18,0.0,1.0,390.37,0.029,19,2024,4,5,4
3939,ORD103939,P-ELE-009,Electronics,Home Router,Central,Indore,SUP-013,6.0,WH-CE-01,189.0,8.0,64.0,272.0,8.12,3497.06,1.4,No,No,Autumn,Rainy,3966.34,0.0,0.0,356.75,0.09,8,2023,10,20,4
3940,ORD103940,P-ELE-015,Electronics,Smartphone Charger,North,Kanpur,SUP-018,4.0,WH-NO-05,108.0,5.0,60.0,,8.29,11479.83,24.7,Yes,No,Autumn,Rainy,12719.85,0.0,,357.61,0.115,15,2021,9,28,1
3941,ORD103941,P-ELE-012,Electronics,LED TV 43in,North,Jaipur,SUP-016,11.0,WH-NO-03,63.0,12.0,77.0,290.0,8.64,2217.19,19.0,Yes,No,Summer,Sunny,2438.91,0.0,1.0,438.38,0.093,14,2021,8,4,2
3942,ORD103942,P-ELE-007,Electronics,Home Router,North,Jaipur,SUP-008,6.0,WH-NO-01,195.0,4.0,57.0,240.0,8.22,11802.43,10.5,No,No,Autumn,Sunny,11890.35,0.0,0.0,302.44,0.122,13,2022,10,14,4
3943,ORD103943,P-FUR-015,Furniture,Study Table,West,Pune,SUP-032,8.0,WH-WE-01,,6.0,43.0,152.0,,10187.65,9.9,No,No,Summer,Cloudy,9640.32,0.0,0.0,285.35,0.081,7,2024,5,23,3
3944,ORD103944,P-ELE-005,Electronics,Smartwatch,West,Surat,SUP-027,6.0,WH-WE-05,81.0,9.0,50.0,200.0,7.62,10758.97,9.7,No,No,Autumn,,10815.01,0.0,2.0,347.29,0.05,9,2024,10,17,3
3945,ORD103945,P-SPO-014,Sports,Football,West,Nagpur,SUP-018,16.0,WH-WE-02,194.0,15.0,58.0,258.0,9.19,2377.24,20.6,Yes,No,Autumn,Cloudy,2481.09,0.0,2.0,,0.054,21,2022,11,30,2
3946,ORD103946,P-GRO-007,Grocery,Toor Dal 1kg,North,,SUP-017,9.0,WH-NO-02,1981.0,77.0,569.0,2204.0,82.17,325.45,2.3,Yes,No,Winter,Sunny,311.33,0.0,2.0,468.01,0.007,85,2023,2,13,0
3947,ORD103947,P-ELE-002,Electronics,Wireless Earbuds,West,Pune,SUP-003,7.0,WH-WE-01,95.0,17.0,77.0,235.0,9.29,13752.06,10.2,No,No,Spring,Sunny,12808.33,0.0,0.0,213.41,,11,2023,3,28,1
3948,ORD103948,P-SPO-001,Sports,Football,South,Bengaluru,SUP-027,13.0,WH-SO-05,264.0,21.0,206.0,970.0,31.74,900.74,28.6,No,No,Winter,Cloudy,936.28,0.0,2.0,479.03,0.04,40,2022,12,18,6
3949,ORD103949,P-GRO-015,Grocery,Toor Dal 1kg,North,Delhi,SUP-010,7.0,WH-NO-05,657.0,47.0,257.0,1230.0,39.67,546.08,4.6,Yes,No,Autumn,Sunny,554.62,,0.0,285.99,0.095,55,2023,8,6,6
3950,ORD103950,P-CLO-010,Clothing,Men's Cotton T-Shirt,South,Kochi,SUP-013,6.0,WH-SO-02,313.0,16.0,108.0,576.0,19.65,952.66,7.7,No,No,Spring,Cloudy,1023.23,0.0,0.0,214.13,0.051,22,2022,2,4,4
3951,ORD103951,P-SPO-003,Sports,Skipping Rope,East,Patna,SUP-035,9.0,WH-EA-04,236.0,17.0,111.0,395.0,11.54,417.33,12.8,Yes,No,Winter,Sunny,468.18,0.0,2.0,489.32,0.014,28,2023,2,28,1
3952,ORD103952,P-SPO-015,Sports,Gym Dumbbells 5kg,South,Bengaluru,SUP-026,4.0,WH-SO-03,380.0,16.0,102.0,477.0,15.94,3418.69,3.5,No,No,Summer,Cloudy,3652.9,0.0,0.0,237.99,0.143,24,2023,6,15,3
3953,ORD103953,P-FUR-001,Furniture,Plastic Storage Rack,Central,Bhopal,SUP-028,6.0,WH-CE-01,16.0,3.0,25.0,133.0,4.57,19995.38,18.8,No,No,Summer,Rainy,18152.13,2.0,2.0,377.88,0.102,1,2023,4,3,0
3954,ORD103954,P-ELE-006,Electronics,Bluetooth Speaker,South,Kochi,SUP-011,5.0,WH-SO-04,61.0,9.0,50.0,201.0,6.91,12351.67,4.6,No,No,Autumn,Cloudy,12338.83,0.0,3.0,467.18,0.107,11,2024,11,25,0
3955,ORD103955,P-CLO-012,Clothing,Track Pants,South,Hyderabad,SUP-021,7.0,WH-SO-01,98.0,15.0,127.0,563.0,17.46,811.74,10.7,No,No,Winter,Cloudy,836.87,1.0,1.0,397.13,0.202,14,2023,12,24,6
3956,ORD103956,P-SPO-001,Sports,Skipping Rope,West,Surat,SUP-001,,WH-WE-05,119.0,7.0,91.0,303.0,11.69,674.54,2.8,No,No,Winter,Cloudy,718.21,0.0,2.0,449.0,0.151,13,2023,12,9,5
3957,ORD103957,P-SPO-014,Sports,Cricket Bat,East,Patna,SUP-010,12.0,WH-EA-01,89.0,11.0,84.0,285.0,11.63,4487.81,7.4,No,No,Summer,Rainy,4795.89,1.0,,355.02,0.041,7,2024,3,24,6
3958,ORD103958,P-ELE-011,Electronics,Laptop Stand,North,Jaipur,SUP-033,14.0,WH-NO-02,191.0,13.0,52.0,,10.02,12791.84,19.0,Yes,No,Winter,Cloudy,12732.44,0.0,0.0,503.98,0.059,11,2023,2,10,4
3959,ORD103959,P-GRO-015,Grocery,Toor Dal 1kg,East,Ranchi,SUP-019,9.0,WH-EA-02,714.0,32.0,210.0,1039.0,33.91,373.09,11.8,No,No,Summer,Sunny,358.45,0.0,3.0,420.55,0.094,50,2022,3,24,3
3960,ORD103960,P-GRO-013,Grocery,Instant Noodles Pack,South,Coimbatore,SUP-026,2.0,WH-SO-02,579.0,28.0,260.0,1020.0,32.09,235.79,8.1,No,No,Spring,Sunny,254.82,0.0,4.0,336.27,0.142,43,2023,2,22,2
3961,ORD103961,P-ELE-013,Electronics,Power Bank 10000mAh,South,Hyderabad,SUP-032,7.0,WH-SO-03,124.0,7.0,57.0,213.0,7.13,14399.44,6.4,No,No,Autumn,Cloudy,14834.45,0.0,0.0,336.99,0.032,8,2024,9,9,0
3962,ORD103962,P-FUR-004,Furniture,Sofa Cushion Set,West,Pune,SUP-038,6.0,WH-WE-04,162.0,2.0,62.0,296.0,8.38,4605.51,16.4,No,No,Autumn,Rainy,4709.22,0.0,0.0,264.82,0.133,7,2024,7,8,0
3963,ORD103963,P-GRO-004,Grocery,Sugar 1kg,East,Patna,SUP-004,24.0,WH-EA-02,480.0,67.0,310.0,1180.0,36.33,72.76,22.4,No,No,Autumn,Sunny,68.66,0.0,2.0,685.4,0.169,43,2022,6,2,3
3964,ORD103964,P-GRO-004,Grocery,Sunflower Oil 1L,South,Hyderabad,SUP-024,13.0,WH-SO-03,317.0,50.0,344.0,1178.0,50.98,214.8,5.9,No,No,Winter,Cloudy,250.88,0.0,1.0,389.0,0.115,48,2022,12,7,2
3965,ORD103965,P-ELE-003,Electronics,Power Bank 10000mAh,North,Chandigarh,SUP-040,2.0,WH-NO-05,146.0,16.0,100.0,316.0,12.22,12789.54,12.0,Yes,No,Winter,Cloudy,13044.35,0.0,1.0,276.89,0.141,18,2022,2,2,2
3966,ORD103966,P-CLO-010,Clothing,Cotton Saree,East,Kolkata,SUP-008,11.0,WH-EA-03,115.0,16.0,73.0,271.0,11.12,1312.26,5.4,No,No,Winter,Sunny,1303.15,0.0,2.0,544.58,0.013,9,2021,1,18,0
3967,ORD103967,P-ELE-001,Electronics,LED TV 43in,South,Bengaluru,SUP-035,,WH-SO-04,35.0,6.0,78.0,269.0,8.9,12108.98,7.1,No,No,Spring,,12350.29,0.0,1.0,360.02,0.084,7,2022,3,31,3
3968,ORD103968,P-CLO-007,Clothing,Women's Kurti,Central,Raipur,SUP-024,12.0,WH-CE-02,405.0,13.0,137.0,,21.15,1140.2,11.0,No,No,Summer,Sunny,1128.19,0.0,1.0,,0.172,23,2021,5,28,4
3969,ORD103969,P-ELE-009,Electronics,Smartwatch,East,Kolkata,SUP-013,,WH-EA-01,92.0,8.0,32.0,194.0,5.53,3584.99,4.2,No,No,Summer,Cloudy,3215.37,,0.0,369.25,0.064,3,2022,6,8,2
3970,ORD103970,P-SPO-009,Sports,Yoga Mat,West,Ahmedabad,SUP-032,8.0,WH-WE-02,169.0,8.0,62.0,302.0,10.87,4011.39,10.7,Yes,No,Summer,,4107.24,0.0,0.0,181.08,0.052,14,2021,3,20,5
3971,ORD103971,P-ELE-008,Electronics,Laptop Stand,South,Chennai,SUP-035,6.0,WH-SO-01,86.0,6.0,58.0,188.0,6.9,11522.05,13.7,,No,Summer,Stormy,10184.02,0.0,0.0,276.59,0.056,6,2022,4,9,5
3972,ORD103972,P-CLO-004,Clothing,Formal Shirt,West,Pune,SUP-006,7.0,WH-WE-05,256.0,12.0,133.0,476.0,15.46,1229.63,12.3,No,No,Autumn,Cloudy,1239.77,1.0,3.0,350.31,0.024,18,2023,11,10,4
3973,ORD103973,P-ELE-002,Electronics,Smartphone Charger,North,Delhi,SUP-028,6.0,WH-NO-01,161.0,1.0,61.0,273.0,10.13,9784.43,0.5,Yes,No,Summer,Sunny,8537.35,0.0,0.0,272.29,0.094,8,2024,5,17,4
3974,ORD103974,P-ELE-015,Electronics,Bluetooth Speaker,South,Hyderabad,SUP-038,9.0,WH-SO-05,91.0,9.0,61.0,282.0,9.63,14454.2,8.8,No,No,Summer,Cloudy,11963.09,0.0,1.0,305.82,0.049,8,2024,7,20,5
3975,ORD103975,P-GRO-007,Grocery,Instant Noodles Pack,North,Delhi,SUP-027,11.0,WH-NO-01,164.0,27.0,126.0,920.0,28.06,169.54,23.0,No,No,Summer,Rainy,177.85,0.0,2.0,460.75,0.076,22,2023,3,31,4
3976,ORD103976,P-ELE-009,Electronics,Power Bank 10000mAh,North,Jaipur,SUP-022,3.0,WH-NO-01,72.0,7.0,32.0,179.0,5.54,,6.8,No,No,Summer,Sunny,10051.11,0.0,0.0,125.4,0.01,6,2023,3,10,4
3977,ORD103977,P-ELE-009,Electronics,LED TV 43in,Central,Jabalpur,SUP-006,11.0,WH-CE-03,113.0,5.0,40.0,199.0,5.99,4485.99,,No,No,Autumn,Sunny,4641.82,0.0,0.0,359.93,0.172,9,2024,11,14,3
3978,ORD103978,P-CLO-006,Clothing,Track Pants,West,Nagpur,SUP-019,9.0,WH-WE-01,459.0,23.0,189.0,,28.22,250.52,3.0,Yes,No,Summer,Sunny,253.91,0.0,0.0,413.49,0.313,38,2023,3,23,3
3979,ORD103979,P-FUR-011,Furniture,Study Table,East,Guwahati,SUP-037,5.0,WH-EA-01,56.0,4.0,,111.0,3.49,7534.79,6.9,Yes,No,Summer,Cloudy,7623.32,0.0,2.0,412.02,0.131,2,2021,5,3,0
3980,ORD103980,P-ELE-006,Electronics,Home Router,East,Ranchi,SUP-032,16.0,WH-EA-04,73.0,6.0,28.0,152.0,5.06,,10.8,No,No,Autumn,Sunny,2973.55,0.0,1.0,474.58,0.079,8,2024,9,29,6
3981,ORD103981,P-CLO-007,Clothing,Track Pants,East,Ranchi,SUP-019,5.0,WH-EA-01,193.0,11.0,151.0,628.0,16.93,1808.58,35.8,No,No,Autumn,Sunny,1789.62,0.0,3.0,454.71,0.073,13,2023,6,17,5
3982,ORD103982,P-CLO-013,Clothing,Men's Cotton T-Shirt,East,Guwahati,SUP-013,7.0,WH-EA-03,78.0,5.0,106.0,415.0,12.91,355.47,5.9,No,No,Autumn,Cloudy,336.81,0.0,2.0,378.91,0.101,9,2023,9,1,4
3983,ORD103983,P-GRO-005,Grocery,Sugar 1kg,West,Pune,SUP-033,9.0,WH-WE-01,1367.0,105.0,451.0,1895.0,63.13,120.97,20.8,Yes,No,Summer,Stormy,130.11,0.0,4.0,496.61,0.068,82,2021,5,21,4
3984,ORD103984,P-GRO-011,Grocery,Toor Dal 1kg,East,Bhubaneswar,SUP-039,8.0,WH-EA-01,209.0,51.0,252.0,1162.0,35.13,419.94,3.9,No,No,Autumn,Sunny,403.71,0.0,0.0,264.48,0.045,43,2022,11,18,4
3985,ORD103985,P-ELE-010,Electronics,Home Router,West,Nagpur,SUP-012,2.0,WH-WE-04,76.0,7.0,63.0,285.0,8.98,4795.28,29.8,No,No,,Cloudy,4699.99,0.0,0.0,217.31,0.111,10,2022,11,2,2
3986,ORD103986,P-GRO-001,Grocery,Sunflower Oil 1L,South,Coimbatore,SUP-033,23.0,WH-SO-02,170.0,32.0,247.0,1162.0,35.99,267.63,6.8,No,No,Summer,Rainy,283.57,0.0,1.0,646.9,0.025,28,2024,4,5,4
3987,ORD103987,P-CLO-011,Clothing,Woolen Sweater,Central,Indore,SUP-013,23.0,WH-CE-01,224.0,13.0,95.0,425.0,13.49,715.08,19.8,,No,Summer,Stormy,679.52,0.0,4.0,744.21,0.088,10,2022,7,14,3
3988,ORD103988,P-SPO-013,Sports,Skipping Rope,North,Delhi,SUP-034,14.0,WH-NO-04,277.0,8.0,61.0,329.0,11.39,3704.17,21.0,No,No,Summer,Sunny,3173.37,0.0,2.0,595.54,,12,2022,5,17,1
3989,ORD103989,P-SPO-005,Sports,Yoga Mat,South,Bengaluru,SUP-039,9.0,WH-SO-05,208.0,21.0,174.0,746.0,25.87,4260.98,22.3,No,No,Autumn,Sunny,3899.32,2.0,1.0,427.07,0.2,25,2023,9,22,4
3990,ORD103990,P-SPO-014,Sports,Badminton Racket,West,Pune,SUP-027,5.0,WH-WE-03,,19.0,96.0,631.0,19.65,801.11,8.0,No,No,Winter,Sunny,868.77,0.0,2.0,294.71,0.07,27,2021,1,23,5
3991,ORD103991,P-CLO-001,Clothing,Cotton Saree,North,,SUP-020,14.0,WH-NO-02,477.0,11.0,136.0,564.0,20.03,2057.77,4.5,No,No,Winter,Sunny,2071.37,0.0,3.0,408.08,0.02,28,2023,12,26,1
3992,ORD103992,P-ELE-003,Electronics,Smartphone Charger,North,Chandigarh,SUP-013,10.0,WH-NO-05,163.0,17.0,74.0,303.0,9.92,7618.0,14.1,No,No,Winter,Cloudy,7796.05,,1.0,422.09,0.06,13,2021,1,11,0
3993,ORD103993,P-GRO-015,Grocery,Masala Mix 200g,South,Bengaluru,SUP-003,8.0,WH-SO-02,181.0,17.0,229.0,1126.0,35.72,102.01,2.8,No,No,Winter,Cloudy,104.42,2.0,3.0,478.97,0.123,20,2021,12,14,1
3994,ORD103994,P-GRO-013,Grocery,Sunflower Oil 1L,South,Kochi,SUP-003,10.0,WH-SO-04,1289.0,20.0,402.0,1567.0,55.34,229.84,16.0,No,No,Winter,Rainy,262.72,0.0,1.0,391.93,0.14,71,2022,12,28,2
3995,ORD103995,P-ELE-012,Electronics,Smartphone Charger,Central,Raipur,SUP-034,6.0,WH-CE-03,29.0,4.0,22.0,98.0,3.13,10065.62,4.1,No,No,Autumn,Cloudy,8394.6,0.0,0.0,385.13,0.07,2,2021,10,11,0
3996,ORD103996,P-ELE-010,Electronics,Smartwatch,West,Pune,SUP-027,7.0,WH-WE-04,214.0,8.0,66.0,266.0,8.83,3854.31,27.6,No,No,Winter,Rainy,3814.9,0.0,0.0,317.74,0.015,10,2021,2,21,6
3997,ORD103997,P-CLO-004,Clothing,Formal Shirt,South,Kochi,SUP-010,18.0,WH-SO-03,98.0,18.0,118.0,463.0,16.03,2464.34,12.2,No,No,Autumn,Cloudy,2470.27,1.0,1.0,568.48,0.045,16,2022,9,5,0
3998,ORD103998,P-GRO-008,Grocery,Basmati Rice 5kg,Central,Indore,SUP-023,9.0,WH-CE-03,897.0,39.0,240.0,1271.0,,127.23,5.3,Yes,No,Autumn,Cloudy,127.02,0.0,1.0,393.02,0.059,53,2023,10,31,1
3999,ORD103999,P-ELE-009,Electronics,Home Router,East,Guwahati,SUP-036,7.0,WH-EA-03,192.0,7.0,44.0,208.0,7.91,4106.05,13.6,No,,Winter,Sunny,4368.67,0.0,1.0,357.39,0.042,11,2021,12,20,0
4000,ORD104000,P-FUR-002,Furniture,Office Chair,West,Nagpur,SUP-026,13.0,WH-WE-02,,5.0,28.0,134.0,5.09,5386.39,13.7,No,Yes,Winter,Rainy,5741.84,0.0,,466.29,0.13,5,2022,2,5,5
4001,ORD104001,P-GRO-009,Grocery,Basmati Rice 5kg,South,Hyderabad,SUP-037,6.0,WH-SO-03,733.0,44.0,236.0,1182.0,39.17,379.23,9.0,No,No,Autumn,Cloudy,372.67,0.0,0.0,,0.046,47,2023,9,16,5
4002,ORD104002,P-BEA-002,Beauty,Sunscreen Lotion,East,Guwahati,SUP-005,13.0,WH-EA-01,485.0,28.0,162.0,549.0,20.6,445.83,14.8,No,No,Autumn,Sunny,385.57,0.0,1.0,431.65,0.108,18,2024,10,16,2
4003,ORD104003,P-GRO-002,Grocery,Masala Mix 200g,North,Lucknow,SUP-003,10.0,WH-NO-02,691.0,44.0,449.0,1964.0,57.94,284.8,,No,No,Winter,Sunny,341.95,0.0,3.0,508.7,0.091,63,2023,1,27,4
4004,ORD104004,P-CLO-003,Clothing,Men's Cotton T-Shirt,North,Kanpur,SUP-027,6.0,WH-NO-01,526.0,27.0,156.0,696.0,23.98,,17.4,No,Yes,Spring,Cloudy,2479.58,0.0,0.0,318.37,0.066,31,2023,3,28,1
4005,ORD104005,P-ELE-003,Electronics,Bluetooth Speaker,West,Mumbai,SUP-024,6.0,WH-WE-02,162.0,8.0,60.0,233.0,9.03,5086.48,8.4,Yes,No,Summer,Sunny,5122.08,0.0,1.0,316.45,0.029,11,2024,4,23,1
4006,ORD104006,P-CLO-002,Clothing,Woolen Sweater,North,Lucknow,SUP-028,6.0,WH-NO-02,208.0,17.0,106.0,562.0,19.01,1582.52,9.3,No,No,Summer,Rainy,1742.33,0.0,0.0,243.71,0.171,18,2021,4,7,2
4007,ORD104007,P-ELE-015,Electronics,Home Router,East,,SUP-040,,WH-EA-01,7.0,3.0,,156.0,4.41,12263.42,1.8,No,No,Winter,Sunny,11877.58,2.0,3.0,535.91,0.054,2,2024,12,4,2
4008,ORD104008,P-ELE-013,Electronics,Smartphone Charger,West,Ahmedabad,SUP-005,8.0,WH-WE-02,150.0,7.0,58.0,213.0,7.78,5988.97,13.9,No,No,Autumn,Cloudy,6607.85,0.0,1.0,451.01,0.147,8,2022,11,27,6
4009,ORD104009,P-FUR-008,Furniture,Foldable Bed,North,Delhi,SUP-038,4.0,WH-NO-04,44.0,2.0,22.0,94.0,3.33,8510.24,17.8,No,No,Autumn,Sunny,8301.53,0.0,,343.62,0.133,3,2022,7,7,3
4010,ORD104010,P-GRO-006,Grocery,Instant Noodles Pack,South,Hyderabad,SUP-003,3.0,WH-SO-05,1373.0,43.0,440.0,2097.0,66.16,563.81,17.1,No,No,Autumn,Cloudy,646.31,0.0,1.0,261.33,0.085,81,2023,6,22,3
4011,ORD104011,P-ELE-003,Electronics,Laptop Stand,West,Pune,SUP-022,18.0,WH-WE-04,111.0,6.0,62.0,276.0,8.07,1913.01,8.9,No,No,Summer,Rainy,1982.69,0.0,3.0,655.27,0.09,10,2024,8,25,6
4012,ORD104012,P-SPO-015,Sports,Running Shoes,West,Ahmedabad,SUP-034,11.0,WH-WE-04,94.0,5.0,126.0,455.0,16.84,3246.44,10.3,No,No,Autumn,Sunny,3071.01,1.0,3.0,432.37,0.156,13,2024,10,1,1
4013,ORD104013,P-ELE-012,Electronics,Power Bank 10000mAh,South,Chennai,SUP-028,3.0,WH-SO-04,615.0,5.0,43.0,178.0,6.43,8539.5,40.0,No,No,Spring,Sunny,10029.04,0.0,1.0,310.75,0.098,12,2024,2,10,5
4014,ORD104014,P-CLO-012,Clothing,Formal Shirt,Central,Indore,SUP-009,16.0,WH-CE-05,320.0,16.0,155.0,477.0,18.79,833.68,7.8,No,Yes,Winter,Sunny,873.86,0.0,1.0,505.37,,26,2022,12,8,3
4015,ORD104015,P-CLO-008,Clothing,Men's Cotton T-Shirt,West,Nagpur,SUP-025,3.0,WH-WE-05,246.0,21.0,121.0,564.0,18.83,2128.38,3.2,No,No,Summer,Sunny,2024.71,0.0,6.0,492.62,0.157,24,2021,8,6,4
4016,ORD104016,P-GRO-001,Grocery,Sugar 1kg,East,Kolkata,SUP-037,4.0,WH-EA-01,246.0,21.0,223.0,1144.0,37.19,384.81,12.4,No,No,Autumn,Cloudy,341.49,,0.0,326.3,0.045,22,2021,10,6,2
4017,ORD104017,P-CLO-010,Clothing,Cotton Saree,South,Coimbatore,SUP-009,5.0,WH-SO-03,105.0,18.0,107.0,617.0,18.83,1713.23,19.5,Yes,No,Summer,Sunny,1808.84,0.0,0.0,298.24,0.038,20,2024,5,6,0
4018,ORD104018,P-ELE-008,Electronics,Power Bank 10000mAh,West,Mumbai,SUP-038,5.0,WH-WE-05,,9.0,64.0,241.0,7.71,884.47,7.8,No,No,Summer,,982.4,0.0,0.0,277.06,0.035,6,2021,7,2,4
4019,ORD104019,P-BEA-005,Beauty,Talcum Powder,West,Ahmedabad,SUP-027,17.0,WH-WE-05,,15.0,104.0,496.0,16.35,815.59,11.9,Yes,No,Winter,Cloudy,840.84,1.0,2.0,505.09,0.062,18,2022,12,5,0
4020,ORD104020,P-GRO-005,Grocery,Wheat Flour 5kg,South,Coimbatore,SUP-004,14.0,WH-SO-03,1195.0,91.0,609.0,2674.0,86.83,470.84,2.3,,Yes,Autumn,Rainy,483.27,0.0,1.0,442.17,0.034,141,2022,8,19,4
4021,ORD104021,P-ELE-001,Electronics,Home Router,Central,Jabalpur,SUP-014,4.0,WH-CE-03,84.0,,55.0,196.0,,10366.6,5.5,No,No,Autumn,Sunny,11659.2,0.0,1.0,277.76,0.04,8,2023,11,3,4
4022,ORD104022,P-GRO-014,Grocery,Basmati Rice 5kg,Central,Indore,SUP-035,8.0,WH-CE-01,319.0,23.0,164.0,704.0,26.59,234.28,20.0,No,No,Summer,Rainy,245.49,0.0,5.0,506.92,0.034,28,2022,5,17,1
4023,ORD104023,P-SPO-003,Sports,Cycling Helmet,East,Kolkata,SUP-014,6.0,WH-EA-03,221.0,9.0,86.0,371.0,12.05,1270.05,6.4,No,Yes,Autumn,Stormy,1203.21,0.0,0.0,334.52,0.075,15,2023,10,24,1
4024,ORD104024,P-BEA-013,Beauty,Herbal Shampoo 200ml,West,Surat,SUP-038,3.0,WH-WE-03,887.0,40.0,276.0,971.0,,767.86,32.0,No,No,Winter,Cloudy,730.08,0.0,2.0,1009.24,0.138,50,2023,1,13,4
4025,ORD104025,P-SPO-015,Sports,Running Shoes,East,Ranchi,SUP-017,5.0,WH-EA-04,144.0,6.0,64.0,301.0,9.01,2742.88,27.3,No,No,Summer,Cloudy,2864.79,0.0,1.0,363.89,0.189,10,2024,7,18,3
4026,ORD104026,P-FUR-001,Furniture,Sofa Cushion Set,West,Ahmedabad,SUP-014,5.0,WH-WE-03,126.0,2.0,42.0,186.0,5.25,19567.74,16.4,Yes,No,Autumn,,20353.78,0.0,0.0,332.98,0.119,7,2021,9,30,3
4027,ORD104027,P-FUR-010,Furniture,Sofa Cushion Set,West,Mumbai,SUP-035,7.0,WH-WE-02,64.0,5.0,48.0,185.0,6.53,9173.39,9.7,No,No,Winter,Sunny,9971.81,0.0,5.0,599.29,0.012,8,2024,1,18,3
4028,ORD104028,P-CLO-002,Clothing,Woolen Sweater,North,Chandigarh,SUP-032,6.0,WH-NO-05,479.0,22.0,190.0,819.0,26.45,2468.94,21.3,Yes,No,Autumn,Stormy,2541.75,0.0,0.0,328.36,0.157,39,2023,11,21,1
4029,ORD104029,P-SPO-013,Sports,Gym Dumbbells 5kg,North,Lucknow,SUP-010,9.0,WH-NO-02,297.0,13.0,108.0,401.0,12.37,1985.19,8.8,Yes,No,Summer,Rainy,2093.16,0.0,5.0,557.62,0.108,11,2024,4,19,4
4030,ORD104030,P-CLO-008,Clothing,Women's Kurti,South,Hyderabad,SUP-032,14.0,WH-SO-02,520.0,22.0,118.0,751.0,,1485.48,5.9,Yes,No,Winter,Sunny,1526.85,,1.0,500.16,0.039,28,2022,12,18,6
4031,ORD104031,P-GRO-001,Grocery,Tea Powder 500g,Central,Bhopal,SUP-011,,WH-CE-03,136.0,23.0,164.0,844.0,28.48,464.96,13.6,No,No,Summer,Sunny,500.83,0.0,0.0,329.33,0.075,25,2022,4,14,3
4032,ORD104032,P-FUR-012,Furniture,Wooden Bookshelf,South,Chennai,SUP-036,23.0,WH-SO-02,105.0,7.0,46.0,184.0,6.6,16801.36,0.4,Yes,Yes,Winter,Sunny,17803.86,0.0,2.0,677.1,0.07,15,2023,1,26,3
4033,ORD104033,P-CLO-012,Clothing,Kids Winter Jacket,West,Nagpur,SUP-001,16.0,WH-WE-01,190.0,43.0,256.0,1067.0,33.95,1433.89,35.3,No,No,Autumn,Cloudy,1404.25,0.0,1.0,405.61,0.14,27,2024,11,22,4
4034,ORD104034,P-ELE-014,Electronics,Bluetooth Speaker,South,Bengaluru,SUP-027,3.0,WH-SO-04,78.0,7.0,52.0,252.0,7.42,12757.47,8.7,No,No,Autumn,Rainy,12565.22,0.0,0.0,189.43,0.082,7,2021,10,12,1
4035,ORD104035,P-GRO-008,Grocery,Basmati Rice 5kg,South,Kochi,SUP-007,19.0,WH-SO-02,725.0,30.0,265.0,1269.0,41.95,454.13,4.0,No,No,Summer,Sunny,465.9,0.0,1.0,480.79,0.127,44,2023,8,25,4
4036,ORD104036,P-GRO-014,Grocery,Sugar 1kg,Central,Raipur,SUP-028,6.0,WH-CE-05,651.0,23.0,222.0,910.0,26.7,594.99,15.3,Yes,No,Autumn,,600.32,0.0,1.0,421.3,,34,2021,11,24,2
4037,ORD104037,P-BEA-010,Beauty,Face Wash 100ml,East,Bhubaneswar,SUP-040,3.0,WH-EA-04,477.0,26.0,170.0,714.0,21.59,239.27,10.3,No,No,Spring,Rainy,264.43,0.0,0.0,,0.037,25,2024,2,5,0
4038,ORD104038,P-GRO-008,Grocery,Wheat Flour 5kg,South,Kochi,SUP-027,14.0,WH-SO-03,456.0,22.0,250.0,1264.0,39.21,413.64,,No,No,Autumn,Sunny,420.65,0.0,0.0,479.96,0.03,39,2022,9,11,6
4039,ORD104039,P-BEA-006,Beauty,Sunscreen Lotion,North,Lucknow,SUP-018,,WH-NO-03,255.0,29.0,211.0,725.0,24.22,201.1,2.6,No,No,Summer,Cloudy,178.2,0.0,0.0,315.47,0.138,26,2024,6,8,5
4040,ORD104040,P-CLO-005,Clothing,Woolen Sweater,North,Kanpur,SUP-033,7.0,WH-NO-05,326.0,16.0,131.0,585.0,19.96,348.54,25.1,No,No,Autumn,Sunny,315.58,0.0,1.0,350.9,0.168,17,2021,8,27,4
4041,ORD104041,P-BEA-010,Beauty,Moisturizer Cream,North,Lucknow,SUP-008,5.0,WH-NO-01,55.0,24.0,122.0,637.0,18.11,305.58,5.2,Yes,No,Autumn,Sunny,299.73,1.0,4.0,451.18,0.164,16,2021,6,30,2
4042,ORD104042,P-ELE-012,Electronics,LED TV 43in,South,Chennai,SUP-022,17.0,WH-SO-02,161.0,10.0,48.0,245.0,8.95,3162.62,5.7,,No,Autumn,Cloudy,3345.24,0.0,1.0,374.39,0.134,12,2024,10,21,0
4043,ORD104043,P-SPO-001,Sports,Yoga Mat,East,Bhubaneswar,SUP-039,8.0,WH-EA-01,30.0,8.0,49.0,213.0,6.76,875.23,4.3,Yes,No,Summer,Sunny,824.45,0.0,1.0,325.73,0.04,8,2022,5,7,5
4044,ORD104044,P-CLO-007,Clothing,Kids Winter Jacket,South,,SUP-015,5.0,WH-SO-01,78.0,26.0,186.0,647.0,20.63,687.41,11.8,No,No,Summer,Cloudy,723.23,0.0,0.0,304.05,0.024,18,2021,5,4,1
4045,ORD104045,P-GRO-001,Grocery,Sunflower Oil 1L,North,Lucknow,SUP-002,5.0,WH-NO-05,284.0,42.0,287.0,991.0,31.92,553.88,15.1,Yes,No,Summer,Sunny,519.89,0.0,1.0,366.17,,43,2024,5,6,0
4046,ORD104046,P-GRO-006,Grocery,Tea Powder 500g,South,Coimbatore,SUP-018,9.0,WH-SO-01,309.0,44.0,238.0,960.0,35.88,526.8,3.3,No,No,Summer,Rainy,533.49,0.0,3.0,506.86,0.058,25,2022,8,28,6
4047,ORD104047,P-GRO-012,Grocery,Instant Noodles Pack,South,Bengaluru,SUP-020,7.0,WH-SO-05,781.0,28.0,258.0,1210.0,40.03,555.3,28.1,Yes,No,Autumn,Cloudy,573.72,0.0,2.0,390.97,0.063,59,2024,9,9,0
4048,ORD104048,P-GRO-011,Grocery,Basmati Rice 5kg,Central,Gwalior,SUP-033,7.0,WH-CE-04,,48.0,280.0,1132.0,39.84,365.24,22.5,No,Yes,Autumn,Rainy,331.83,0.0,0.0,387.4,0.078,55,2022,10,2,6
4049,ORD104049,P-FUR-002,Furniture,TV Unit,South,Coimbatore,SUP-033,10.0,WH-SO-04,19.0,2.0,28.0,109.0,3.33,15472.46,18.6,Yes,No,Winter,Cloudy,15962.18,0.0,1.0,386.86,0.086,6,2024,1,10,2
4050,ORD104050,P-SPO-011,Sports,Gym Dumbbells 5kg,North,Chandigarh,SUP-014,14.0,WH-NO-04,131.0,7.0,82.0,348.0,11.3,3752.31,12.7,No,No,Summer,Cloudy,4237.27,2.0,2.0,511.61,0.066,10,2023,4,26,2
4051,ORD104051,P-FUR-001,Furniture,Sofa Cushion Set,East,Guwahati,SUP-031,2.0,WH-EA-01,87.0,5.0,41.0,179.0,5.19,7012.06,34.1,No,No,Winter,Sunny,6901.24,0.0,1.0,306.81,0.089,6,2022,12,6,1
4052,ORD104052,P-CLO-001,Clothing,Kids Winter Jacket,Central,Gwalior,SUP-006,4.0,WH-CE-01,161.0,,189.0,840.0,24.49,1750.57,7.0,Yes,No,Winter,Sunny,1761.28,0.0,1.0,268.46,0.135,32,2022,12,12,0
4053,ORD104053,P-CLO-014,Clothing,Woolen Sweater,West,Nagpur,SUP-008,4.0,WH-WE-02,673.0,40.0,350.0,1231.0,42.7,2485.99,11.4,No,No,Winter,Cloudy,2536.38,0.0,3.0,407.74,0.037,55,2022,1,2,6
4054,ORD104054,P-BEA-001,Beauty,Hair Oil 250ml,West,Pune,SUP-025,5.0,WH-WE-04,584.0,33.0,355.0,1543.0,44.95,1061.79,8.4,Yes,No,Winter,Cloudy,1069.49,0.0,0.0,262.7,0.02,58,2023,12,13,2
4055,ORD104055,P-BEA-004,Beauty,Talcum Powder,Central,Raipur,SUP-029,12.0,WH-CE-02,250.0,20.0,106.0,474.0,16.82,1124.83,17.3,Yes,No,Winter,Cloudy,1126.99,0.0,1.0,408.71,0.086,30,2023,2,7,1
4056,ORD104056,P-GRO-002,Grocery,Wheat Flour 5kg,East,Bhubaneswar,SUP-033,5.0,WH-EA-01,921.0,33.0,280.0,1330.0,39.09,173.19,18.1,No,No,Winter,Sunny,172.45,0.0,0.0,301.98,,47,2021,1,3,6
4057,ORD104057,P-SPO-009,Sports,Football,Central,Indore,SUP-025,16.0,WH-CE-04,217.0,15.0,87.0,354.0,13.36,1718.79,9.5,No,,Summer,Sunny,1503.26,0.0,1.0,517.89,0.032,11,2022,8,4,3
4058,ORD104058,P-GRO-008,Grocery,Sugar 1kg,North,Kanpur,SUP-006,7.0,WH-NO-04,1023.0,44.0,344.0,1484.0,43.04,371.77,23.3,No,No,Summer,Sunny,385.24,,0.0,312.03,0.043,78,2022,8,17,2
4059,ORD104059,P-BEA-013,Beauty,Herbal Shampoo 200ml,West,Ahmedabad,SUP-028,6.0,WH-WE-03,114.0,17.0,188.0,694.0,24.89,673.77,11.0,No,No,Summer,Sunny,615.83,1.0,1.0,329.1,0.056,15,2024,7,17,2
4060,ORD104060,P-SPO-015,Sports,Cricket Bat,West,Ahmedabad,SUP-018,11.0,WH-WE-03,337.0,20.0,117.0,449.0,15.48,877.65,8.8,No,No,Autumn,Rainy,904.08,0.0,3.0,514.0,0.051,15,2022,9,16,4
4061,ORD104061,P-FUR-012,Furniture,Office Chair,Central,Bhopal,SUP-011,8.0,WH-CE-04,41.0,2.0,35.0,138.0,4.69,12228.22,15.9,No,No,Summer,Cloudy,12914.15,,0.0,332.74,0.054,3,2023,4,9,6
4062,ORD104062,P-ELE-008,Electronics,LED TV 43in,South,Hyderabad,SUP-014,8.0,WH-SO-04,79.0,5.0,41.0,214.0,7.57,12793.32,11.1,No,No,Summer,Cloudy,13209.77,0.0,0.0,273.18,0.188,7,2021,5,2,6
4063,ORD104063,P-CLO-001,Clothing,Men's Cotton T-Shirt,West,Surat,SUP-033,2.0,WH-WE-02,147.0,26.0,169.0,758.0,22.22,1320.16,16.5,Yes,No,Summer,Sunny,1226.83,0.0,1.0,330.3,0.175,28,2022,7,27,2
4064,ORD104064,P-ELE-014,Electronics,Laptop Stand,North,Chandigarh,SUP-008,4.0,WH-NO-01,68.0,11.0,34.0,147.0,5.91,10442.14,5.1,Yes,No,Spring,Rainy,10705.62,0.0,,259.27,0.022,10,2022,2,20,6
4065,ORD104065,P-BEA-009,Beauty,Sunscreen Lotion,East,Guwahati,SUP-023,8.0,WH-EA-05,583.0,18.0,235.0,1250.0,39.62,1092.5,9.3,No,No,Winter,Sunny,1073.83,0.0,2.0,465.44,0.067,41,2022,12,30,4
4066,ORD104066,P-GRO-004,Grocery,Sunflower Oil 1L,South,Bengaluru,SUP-004,37.0,WH-SO-01,629.0,34.0,291.0,1132.0,35.57,556.92,39.6,Yes,No,Summer,Sunny,530.64,1.0,3.0,911.59,0.126,49,2024,8,5,0
4067,ORD104067,P-FUR-009,Furniture,Wooden Bookshelf,East,Kolkata,SUP-030,7.0,WH-EA-03,70.0,2.0,36.0,148.0,5.5,17256.6,0.8,No,No,Autumn,Rainy,20105.44,0.0,0.0,338.76,0.011,8,2024,9,25,2
4068,ORD104068,P-SPO-006,Sports,Cycling Helmet,West,Pune,SUP-006,8.0,WH-WE-05,395.0,15.0,91.0,468.0,16.33,4433.25,16.5,No,No,Winter,Cloudy,4114.7,0.0,0.0,391.7,0.139,16,2022,2,24,3
4069,ORD104069,P-ELE-006,Electronics,Home Router,South,Chennai,SUP-038,13.0,WH-SO-03,150.0,7.0,59.0,250.0,9.27,2199.45,4.2,Yes,No,Summer,Sunny,2286.5,0.0,0.0,419.01,0.112,12,2023,6,15,3
4070,ORD104070,P-GRO-007,Grocery,Basmati Rice 5kg,North,Kanpur,SUP-036,11.0,WH-NO-05,409.0,46.0,357.0,1332.0,45.85,585.16,6.7,Yes,No,Autumn,Sunny,656.59,2.0,3.0,625.81,0.123,52,2024,10,26,5
4071,ORD104071,P-FUR-012,Furniture,Foldable Bed,South,Kochi,SUP-035,8.0,WH-SO-03,142.0,11.0,53.0,267.0,8.16,12809.59,8.4,No,No,Winter,Sunny,13201.86,,1.0,360.46,0.126,13,2021,12,1,2
4072,ORD104072,P-GRO-003,Grocery,Wheat Flour 5kg,West,Ahmedabad,SUP-014,7.0,WH-WE-04,843.0,55.0,362.0,1278.0,44.28,570.39,7.8,No,No,Autumn,,542.32,0.0,0.0,189.02,0.025,44,2022,10,3,0
4073,ORD104073,P-ELE-015,Electronics,LED TV 43in,West,Ahmedabad,SUP-032,4.0,WH-WE-03,46.0,11.0,101.0,391.0,12.66,4036.1,13.1,No,No,Winter,Sunny,3858.11,0.0,1.0,281.65,0.067,10,2023,1,1,6
4074,ORD104074,P-ELE-001,Electronics,Smartwatch,West,Pune,SUP-006,16.0,WH-WE-02,223.0,14.0,94.0,346.0,11.65,4028.21,12.7,No,No,Winter,Cloudy,3578.03,0.0,1.0,570.51,0.073,12,2021,1,5,1
4075,ORD104075,P-GRO-003,Grocery,Masala Mix 200g,North,Chandigarh,SUP-012,8.0,WH-NO-05,152.0,36.0,275.0,1291.0,35.83,292.6,20.2,Yes,Yes,Autumn,Sunny,294.79,2.0,0.0,454.76,0.129,42,2022,11,12,5
4076,ORD104076,P-FUR-011,Furniture,Foldable Bed,West,Surat,SUP-006,11.0,WH-WE-03,86.0,4.0,34.0,181.0,5.95,6401.2,18.0,No,No,Summer,Cloudy,6467.9,0.0,3.0,616.45,0.107,8,2021,6,27,6
4077,ORD104077,P-CLO-003,Clothing,Woolen Sweater,West,Surat,SUP-003,,WH-WE-03,51.0,,129.0,527.0,19.2,315.46,13.9,No,No,Spring,,309.13,0.0,6.0,623.2,0.064,12,2022,3,30,2
4078,ORD104078,P-ELE-012,Electronics,Power Bank 10000mAh,North,Kanpur,SUP-015,11.0,WH-NO-04,74.0,11.0,75.0,310.0,10.08,3721.41,4.2,No,No,Summer,Rainy,4145.3,0.0,4.0,532.61,0.083,12,2021,6,18,4
4079,ORD104079,P-CLO-012,Clothing,Track Pants,South,Hyderabad,SUP-023,21.0,WH-SO-05,433.0,56.0,164.0,,26.59,1148.95,11.7,No,No,Winter,Sunny,1145.52,0.0,1.0,547.6,0.052,36,2023,12,12,1
4080,ORD104080,P-GRO-007,Grocery,Instant Noodles Pack,South,Chennai,SUP-035,10.0,WH-SO-05,,57.0,308.0,1161.0,40.9,492.38,4.2,No,No,Summer,Sunny,431.32,1.0,0.0,472.49,0.06,41,2024,5,4,5
4081,ORD104081,P-GRO-007,Grocery,Instant Noodles Pack,South,Bengaluru,SUP-002,6.0,WH-SO-02,402.0,,389.0,1622.0,47.89,318.71,11.5,Yes,No,Winter,Sunny,357.38,0.0,0.0,329.59,0.123,70,2022,1,27,3
4082,ORD104082,P-BEA-015,Beauty,Moisturizer Cream,North,,SUP-017,9.0,WH-NO-02,234.0,13.0,172.0,742.0,29.5,244.54,20.7,No,Yes,Spring,,222.07,0.0,3.0,441.33,0.236,26,2021,2,28,6
4083,ORD104083,P-GRO-012,Grocery,Masala Mix 200g,North,Kanpur,SUP-029,5.0,WH-NO-02,814.0,38.0,184.0,1034.0,36.0,430.45,2.4,No,No,Winter,Sunny,449.31,0.0,0.0,335.82,0.029,35,2022,12,21,2
4084,ORD104084,P-CLO-010,Clothing,Woolen Sweater,North,Chandigarh,SUP-009,13.0,WH-NO-02,413.0,38.0,189.0,801.0,26.63,534.2,17.2,No,No,Summer,Sunny,563.2,0.0,1.0,366.32,0.053,33,2021,6,17,3
4085,ORD104085,P-SPO-003,Sports,Gym Dumbbells 5kg,North,Kanpur,SUP-030,12.0,WH-NO-02,325.0,18.0,151.0,521.0,15.83,932.78,2.3,No,No,Autumn,Rainy,929.92,0.0,2.0,412.47,0.078,20,2022,10,7,4
4086,ORD104086,P-CLO-009,Clothing,Cotton Saree,South,Chennai,SUP-023,9.0,WH-SO-03,680.0,55.0,287.0,1415.0,41.33,2409.37,21.1,No,Yes,Summer,Rainy,2597.32,1.0,1.0,296.86,0.113,47,2023,3,6,0
4087,ORD104087,P-FUR-001,Furniture,TV Unit,West,Mumbai,SUP-023,9.0,WH-WE-01,30.0,7.0,34.0,204.0,5.97,17468.65,7.5,No,No,Autumn,Cloudy,17634.93,1.0,2.0,428.34,0.052,7,2022,11,14,0
4088,ORD104088,P-ELE-004,Electronics,Smartphone Charger,East,Guwahati,SUP-005,5.0,WH-EA-03,111.0,8.0,47.0,188.0,6.16,5550.62,7.6,Yes,No,Spring,Sunny,5409.73,0.0,0.0,332.76,0.077,11,2023,2,2,3
4089,ORD104089,P-ELE-011,Electronics,Wireless Earbuds,South,Bengaluru,SUP-007,7.0,WH-SO-05,48.0,3.0,40.0,180.0,5.39,13688.96,23.2,No,No,Summer,Cloudy,11452.35,0.0,0.0,331.91,0.039,5,2023,4,9,6
4090,ORD104090,P-ELE-007,Electronics,Home Router,West,Mumbai,SUP-036,5.0,WH-WE-03,313.0,27.0,136.0,571.0,17.85,3982.8,25.0,Yes,No,Autumn,Cloudy,3444.56,0.0,1.0,238.77,0.052,28,2021,8,28,5
4091,ORD104091,P-BEA-015,Beauty,Sunscreen Lotion,East,Guwahati,SUP-036,14.0,WH-EA-01,349.0,31.0,229.0,749.0,24.65,2277.08,7.1,No,No,Autumn,Cloudy,,0.0,3.0,550.26,0.037,41,2023,9,26,1
4092,ORD104092,P-BEA-015,Beauty,Hair Oil 250ml,North,Chandigarh,SUP-019,9.0,WH-NO-02,753.0,42.0,176.0,875.0,30.7,813.63,21.0,Yes,No,Autumn,,864.29,0.0,1.0,342.81,0.12,68,2023,9,4,0
4093,ORD104093,P-ELE-002,Electronics,Smartwatch,North,Jaipur,SUP-024,3.0,WH-NO-02,194.0,14.0,105.0,413.0,13.45,13959.16,9.9,No,No,Summer,Rainy,15410.37,0.0,3.0,300.7,0.053,10,2021,7,28,2
4094,ORD104094,P-GRO-014,Grocery,Tea Powder 500g,North,Jaipur,SUP-022,21.0,WH-NO-03,899.0,48.0,291.0,1410.0,41.71,287.35,12.3,No,No,Autumn,Sunny,346.18,0.0,1.0,489.39,0.036,59,2022,9,26,0
4095,ORD104095,P-GRO-013,Grocery,Basmati Rice 5kg,East,Patna,SUP-021,7.0,WH-EA-02,127.0,32.0,195.0,795.0,26.27,216.41,9.1,No,No,Spring,Sunny,210.97,0.0,1.0,411.9,0.057,25,2022,2,26,5
4096,ORD104096,P-CLO-002,Clothing,Denim Jeans,South,Coimbatore,SUP-029,10.0,WH-SO-02,151.0,25.0,163.0,749.0,25.96,567.95,3.7,Yes,No,Summer,Sunny,563.74,0.0,1.0,1391.59,0.101,25,2022,8,4,3
4097,ORD104097,P-FUR-006,Furniture,Study Table,South,Hyderabad,SUP-023,9.0,WH-SO-04,28.0,5.0,33.0,199.0,5.95,11789.06,4.9,Yes,No,Winter,Sunny,10278.53,0.0,2.0,476.58,0.032,6,2024,2,4,6
4098,ORD104098,P-FUR-015,Furniture,Plastic Storage Rack,East,Bhubaneswar,SUP-006,4.0,WH-EA-01,67.0,2.0,26.0,86.0,2.99,19630.16,26.0,Yes,No,Summer,Stormy,19251.46,0.0,0.0,390.74,0.035,3,2023,5,22,0
4099,ORD104099,P-SPO-001,Sports,Cricket Bat,Central,Gwalior,SUP-004,21.0,WH-CE-05,137.0,19.0,173.0,617.0,19.49,1265.46,6.2,,Yes,Summer,Cloudy,1238.39,,1.0,,0.129,24,2024,8,19,0
4100,ORD104100,P-GRO-001,Grocery,Instant Noodles Pack,South,Chennai,SUP-035,14.0,WH-SO-02,726.0,23.0,277.0,954.0,30.61,293.06,20.9,No,No,Summer,Rainy,285.04,0.0,3.0,607.65,0.048,31,2023,4,12,2
4101,ORD104101,P-FUR-008,Furniture,Wooden Bookshelf,East,Bhubaneswar,SUP-030,11.0,WH-EA-05,73.0,3.0,23.0,122.0,3.73,13629.08,2.0,Yes,No,Spring,Stormy,14828.56,0.0,0.0,347.21,0.064,5,2021,3,7,6
4102,ORD104102,P-CLO-015,Clothing,Cotton Saree,East,Bhubaneswar,SUP-008,7.0,WH-EA-01,232.0,31.0,148.0,699.0,21.57,515.19,13.1,No,No,Autumn,Cloudy,546.69,0.0,0.0,300.51,0.104,27,2023,11,6,0
4103,ORD104103,P-GRO-005,Grocery,Basmati Rice 5kg,West,Mumbai,SUP-003,5.0,WH-WE-02,496.0,38.0,211.0,815.0,,218.84,8.5,No,No,Summer,Rainy,235.81,0.0,1.0,338.01,0.074,29,2021,4,18,6
4104,ORD104104,P-SPO-012,Sports,Cricket Bat,West,Pune,SUP-009,8.0,WH-WE-02,202.0,13.0,101.0,429.0,14.77,411.46,23.5,Yes,No,Summer,Rainy,,0.0,0.0,329.25,0.275,15,2022,5,15,6
4105,ORD104105,P-ELE-011,Electronics,Bluetooth Speaker,West,Mumbai,SUP-024,,WH-WE-03,,15.0,67.0,305.0,10.73,8605.15,11.6,Yes,No,Autumn,Sunny,8658.54,0.0,1.0,567.19,0.073,20,2024,9,26,3
4106,ORD104106,P-FUR-003,Furniture,Dining Chair,North,Delhi,SUP-024,4.0,WH-NO-01,173.0,7.0,58.0,243.0,7.85,9803.79,8.1,Yes,No,Winter,Sunny,10111.46,0.0,3.0,304.5,0.097,13,2024,12,16,0
4107,ORD104107,P-BEA-005,Beauty,Body Lotion 400ml,South,Hyderabad,SUP-007,9.0,WH-SO-02,172.0,26.0,168.0,904.0,29.43,594.26,15.0,Yes,No,Summer,Sunny,685.38,,0.0,401.91,0.084,48,2021,8,5,3
4108,ORD104108,P-SPO-010,Sports,Gym Dumbbells 5kg,West,Nagpur,SUP-008,7.0,WH-WE-05,118.0,21.0,97.0,709.0,18.95,,22.6,Yes,No,,Cloudy,2773.51,0.0,1.0,312.85,0.12,26,2024,12,10,1
4109,ORD104109,P-CLO-008,Clothing,Kids Winter Jacket,South,Kochi,SUP-009,8.0,WH-SO-05,235.0,22.0,269.0,882.0,28.38,1279.97,15.6,Yes,No,Winter,Rainy,1268.19,0.0,1.0,,0.129,37,2024,12,1,6
4110,ORD104110,P-GRO-004,Grocery,Sugar 1kg,Central,Gwalior,SUP-018,4.0,WH-CE-03,836.0,42.0,314.0,1424.0,47.02,282.75,14.2,No,No,Autumn,Sunny,308.43,0.0,1.0,318.32,0.077,59,2024,7,7,6
4111,ORD104111,P-BEA-004,Beauty,Hair Oil 250ml,South,Hyderabad,SUP-010,,WH-SO-01,242.0,32.0,177.0,638.0,22.54,911.57,19.7,No,No,Summer,Rainy,896.28,0.0,1.0,429.21,0.016,25,2024,4,25,3
4112,ORD104112,P-BEA-009,Beauty,Hair Oil 250ml,East,Patna,SUP-019,2.0,WH-EA-02,326.0,,108.0,435.0,16.14,622.49,18.6,No,No,Summer,Cloudy,648.32,0.0,0.0,281.33,0.037,17,2021,4,20,1
4113,ORD104113,P-CLO-013,Clothing,Men's Cotton T-Shirt,South,Chennai,SUP-001,10.0,WH-SO-05,112.0,18.0,119.0,417.0,16.35,1469.3,21.2,No,No,Summer,Sunny,1526.78,1.0,1.0,370.68,0.075,17,2021,6,26,5
4114,ORD104114,P-BEA-007,Beauty,Lipstick Set,South,Coimbatore,SUP-038,2.0,WH-SO-05,560.0,29.0,219.0,830.0,30.97,1042.12,,No,No,Autumn,Cloudy,1002.81,0.0,1.0,153.37,0.048,49,2023,6,16,4
4115,ORD104115,P-GRO-014,Grocery,Instant Noodles Pack,West,Nagpur,SUP-036,6.0,WH-WE-05,961.0,35.0,213.0,1141.0,39.14,422.73,10.0,Yes,No,Summer,Rainy,400.99,0.0,1.0,373.58,0.112,41,2021,5,30,6
4116,ORD104116,P-CLO-011,Clothing,Formal Shirt,North,Kanpur,SUP-014,19.0,WH-NO-05,440.0,19.0,118.0,612.0,18.6,1863.92,7.8,No,No,Winter,Sunny,1859.21,,1.0,608.44,0.043,29,2022,1,2,6
4117,ORD104117,P-SPO-007,Sports,Football,East,Patna,SUP-033,13.0,WH-EA-04,311.0,19.0,120.0,484.0,15.46,4178.96,9.2,No,No,Autumn,Sunny,,0.0,3.0,466.67,0.058,16,2024,11,28,3
4118,ORD104118,P-GRO-011,Grocery,Sugar 1kg,East,Bhubaneswar,SUP-022,3.0,WH-EA-04,491.0,44.0,292.0,1077.0,39.79,160.41,8.8,No,No,Autumn,Cloudy,141.18,0.0,2.0,355.79,0.004,29,2024,8,23,4
4119,ORD104119,P-CLO-007,Clothing,Denim Jeans,West,Ahmedabad,SUP-002,14.0,WH-WE-04,151.0,41.0,245.0,990.0,35.1,1077.96,18.3,No,No,Winter,Sunny,1140.18,2.0,2.0,521.48,0.108,30,2022,1,8,5
4120,ORD104120,P-SPO-012,Sports,Gym Dumbbells 5kg,East,Kolkata,SUP-012,10.0,WH-EA-04,,5.0,56.0,342.0,11.52,4300.76,3.6,,No,Spring,Sunny,4496.99,0.0,1.0,463.44,0.058,11,2023,2,27,0
4121,ORD104121,P-BEA-015,Beauty,Sunscreen Lotion,Central,Bhopal,SUP-003,5.0,WH-CE-02,77.0,19.0,201.0,774.0,26.71,249.44,8.5,No,Yes,Spring,Rainy,234.62,0.0,0.0,247.02,0.012,19,2023,2,26,6
4122,ORD104122,P-SPO-012,Sports,Running Shoes,West,Mumbai,SUP-029,4.0,WH-WE-04,364.0,15.0,116.0,490.0,17.86,3795.77,15.5,No,Yes,Winter,Sunny,3540.76,1.0,0.0,314.82,0.025,24,2022,1,19,2
4123,ORD104123,P-GRO-003,Grocery,Masala Mix 200g,South,Coimbatore,SUP-032,8.0,WH-SO-02,,29.0,165.0,588.0,25.98,422.19,2.0,No,No,Winter,Sunny,438.69,0.0,1.0,345.19,0.078,24,2021,12,12,6
4124,ORD104124,P-SPO-002,Sports,Running Shoes,West,Pune,SUP-025,11.0,WH-WE-04,288.0,15.0,81.0,355.0,13.23,2515.33,22.7,No,No,Autumn,Rainy,2867.9,0.0,0.0,310.68,0.008,13,2022,10,1,5
4125,ORD104125,P-ELE-013,Electronics,Home Router,Central,Gwalior,SUP-001,6.0,WH-CE-02,,7.0,42.0,160.0,5.93,8141.92,13.1,Yes,No,Summer,Cloudy,8806.81,1.0,2.0,,0.151,8,2023,5,28,6
4126,ORD104126,P-CLO-013,Clothing,Men's Cotton T-Shirt,South,Chennai,SUP-010,8.0,WH-SO-03,241.0,13.0,102.0,494.0,14.79,2268.22,0.6,No,No,Summer,Sunny,2486.08,0.0,,322.75,0.156,16,2024,3,21,3
4127,ORD104127,P-CLO-009,Clothing,Track Pants,East,Guwahati,SUP-019,14.0,WH-EA-01,48.0,18.0,117.0,606.0,17.72,1596.86,20.3,No,No,Summer,Sunny,1557.96,0.0,2.0,526.66,0.259,13,2024,5,12,6
4128,ORD104128,P-BEA-004,Beauty,Lipstick Set,South,Bengaluru,SUP-006,9.0,WH-SO-05,785.0,54.0,294.0,852.0,34.96,119.05,8.6,No,No,Winter,Sunny,123.01,,1.0,391.49,0.181,53,2021,1,30,5
4129,ORD104129,P-SPO-014,Sports,Running Shoes,East,Patna,SUP-005,7.0,WH-EA-04,,10.0,,325.0,10.07,4480.43,8.4,No,No,Summer,Sunny,4432.97,2.0,1.0,327.23,0.046,12,2023,8,18,4
4130,ORD104130,P-BEA-007,Beauty,Face Wash 100ml,North,Lucknow,SUP-013,10.0,WH-NO-01,428.0,12.0,153.0,942.0,27.99,515.93,4.9,Yes,No,Autumn,Rainy,485.96,1.0,0.0,334.69,,31,2023,6,20,1
4131,ORD104131,P-FUR-005,Furniture,Foldable Bed,West,Ahmedabad,SUP-024,7.0,WH-WE-03,25.0,6.0,33.0,145.0,5.22,9564.26,4.3,No,No,Summer,Sunny,9713.97,0.0,0.0,231.82,0.129,6,2021,3,10,2
4132,ORD104132,P-CLO-006,Clothing,Men's Cotton T-Shirt,South,Hyderabad,SUP-004,3.0,WH-SO-03,350.0,27.0,144.0,502.0,19.98,356.37,2.0,No,No,Summer,Sunny,331.63,0.0,4.0,297.32,0.104,22,2024,5,4,5
4133,ORD104133,P-CLO-005,Clothing,Cotton Saree,East,Kolkata,SUP-040,,WH-EA-05,303.0,20.0,113.0,511.0,14.62,326.87,1.3,No,No,Summer,Rainy,307.38,,1.0,292.54,0.035,19,2023,5,20,5
4134,ORD104134,P-CLO-005,Clothing,Women's Kurti,North,Jaipur,SUP-019,5.0,WH-NO-04,497.0,20.0,133.0,659.0,22.39,1304.74,19.3,No,No,Autumn,Rainy,1258.28,0.0,0.0,193.62,0.014,20,2023,11,17,4
4135,ORD104135,P-ELE-005,Electronics,Smartphone Charger,West,Nagpur,SUP-007,4.0,WH-WE-05,184.0,10.0,67.0,378.0,11.17,10367.69,1.8,No,No,,Cloudy,10086.95,0.0,0.0,357.71,0.021,8,2023,8,24,3
4136,ORD104136,P-CLO-011,Clothing,Men's Cotton T-Shirt,East,Kolkata,SUP-001,6.0,WH-EA-03,,32.0,196.0,789.0,26.08,1238.71,11.3,No,No,Summer,Sunny,1235.79,0.0,2.0,397.45,0.151,26,2022,5,4,2
4137,ORD104137,P-BEA-001,Beauty,Moisturizer Cream,East,Kolkata,SUP-039,6.0,WH-EA-01,455.0,20.0,134.0,,18.86,241.47,10.4,No,No,Autumn,,201.55,,1.0,379.98,0.027,26,2021,10,21,3
4138,ORD104138,P-FUR-006,Furniture,TV Unit,South,Kochi,SUP-024,7.0,WH-SO-04,85.0,6.0,40.0,172.0,5.47,17781.95,5.4,Yes,No,Summer,Stormy,16455.63,0.0,1.0,365.46,0.229,5,2022,7,7,3
4139,ORD104139,P-BEA-003,Beauty,Talcum Powder,North,Jaipur,SUP-035,6.0,WH-NO-02,175.0,29.0,221.0,1018.0,35.19,297.04,22.2,No,No,Winter,Cloudy,334.37,0.0,2.0,337.94,0.11,33,2024,1,19,4
4140,ORD104140,P-GRO-010,Grocery,Basmati Rice 5kg,South,Kochi,SUP-032,8.0,WH-SO-04,933.0,43.0,306.0,1111.0,38.89,90.49,4.7,No,No,Autumn,Rainy,90.43,0.0,5.0,500.8,0.055,45,2023,7,20,3
4141,ORD104141,P-CLO-015,Clothing,Woolen Sweater,Central,Gwalior,SUP-040,11.0,WH-CE-03,,16.0,149.0,539.0,19.08,1267.84,7.4,No,No,Autumn,Sunny,1324.78,0.0,0.0,254.16,0.119,22,2023,7,5,2
4142,ORD104142,P-ELE-012,Electronics,Smartwatch,North,Jaipur,SUP-036,5.0,WH-NO-02,61.0,8.0,62.0,239.0,8.14,12240.61,4.7,Yes,No,Autumn,Rainy,12648.13,0.0,0.0,238.05,0.055,14,2021,7,10,5
4143,ORD104143,P-GRO-004,Grocery,Wheat Flour 5kg,West,Mumbai,SUP-031,5.0,WH-WE-01,175.0,34.0,333.0,1522.0,51.08,50.88,17.6,,No,Winter,Stormy,50.44,0.0,,,0.066,48,2021,1,14,3
4144,ORD104144,P-CLO-008,Clothing,Woolen Sweater,North,Chandigarh,SUP-035,14.0,WH-NO-05,,18.0,157.0,,24.13,378.68,7.2,No,No,Autumn,Sunny,351.93,6.0,1.0,340.96,0.056,14,2023,9,3,6
4145,ORD104145,P-GRO-001,Grocery,Sunflower Oil 1L,West,Pune,SUP-035,8.0,WH-WE-04,926.0,35.0,417.0,,61.33,178.17,7.3,No,No,Autumn,Sunny,170.33,0.0,0.0,356.87,0.065,58,2024,10,20,6
4146,ORD104146,P-ELE-007,Electronics,Smartphone Charger,North,Kanpur,SUP-011,9.0,WH-NO-02,31.0,4.0,38.0,,7.29,14398.43,6.3,No,No,Summer,Sunny,16654.27,0.0,4.0,480.51,0.052,5,2022,6,8,2
4147,ORD104147,P-FUR-005,Furniture,Office Chair,South,Bengaluru,SUP-024,7.0,WH-SO-04,161.0,5.0,45.0,238.0,6.84,19640.99,4.1,No,No,Autumn,Cloudy,18803.07,1.0,3.0,496.02,0.062,7,2022,10,13,3
4148,ORD104148,P-CLO-008,Clothing,Women's Kurti,South,Bengaluru,SUP-040,5.0,WH-SO-05,144.0,24.0,166.0,649.0,21.02,369.86,0.6,No,No,Autumn,Sunny,420.8,0.0,0.0,343.38,0.115,27,2024,10,31,3
4149,ORD104149,P-GRO-007,Grocery,Toor Dal 1kg,North,Chandigarh,SUP-035,5.0,WH-NO-04,666.0,30.0,171.0,997.0,28.04,161.3,14.9,No,No,Winter,Sunny,155.94,,3.0,507.96,0.084,38,2021,12,6,0
4150,ORD104150,P-GRO-011,Grocery,Sunflower Oil 1L,South,Kochi,SUP-005,11.0,WH-SO-05,654.0,41.0,293.0,1133.0,32.93,508.24,9.1,No,No,Spring,Cloudy,495.26,0.0,2.0,514.25,0.065,45,2023,2,2,3
4151,ORD104151,P-CLO-009,Clothing,Women's Kurti,South,Kochi,SUP-005,17.0,WH-SO-03,2587.0,15.0,97.0,502.0,17.24,386.73,3.9,No,No,Summer,Cloudy,389.09,0.0,2.0,554.18,0.06,18,2021,5,6,3
4152,ORD104152,P-CLO-015,Clothing,Denim Jeans,East,Bhubaneswar,SUP-009,4.0,WH-EA-02,89.0,11.0,124.0,652.0,20.73,1901.34,13.6,No,No,Winter,Sunny,1874.55,0.0,1.0,293.94,0.053,20,2022,1,21,4
4153,ORD104153,P-CLO-002,Clothing,Cotton Saree,Central,Raipur,SUP-030,9.0,WH-CE-05,73.0,14.0,81.0,385.0,12.91,1603.28,7.1,No,No,Summer,Rainy,1482.9,1.0,1.0,343.28,0.177,6,2022,7,2,5
4154,ORD104154,P-CLO-015,Clothing,Track Pants,South,Chennai,SUP-016,11.0,WH-SO-04,531.0,22.0,169.0,766.0,22.28,557.04,19.6,No,No,Autumn,Sunny,556.41,0.0,0.0,,0.036,30,2023,9,29,4
4155,ORD104155,P-ELE-012,Electronics,Wireless Earbuds,Central,Jabalpur,SUP-026,11.0,WH-CE-04,29.0,7.0,47.0,196.0,7.16,838.19,19.4,No,,Summer,Cloudy,739.47,0.0,0.0,306.35,0.06,6,2022,3,26,5
4156,ORD104156,P-SPO-011,Sports,Running Shoes,South,Bengaluru,SUP-006,8.0,WH-SO-04,126.0,11.0,97.0,440.0,17.07,3905.52,5.8,Yes,No,Autumn,Cloudy,4019.38,0.0,1.0,358.27,0.07,17,2022,11,4,4
4157,ORD104157,P-ELE-013,Electronics,Wireless Earbuds,North,Delhi,SUP-003,9.0,WH-NO-05,54.0,7.0,59.0,235.0,7.83,6453.47,2.4,Yes,No,Summer,Cloudy,6569.53,0.0,0.0,340.77,0.079,11,2022,3,12,5
4158,ORD104158,P-CLO-001,Clothing,Woolen Sweater,North,Chandigarh,SUP-031,17.0,WH-NO-04,215.0,17.0,104.0,395.0,14.36,1219.73,19.7,No,,Autumn,Cloudy,1290.81,0.0,1.0,496.67,0.102,10,2021,7,26,0
4159,ORD104159,P-GRO-004,Grocery,Wheat Flour 5kg,South,Chennai,SUP-012,4.0,WH-SO-05,1043.0,31.0,299.0,1337.0,48.53,465.82,15.1,Yes,No,Spring,Cloudy,447.3,0.0,0.0,160.33,0.221,55,2024,3,4,0
4160,ORD104160,P-CLO-001,Clothing,Track Pants,South,Hyderabad,SUP-002,6.0,WH-SO-01,368.0,,166.0,558.0,18.93,,5.6,No,No,,Rainy,2511.69,0.0,0.0,288.43,0.165,19,2023,9,11,0
4161,ORD104161,P-GRO-012,Grocery,Instant Noodles Pack,West,Nagpur,SUP-009,18.0,WH-WE-04,530.0,61.0,451.0,1673.0,58.28,416.51,17.1,No,No,Autumn,Rainy,430.86,0.0,3.0,575.63,0.075,67,2023,8,2,2
4162,ORD104162,P-SPO-006,Sports,Yoga Mat,West,Pune,SUP-013,6.0,WH-WE-02,260.0,14.0,137.0,526.0,18.03,4479.43,14.6,Yes,Yes,Summer,Stormy,4525.13,0.0,1.0,399.08,0.025,28,2023,5,2,1
4163,ORD104163,P-GRO-006,Grocery,Wheat Flour 5kg,East,Ranchi,SUP-017,7.0,WH-EA-01,725.0,43.0,224.0,1037.0,35.26,438.44,5.1,No,No,Autumn,Rainy,507.79,0.0,3.0,491.65,0.064,49,2021,7,14,2
4164,ORD104164,P-FUR-010,Furniture,Wooden Bookshelf,East,Patna,SUP-036,6.0,WH-EA-02,37.0,5.0,36.0,186.0,6.03,9091.53,24.2,No,No,Winter,Cloudy,,0.0,1.0,280.32,0.018,8,2023,1,23,0
4165,ORD104165,P-GRO-007,Grocery,Toor Dal 1kg,South,Chennai,SUP-008,7.0,WH-SO-05,373.0,34.0,422.0,1397.0,49.75,414.64,9.0,Yes,No,Autumn,Cloudy,399.25,0.0,1.0,408.93,0.056,49,2023,11,1,2
4166,ORD104166,P-ELE-010,Electronics,Bluetooth Speaker,East,Kolkata,SUP-025,6.0,WH-EA-05,82.0,8.0,49.0,,8.13,3342.24,7.0,No,No,Winter,Sunny,3753.01,0.0,3.0,367.97,0.074,9,2022,12,24,5
4167,ORD104167,P-GRO-015,Grocery,Sugar 1kg,North,Jaipur,SUP-011,5.0,WH-NO-02,523.0,36.0,273.0,1184.0,36.26,504.55,6.2,No,No,Autumn,Cloudy,525.14,0.0,1.0,284.98,0.077,42,2023,11,24,4
4168,ORD104168,P-CLO-005,Clothing,Formal Shirt,North,Kanpur,SUP-020,6.0,WH-NO-01,477.0,19.0,156.0,659.0,19.62,405.56,12.7,No,No,Summer,Sunny,463.27,0.0,0.0,294.65,0.058,32,2022,4,26,1
4169,ORD104169,P-CLO-014,Clothing,Track Pants,South,Kochi,SUP-012,17.0,WH-SO-03,359.0,10.0,80.0,513.0,14.5,675.59,9.1,No,No,Winter,Sunny,575.33,0.0,1.0,530.67,0.188,19,2023,1,22,6
4170,ORD104170,P-SPO-008,Sports,Badminton Racket,North,Delhi,SUP-014,16.0,WH-NO-02,387.0,,120.0,534.0,17.71,1425.49,22.1,No,No,Autumn,Rainy,1391.21,0.0,1.0,410.64,0.095,22,2022,7,11,0
4171,ORD104171,P-FUR-006,Furniture,Wooden Bookshelf,West,Surat,SUP-024,5.0,WH-WE-03,50.0,5.0,40.0,223.0,6.67,4515.85,5.4,No,Yes,Winter,Cloudy,4408.15,0.0,2.0,385.93,0.135,6,2024,12,25,2
4172,ORD104172,P-SPO-014,Sports,Yoga Mat,North,Delhi,SUP-024,4.0,WH-NO-04,312.0,17.0,90.0,355.0,12.19,3126.04,,,No,Autumn,Sunny,2653.78,0.0,0.0,243.81,0.142,17,2021,9,19,6
4173,ORD104173,P-GRO-008,Grocery,Sugar 1kg,North,Jaipur,SUP-006,3.0,WH-NO-02,617.0,16.0,203.0,1046.0,33.27,343.64,13.7,No,No,Spring,Cloudy,348.2,0.0,0.0,208.3,0.115,34,2022,2,19,5
4174,ORD104174,P-BEA-002,Beauty,Herbal Shampoo 200ml,Central,Gwalior,SUP-007,7.0,WH-CE-01,561.0,,137.0,685.0,22.59,152.53,5.6,No,No,Autumn,Sunny,147.99,0.0,0.0,238.48,0.043,22,2023,9,23,5
4175,ORD104175,P-CLO-005,Clothing,Denim Jeans,Central,Bhopal,SUP-010,10.0,WH-CE-01,354.0,17.0,83.0,522.0,14.81,1126.63,25.0,No,No,Spring,Rainy,946.47,0.0,0.0,370.99,0.141,14,2021,3,27,5
4176,ORD104176,P-FUR-013,Furniture,Wooden Bookshelf,East,Kolkata,SUP-036,10.0,WH-EA-04,56.0,6.0,42.0,172.0,6.11,2235.87,18.3,No,No,Winter,Sunny,2098.81,0.0,5.0,601.59,0.047,5,2023,1,20,4
4177,ORD104177,P-SPO-008,Sports,Running Shoes,East,Kolkata,SUP-013,14.0,WH-EA-01,44.0,6.0,64.0,339.0,12.29,401.43,3.5,No,No,Spring,Cloudy,445.95,0.0,1.0,362.61,0.044,7,2021,2,12,4
4178,ORD104178,P-FUR-009,Furniture,Office Chair,West,Surat,SUP-024,5.0,WH-WE-02,93.0,5.0,46.0,163.0,5.39,7463.89,21.9,No,No,Winter,Cloudy,8006.5,0.0,0.0,208.67,0.058,7,2023,2,11,5
4179,ORD104179,P-SPO-011,Sports,Badminton Racket,North,Jaipur,SUP-018,15.0,WH-NO-05,256.0,5.0,73.0,262.0,10.8,2750.99,22.3,Yes,No,Summer,Cloudy,2594.35,1.0,4.0,527.25,0.065,12,2022,4,14,3
4180,ORD104180,P-BEA-003,Beauty,Hair Oil 250ml,South,Bengaluru,SUP-015,6.0,WH-SO-01,106.0,21.0,195.0,752.0,24.88,573.66,5.4,No,No,Autumn,Sunny,539.66,0.0,1.0,356.25,0.101,16,2021,10,5,1
4181,ORD104181,P-ELE-002,Electronics,Home Router,North,Chandigarh,SUP-002,4.0,WH-NO-04,173.0,14.0,80.0,262.0,11.55,2954.85,20.3,Yes,No,Winter,Rainy,3158.34,0.0,0.0,288.71,0.061,17,2022,12,29,3
4182,ORD104182,P-FUR-007,Furniture,Plastic Storage Rack,South,Coimbatore,SUP-018,11.0,WH-SO-01,55.0,8.0,60.0,226.0,8.25,7826.61,5.7,Yes,Yes,Summer,Rainy,6595.91,0.0,1.0,413.55,0.068,9,2022,4,29,4
4183,ORD104183,P-CLO-014,Clothing,Woolen Sweater,Central,Indore,SUP-040,7.0,WH-CE-05,219.0,18.0,106.0,565.0,18.83,780.79,7.1,Yes,No,Summer,Sunny,817.87,0.0,2.0,297.44,0.102,23,2021,4,25,6
4184,ORD104184,P-SPO-002,Sports,Gym Dumbbells 5kg,West,Surat,SUP-038,12.0,WH-WE-04,271.0,21.0,112.0,373.0,14.88,4421.36,1.6,No,No,Winter,Sunny,3773.45,,1.0,413.06,0.279,15,2023,2,18,5
4185,ORD104185,P-BEA-011,Beauty,Body Lotion 400ml,Central,Indore,SUP-013,1.0,WH-CE-05,110.0,26.0,144.0,776.0,25.23,910.96,13.9,No,No,Summer,Cloudy,1030.62,0.0,0.0,108.78,0.077,25,2023,4,7,4
4186,ORD104186,P-ELE-015,Electronics,Smartphone Charger,West,Pune,SUP-022,7.0,WH-WE-04,254.0,16.0,88.0,247.0,10.54,2887.76,11.8,No,No,Summer,Sunny,3039.86,0.0,1.0,357.46,0.088,16,2023,8,26,5
4187,ORD104187,P-ELE-002,Electronics,Home Router,East,Patna,SUP-012,7.0,WH-EA-03,,6.0,42.0,194.0,6.52,10878.83,16.6,Yes,No,Summer,Sunny,9273.94,2.0,2.0,,0.138,6,2024,8,9,4
4188,ORD104188,P-ELE-002,Electronics,LED TV 43in,West,Pune,SUP-037,7.0,WH-WE-05,127.0,15.0,91.0,381.0,11.84,1526.2,9.8,No,Yes,Autumn,Cloudy,1479.74,0.0,1.0,212.93,0.036,15,2023,10,24,1
4189,ORD104189,P-CLO-014,Clothing,Women's Kurti,East,Bhubaneswar,SUP-023,3.0,WH-EA-04,267.0,,118.0,698.0,20.84,606.7,10.2,No,No,Summer,Cloudy,622.1,0.0,,147.04,0.037,24,2024,3,10,6
4190,ORD104190,P-ELE-002,Electronics,Wireless Earbuds,South,Chennai,SUP-037,10.0,WH-SO-01,103.0,15.0,104.0,466.0,13.46,12681.49,23.6,No,No,Summer,Rainy,10665.75,0.0,2.0,384.4,,10,2023,8,5,5
4191,ORD104191,P-BEA-012,Beauty,Hair Oil 250ml,South,Chennai,SUP-035,4.0,WH-SO-03,119.0,13.0,90.0,473.0,17.28,712.34,12.4,No,No,Autumn,Stormy,709.86,0.0,2.0,301.64,0.083,15,2023,9,10,6
4192,ORD104192,P-CLO-012,Clothing,Cotton Saree,East,Guwahati,SUP-014,10.0,WH-EA-03,93.0,19.0,91.0,498.0,17.31,2440.0,11.0,Yes,No,Spring,Cloudy,2534.01,0.0,0.0,349.0,0.044,17,2024,3,5,1
4193,ORD104193,P-BEA-005,Beauty,Herbal Shampoo 200ml,South,Chennai,SUP-019,3.0,WH-SO-02,340.0,19.0,143.0,498.0,17.82,492.35,11.3,No,No,Autumn,Sunny,410.88,0.0,1.0,380.71,0.064,16,2023,8,25,4
4194,ORD104194,P-GRO-005,Grocery,Masala Mix 200g,East,Guwahati,SUP-023,8.0,WH-EA-03,168.0,31.0,239.0,978.0,30.04,59.7,22.5,Yes,No,Winter,Sunny,63.26,,0.0,325.55,0.124,32,2023,1,4,2
4195,ORD104195,P-CLO-008,Clothing,Denim Jeans,North,Delhi,SUP-010,4.0,WH-NO-05,462.0,12.0,158.0,748.0,24.43,1974.48,,No,No,Winter,,1954.78,0.0,2.0,276.44,0.087,22,2023,12,3,6
4196,ORD104196,P-ELE-008,Electronics,Smartwatch,East,Kolkata,SUP-034,4.0,WH-EA-01,88.0,11.0,54.0,244.0,8.15,11486.45,6.3,No,No,Autumn,Cloudy,12328.92,0.0,3.0,192.31,0.082,10,2024,11,11,0
4197,ORD104197,P-SPO-013,Sports,Gym Dumbbells 5kg,South,Kochi,SUP-023,28.0,WH-SO-05,1472.0,14.0,84.0,369.0,12.39,3770.8,27.0,No,No,Winter,Cloudy,3700.06,0.0,1.0,729.22,0.1,15,2022,12,24,5
4198,ORD104198,P-ELE-009,Electronics,Smartwatch,South,Hyderabad,SUP-009,18.0,WH-SO-04,153.0,10.0,63.0,275.0,8.67,6611.64,12.3,No,No,Autumn,Stormy,6052.52,0.0,3.0,567.45,0.111,9,2021,11,27,5
4199,ORD104199,P-ELE-015,Electronics,Laptop Stand,East,Guwahati,SUP-020,6.0,WH-EA-01,99.0,15.0,80.0,,9.99,6841.53,5.9,No,No,Autumn,Sunny,6209.53,0.0,0.0,345.4,0.094,11,2022,8,11,3
4200,ORD104200,P-GRO-004,Grocery,Masala Mix 200g,North,Jaipur,SUP-033,6.0,WH-NO-02,733.0,42.0,285.0,1396.0,43.11,524.82,24.9,No,No,Winter,Sunny,511.72,0.0,0.0,297.51,0.119,54,2021,1,21,3
4201,ORD104201,P-BEA-005,Beauty,Hair Oil 250ml,Central,Bhopal,SUP-017,8.0,WH-CE-05,136.0,29.0,131.0,760.0,24.53,112.88,7.8,No,Yes,Summer,Cloudy,111.18,,1.0,344.44,0.015,21,2022,3,25,4
4202,ORD104202,P-ELE-004,Electronics,Home Router,South,Kochi,SUP-029,5.0,WH-SO-04,99.0,15.0,86.0,414.0,12.49,10432.75,11.6,No,No,Autumn,Sunny,11320.83,0.0,0.0,238.14,0.043,16,2024,7,20,5
4203,ORD104203,P-FUR-010,Furniture,Dining Chair,South,Hyderabad,SUP-040,12.0,WH-SO-01,49.0,6.0,43.0,203.0,7.01,9378.47,,Yes,No,Summer,Sunny,,0.0,7.0,686.2,0.032,7,2021,5,26,2
4204,ORD104204,P-BEA-001,Beauty,Moisturizer Cream,North,Kanpur,SUP-014,6.0,WH-NO-01,394.0,23.0,192.0,696.0,23.08,659.97,27.6,Yes,No,Autumn,Sunny,577.59,0.0,0.0,344.12,0.093,29,2024,7,21,6
4205,ORD104205,P-BEA-013,Beauty,Sunscreen Lotion,West,Ahmedabad,SUP-040,6.0,WH-WE-05,128.0,24.0,,1031.0,30.96,460.48,1.8,No,No,Summer,Sunny,443.61,,0.0,347.89,0.012,20,2023,4,2,6
4206,ORD104206,P-ELE-012,Electronics,Smartphone Charger,East,Bhubaneswar,SUP-017,6.0,WH-EA-01,105.0,2.0,58.0,188.0,7.09,952.95,8.0,Yes,No,Summer,Sunny,836.75,0.0,1.0,356.68,0.021,9,2022,4,11,0
4207,ORD104207,P-ELE-015,Electronics,Home Router,South,Coimbatore,SUP-023,5.0,WH-SO-04,169.0,8.0,,333.0,9.91,6297.3,7.8,No,No,Autumn,Cloudy,6473.59,0.0,1.0,311.22,0.026,12,2022,11,22,1
4208,ORD104208,P-CLO-015,Clothing,Woolen Sweater,South,Bengaluru,SUP-031,6.0,WH-SO-05,293.0,8.0,,414.0,14.18,1890.64,10.2,No,,Autumn,Rainy,1978.35,0.0,0.0,337.11,0.159,19,2024,7,7,6
4209,ORD104209,P-GRO-002,Grocery,Masala Mix 200g,West,Surat,SUP-003,6.0,WH-WE-01,184.0,21.0,315.0,1243.0,38.41,308.73,12.4,Yes,No,Autumn,Rainy,327.26,0.0,0.0,244.64,0.111,37,2021,6,23,2
4210,ORD104210,P-FUR-012,Furniture,Sofa Cushion Set,Central,Jabalpur,SUP-029,4.0,WH-CE-01,117.0,4.0,29.0,,4.64,4182.98,15.3,No,No,Summer,Sunny,4081.75,0.0,2.0,396.07,0.036,5,2023,4,7,4
4211,ORD104211,P-GRO-008,Grocery,Instant Noodles Pack,South,Coimbatore,SUP-023,6.0,WH-SO-05,542.0,57.0,233.0,986.0,33.45,560.63,26.5,No,No,Winter,Sunny,529.24,0.0,0.0,225.62,0.194,45,2022,1,27,3
4212,ORD104212,P-CLO-012,Clothing,Track Pants,North,Delhi,SUP-027,8.0,WH-NO-05,152.0,12.0,121.0,550.0,18.28,2347.69,6.0,No,No,Summer,Rainy,2251.77,0.0,0.0,364.3,0.057,14,2023,3,2,3
4213,ORD104213,P-ELE-014,Electronics,Smartphone Charger,North,Jaipur,SUP-039,4.0,WH-NO-03,32.0,6.0,34.0,146.0,5.62,3357.93,1.2,,No,Spring,Stormy,3333.4,0.0,1.0,354.46,0.131,3,2024,2,25,6
4214,ORD104214,P-CLO-009,Clothing,Denim Jeans,North,Delhi,SUP-020,8.0,WH-NO-02,431.0,11.0,181.0,610.0,24.78,670.85,3.2,No,,Autumn,Rainy,643.52,0.0,0.0,330.42,0.056,26,2024,9,8,6
4215,ORD104215,P-ELE-001,Electronics,Smartwatch,West,Mumbai,SUP-038,11.0,WH-WE-01,,16.0,95.0,455.0,14.99,3367.05,12.2,No,No,Winter,Cloudy,3800.62,0.0,,459.2,0.032,21,2022,1,9,6
4216,ORD104216,P-FUR-013,Furniture,Plastic Storage Rack,Central,Indore,SUP-023,10.0,WH-CE-05,18.0,4.0,22.0,122.0,3.63,10614.24,5.4,No,No,Autumn,Rainy,10303.41,0.0,2.0,443.47,0.111,3,2023,8,28,0
4217,ORD104217,P-ELE-007,Electronics,Laptop Stand,Central,Indore,SUP-009,5.0,WH-CE-04,52.0,3.0,34.0,149.0,5.04,8618.38,13.0,No,No,Autumn,Cloudy,8547.84,0.0,0.0,255.61,0.085,4,2022,9,14,2
4218,ORD104218,P-SPO-007,Sports,Running Shoes,West,Mumbai,SUP-027,12.0,WH-WE-05,91.0,15.0,115.0,432.0,18.17,3948.0,11.6,Yes,No,Winter,Sunny,3710.68,0.0,1.0,381.26,0.055,14,2023,1,5,3
4219,ORD104219,P-FUR-009,Furniture,TV Unit,North,Delhi,SUP-008,14.0,WH-NO-04,165.0,6.0,50.0,219.0,7.68,18952.25,13.1,Yes,Yes,Autumn,Sunny,17847.24,0.0,3.0,551.96,0.019,9,2021,8,24,1
4220,ORD104220,P-ELE-014,Electronics,Power Bank 10000mAh,Central,Gwalior,SUP-036,11.0,WH-CE-03,64.0,9.0,54.0,228.0,7.99,4292.19,10.1,Yes,No,Summer,Rainy,3855.06,0.0,3.0,483.91,0.044,9,2024,6,5,2
4221,ORD104221,P-ELE-008,Electronics,Wireless Earbuds,South,Hyderabad,SUP-007,3.0,WH-SO-03,145.0,13.0,87.0,334.0,11.53,6127.61,30.7,No,No,Autumn,Rainy,5623.42,1.0,1.0,299.23,0.12,13,2021,9,6,0
4222,ORD104222,P-GRO-004,Grocery,Wheat Flour 5kg,South,Bengaluru,SUP-020,5.0,WH-SO-02,778.0,57.0,296.0,1235.0,45.84,541.15,24.6,No,No,Winter,Cloudy,622.2,0.0,0.0,310.05,0.086,62,2021,2,28,6
4223,ORD104223,P-ELE-011,Electronics,LED TV 43in,West,Ahmedabad,SUP-033,6.0,WH-WE-04,116.0,14.0,83.0,414.0,14.89,10985.88,17.1,No,No,Winter,Cloudy,11463.86,0.0,4.0,506.81,0.142,20,2024,1,11,3
4224,ORD104224,P-GRO-010,Grocery,Sugar 1kg,North,,SUP-001,6.0,WH-NO-01,1059.0,31.0,438.0,1493.0,58.51,269.64,16.4,No,No,Autumn,Sunny,262.33,0.0,0.0,270.37,0.23,68,2022,8,16,1
4225,ORD104225,P-SPO-001,Sports,Yoga Mat,West,Surat,SUP-020,5.0,WH-WE-01,341.0,16.0,148.0,846.0,23.38,1790.32,18.9,No,No,Summer,Cloudy,1696.28,0.0,3.0,351.77,0.066,28,2021,4,8,3
4226,ORD104226,P-FUR-008,Furniture,TV Unit,Central,Indore,SUP-021,7.0,WH-CE-05,133.0,5.0,57.0,274.0,7.83,5801.14,23.9,No,No,Autumn,Sunny,6374.43,0.0,1.0,342.05,0.047,12,2023,9,22,4
4227,ORD104227,P-ELE-012,Electronics,LED TV 43in,West,Mumbai,SUP-014,3.0,WH-WE-02,155.0,6.0,62.0,,7.69,9613.54,6.5,Yes,No,Spring,Sunny,8970.84,0.0,2.0,313.48,0.061,10,2022,2,21,0
4228,ORD104228,P-CLO-014,Clothing,Formal Shirt,West,Nagpur,SUP-027,8.0,WH-WE-01,246.0,24.0,205.0,897.0,29.75,2251.89,6.4,No,No,Autumn,Sunny,1945.05,0.0,4.0,389.08,0.061,28,2024,11,27,2
4229,ORD104229,P-GRO-005,Grocery,Instant Noodles Pack,South,Coimbatore,SUP-013,2.0,WH-SO-04,156.0,40.0,,1310.0,46.43,563.19,5.8,Yes,No,Winter,Cloudy,584.6,0.0,3.0,329.17,0.188,43,2024,12,4,2
4230,ORD104230,P-SPO-008,Sports,Yoga Mat,North,Kanpur,SUP-015,10.0,WH-NO-02,48.0,7.0,52.0,231.0,7.82,2171.32,3.3,No,No,Spring,Rainy,2010.34,0.0,0.0,306.41,,3,2023,3,16,3
4231,ORD104231,P-ELE-013,Electronics,Wireless Earbuds,West,Pune,SUP-012,17.0,WH-WE-02,192.0,5.0,71.0,359.0,11.52,5486.32,15.7,No,No,Autumn,Rainy,4922.99,0.0,0.0,435.37,0.053,12,2022,11,27,6
4232,ORD104232,P-BEA-009,Beauty,Moisturizer Cream,East,Kolkata,SUP-025,15.0,WH-EA-03,265.0,23.0,111.0,557.0,18.21,362.76,9.6,No,No,Autumn,Sunny,331.06,0.0,1.0,482.03,0.136,23,2022,10,12,2
4233,ORD104233,P-BEA-007,Beauty,Moisturizer Cream,Central,Indore,SUP-036,8.0,WH-CE-03,421.0,21.0,128.0,647.0,19.63,596.7,15.0,No,No,Summer,Sunny,616.51,,0.0,188.56,0.087,26,2023,6,5,0
4234,ORD104234,P-ELE-003,Electronics,Smartwatch,North,Lucknow,SUP-008,11.0,WH-NO-04,27.0,6.0,37.0,189.0,6.63,1504.36,12.2,No,,Summer,Sunny,1491.81,0.0,3.0,1609.77,0.189,7,2024,8,21,2
4235,ORD104235,P-ELE-001,Electronics,Laptop Stand,South,Coimbatore,SUP-017,9.0,WH-SO-05,57.0,11.0,,385.0,12.8,1178.66,11.2,No,No,Summer,Sunny,1085.83,0.0,0.0,381.66,0.137,9,2023,7,26,2
4236,ORD104236,P-GRO-011,Grocery,Tea Powder 500g,South,Coimbatore,SUP-010,5.0,WH-SO-05,527.0,27.0,247.0,,32.31,82.22,29.8,No,No,Summer,Cloudy,85.31,0.0,1.0,340.0,0.009,37,2021,5,25,1
4237,ORD104237,P-SPO-015,Sports,Badminton Racket,West,Mumbai,SUP-010,6.0,WH-WE-05,209.0,11.0,89.0,385.0,12.62,4935.41,15.0,No,No,Autumn,Cloudy,4608.67,0.0,2.0,322.83,0.066,7,2021,10,14,3
4238,ORD104238,P-CLO-010,Clothing,Kids Winter Jacket,West,Ahmedabad,SUP-039,5.0,WH-WE-03,587.0,33.0,,686.0,28.9,2461.02,1.4,Yes,No,Summer,,2138.99,0.0,0.0,384.53,0.184,34,2023,7,9,6
4239,ORD104239,P-FUR-012,Furniture,Office Chair,Central,Indore,SUP-029,11.0,WH-CE-03,49.0,,37.0,125.0,4.78,14168.0,3.5,Yes,No,Summer,Stormy,12685.63,0.0,2.0,381.11,0.079,5,2022,6,24,4
4240,ORD104240,P-BEA-011,Beauty,Herbal Shampoo 200ml,South,Coimbatore,SUP-038,7.0,WH-SO-01,150.0,47.0,218.0,1474.0,43.58,287.07,13.2,No,No,Winter,Rainy,287.58,0.0,4.0,476.25,0.123,39,2022,12,2,4
4241,ORD104241,P-BEA-006,Beauty,Sunscreen Lotion,East,Patna,SUP-026,20.0,WH-EA-03,633.0,28.0,179.0,920.0,27.19,453.78,6.0,,No,Autumn,Sunny,425.33,0.0,2.0,686.22,0.08,34,2022,8,9,1
4242,ORD104242,P-CLO-008,Clothing,Track Pants,North,Chandigarh,SUP-027,7.0,WH-NO-04,279.0,21.0,222.0,705.0,26.13,1569.21,3.0,No,No,Summer,Cloudy,1582.42,0.0,,276.82,0.163,24,2023,5,21,6
4243,ORD104243,P-CLO-005,Clothing,Kids Winter Jacket,South,Coimbatore,SUP-029,3.0,WH-SO-05,247.0,9.0,153.0,616.0,17.54,2282.28,,No,No,Winter,Sunny,2485.38,0.0,1.0,271.19,0.083,22,2021,12,4,5
4244,ORD104244,P-FUR-004,Furniture,Study Table,South,Chennai,SUP-027,3.0,WH-SO-01,45.0,9.0,39.0,203.0,6.3,2202.68,8.8,No,No,Summer,Cloudy,2091.66,0.0,0.0,252.53,0.028,5,2021,4,18,6
4245,ORD104245,P-GRO-009,Grocery,Masala Mix 200g,East,Kolkata,SUP-033,10.0,WH-EA-05,439.0,68.0,343.0,1799.0,57.21,414.28,25.8,Yes,No,Winter,Cloudy,502.65,0.0,4.0,544.34,0.132,83,2021,12,8,2
4246,ORD104246,P-BEA-010,Beauty,Moisturizer Cream,South,Coimbatore,SUP-014,6.0,WH-SO-03,493.0,28.0,97.0,538.0,20.28,1118.79,33.2,No,No,Autumn,,1143.51,0.0,1.0,483.85,0.034,24,2023,9,3,6
4247,ORD104247,P-ELE-015,Electronics,Laptop Stand,South,Kochi,SUP-005,12.0,WH-SO-01,62.0,8.0,60.0,328.0,9.26,7723.15,21.1,No,No,Summer,Cloudy,7614.23,1.0,0.0,397.7,0.006,6,2023,6,8,3
4248,ORD104248,P-ELE-004,Electronics,Home Router,East,Bhubaneswar,SUP-020,10.0,WH-EA-05,144.0,8.0,53.0,226.0,7.02,6785.74,12.7,No,No,Spring,Stormy,6061.18,0.0,1.0,390.46,0.12,6,2024,3,28,3
4249,ORD104249,P-BEA-005,Beauty,Talcum Powder,West,Nagpur,SUP-001,11.0,WH-WE-03,521.0,23.0,223.0,786.0,28.45,771.94,3.3,No,No,Summer,Cloudy,750.42,0.0,1.0,431.15,0.132,26,2021,6,8,1
4250,ORD104250,P-GRO-003,Grocery,Basmati Rice 5kg,South,Bengaluru,SUP-002,9.0,WH-SO-03,990.0,58.0,271.0,1127.0,48.9,424.82,2.9,Yes,No,Summer,Cloudy,416.37,0.0,2.0,304.8,0.034,52,2021,7,26,0
4251,ORD104251,P-ELE-015,Electronics,Smartphone Charger,South,Kochi,SUP-003,7.0,WH-SO-01,61.0,14.0,64.0,253.0,9.56,12109.53,7.0,No,No,Summer,Rainy,12845.54,1.0,,416.29,0.159,7,2021,7,8,3
4252,ORD104252,P-ELE-012,Electronics,Laptop Stand,West,Nagpur,SUP-004,19.0,WH-WE-01,255.0,23.0,102.0,489.0,16.04,1964.76,11.3,No,No,Summer,Rainy,1871.12,,1.0,659.71,0.039,17,2023,4,3,0
4253,ORD104253,P-CLO-005,Clothing,Track Pants,West,Pune,SUP-029,4.0,WH-WE-01,45.0,12.0,70.0,354.0,12.06,2086.27,13.6,No,,Summer,Rainy,2158.43,0.0,4.0,560.3,0.134,7,2023,4,18,1
4254,ORD104254,P-BEA-015,Beauty,Body Lotion 400ml,West,Mumbai,SUP-024,6.0,WH-WE-02,233.0,17.0,85.0,468.0,13.57,1188.73,2.8,Yes,No,,Sunny,1192.73,0.0,1.0,352.75,0.032,23,2021,8,21,5
4255,ORD104255,P-ELE-011,Electronics,Smartwatch,North,Jaipur,SUP-038,4.0,WH-NO-02,62.0,10.0,68.0,233.0,8.68,12868.98,9.8,No,No,Autumn,Sunny,13872.52,0.0,0.0,206.6,0.06,10,2022,10,19,2
4256,ORD104256,P-ELE-008,Electronics,Smartphone Charger,East,Ranchi,SUP-012,7.0,WH-EA-03,36.0,10.0,73.0,,9.91,3817.96,8.4,Yes,No,,Rainy,4139.77,0.0,1.0,312.83,0.064,9,2021,3,17,2
4257,ORD104257,P-CLO-006,Clothing,Cotton Saree,Central,Bhopal,SUP-014,17.0,WH-CE-04,409.0,,118.0,537.0,16.19,965.24,20.1,Yes,No,Autumn,Stormy,991.0,0.0,3.0,571.64,0.173,21,2023,6,14,2
4258,ORD104258,P-SPO-009,Sports,Running Shoes,South,Coimbatore,SUP-020,7.0,WH-SO-05,56.0,10.0,104.0,325.0,12.47,1556.2,15.9,No,No,Summer,Cloudy,1651.44,0.0,1.0,326.87,0.011,7,2023,4,13,3
4259,ORD104259,P-GRO-002,Grocery,Toor Dal 1kg,South,Kochi,SUP-032,25.0,WH-SO-04,251.0,15.0,187.0,877.0,27.54,512.07,6.2,Yes,No,Winter,Stormy,558.1,0.0,2.0,622.11,0.112,27,2021,2,9,1
4260,ORD104260,P-SPO-003,Sports,Running Shoes,Central,Bhopal,SUP-038,13.0,WH-CE-03,119.0,11.0,67.0,297.0,9.92,705.33,,No,No,Summer,Cloudy,735.65,0.0,5.0,554.95,0.016,14,2021,5,10,0
4261,ORD104261,P-SPO-015,Sports,Football,North,Chandigarh,SUP-030,4.0,WH-NO-05,,8.0,89.0,344.0,12.14,2128.37,2.4,No,No,Autumn,Sunny,2175.67,0.0,0.0,213.31,0.033,19,2023,10,27,4
4262,ORD104262,P-GRO-004,Grocery,Instant Noodles Pack,West,Mumbai,SUP-021,7.0,WH-WE-03,472.0,32.0,248.0,994.0,42.44,309.29,4.2,No,No,Autumn,Rainy,319.42,1.0,3.0,344.67,0.108,29,2024,8,6,1
4263,ORD104263,P-BEA-003,Beauty,Face Wash 100ml,West,Mumbai,SUP-040,12.0,WH-WE-03,504.0,22.0,199.0,804.0,25.64,790.67,2.1,No,No,Summer,Rainy,892.61,0.0,3.0,522.69,0.125,30,2024,5,26,6
4264,ORD104264,P-FUR-013,Furniture,Dining Chair,North,Chandigarh,SUP-008,6.0,WH-NO-02,59.0,10.0,49.0,183.0,6.55,13410.48,5.3,No,No,Summer,Cloudy,13531.31,0.0,0.0,363.73,0.013,6,2023,4,9,6
4265,ORD104265,P-CLO-015,Clothing,Track Pants,West,Pune,SUP-019,5.0,WH-WE-03,144.0,21.0,156.0,616.0,21.35,997.77,8.9,No,No,Winter,Cloudy,1055.96,0.0,0.0,303.42,0.018,25,2023,2,5,6
4266,ORD104266,P-CLO-013,Clothing,Cotton Saree,South,Bengaluru,SUP-010,13.0,WH-SO-01,250.0,12.0,103.0,575.0,16.8,1770.58,22.2,No,No,Summer,Sunny,1674.79,0.0,0.0,493.76,0.06,19,2024,3,27,2
4267,ORD104267,P-BEA-002,Beauty,Body Lotion 400ml,West,Nagpur,SUP-007,4.0,WH-WE-01,352.0,17.0,203.0,798.0,26.69,206.67,6.0,No,No,Summer,Cloudy,231.49,0.0,2.0,402.06,0.052,21,2024,5,13,0
4268,ORD104268,P-BEA-013,Beauty,Talcum Powder,Central,Indore,SUP-016,20.0,WH-CE-05,196.0,19.0,178.0,629.0,20.47,832.4,23.2,Yes,No,Autumn,Sunny,862.33,0.0,1.0,594.06,0.062,31,2024,8,17,5
4269,ORD104269,P-BEA-005,Beauty,Herbal Shampoo 200ml,West,Nagpur,SUP-031,14.0,WH-WE-01,151.0,19.0,153.0,734.0,20.48,1052.46,32.3,Yes,No,Autumn,Cloudy,1023.38,0.0,2.0,417.22,0.042,25,2022,8,7,6
4270,ORD104270,P-SPO-001,Sports,Gym Dumbbells 5kg,North,Delhi,SUP-013,12.0,WH-NO-03,342.0,12.0,120.0,580.0,,3906.02,4.7,No,Yes,Autumn,Cloudy,3884.12,0.0,3.0,445.94,0.163,22,2022,11,27,6
4271,ORD104271,P-CLO-014,Clothing,Cotton Saree,West,Ahmedabad,SUP-033,11.0,WH-WE-01,376.0,16.0,139.0,438.0,15.85,1492.31,8.7,No,No,Summer,Sunny,1466.24,0.0,3.0,458.3,0.03,14,2021,4,26,0
4272,ORD104272,P-BEA-005,Beauty,Talcum Powder,Central,Gwalior,SUP-025,8.0,WH-CE-04,117.0,12.0,178.0,818.0,24.21,1103.98,5.7,No,No,Autumn,Sunny,1104.42,0.0,1.0,343.73,0.086,20,2021,9,13,0
4273,ORD104273,P-SPO-010,Sports,Running Shoes,East,Bhubaneswar,SUP-029,14.0,WH-EA-05,80.0,7.0,91.0,315.0,10.42,2760.98,32.8,No,No,Autumn,Sunny,2807.31,0.0,1.0,382.76,0.119,11,2022,7,6,2
4274,ORD104274,P-GRO-002,Grocery,Tea Powder 500g,East,Bhubaneswar,SUP-010,11.0,WH-EA-03,537.0,33.0,140.0,674.0,23.7,182.31,14.4,,No,Spring,Cloudy,179.44,0.0,3.0,570.75,0.073,25,2024,3,28,3
4275,ORD104275,P-ELE-003,Electronics,Smartwatch,North,Jaipur,SUP-035,6.0,WH-NO-01,150.0,12.0,115.0,505.0,18.48,5780.38,5.8,No,No,,Sunny,5046.02,3.0,0.0,377.45,0.059,15,2022,10,15,5
4276,ORD104276,P-GRO-014,Grocery,Sunflower Oil 1L,West,Mumbai,SUP-009,3.0,WH-WE-01,470.0,42.0,336.0,1265.0,43.4,74.3,10.5,Yes,No,Summer,,84.85,0.0,0.0,194.34,0.053,57,2023,5,9,1
4277,ORD104277,P-BEA-009,Beauty,Moisturizer Cream,North,Kanpur,SUP-015,3.0,WH-NO-04,503.0,35.0,131.0,1038.0,31.59,709.98,9.2,No,No,,Cloudy,725.11,0.0,0.0,228.58,0.09,35,2024,6,18,1
4278,ORD104278,P-GRO-015,Grocery,Toor Dal 1kg,South,Coimbatore,SUP-032,5.0,WH-SO-01,133.0,64.0,370.0,1178.0,41.58,307.01,19.0,No,No,Autumn,Sunny,313.67,0.0,0.0,220.61,0.044,46,2022,11,26,5
4279,ORD104279,P-FUR-003,Furniture,TV Unit,Central,Gwalior,SUP-028,9.0,WH-CE-02,20.0,9.0,51.0,189.0,6.2,18844.09,12.9,No,No,Summer,Rainy,18771.69,0.0,0.0,286.37,0.062,4,2022,5,5,3
4280,ORD104280,P-ELE-014,Electronics,Power Bank 10000mAh,Central,Raipur,SUP-012,10.0,WH-CE-05,66.0,11.0,58.0,258.0,9.4,13010.98,20.4,No,No,Winter,Cloudy,13956.15,0.0,1.0,457.27,0.129,8,2023,12,3,6
4281,ORD104281,P-GRO-014,Grocery,Sugar 1kg,Central,Indore,SUP-011,11.0,WH-CE-03,618.0,20.0,239.0,999.0,29.16,299.3,6.7,No,No,Summer,Cloudy,300.45,0.0,1.0,350.07,0.008,31,2022,4,6,2
4282,ORD104282,P-FUR-014,Furniture,Study Table,South,Hyderabad,SUP-018,7.0,WH-SO-05,21.0,5.0,51.0,190.0,7.36,6723.37,7.0,No,No,Summer,Sunny,6556.13,0.0,5.0,517.84,0.064,5,2022,7,22,4
4283,ORD104283,P-ELE-001,Electronics,Laptop Stand,North,Jaipur,SUP-018,5.0,WH-NO-05,216.0,11.0,83.0,337.0,12.44,12694.7,12.0,No,No,Autumn,Cloudy,12443.85,0.0,1.0,142.68,0.043,12,2024,7,21,6
4284,ORD104284,P-SPO-002,Sports,Badminton Racket,East,Ranchi,SUP-003,10.0,WH-EA-04,118.0,19.0,63.0,300.0,10.71,505.44,16.1,No,No,Autumn,Cloudy,556.04,0.0,0.0,454.0,0.131,15,2022,10,1,5
4285,ORD104285,P-ELE-008,Electronics,Laptop Stand,North,Kanpur,SUP-010,8.0,WH-NO-05,74.0,11.0,77.0,249.0,9.62,8111.65,2.6,No,No,Winter,Rainy,8242.99,0.0,0.0,,0.03,9,2022,1,2,6
4286,ORD104286,P-SPO-002,Sports,Badminton Racket,West,Mumbai,SUP-007,10.0,WH-WE-01,201.0,24.0,187.0,771.0,24.43,3424.2,1.1,No,No,Summer,Sunny,3414.58,0.0,3.0,522.11,0.06,19,2024,5,4,5
4287,ORD104287,P-GRO-001,Grocery,Sugar 1kg,East,Kolkata,SUP-007,10.0,WH-EA-02,391.0,38.0,263.0,1166.0,36.4,246.01,7.4,No,No,Autumn,Cloudy,237.44,0.0,0.0,367.93,0.125,49,2023,7,28,4
4288,ORD104288,P-SPO-013,Sports,Football,South,Kochi,SUP-015,14.0,WH-SO-02,319.0,28.0,115.0,640.0,20.05,3757.35,24.4,No,No,Winter,Stormy,3661.0,0.0,1.0,,0.152,23,2024,1,27,5
4289,ORD104289,P-FUR-011,Furniture,Office Chair,North,Lucknow,SUP-002,4.0,WH-NO-05,135.0,6.0,51.0,217.0,6.78,16600.35,27.1,No,No,Summer,Rainy,18035.47,0.0,0.0,212.2,0.009,12,2022,4,23,5
4290,ORD104290,P-ELE-013,Electronics,Smartphone Charger,South,Hyderabad,SUP-028,,WH-SO-04,171.0,12.0,92.0,295.0,11.56,1959.65,8.6,Yes,No,Spring,Rainy,1815.99,0.0,2.0,380.05,0.162,13,2024,2,17,5
4291,ORD104291,P-ELE-015,Electronics,Home Router,West,Mumbai,SUP-027,4.0,WH-WE-02,1120.0,12.0,114.0,400.0,12.99,9184.78,25.3,Yes,No,Autumn,Sunny,9676.86,0.0,0.0,139.35,0.099,21,2024,10,22,1
4292,ORD104292,P-ELE-003,Electronics,Wireless Earbuds,West,Mumbai,SUP-009,15.0,WH-WE-02,54.0,4.0,35.0,175.0,5.12,11616.76,,No,No,Autumn,Cloudy,12273.45,0.0,1.0,574.73,0.053,7,2021,8,27,4
4293,ORD104293,P-CLO-013,Clothing,Denim Jeans,North,Chandigarh,SUP-036,11.0,WH-NO-05,358.0,17.0,117.0,528.0,18.22,1116.12,23.3,No,No,Autumn,Sunny,1135.37,0.0,0.0,445.63,0.057,18,2021,10,5,1
4294,ORD104294,P-BEA-001,Beauty,Moisturizer Cream,North,,SUP-024,8.0,WH-NO-05,88.0,25.0,132.0,747.0,22.49,232.14,25.2,Yes,No,Summer,Cloudy,228.61,0.0,0.0,,0.093,24,2023,4,5,2
4295,ORD104295,P-GRO-006,Grocery,Instant Noodles Pack,South,Coimbatore,SUP-013,7.0,WH-SO-01,338.0,50.0,,,45.57,400.03,,No,No,Autumn,Cloudy,352.6,0.0,1.0,325.18,0.062,39,2023,11,24,4
4296,ORD104296,P-CLO-005,Clothing,Denim Jeans,North,Kanpur,SUP-008,2.0,WH-NO-02,281.0,25.0,137.0,517.0,17.44,355.87,10.4,No,No,Winter,Cloudy,374.78,0.0,0.0,273.87,0.013,23,2021,1,1,4
4297,ORD104297,P-CLO-004,Clothing,Woolen Sweater,Central,Bhopal,SUP-018,4.0,WH-CE-03,254.0,13.0,141.0,413.0,15.64,301.63,18.9,No,No,Summer,Stormy,263.14,0.0,2.0,299.45,0.094,14,2023,3,15,2
4298,ORD104298,P-CLO-011,Clothing,Woolen Sweater,East,Patna,SUP-039,7.0,WH-EA-02,235.0,14.0,98.0,372.0,13.02,470.47,13.4,No,,Autumn,Stormy,476.75,0.0,3.0,497.42,0.109,14,2021,7,6,1
4299,ORD104299,P-FUR-002,Furniture,Sofa Cushion Set,North,Chandigarh,SUP-001,7.0,WH-NO-04,23.0,2.0,,118.0,3.49,3025.31,3.3,No,No,Autumn,Sunny,3037.92,0.0,0.0,298.03,0.021,3,2024,11,30,5
4300,ORD104300,P-CLO-013,Clothing,Denim Jeans,West,Ahmedabad,SUP-001,4.0,WH-WE-04,1119.0,43.0,318.0,1252.0,44.56,1159.32,26.7,No,No,Autumn,Rainy,1230.55,0.0,0.0,234.82,0.14,50,2023,11,28,1
4301,ORD104301,P-FUR-014,Furniture,Foldable Bed,South,Bengaluru,SUP-017,8.0,WH-SO-05,130.0,3.0,44.0,203.0,5.68,,8.9,No,No,Winter,Rainy,7544.98,0.0,0.0,265.89,0.038,5,2024,12,23,0
4302,ORD104302,P-SPO-010,Sports,Running Shoes,South,Hyderabad,SUP-037,4.0,WH-SO-04,354.0,23.0,128.0,589.0,19.97,3133.05,6.2,No,No,Autumn,Cloudy,2896.15,0.0,3.0,369.86,0.027,20,2021,11,15,0
4303,ORD104303,P-GRO-002,Grocery,Basmati Rice 5kg,East,Ranchi,SUP-012,10.0,WH-EA-05,368.0,61.0,286.0,1342.0,39.43,342.26,15.2,No,No,Spring,Sunny,356.9,,1.0,326.13,0.077,47,2024,3,5,1
4304,ORD104304,P-ELE-009,Electronics,Power Bank 10000mAh,North,Delhi,SUP-030,11.0,WH-NO-02,167.0,,47.0,239.0,7.95,4524.83,18.8,Yes,No,Summer,Sunny,4463.0,0.0,1.0,312.28,0.206,10,2022,7,13,2
4305,ORD104305,P-ELE-010,Electronics,Bluetooth Speaker,South,Kochi,SUP-023,15.0,WH-SO-02,205.0,12.0,115.0,327.0,14.17,3399.48,28.8,Yes,No,Autumn,,2850.91,0.0,1.0,437.74,0.066,19,2021,6,1,1
4306,ORD104306,P-CLO-006,Clothing,Track Pants,West,Ahmedabad,SUP-008,,WH-WE-02,377.0,25.0,175.0,530.0,19.04,311.67,20.8,No,No,Winter,Sunny,311.52,0.0,0.0,326.01,0.102,21,2022,12,3,5
4307,ORD104307,P-GRO-006,Grocery,Tea Powder 500g,Central,Raipur,SUP-037,6.0,WH-CE-05,346.0,18.0,230.0,894.0,32.12,113.55,16.1,No,No,Autumn,Sunny,129.97,0.0,0.0,269.54,0.094,50,2022,11,17,3
4308,ORD104308,P-SPO-008,Sports,Skipping Rope,South,Coimbatore,SUP-007,6.0,WH-SO-04,,20.0,116.0,494.0,17.68,1105.29,14.9,No,No,,Sunny,1153.8,0.0,0.0,236.87,0.191,19,2023,1,1,6
4309,ORD104309,P-FUR-015,Furniture,Study Table,East,Guwahati,SUP-021,9.0,WH-EA-02,,8.0,53.0,125.0,4.76,1623.99,12.3,No,No,Summer,Cloudy,1469.96,0.0,1.0,561.66,0.272,4,2024,6,2,6
4310,ORD104310,P-CLO-001,Clothing,Men's Cotton T-Shirt,North,Jaipur,SUP-027,9.0,WH-NO-04,314.0,24.0,171.0,565.0,20.89,583.39,10.9,No,No,Winter,,605.31,2.0,1.0,349.17,,25,2022,2,13,6
4311,ORD104311,P-BEA-008,Beauty,Face Wash 100ml,East,Kolkata,SUP-028,7.0,WH-EA-02,61.0,,137.0,,15.95,807.37,3.3,No,Yes,Summer,Sunny,870.85,0.0,0.0,381.76,0.019,16,2023,7,22,5
4312,ORD104312,P-GRO-005,Grocery,Instant Noodles Pack,South,Chennai,SUP-035,19.0,WH-SO-02,,,381.0,1944.0,51.33,76.47,4.6,No,,Autumn,Rainy,65.92,0.0,2.0,444.78,0.194,54,2021,10,19,1
4313,ORD104313,P-BEA-009,Beauty,Talcum Powder,East,Ranchi,SUP-029,8.0,WH-EA-01,576.0,28.0,155.0,800.0,26.13,257.27,13.2,No,No,Summer,Sunny,251.35,0.0,0.0,152.88,0.071,26,2024,7,8,0
4314,ORD104314,P-ELE-001,Electronics,Home Router,North,Delhi,SUP-027,9.0,WH-NO-05,166.0,8.0,56.0,237.0,8.2,7858.0,0.8,Yes,No,Autumn,Sunny,8674.94,0.0,1.0,462.93,0.099,10,2022,11,1,1
4315,ORD104315,P-FUR-014,Furniture,Wooden Bookshelf,Central,Gwalior,SUP-007,13.0,WH-CE-02,66.0,5.0,38.0,121.0,5.37,8069.52,12.8,No,No,Spring,Cloudy,7085.55,0.0,1.0,451.47,0.141,4,2024,3,13,2
4316,ORD104316,P-SPO-007,Sports,Yoga Mat,West,Ahmedabad,SUP-013,22.0,WH-WE-04,202.0,16.0,118.0,607.0,16.9,1197.96,10.6,No,No,Winter,Cloudy,1171.13,0.0,3.0,704.35,0.137,26,2022,1,28,4
4317,ORD104317,P-BEA-015,Beauty,Moisturizer Cream,South,Bengaluru,SUP-014,12.0,WH-SO-01,223.0,17.0,196.0,1112.0,33.5,161.64,7.5,No,No,Summer,,158.86,0.0,0.0,415.12,0.055,32,2022,4,3,6
4318,ORD104318,P-BEA-003,Beauty,Body Lotion 400ml,West,Mumbai,SUP-015,9.0,WH-WE-01,757.0,43.0,247.0,1013.0,35.39,332.9,5.5,Yes,No,Winter,Cloudy,321.83,0.0,3.0,360.45,0.071,50,2024,12,7,5
4319,ORD104319,P-GRO-009,Grocery,Wheat Flour 5kg,North,Kanpur,SUP-005,19.0,WH-NO-04,278.0,49.0,217.0,1161.0,37.53,539.87,17.0,No,No,Autumn,Sunny,599.29,0.0,1.0,540.66,,36,2021,10,12,1
4320,ORD104320,P-BEA-011,Beauty,Sunscreen Lotion,West,Mumbai,SUP-004,6.0,WH-WE-01,197.0,54.0,251.0,1283.0,44.87,206.74,10.7,No,No,Summer,Sunny,226.96,0.0,2.0,,0.103,31,2023,4,1,5
4321,ORD104321,P-CLO-012,Clothing,Cotton Saree,South,Bengaluru,SUP-018,3.0,WH-SO-01,294.0,15.0,103.0,440.0,16.64,2428.17,,Yes,No,Summer,Cloudy,2369.42,0.0,2.0,219.95,0.148,18,2022,4,17,6
4322,ORD104322,P-FUR-001,Furniture,Wooden Bookshelf,North,Delhi,SUP-029,8.0,WH-NO-02,57.0,3.0,17.0,75.0,2.59,7232.04,4.2,No,No,Summer,Sunny,6643.57,1.0,1.0,334.77,0.061,1,2022,7,24,6
4323,ORD104323,P-ELE-010,Electronics,Bluetooth Speaker,West,Surat,SUP-036,6.0,WH-WE-03,121.0,6.0,36.0,171.0,5.26,11440.14,6.6,No,No,Autumn,Stormy,12605.17,0.0,0.0,326.32,0.058,5,2023,10,14,5
4324,ORD104324,P-GRO-003,Grocery,Sugar 1kg,South,Kochi,SUP-038,11.0,WH-SO-01,1154.0,45.0,339.0,1539.0,49.49,458.19,5.6,Yes,No,Winter,Cloudy,486.59,0.0,2.0,380.42,0.104,55,2024,2,17,5
4325,ORD104325,P-CLO-007,Clothing,Track Pants,East,Kolkata,SUP-020,5.0,WH-EA-01,74.0,14.0,94.0,310.0,10.58,1263.8,35.0,Yes,No,,Sunny,1262.1,0.0,0.0,335.79,0.068,16,2022,12,4,6
4326,ORD104326,P-ELE-001,Electronics,Smartphone Charger,East,Guwahati,SUP-036,9.0,WH-EA-02,158.0,8.0,46.0,216.0,6.76,7969.42,13.5,No,,Autumn,Rainy,8386.96,0.0,0.0,284.14,0.044,8,2023,7,22,5
4327,ORD104327,P-BEA-001,Beauty,Sunscreen Lotion,North,Jaipur,SUP-019,6.0,WH-NO-04,151.0,40.0,154.0,887.0,30.56,589.94,14.9,Yes,No,Spring,Cloudy,620.5,0.0,1.0,201.37,0.041,37,2021,3,6,5
4328,ORD104328,P-BEA-012,Beauty,Herbal Shampoo 200ml,North,Lucknow,SUP-019,4.0,WH-NO-01,292.0,16.0,94.0,478.0,14.18,1138.31,7.2,No,No,Winter,Sunny,1058.67,,5.0,,0.085,16,2021,12,8,2
4329,ORD104329,P-SPO-011,Sports,Cricket Bat,East,Kolkata,SUP-009,14.0,WH-EA-02,204.0,6.0,78.0,314.0,11.69,2214.48,19.3,No,No,Winter,Stormy,2109.25,0.0,2.0,553.62,0.074,11,2023,12,21,3
4330,ORD104330,P-ELE-014,Electronics,Laptop Stand,East,Bhubaneswar,SUP-026,10.0,WH-EA-01,80.0,2.0,34.0,215.0,7.42,4200.41,4.4,No,No,Summer,,4202.3,0.0,0.0,,0.147,6,2023,8,31,3
4331,ORD104331,P-SPO-011,Sports,Badminton Racket,North,Delhi,SUP-013,11.0,WH-NO-02,170.0,8.0,62.0,291.0,,1983.57,4.5,No,No,Summer,,1676.78,0.0,0.0,471.43,0.204,9,2021,3,7,6
4332,ORD104332,P-ELE-009,Electronics,LED TV 43in,South,Bengaluru,SUP-020,10.0,WH-SO-02,107.0,7.0,63.0,316.0,9.84,13138.61,16.6,Yes,No,Summer,Rainy,12778.43,0.0,0.0,,0.107,11,2024,7,25,3
4333,ORD104333,P-CLO-002,Clothing,Men's Cotton T-Shirt,East,Bhubaneswar,SUP-038,13.0,WH-EA-04,45.0,17.0,116.0,475.0,16.98,2349.81,8.7,Yes,No,Autumn,Rainy,2200.86,0.0,1.0,434.27,0.05,10,2022,8,21,6
4334,ORD104334,P-BEA-012,Beauty,Talcum Powder,East,Ranchi,SUP-022,7.0,WH-EA-01,265.0,19.0,207.0,790.0,28.86,826.44,9.6,No,Yes,Spring,Sunny,837.77,0.0,2.0,455.11,0.101,36,2022,3,20,6
4335,ORD104335,P-ELE-004,Electronics,Power Bank 10000mAh,West,Nagpur,SUP-013,11.0,WH-WE-05,215.0,6.0,68.0,315.0,,13182.5,2.7,No,No,Autumn,Sunny,11994.86,0.0,1.0,444.96,0.056,12,2022,11,7,0
4336,ORD104336,P-ELE-002,Electronics,Home Router,South,Coimbatore,SUP-027,6.0,WH-SO-02,74.0,3.0,56.0,281.0,8.18,10148.31,15.8,No,No,,Cloudy,10496.92,0.0,1.0,310.37,0.052,5,2022,7,31,6
4337,ORD104337,P-ELE-011,Electronics,Wireless Earbuds,East,Patna,SUP-030,7.0,WH-EA-05,102.0,5.0,58.0,296.0,9.06,1854.91,4.7,No,No,Winter,Cloudy,1887.93,0.0,1.0,443.17,0.03,10,2023,1,5,3
4338,ORD104338,P-CLO-009,Clothing,Men's Cotton T-Shirt,East,Patna,SUP-025,4.0,WH-EA-04,294.0,20.0,175.0,618.0,23.37,677.41,10.4,No,No,Summer,Sunny,671.89,1.0,0.0,300.03,0.04,24,2021,8,28,5
4339,ORD104339,P-BEA-003,Beauty,Herbal Shampoo 200ml,South,Coimbatore,SUP-002,16.0,WH-SO-02,499.0,29.0,232.0,1004.0,35.88,863.92,24.0,No,No,Summer,Stormy,896.35,0.0,2.0,593.84,0.13,37,2021,7,23,4
4340,ORD104340,P-ELE-009,Electronics,Wireless Earbuds,North,Delhi,SUP-010,,WH-NO-02,63.0,15.0,85.0,300.0,11.22,4096.17,18.7,Yes,No,Winter,Sunny,4290.28,0.0,0.0,347.74,0.013,14,2024,12,16,0
4341,ORD104341,P-ELE-011,Electronics,Bluetooth Speaker,North,Chandigarh,SUP-006,21.0,WH-NO-05,251.0,,68.0,406.0,11.86,9585.03,8.1,No,No,Winter,Rainy,9402.6,0.0,1.0,531.98,0.023,15,2023,12,29,4
4342,ORD104342,P-CLO-008,Clothing,Cotton Saree,West,Surat,SUP-039,5.0,WH-WE-05,127.0,9.0,119.0,550.0,,1056.69,,No,No,Summer,Rainy,1059.68,0.0,0.0,232.83,0.178,15,2022,6,12,6
4343,ORD104343,P-GRO-011,Grocery,Sunflower Oil 1L,North,Kanpur,SUP-013,11.0,WH-NO-04,358.0,160.0,268.0,1051.0,36.14,304.76,6.3,No,No,Summer,Sunny,288.21,1.0,4.0,521.5,0.112,32,2024,5,25,5
4344,ORD104344,P-BEA-008,Beauty,Lipstick Set,East,Kolkata,SUP-019,3.0,WH-EA-01,331.0,32.0,159.0,858.0,27.83,983.97,7.6,Yes,Yes,Spring,Cloudy,929.63,1.0,1.0,264.37,0.04,28,2024,3,8,4
4345,ORD104345,P-SPO-006,Sports,Gym Dumbbells 5kg,East,Patna,SUP-037,7.0,WH-EA-05,85.0,4.0,80.0,,12.63,778.84,14.2,No,No,Autumn,Sunny,877.32,1.0,0.0,384.09,0.091,14,2023,10,17,1
4346,ORD104346,P-BEA-004,Beauty,Moisturizer Cream,South,Chennai,SUP-040,5.0,WH-SO-03,639.0,42.0,232.0,894.0,31.01,363.16,3.6,Yes,No,Autumn,Cloudy,357.28,0.0,4.0,393.25,,50,2023,11,20,0
4347,ORD104347,P-SPO-004,Sports,Badminton Racket,West,Ahmedabad,SUP-009,19.0,WH-WE-01,311.0,24.0,133.0,672.0,21.77,4338.9,17.0,Yes,No,Autumn,Cloudy,4334.83,0.0,1.0,510.7,0.114,26,2024,10,21,0
4348,ORD104348,P-CLO-013,Clothing,Kids Winter Jacket,West,Mumbai,SUP-035,5.0,WH-WE-05,356.0,30.0,172.0,640.0,21.11,1760.22,20.3,Yes,No,Summer,Rainy,1749.35,2.0,,442.25,0.126,29,2024,5,3,4
4349,ORD104349,P-BEA-006,Beauty,Talcum Powder,North,Kanpur,SUP-030,8.0,WH-NO-01,203.0,21.0,127.0,641.0,18.35,729.66,19.9,No,No,Winter,Cloudy,751.35,0.0,0.0,243.86,0.154,30,2022,1,12,2
4350,ORD104350,P-ELE-011,Electronics,LED TV 43in,West,Nagpur,SUP-025,6.0,WH-WE-02,168.0,7.0,53.0,244.0,8.1,11894.51,27.4,No,No,Autumn,Sunny,11376.89,0.0,0.0,281.08,0.19,9,2023,11,28,1
4351,ORD104351,P-ELE-006,Electronics,Wireless Earbuds,East,Patna,SUP-007,,WH-EA-01,102.0,8.0,60.0,248.0,7.96,7534.5,5.1,No,No,Summer,Sunny,7264.59,0.0,3.0,436.36,0.035,10,2021,8,23,0
4352,ORD104352,P-FUR-008,Furniture,Dining Chair,South,Hyderabad,SUP-028,6.0,WH-SO-03,136.0,5.0,40.0,162.0,5.76,14315.98,4.3,Yes,No,Winter,Sunny,15389.11,1.0,3.0,384.06,,7,2023,1,5,3
4353,ORD104353,P-ELE-010,Electronics,Smartwatch,West,Ahmedabad,SUP-025,10.0,WH-WE-05,166.0,9.0,49.0,200.0,,5117.43,4.1,Yes,No,Summer,Cloudy,4508.53,0.0,4.0,480.72,,8,2021,4,9,4
4354,ORD104354,P-SPO-008,Sports,Badminton Racket,West,Mumbai,SUP-018,4.0,WH-WE-01,216.0,11.0,101.0,471.0,15.02,4645.71,21.9,No,No,Autumn,Rainy,4715.18,,2.0,357.84,0.002,15,2021,9,5,6
4355,ORD104355,P-FUR-012,Furniture,Sofa Cushion Set,South,Kochi,SUP-024,18.0,WH-SO-01,98.0,6.0,34.0,,,6948.44,2.7,No,No,Autumn,Rainy,6492.11,0.0,1.0,2010.36,0.116,6,2023,11,21,1
4356,ORD104356,P-SPO-014,Sports,Cycling Helmet,Central,Gwalior,SUP-009,11.0,WH-CE-05,55.0,17.0,75.0,403.0,12.99,975.95,24.0,No,No,Autumn,Sunny,819.09,0.0,1.0,419.92,0.063,7,2022,6,27,0
4357,ORD104357,P-GRO-013,Grocery,Sunflower Oil 1L,East,Patna,SUP-025,7.0,WH-EA-01,1052.0,54.0,385.0,1484.0,50.67,322.83,2.6,No,No,Autumn,Stormy,320.73,0.0,,276.7,0.014,43,2021,8,25,2
4358,ORD104358,P-CLO-014,Clothing,Track Pants,East,Bhubaneswar,SUP-007,7.0,WH-EA-01,124.0,25.0,157.0,794.0,24.94,2477.21,16.5,No,No,Winter,Sunny,2248.43,0.0,0.0,319.8,0.042,23,2024,12,1,6
4359,ORD104359,P-BEA-001,Beauty,Hair Oil 250ml,North,Lucknow,SUP-012,13.0,WH-NO-03,252.0,28.0,200.0,608.0,25.19,884.23,2.2,No,Yes,Autumn,Stormy,789.91,1.0,,476.94,0.079,19,2024,10,2,2
4360,ORD104360,P-GRO-012,Grocery,Tea Powder 500g,South,Chennai,SUP-020,8.0,WH-SO-02,443.0,30.0,225.0,1301.0,37.9,112.95,17.2,No,No,Winter,Sunny,136.41,0.0,1.0,386.87,0.066,53,2021,12,1,2
4361,ORD104361,P-CLO-011,Clothing,Track Pants,South,Chennai,SUP-007,11.0,WH-SO-05,60.0,5.0,115.0,354.0,14.15,1824.64,5.6,Yes,No,Summer,Sunny,1903.77,0.0,2.0,428.6,0.047,15,2023,5,25,3
4362,ORD104362,P-FUR-007,Furniture,Wooden Bookshelf,East,Kolkata,SUP-037,6.0,WH-EA-01,67.0,4.0,38.0,221.0,6.25,16727.25,26.2,No,No,Summer,Rainy,17485.49,0.0,1.0,473.27,0.052,7,2022,3,6,6
4363,ORD104363,P-SPO-005,Sports,Skipping Rope,East,Ranchi,SUP-036,13.0,WH-EA-03,155.0,9.0,90.0,355.0,11.74,2943.02,31.1,No,No,Summer,Cloudy,2930.48,0.0,2.0,508.33,0.059,16,2024,3,20,2
4364,ORD104364,P-BEA-001,Beauty,Sunscreen Lotion,West,Surat,SUP-019,9.0,WH-WE-05,815.0,46.0,269.0,1309.0,41.5,434.46,16.3,No,No,Autumn,Rainy,392.96,0.0,1.0,318.67,0.094,40,2023,10,3,1
4365,ORD104365,P-ELE-013,Electronics,Home Router,South,Kochi,SUP-023,5.0,WH-SO-04,83.0,8.0,80.0,337.0,11.27,13360.21,7.1,No,No,Autumn,Cloudy,13183.32,0.0,,320.41,,11,2022,9,28,2
4366,ORD104366,P-CLO-013,Clothing,Formal Shirt,West,Mumbai,SUP-012,9.0,WH-WE-01,131.0,16.0,128.0,616.0,20.37,2279.97,3.3,Yes,No,Autumn,Sunny,,0.0,1.0,353.68,0.087,23,2024,9,22,6
4367,ORD104367,P-CLO-002,Clothing,Cotton Saree,West,,SUP-009,15.0,WH-WE-01,296.0,19.0,93.0,414.0,15.27,360.52,25.9,No,No,Winter,Sunny,305.02,0.0,,500.69,0.016,17,2023,12,10,6
4368,ORD104368,P-ELE-009,Electronics,Bluetooth Speaker,West,Ahmedabad,SUP-039,7.0,WH-WE-01,58.0,15.0,89.0,435.0,13.66,,1.4,No,Yes,Autumn,Sunny,7105.53,0.0,0.0,326.55,0.177,18,2021,8,10,1
4369,ORD104369,P-CLO-009,Clothing,Formal Shirt,West,Surat,SUP-017,10.0,WH-WE-05,640.0,52.0,292.0,1208.0,38.55,933.6,6.1,No,No,Autumn,Cloudy,926.92,0.0,2.0,442.19,0.037,39,2022,10,11,1
4370,ORD104370,P-GRO-003,Grocery,Toor Dal 1kg,West,Nagpur,SUP-039,9.0,WH-WE-02,674.0,51.0,397.0,1636.0,52.31,194.93,3.6,Yes,No,Summer,Sunny,181.94,,0.0,362.81,0.116,64,2024,4,27,5
4371,ORD104371,P-ELE-009,Electronics,Home Router,North,Lucknow,SUP-003,9.0,WH-NO-01,124.0,4.0,61.0,281.0,8.14,13810.61,12.0,Yes,No,Spring,Sunny,13946.68,0.0,3.0,381.23,0.135,11,2023,2,27,0
4372,ORD104372,P-CLO-013,Clothing,Track Pants,West,Mumbai,SUP-005,,WH-WE-02,581.0,44.0,192.0,692.0,26.84,2236.28,10.2,No,No,Summer,Sunny,1989.64,0.0,2.0,341.94,0.048,25,2021,5,26,2
4373,ORD104373,P-ELE-005,Electronics,Smartphone Charger,Central,Bhopal,SUP-020,6.0,WH-CE-02,185.0,11.0,85.0,284.0,9.39,8359.24,18.1,No,No,Winter,Cloudy,7732.06,0.0,0.0,252.95,0.111,12,2024,2,5,0
4374,ORD104374,P-CLO-011,Clothing,Track Pants,East,Bhubaneswar,SUP-032,5.0,WH-EA-01,218.0,21.0,155.0,653.0,25.59,1427.24,20.9,No,No,Winter,Sunny,1602.67,0.0,0.0,246.89,0.106,45,2022,12,4,6
4375,ORD104375,P-ELE-015,Electronics,Smartwatch,North,Delhi,SUP-017,7.0,WH-NO-03,167.0,10.0,53.0,261.0,7.8,9522.76,22.3,No,No,Winter,Sunny,9126.82,0.0,2.0,474.77,0.032,9,2021,12,14,1
4376,ORD104376,P-BEA-007,Beauty,Face Wash 100ml,Central,Bhopal,SUP-034,8.0,WH-CE-05,189.0,23.0,95.0,705.0,21.89,526.32,3.9,No,No,Summer,Sunny,525.56,0.0,,550.29,0.038,19,2024,4,6,5
4377,ORD104377,P-ELE-002,Electronics,Power Bank 10000mAh,North,Delhi,SUP-006,4.0,WH-NO-02,15.0,9.0,47.0,187.0,6.37,2574.39,11.7,Yes,No,Autumn,Rainy,2595.71,0.0,0.0,279.1,0.267,5,2024,7,16,1
4378,ORD104378,P-SPO-005,Sports,Football,South,Chennai,SUP-035,15.0,WH-SO-05,79.0,9.0,52.0,284.0,8.68,2319.97,17.8,No,No,Summer,Cloudy,2287.66,0.0,3.0,541.66,0.009,8,2023,5,9,1
4379,ORD104379,P-ELE-003,Electronics,Power Bank 10000mAh,North,Delhi,SUP-018,5.0,WH-NO-04,61.0,12.0,95.0,434.0,13.77,4599.7,13.4,No,Yes,,Sunny,4401.48,0.0,1.0,453.58,0.134,17,2023,11,13,0
4380,ORD104380,P-CLO-006,Clothing,Formal Shirt,South,Hyderabad,SUP-012,2.0,WH-SO-02,726.0,34.0,191.0,795.0,31.11,632.2,,No,,Winter,Rainy,746.96,0.0,,231.67,0.059,44,2021,12,19,6
4381,ORD104381,P-GRO-010,Grocery,Masala Mix 200g,South,Coimbatore,SUP-026,6.0,WH-SO-04,228.0,57.0,299.0,1417.0,44.32,503.63,7.9,Yes,No,Winter,Cloudy,473.77,0.0,,381.62,0.037,65,2023,12,27,2
4382,ORD104382,P-GRO-004,Grocery,Toor Dal 1kg,East,,SUP-032,15.0,WH-EA-02,98.0,26.0,239.0,930.0,33.89,119.49,11.4,No,No,Autumn,Cloudy,110.95,0.0,1.0,518.55,0.233,28,2024,8,14,2
4383,ORD104383,P-CLO-008,Clothing,Men's Cotton T-Shirt,Central,,SUP-038,9.0,WH-CE-02,353.0,19.0,119.0,585.0,19.2,632.06,16.3,No,No,Winter,Sunny,656.87,0.0,0.0,383.55,0.057,24,2021,12,14,1
4384,ORD104384,P-BEA-015,Beauty,Body Lotion 400ml,South,Hyderabad,SUP-004,5.0,WH-SO-02,644.0,23.0,257.0,1166.0,35.53,871.47,7.3,No,No,Autumn,Sunny,781.89,0.0,1.0,292.91,0.074,40,2024,10,9,2
4385,ORD104385,P-SPO-004,Sports,Running Shoes,East,Kolkata,SUP-029,8.0,WH-EA-01,306.0,16.0,92.0,428.0,14.19,2222.34,21.0,Yes,No,Summer,Rainy,2403.9,0.0,0.0,258.31,0.066,18,2021,5,12,2
4386,ORD104386,P-GRO-014,Grocery,Wheat Flour 5kg,West,Surat,SUP-013,4.0,WH-WE-04,1051.0,49.0,300.0,1433.0,48.07,107.36,23.3,No,No,Autumn,Sunny,105.63,0.0,0.0,285.97,0.046,65,2022,10,14,4
4387,ORD104387,P-ELE-005,Electronics,Smartphone Charger,West,Pune,SUP-021,5.0,WH-WE-01,214.0,14.0,87.0,393.0,11.47,14640.53,23.8,Yes,No,Summer,Cloudy,14791.65,0.0,1.0,320.98,0.041,27,2021,4,17,5
4388,ORD104388,P-BEA-010,Beauty,Body Lotion 400ml,North,Chandigarh,SUP-019,8.0,WH-NO-01,310.0,41.0,223.0,,31.2,989.31,3.5,No,No,Autumn,Sunny,1012.7,0.0,4.0,,0.232,46,2022,10,16,6
4389,ORD104389,P-CLO-003,Clothing,Track Pants,North,Lucknow,SUP-031,18.0,WH-NO-01,265.0,12.0,77.0,444.0,15.18,1956.98,3.0,Yes,No,Summer,Sunny,1903.82,0.0,2.0,525.64,0.281,22,2023,8,4,4
4390,ORD104390,P-GRO-005,Grocery,Wheat Flour 5kg,East,Patna,SUP-016,19.0,WH-EA-01,716.0,42.0,,1001.0,39.63,,4.9,No,No,Autumn,Cloudy,383.13,0.0,1.0,575.59,0.055,50,2024,6,25,1
4391,ORD104391,P-BEA-014,Beauty,Hair Oil 250ml,West,Mumbai,SUP-012,9.0,WH-WE-05,308.0,22.0,119.0,607.0,20.17,497.8,14.5,Yes,No,Autumn,Sunny,523.68,0.0,1.0,365.04,0.107,26,2021,8,8,6
4392,ORD104392,P-CLO-009,Clothing,Women's Kurti,East,Bhubaneswar,SUP-020,6.0,WH-EA-01,234.0,19.0,194.0,749.0,23.33,605.41,20.2,Yes,No,Autumn,,630.42,0.0,2.0,315.36,0.038,31,2024,7,20,5
4393,ORD104393,P-FUR-009,Furniture,Office Chair,North,Delhi,SUP-027,7.0,WH-NO-04,31.0,5.0,46.0,257.0,7.46,6891.95,1.1,No,No,Winter,Cloudy,6057.03,0.0,0.0,458.69,0.055,8,2024,12,30,0
4394,ORD104394,P-GRO-008,Grocery,Sugar 1kg,West,Surat,SUP-034,10.0,WH-WE-02,207.0,63.0,268.0,1086.0,42.91,512.17,3.7,No,No,Summer,Sunny,497.88,0.0,9.0,796.46,0.209,30,2021,4,8,3
4395,ORD104395,P-CLO-004,Clothing,Track Pants,West,,SUP-001,6.0,WH-WE-01,523.0,19.0,151.0,681.0,21.74,1369.76,16.9,No,No,Autumn,Rainy,1357.56,0.0,2.0,345.84,0.094,28,2024,11,5,1
4396,ORD104396,P-ELE-014,Electronics,Home Router,East,Bhubaneswar,SUP-023,6.0,WH-EA-02,171.0,9.0,78.0,339.0,10.56,11005.08,10.7,Yes,No,Autumn,Cloudy,12534.95,0.0,0.0,398.16,0.13,15,2024,8,17,5
4397,ORD104397,P-BEA-006,Beauty,Lipstick Set,West,Ahmedabad,SUP-003,5.0,WH-WE-01,,25.0,168.0,778.0,27.09,788.26,17.8,No,No,Spring,Rainy,699.09,0.0,0.0,191.76,0.162,24,2021,2,12,4
4398,ORD104398,P-ELE-001,Electronics,Smartphone Charger,West,,SUP-025,6.0,WH-WE-02,109.0,12.0,73.0,360.0,10.3,7574.46,24.3,No,No,Summer,Rainy,7187.75,0.0,0.0,218.33,0.097,11,2021,4,3,5
4399,ORD104399,P-BEA-014,Beauty,Sunscreen Lotion,West,Surat,SUP-025,7.0,WH-WE-05,249.0,26.0,218.0,832.0,30.26,830.74,21.2,No,No,Autumn,Sunny,902.62,0.0,0.0,275.9,0.083,32,2023,11,26,6
4400,ORD104400,P-BEA-001,Beauty,Hair Oil 250ml,West,Ahmedabad,SUP-035,5.0,WH-WE-04,363.0,24.0,161.0,1094.0,30.83,1121.76,6.8,No,No,Autumn,Rainy,1037.51,0.0,1.0,1531.94,0.231,19,2022,9,6,1
4401,ORD104401,P-BEA-014,Beauty,Talcum Powder,West,Nagpur,SUP-008,10.0,WH-WE-05,836.0,41.0,288.0,1186.0,38.98,966.21,,Yes,No,Winter,Stormy,915.37,0.0,4.0,470.87,0.088,42,2022,1,16,6
4402,ORD104402,P-ELE-004,Electronics,Wireless Earbuds,East,Patna,SUP-032,5.0,WH-EA-04,96.0,6.0,34.0,171.0,5.3,8204.27,4.6,No,No,Autumn,Cloudy,9302.97,0.0,0.0,327.83,0.025,9,2022,8,14,6
4403,ORD104403,P-GRO-002,Grocery,Sugar 1kg,South,Coimbatore,SUP-028,14.0,WH-SO-05,163.0,45.0,225.0,1130.0,39.28,258.52,25.0,Yes,No,Summer,Cloudy,266.08,0.0,1.0,394.38,0.128,49,2022,5,14,5
4404,ORD104404,P-CLO-004,Clothing,Kids Winter Jacket,West,Pune,SUP-027,10.0,WH-WE-01,255.0,11.0,121.0,349.0,13.73,657.9,42.2,No,No,Autumn,Sunny,703.06,0.0,0.0,361.66,0.028,19,2024,11,25,0
4405,ORD104405,P-CLO-010,Clothing,Kids Winter Jacket,East,Guwahati,SUP-026,12.0,WH-EA-01,324.0,14.0,124.0,611.0,20.59,718.64,14.0,Yes,No,Winter,Sunny,760.18,0.0,2.0,473.06,0.023,26,2021,12,18,5
4406,ORD104406,P-SPO-009,Sports,Cricket Bat,East,Bhubaneswar,SUP-022,13.0,WH-EA-03,142.0,,74.0,309.0,9.66,3027.55,3.0,No,No,Summer,Sunny,3055.91,0.0,5.0,556.4,0.045,7,2021,5,10,0
4407,ORD104407,P-GRO-003,Grocery,Basmati Rice 5kg,North,Kanpur,SUP-003,7.0,WH-NO-03,410.0,44.0,296.0,1135.0,39.99,405.23,7.8,No,,Summer,Sunny,408.19,0.0,0.0,335.58,0.064,51,2024,4,28,6
4408,ORD104408,P-SPO-005,Sports,Gym Dumbbells 5kg,West,Pune,SUP-033,11.0,WH-WE-04,296.0,14.0,62.0,348.0,11.95,2438.1,5.0,No,No,Summer,Cloudy,2611.04,,1.0,351.51,0.112,12,2024,5,11,5
4409,ORD104409,P-ELE-004,Electronics,Smartphone Charger,East,Bhubaneswar,SUP-016,10.0,WH-EA-01,66.0,6.0,40.0,195.0,6.45,2046.69,1.7,Yes,No,Autumn,Cloudy,1908.01,0.0,0.0,278.52,0.103,5,2024,7,29,0
4410,ORD104410,P-GRO-010,Grocery,Tea Powder 500g,South,Bengaluru,SUP-005,8.0,WH-SO-01,878.0,32.0,220.0,967.0,37.99,546.18,9.3,No,No,Autumn,Sunny,621.95,0.0,0.0,287.94,0.096,44,2024,11,19,1
4411,ORD104411,P-ELE-013,Electronics,Wireless Earbuds,South,Coimbatore,SUP-025,,WH-SO-04,55.0,6.0,74.0,,,11923.29,12.9,No,No,Summer,Sunny,11413.87,0.0,0.0,176.16,0.036,7,2021,3,1,0
4412,ORD104412,P-BEA-004,Beauty,Body Lotion 400ml,South,Bengaluru,SUP-038,7.0,WH-SO-03,219.0,32.0,255.0,1012.0,33.04,313.98,6.2,No,No,Winter,Sunny,339.68,0.0,0.0,230.21,0.108,44,2024,1,29,0
4413,ORD104413,P-ELE-014,Electronics,LED TV 43in,Central,Raipur,SUP-029,4.0,WH-CE-03,99.0,8.0,56.0,185.0,6.5,1813.4,11.3,Yes,No,Winter,Stormy,1886.79,0.0,2.0,442.09,0.057,12,2022,1,30,6
4414,ORD104414,P-GRO-007,Grocery,Toor Dal 1kg,West,Mumbai,SUP-010,9.0,WH-WE-02,,37.0,271.0,1545.0,45.83,540.19,5.7,No,No,Autumn,Rainy,516.54,0.0,1.0,362.96,0.154,37,2022,9,9,4
4415,ORD104415,P-BEA-002,Beauty,Moisturizer Cream,East,Patna,SUP-033,9.0,WH-EA-04,536.0,32.0,225.0,739.0,24.1,788.21,19.9,No,No,Autumn,Sunny,818.7,0.0,0.0,325.6,0.058,46,2022,10,18,1
4416,ORD104416,P-CLO-005,Clothing,Formal Shirt,South,Hyderabad,SUP-034,7.0,WH-SO-05,310.0,14.0,159.0,475.0,20.14,1143.89,1.1,No,No,Winter,Rainy,1155.56,0.0,2.0,368.94,0.179,21,2024,12,10,1
4417,ORD104417,P-ELE-014,Electronics,Smartwatch,West,Pune,SUP-014,5.0,WH-WE-01,165.0,8.0,87.0,288.0,10.12,6295.29,12.7,No,No,Spring,Rainy,5406.1,0.0,0.0,245.54,0.182,9,2023,2,2,3
4418,ORD104418,P-ELE-013,Electronics,Laptop Stand,East,Patna,SUP-021,5.0,WH-EA-01,99.0,5.0,41.0,160.0,5.73,6631.26,1.9,No,No,Autumn,Rainy,6585.24,2.0,1.0,,0.185,6,2021,11,22,0
4419,ORD104419,P-CLO-011,Clothing,Cotton Saree,Central,Bhopal,SUP-034,2.0,WH-CE-04,204.0,13.0,85.0,352.0,12.82,515.69,9.7,No,No,Summer,Rainy,464.17,,0.0,288.27,0.06,12,2021,5,9,6
4420,ORD104420,P-GRO-006,Grocery,Masala Mix 200g,North,Jaipur,SUP-007,12.0,WH-NO-05,804.0,47.0,304.0,1741.0,50.29,307.33,14.7,Yes,No,Summer,Cloudy,319.81,0.0,0.0,505.28,0.021,55,2023,5,11,3
4421,ORD104421,P-ELE-012,Electronics,Smartphone Charger,North,Jaipur,SUP-015,7.0,WH-NO-02,123.0,5.0,42.0,161.0,5.05,9363.81,1.5,No,No,Summer,Sunny,9257.79,0.0,1.0,315.47,0.085,6,2024,4,27,5
4422,ORD104422,P-FUR-011,Furniture,Dining Chair,East,Bhubaneswar,SUP-019,20.0,WH-EA-04,70.0,5.0,31.0,131.0,4.55,5631.41,13.3,No,No,Autumn,Rainy,6026.7,0.0,3.0,627.71,0.122,3,2023,11,4,5
4423,ORD104423,P-GRO-012,Grocery,Tea Powder 500g,North,Delhi,SUP-001,10.0,WH-NO-05,590.0,56.0,280.0,1176.0,41.13,212.57,4.7,No,No,,Rainy,200.72,0.0,2.0,447.4,,32,2024,9,26,3
4424,ORD104424,P-CLO-009,Clothing,Denim Jeans,East,Kolkata,SUP-007,13.0,WH-EA-01,87.0,18.0,140.0,500.0,17.22,1733.49,24.7,No,No,Spring,Sunny,1553.78,0.0,1.0,408.65,0.044,16,2021,3,3,2
4425,ORD104425,P-GRO-008,Grocery,Masala Mix 200g,West,Surat,SUP-025,5.0,WH-WE-01,649.0,41.0,,1281.0,,365.36,4.9,Yes,No,Summer,Cloudy,,0.0,0.0,862.31,0.071,51,2022,8,12,4
4426,ORD104426,P-ELE-015,Electronics,Laptop Stand,North,Kanpur,SUP-011,15.0,WH-NO-01,138.0,10.0,59.0,244.0,8.74,6700.57,3.5,No,No,Autumn,Cloudy,7783.44,0.0,0.0,447.56,0.068,7,2023,6,13,1
4427,ORD104427,P-ELE-015,Electronics,Smartphone Charger,South,Kochi,SUP-010,3.0,WH-SO-04,97.0,4.0,62.0,277.0,8.8,,29.9,Yes,No,Autumn,Cloudy,17941.74,0.0,0.0,165.1,0.006,10,2024,6,6,3
4428,ORD104428,P-GRO-009,Grocery,Sunflower Oil 1L,West,Ahmedabad,SUP-012,7.0,WH-WE-04,528.0,20.0,248.0,814.0,34.19,558.31,5.1,No,No,Summer,Cloudy,647.7,0.0,1.0,397.61,0.048,30,2022,4,2,5
4429,ORD104429,P-ELE-004,Electronics,Laptop Stand,West,Ahmedabad,SUP-005,11.0,WH-WE-01,315.0,19.0,105.0,470.0,14.9,12130.22,15.7,No,No,Autumn,Sunny,10635.66,0.0,0.0,336.38,0.176,13,2023,9,16,5
4430,ORD104430,P-GRO-007,Grocery,Sugar 1kg,East,Kolkata,SUP-026,9.0,WH-EA-01,815.0,35.0,343.0,1068.0,42.0,424.47,4.1,No,No,Autumn,Cloudy,377.71,0.0,1.0,242.12,0.035,36,2021,10,31,6
4431,ORD104431,P-SPO-008,Sports,Cricket Bat,North,Delhi,SUP-011,3.0,WH-NO-04,315.0,11.0,107.0,449.0,14.23,2422.07,16.4,No,No,Summer,,2215.69,,2.0,259.99,0.122,17,2023,5,15,0
4432,ORD104432,P-BEA-011,Beauty,Hair Oil 250ml,East,Guwahati,SUP-027,2.0,WH-EA-05,327.0,22.0,,646.0,19.45,1153.51,5.3,No,No,Spring,Sunny,1224.95,0.0,0.0,210.17,0.08,26,2024,2,7,2
4433,ORD104433,P-GRO-005,Grocery,Tea Powder 500g,South,Hyderabad,SUP-034,5.0,WH-SO-04,211.0,42.0,361.0,1170.0,43.52,575.34,8.0,No,Yes,,Cloudy,672.36,0.0,6.0,567.36,0.026,35,2024,4,11,3
4434,ORD104434,P-CLO-001,Clothing,Woolen Sweater,West,Ahmedabad,SUP-020,7.0,WH-WE-01,370.0,29.0,142.0,625.0,22.49,623.77,29.2,No,No,Autumn,Sunny,668.92,0.0,0.0,386.55,0.096,29,2022,10,23,6
4435,ORD104435,P-CLO-013,Clothing,Cotton Saree,East,Patna,SUP-037,4.0,WH-EA-02,103.0,12.0,96.0,461.0,13.99,1942.03,13.7,,No,Autumn,Sunny,1971.54,0.0,1.0,348.56,0.105,20,2022,11,23,2
4436,ORD104436,P-BEA-015,Beauty,Talcum Powder,South,Chennai,SUP-008,11.0,WH-SO-01,462.0,49.0,240.0,1040.0,35.79,516.09,15.7,No,No,Summer,Sunny,477.92,0.0,1.0,430.83,0.15,37,2024,7,12,4
4437,ORD104437,P-GRO-002,Grocery,Basmati Rice 5kg,West,Nagpur,SUP-039,10.0,WH-WE-02,740.0,29.0,211.0,893.0,32.3,368.54,4.5,No,No,Spring,Cloudy,360.12,0.0,0.0,398.81,0.042,34,2023,3,12,6
4438,ORD104438,P-GRO-005,Grocery,Instant Noodles Pack,East,Ranchi,SUP-013,3.0,WH-EA-03,120.0,31.0,160.0,673.0,24.19,61.67,20.9,No,No,Summer,Sunny,62.11,0.0,1.0,247.23,0.043,23,2022,5,27,4
4439,ORD104439,P-GRO-007,Grocery,Wheat Flour 5kg,North,Jaipur,SUP-013,11.0,WH-NO-02,1531.0,79.0,616.0,2880.0,77.31,296.36,5.0,No,,Spring,Sunny,317.29,0.0,1.0,439.73,0.131,78,2022,2,6,6
4440,ORD104440,P-ELE-012,Electronics,Smartwatch,East,Patna,SUP-040,3.0,WH-EA-04,87.0,6.0,54.0,218.0,7.64,14422.42,16.5,No,No,Autumn,Rainy,13846.6,0.0,0.0,313.58,0.038,5,2023,11,6,0
4441,ORD104441,P-GRO-012,Grocery,Masala Mix 200g,Central,Gwalior,SUP-019,6.0,WH-CE-02,520.0,26.0,231.0,831.0,26.35,546.8,8.3,Yes,No,Autumn,Cloudy,564.35,1.0,1.0,279.6,0.044,40,2023,11,7,1
4442,ORD104442,P-SPO-006,Sports,Skipping Rope,West,Pune,SUP-030,10.0,WH-WE-03,124.0,17.0,108.0,534.0,16.71,975.07,20.2,No,No,Spring,Cloudy,996.53,0.0,0.0,304.1,0.08,14,2023,2,25,5
4443,ORD104443,P-SPO-005,Sports,Football,South,Hyderabad,SUP-033,14.0,WH-SO-04,54.0,10.0,63.0,345.0,9.93,3640.0,12.9,Yes,No,,Cloudy,3669.22,0.0,1.0,421.54,0.123,11,2021,8,21,5
4444,ORD104444,P-ELE-007,Electronics,Smartphone Charger,West,Mumbai,SUP-018,5.0,WH-WE-01,1276.0,6.0,46.0,291.0,8.12,8166.03,17.9,Yes,No,Summer,Sunny,7907.69,,2.0,266.07,0.026,11,2021,8,24,1
4445,ORD104445,P-CLO-004,Clothing,Cotton Saree,South,Coimbatore,SUP-013,3.0,WH-SO-01,469.0,40.0,156.0,678.0,27.83,1422.94,22.8,Yes,No,Winter,Sunny,1436.71,0.0,0.0,320.2,0.155,52,2021,12,22,2
4446,ORD104446,P-GRO-007,Grocery,Masala Mix 200g,East,,SUP-020,7.0,WH-EA-02,1459.0,66.0,382.0,2127.0,61.91,68.57,29.3,No,No,Winter,Sunny,68.04,0.0,1.0,313.97,0.012,68,2021,1,18,0
4447,ORD104447,P-CLO-004,Clothing,Kids Winter Jacket,East,Guwahati,SUP-016,3.0,WH-EA-01,272.0,8.0,147.0,732.0,24.07,1029.61,1.3,No,No,Winter,Rainy,965.21,0.0,3.0,266.98,0.015,19,2022,12,3,5
4448,ORD104448,P-CLO-001,Clothing,Men's Cotton T-Shirt,South,Coimbatore,SUP-017,12.0,WH-SO-01,342.0,28.0,166.0,703.0,26.12,1632.04,11.2,No,No,Autumn,Cloudy,1747.53,0.0,1.0,279.12,0.106,23,2022,8,30,1
4449,ORD104449,P-ELE-011,Electronics,Smartphone Charger,South,Bengaluru,SUP-010,9.0,WH-SO-02,240.0,16.0,98.0,452.0,13.72,5091.74,17.5,No,No,Autumn,Rainy,5733.17,0.0,1.0,467.7,0.014,20,2022,7,17,6
4450,ORD104450,P-BEA-012,Beauty,Hair Oil 250ml,Central,,SUP-037,5.0,WH-CE-02,118.0,8.0,117.0,523.0,,941.82,21.0,Yes,No,,Rainy,954.64,0.0,1.0,377.56,0.159,20,2024,9,28,5
4451,ORD104451,P-SPO-005,Sports,Running Shoes,South,Chennai,SUP-023,11.0,WH-SO-02,36.0,8.0,92.0,357.0,10.53,3025.67,16.6,No,No,,Sunny,3014.54,0.0,1.0,356.08,0.031,13,2021,12,17,4
4452,ORD104452,P-FUR-007,Furniture,TV Unit,West,Ahmedabad,SUP-032,4.0,WH-WE-01,99.0,,33.0,139.0,4.83,10648.74,11.3,No,No,Spring,Rainy,11295.13,0.0,0.0,301.1,0.033,6,2024,3,27,2
4453,ORD104453,P-FUR-007,Furniture,Foldable Bed,West,Mumbai,SUP-027,6.0,WH-WE-01,116.0,9.0,70.0,296.0,8.92,13644.47,7.4,No,No,Autumn,Cloudy,13846.72,0.0,0.0,220.33,0.067,9,2021,10,8,4
4454,ORD104454,P-CLO-001,Clothing,Formal Shirt,East,Guwahati,SUP-015,9.0,WH-EA-05,299.0,13.0,77.0,407.0,12.64,1167.15,13.2,No,No,Summer,Cloudy,1273.63,0.0,,370.93,0.116,12,2023,6,13,1
4455,ORD104455,P-GRO-009,Grocery,Basmati Rice 5kg,North,Chandigarh,SUP-013,8.0,WH-NO-04,195.0,24.0,245.0,983.0,37.26,389.9,6.7,,No,Summer,Cloudy,393.22,0.0,2.0,354.72,0.078,32,2024,6,11,1
4456,ORD104456,P-ELE-007,Electronics,Power Bank 10000mAh,North,Lucknow,SUP-040,16.0,WH-NO-03,62.0,7.0,65.0,230.0,8.92,14734.61,4.3,No,No,Summer,Cloudy,15425.56,2.0,2.0,450.3,0.055,8,2024,5,9,3
4457,ORD104457,P-CLO-015,Clothing,Woolen Sweater,North,Kanpur,SUP-001,3.0,WH-NO-01,92.0,13.0,164.0,673.0,22.07,435.62,1.1,Yes,No,Summer,,496.03,0.0,0.0,299.05,0.049,19,2023,5,14,6
4458,ORD104458,P-ELE-006,Electronics,Wireless Earbuds,East,Guwahati,SUP-012,3.0,WH-EA-02,221.0,4.0,73.0,263.0,9.22,1953.38,,Yes,No,Autumn,Sunny,2151.48,0.0,0.0,267.5,0.115,11,2021,10,30,5
4459,ORD104459,P-BEA-012,Beauty,Lipstick Set,Central,Gwalior,SUP-030,15.0,WH-CE-05,478.0,5.0,130.0,740.0,23.12,693.13,33.4,Yes,No,Summer,Sunny,684.43,0.0,1.0,444.12,0.084,25,2022,7,6,2
4460,ORD104460,P-CLO-006,Clothing,Denim Jeans,West,Mumbai,SUP-022,21.0,WH-WE-05,1168.0,78.0,465.0,1399.0,47.76,945.49,23.0,No,No,Autumn,Sunny,1027.29,0.0,1.0,597.69,0.039,67,2022,9,13,1
4461,ORD104461,P-GRO-003,Grocery,Sugar 1kg,North,Chandigarh,SUP-025,12.0,WH-NO-04,1099.0,37.0,405.0,1282.0,46.78,257.86,19.9,Yes,No,Summer,Sunny,235.83,0.0,3.0,507.98,0.231,53,2024,5,20,0
4462,ORD104462,P-GRO-006,Grocery,Instant Noodles Pack,South,Coimbatore,SUP-001,4.0,WH-SO-02,463.0,66.0,439.0,1889.0,60.85,272.0,19.0,No,No,Autumn,Sunny,267.63,0.0,0.0,213.68,0.103,71,2022,7,6,2
4463,ORD104463,P-SPO-014,Sports,Football,North,Kanpur,SUP-009,7.0,WH-NO-03,304.0,18.0,99.0,320.0,13.44,563.21,14.5,No,No,Summer,,600.77,0.0,0.0,248.18,0.12,14,2024,4,20,5
4464,ORD104464,P-ELE-004,Electronics,Home Router,Central,Gwalior,SUP-024,8.0,WH-CE-01,239.0,13.0,89.0,321.0,12.34,13964.53,17.6,No,No,Autumn,Sunny,15673.55,0.0,0.0,368.56,0.104,15,2024,10,22,1
4465,ORD104465,P-ELE-013,Electronics,Smartphone Charger,North,Delhi,SUP-013,11.0,WH-NO-05,60.0,7.0,43.0,195.0,7.27,2160.1,13.4,No,No,Summer,Stormy,2030.25,0.0,4.0,532.13,0.091,4,2021,6,12,5
4466,ORD104466,P-ELE-010,Electronics,Power Bank 10000mAh,North,Jaipur,SUP-019,5.0,WH-NO-01,164.0,13.0,66.0,272.0,11.94,12258.07,9.1,No,No,Autumn,Cloudy,12231.28,0.0,1.0,299.24,0.083,18,2024,9,29,6
4467,ORD104467,P-FUR-012,Furniture,Sofa Cushion Set,East,Kolkata,SUP-039,5.0,WH-EA-04,77.0,7.0,27.0,143.0,,17941.45,14.0,Yes,No,Summer,Sunny,17945.82,0.0,0.0,261.03,0.058,7,2023,4,9,6
4468,ORD104468,P-SPO-012,Sports,Football,East,Patna,SUP-026,4.0,WH-EA-02,135.0,15.0,82.0,399.0,14.54,2064.54,5.2,No,No,Summer,Sunny,2049.31,0.0,2.0,407.27,0.05,15,2023,5,28,6
4469,ORD104469,P-GRO-008,Grocery,Sugar 1kg,North,Kanpur,SUP-026,15.0,WH-NO-03,442.0,25.0,388.0,1362.0,44.35,362.17,16.1,No,No,Summer,Sunny,326.93,0.0,0.0,467.84,0.11,34,2022,3,23,2
4470,ORD104470,P-SPO-010,Sports,Yoga Mat,West,Nagpur,SUP-008,2.0,WH-WE-05,409.0,13.0,129.0,645.0,20.01,1323.57,9.3,No,No,Summer,Sunny,1376.59,0.0,4.0,1207.54,0.128,27,2022,5,3,1
4471,ORD104471,P-GRO-002,Grocery,Wheat Flour 5kg,North,Kanpur,SUP-024,3.0,WH-NO-02,443.0,30.0,340.0,1412.0,41.78,276.37,33.7,No,No,Spring,Sunny,248.17,0.0,1.0,422.88,0.209,38,2023,3,2,3
4472,ORD104472,P-FUR-011,Furniture,Study Table,North,Lucknow,SUP-039,8.0,WH-NO-01,64.0,5.0,38.0,185.0,5.72,16549.92,11.1,Yes,No,Autumn,Rainy,18056.34,0.0,1.0,359.06,0.022,7,2021,10,18,0
4473,ORD104473,P-ELE-011,Electronics,Laptop Stand,North,Jaipur,SUP-026,17.0,WH-NO-04,283.0,8.0,82.0,300.0,11.91,11875.03,3.9,Yes,No,Autumn,Sunny,13157.34,0.0,2.0,566.93,0.079,14,2023,11,15,2
4474,ORD104474,P-CLO-002,Clothing,Track Pants,South,Coimbatore,SUP-032,8.0,WH-SO-03,387.0,15.0,120.0,485.0,17.77,1430.51,13.6,No,No,Autumn,,1357.44,0.0,1.0,405.39,0.176,19,2023,9,2,5
4475,ORD104475,P-FUR-008,Furniture,Foldable Bed,Central,Indore,SUP-039,9.0,WH-CE-01,24.0,3.0,20.0,78.0,3.15,11203.32,,No,No,Winter,Cloudy,10065.88,1.0,0.0,232.05,0.272,4,2021,1,13,2
4476,ORD104476,P-CLO-008,Clothing,Track Pants,East,Ranchi,SUP-037,9.0,WH-EA-01,64.0,13.0,91.0,281.0,10.31,484.56,18.9,No,No,Autumn,Cloudy,483.31,0.0,1.0,360.43,0.173,8,2021,11,4,3
4477,ORD104477,P-GRO-005,Grocery,Wheat Flour 5kg,West,Nagpur,SUP-014,10.0,WH-WE-03,642.0,53.0,520.0,2514.0,73.08,556.08,2.6,Yes,No,Winter,Stormy,532.95,0.0,1.0,383.25,,67,2023,1,21,5
4478,ORD104478,P-BEA-001,Beauty,Sunscreen Lotion,South,Bengaluru,SUP-012,12.0,WH-SO-04,543.0,35.0,252.0,919.0,29.75,581.59,13.7,Yes,No,Winter,Sunny,571.83,0.0,1.0,274.24,0.05,48,2023,12,21,3
4479,ORD104479,P-SPO-001,Sports,Skipping Rope,West,Surat,SUP-012,6.0,WH-WE-01,167.0,17.0,113.0,514.0,15.59,,26.2,No,No,Spring,Sunny,2148.45,0.0,3.0,429.08,0.018,15,2022,3,3,3
4480,ORD104480,P-CLO-004,Clothing,Formal Shirt,Central,Raipur,SUP-031,18.0,WH-CE-03,199.0,18.0,125.0,383.0,14.74,1897.79,8.8,Yes,No,Summer,Stormy,1756.56,0.0,0.0,361.4,0.015,15,2024,7,19,4
4481,ORD104481,P-FUR-004,Furniture,Foldable Bed,South,Coimbatore,SUP-016,9.0,WH-SO-03,27.0,2.0,49.0,202.0,6.87,19598.39,15.9,No,No,Winter,Stormy,22199.57,1.0,0.0,500.16,0.208,7,2023,2,20,0
4482,ORD104482,P-BEA-004,Beauty,Herbal Shampoo 200ml,Central,Raipur,SUP-033,10.0,WH-CE-01,235.0,8.0,121.0,574.0,18.06,727.29,11.8,Yes,No,Winter,Rainy,689.98,0.0,2.0,478.36,0.101,23,2023,2,27,0
4483,ORD104483,P-GRO-010,Grocery,Tea Powder 500g,East,Patna,SUP-033,8.0,WH-EA-04,313.0,19.0,188.0,932.0,34.55,217.03,4.6,No,No,Autumn,Rainy,233.27,0.0,,307.01,0.053,34,2021,6,10,3
4484,ORD104484,P-SPO-007,Sports,Skipping Rope,West,Mumbai,SUP-027,2.0,WH-WE-04,97.0,14.0,75.0,,9.7,858.64,13.9,Yes,No,Autumn,Sunny,797.51,1.0,3.0,487.96,0.088,13,2023,7,7,4
4485,ORD104485,P-GRO-002,Grocery,Instant Noodles Pack,South,Hyderabad,SUP-005,9.0,WH-SO-01,113.0,19.0,218.0,831.0,25.31,467.6,18.4,No,No,Summer,Cloudy,469.9,2.0,1.0,444.71,0.109,21,2024,4,9,1
4486,ORD104486,P-BEA-002,Beauty,Moisturizer Cream,East,Ranchi,SUP-029,8.0,WH-EA-04,223.0,,126.0,519.0,15.74,567.64,5.2,Yes,No,Autumn,Sunny,588.09,0.0,0.0,358.83,0.115,24,2021,11,5,4
4487,ORD104487,P-ELE-010,Electronics,Smartwatch,East,Ranchi,SUP-009,,WH-EA-02,110.0,6.0,40.0,193.0,6.12,10167.72,7.6,No,No,Summer,Cloudy,10278.05,2.0,24.0,456.08,0.102,5,2023,3,6,0
4488,ORD104488,P-GRO-015,Grocery,Tea Powder 500g,Central,Indore,SUP-023,5.0,WH-CE-03,574.0,78.0,378.0,1442.0,48.27,100.64,7.9,No,No,Winter,Rainy,98.6,0.0,0.0,257.79,0.196,47,2021,1,10,6
4489,ORD104489,P-CLO-013,Clothing,Woolen Sweater,Central,Jabalpur,SUP-010,10.0,WH-CE-05,157.0,25.0,187.0,964.0,31.77,1052.02,16.3,No,No,Autumn,Sunny,1010.53,2.0,0.0,,0.058,32,2021,11,5,4
4490,ORD104490,P-CLO-012,Clothing,Track Pants,South,Chennai,SUP-003,6.0,WH-SO-05,323.0,22.0,164.0,739.0,27.74,710.77,20.8,No,No,Summer,Cloudy,687.64,1.0,1.0,366.22,0.077,18,2021,4,14,2
4491,ORD104491,P-BEA-005,Beauty,Body Lotion 400ml,Central,Raipur,SUP-026,18.0,WH-CE-02,112.0,16.0,76.0,433.0,12.16,449.83,16.1,No,Yes,Winter,Rainy,425.53,0.0,1.0,637.62,0.045,21,2024,1,30,1
4492,ORD104492,P-SPO-011,Sports,Skipping Rope,West,Pune,SUP-019,4.0,WH-WE-02,353.0,33.0,194.0,808.0,30.93,3169.56,,No,Yes,Winter,Sunny,3254.0,0.0,0.0,309.3,0.022,41,2024,12,25,2
4493,ORD104493,P-ELE-002,Electronics,LED TV 43in,East,Bhubaneswar,SUP-026,8.0,WH-EA-01,129.0,7.0,50.0,222.0,6.55,11912.26,20.6,No,No,Spring,Cloudy,13657.41,0.0,1.0,,0.103,12,2021,2,25,3
4494,ORD104494,P-GRO-003,Grocery,Toor Dal 1kg,North,Chandigarh,SUP-020,10.0,WH-NO-05,655.0,23.0,215.0,663.0,27.38,233.06,3.5,Yes,No,Autumn,Rainy,239.76,0.0,,362.7,0.087,31,2023,10,23,0
4495,ORD104495,P-GRO-003,Grocery,Toor Dal 1kg,North,,SUP-015,9.0,WH-NO-02,1029.0,67.0,408.0,1815.0,62.21,136.83,28.1,No,No,Summer,Sunny,143.35,0.0,4.0,465.16,0.036,81,2023,5,17,2
4496,ORD104496,P-CLO-003,Clothing,Formal Shirt,North,,SUP-001,5.0,WH-NO-05,222.0,4.0,163.0,586.0,18.82,268.12,21.0,Yes,No,Autumn,Sunny,291.33,0.0,,383.76,0.111,22,2023,10,23,0
4497,ORD104497,P-CLO-006,Clothing,Woolen Sweater,North,Chandigarh,SUP-012,12.0,WH-NO-05,235.0,18.0,111.0,476.0,17.11,441.09,24.1,No,No,Winter,,425.17,0.0,0.0,500.65,0.033,21,2023,1,4,2
4498,ORD104498,P-BEA-001,Beauty,Talcum Powder,Central,Gwalior,SUP-036,4.0,WH-CE-03,419.0,12.0,155.0,480.0,18.82,937.23,9.5,No,No,Winter,Sunny,801.94,0.0,1.0,236.23,0.086,15,2024,12,19,3
4499,ORD104499,P-BEA-013,Beauty,Talcum Powder,North,Chandigarh,SUP-031,6.0,WH-NO-04,468.0,31.0,141.0,587.0,21.32,685.95,7.3,No,No,Spring,Cloudy,686.11,0.0,0.0,287.69,0.131,25,2021,2,27,5
4500,ORD104500,P-ELE-011,Electronics,Smartwatch,West,Ahmedabad,SUP-019,10.0,WH-WE-03,257.0,15.0,83.0,345.0,11.8,2050.42,32.8,Yes,No,Autumn,Cloudy,2190.66,,2.0,501.22,0.089,26,2021,8,6,4
4501,ORD104501,P-CLO-010,Clothing,Women's Kurti,East,Kolkata,SUP-002,8.0,WH-EA-03,461.0,24.0,139.0,599.0,19.65,783.88,30.8,Yes,No,Winter,Sunny,909.95,0.0,5.0,489.02,0.068,42,2021,12,31,4
4502,ORD104502,P-FUR-003,Furniture,Office Chair,East,Ranchi,SUP-040,3.0,WH-EA-02,81.0,6.0,30.0,113.0,3.83,6985.55,13.4,No,No,Spring,Cloudy,6437.76,,1.0,276.62,0.051,4,2024,2,18,6
4503,ORD104503,P-CLO-014,Clothing,Denim Jeans,North,Delhi,SUP-030,17.0,WH-NO-05,141.0,22.0,83.0,371.0,12.21,1075.68,3.2,No,No,Summer,Sunny,1170.32,,1.0,,0.097,16,2021,4,23,4
4504,ORD104504,P-ELE-001,Electronics,Laptop Stand,East,Ranchi,SUP-001,3.0,WH-EA-01,98.0,6.0,33.0,193.0,6.22,6103.85,,No,No,Summer,Rainy,6231.31,0.0,1.0,294.69,0.255,6,2021,6,30,2
4505,ORD104505,P-GRO-015,Grocery,Wheat Flour 5kg,East,Guwahati,SUP-009,2.0,WH-EA-04,512.0,39.0,301.0,1235.0,38.58,170.9,10.7,No,No,Winter,Sunny,165.58,0.0,0.0,218.03,0.066,68,2023,12,7,3
4506,ORD104506,P-GRO-011,Grocery,Sugar 1kg,East,Ranchi,SUP-007,14.0,WH-EA-05,434.0,35.0,202.0,827.0,28.89,360.47,14.3,Yes,No,Autumn,Cloudy,330.31,0.0,4.0,599.85,0.084,28,2022,9,4,6
4507,ORD104507,P-ELE-004,Electronics,Home Router,North,Delhi,SUP-037,9.0,WH-NO-05,144.0,11.0,85.0,297.0,9.59,5578.21,9.1,Yes,No,Autumn,Sunny,5317.64,0.0,0.0,382.13,0.155,17,2023,10,29,6
4508,ORD104508,P-BEA-003,Beauty,Moisturizer Cream,West,Pune,SUP-039,7.0,WH-WE-04,602.0,8.0,157.0,738.0,27.89,1128.36,1.9,No,No,Autumn,Rainy,1180.11,0.0,3.0,,0.097,24,2022,6,20,0
4509,ORD104509,P-GRO-011,Grocery,Masala Mix 200g,North,Delhi,SUP-017,9.0,WH-NO-04,1088.0,47.0,349.0,1294.0,51.42,238.12,31.9,No,No,Summer,,261.41,0.0,6.0,707.75,0.094,53,2021,5,11,1
4510,ORD104510,P-CLO-013,Clothing,Kids Winter Jacket,East,Bhubaneswar,SUP-008,10.0,WH-EA-05,227.0,13.0,97.0,523.0,18.28,594.94,9.4,Yes,No,Summer,Stormy,465.28,0.0,3.0,487.13,0.095,15,2023,5,23,1
4511,ORD104511,P-CLO-007,Clothing,Track Pants,South,Kochi,SUP-026,8.0,WH-SO-05,366.0,29.0,184.0,1018.0,25.89,1476.21,21.3,No,No,Summer,Sunny,1536.73,0.0,2.0,462.04,0.139,37,2021,6,9,2
4512,ORD104512,P-SPO-001,Sports,Cricket Bat,South,Coimbatore,SUP-011,7.0,WH-SO-02,219.0,16.0,102.0,431.0,14.37,3033.16,,Yes,No,Winter,Rainy,2893.99,0.0,0.0,376.15,0.067,20,2022,12,1,3
4513,ORD104513,P-ELE-008,Electronics,LED TV 43in,West,Surat,SUP-005,11.0,WH-WE-04,279.0,15.0,129.0,497.0,15.27,14737.74,3.5,Yes,No,Autumn,Sunny,14171.58,0.0,1.0,345.13,0.143,21,2024,7,10,2
4514,ORD104514,P-ELE-008,Electronics,Home Router,North,Kanpur,SUP-011,6.0,WH-NO-03,128.0,6.0,62.0,277.0,8.25,7510.0,5.1,No,No,Autumn,Sunny,7760.24,0.0,0.0,177.32,0.091,6,2021,9,25,5
4515,ORD104515,P-GRO-005,Grocery,Masala Mix 200g,Central,Bhopal,SUP-011,20.0,WH-CE-02,539.0,22.0,172.0,771.0,26.53,76.81,7.7,No,No,Autumn,Cloudy,88.61,0.0,2.0,643.49,0.007,28,2021,10,21,3
4516,ORD104516,P-CLO-014,Clothing,Kids Winter Jacket,West,Surat,SUP-003,13.0,WH-WE-05,326.0,49.0,226.0,1097.0,31.84,687.39,13.2,Yes,No,Autumn,Sunny,647.91,0.0,0.0,459.89,0.051,48,2024,10,17,3
4517,ORD104517,P-GRO-006,Grocery,Basmati Rice 5kg,South,Chennai,SUP-029,5.0,WH-SO-01,574.0,9.0,278.0,1088.0,34.57,524.87,20.6,No,No,Summer,Rainy,520.85,0.0,0.0,230.15,0.036,31,2022,3,20,6
4518,ORD104518,P-BEA-004,Beauty,Face Wash 100ml,South,Coimbatore,SUP-015,9.0,WH-SO-01,462.0,37.0,100.0,644.0,19.36,109.62,30.6,Yes,No,Summer,Sunny,95.8,0.0,2.0,,0.019,27,2022,6,29,2
4519,ORD104519,P-GRO-011,Grocery,Toor Dal 1kg,North,Jaipur,SUP-023,7.0,WH-NO-01,340.0,48.0,231.0,935.0,30.57,421.47,15.1,Yes,No,Autumn,Rainy,436.26,0.0,1.0,295.12,0.019,39,2023,9,27,2
4520,ORD104520,P-ELE-010,Electronics,Home Router,Central,Gwalior,SUP-023,14.0,WH-CE-02,39.0,6.0,41.0,203.0,6.61,1505.03,23.9,No,No,Autumn,Cloudy,1421.95,0.0,2.0,463.7,0.143,7,2021,7,7,2
4521,ORD104521,P-GRO-010,Grocery,Toor Dal 1kg,East,Bhubaneswar,SUP-031,13.0,WH-EA-03,,37.0,,1061.0,30.95,575.37,7.8,Yes,No,Summer,Cloudy,647.92,0.0,1.0,432.32,0.028,42,2021,3,30,1
4522,ORD104522,P-BEA-008,Beauty,Talcum Powder,North,Jaipur,SUP-031,13.0,WH-NO-05,524.0,26.0,189.0,768.0,26.92,946.29,15.1,No,No,Summer,Cloudy,973.57,0.0,0.0,327.37,0.04,41,2024,5,17,4
4523,ORD104523,P-BEA-005,Beauty,Sunscreen Lotion,East,Bhubaneswar,SUP-023,,WH-EA-05,378.0,25.0,143.0,819.0,26.42,273.07,10.5,Yes,No,Autumn,Cloudy,266.88,0.0,5.0,480.14,0.044,31,2024,10,16,2
4524,ORD104524,P-BEA-004,Beauty,Herbal Shampoo 200ml,North,Jaipur,SUP-034,8.0,WH-NO-05,191.0,23.0,145.0,811.0,26.77,937.33,,No,No,Winter,Cloudy,916.61,0.0,2.0,427.27,0.132,23,2024,12,13,4
4525,ORD104525,P-CLO-002,Clothing,Kids Winter Jacket,East,Bhubaneswar,SUP-023,10.0,WH-EA-04,217.0,16.0,158.0,625.0,20.54,2397.99,3.1,Yes,No,Spring,Cloudy,2467.96,0.0,0.0,421.02,0.035,30,2021,2,3,2
4526,ORD104526,P-BEA-003,Beauty,Moisturizer Cream,East,Patna,SUP-002,11.0,WH-EA-03,598.0,34.0,183.0,897.0,27.93,1057.25,6.1,Yes,No,Winter,Cloudy,1115.7,0.0,2.0,,,58,2023,2,14,1
4527,ORD104527,P-FUR-009,Furniture,Office Chair,North,Lucknow,SUP-035,8.0,WH-NO-04,85.0,3.0,30.0,136.0,4.38,19990.07,18.1,No,No,Summer,Rainy,18120.86,0.0,1.0,344.13,0.081,2,2024,5,25,5
4528,ORD104528,P-GRO-007,Grocery,Sugar 1kg,West,Pune,SUP-031,,WH-WE-02,339.0,34.0,240.0,988.0,33.12,490.25,11.0,No,No,Summer,Sunny,484.42,0.0,1.0,269.38,0.151,29,2024,5,19,6
4529,ORD104529,P-CLO-012,Clothing,Women's Kurti,South,Coimbatore,SUP-017,4.0,WH-SO-04,150.0,17.0,111.0,684.0,19.49,1520.8,10.7,Yes,No,Autumn,Sunny,1520.48,0.0,0.0,256.93,0.069,32,2022,6,12,6
4530,ORD104530,P-BEA-013,Beauty,Talcum Powder,East,Ranchi,SUP-016,9.0,WH-EA-01,101.0,21.0,83.0,415.0,13.31,962.47,16.4,No,No,Winter,Cloudy,978.77,0.0,1.0,325.43,,17,2022,12,18,6
4531,ORD104531,P-GRO-009,Grocery,Instant Noodles Pack,East,Kolkata,SUP-036,,WH-EA-05,386.0,45.0,205.0,950.0,33.76,357.66,9.0,No,No,Summer,Cloudy,395.02,0.0,,319.89,0.218,43,2021,8,8,6
4532,ORD104532,P-FUR-002,Furniture,Dining Chair,Central,Bhopal,SUP-018,5.0,WH-CE-05,41.0,3.0,19.0,127.0,4.22,8625.92,8.9,No,No,Summer,Rainy,7642.2,0.0,1.0,264.23,0.044,3,2021,7,23,4
4533,ORD104533,P-CLO-001,Clothing,Men's Cotton T-Shirt,East,,SUP-015,4.0,WH-EA-04,357.0,35.0,174.0,769.0,25.58,2042.4,6.5,No,No,Summer,Stormy,2198.59,0.0,,278.21,0.136,33,2022,7,6,2
4534,ORD104534,P-CLO-004,Clothing,Woolen Sweater,Central,Gwalior,SUP-030,6.0,WH-CE-01,151.0,26.0,158.0,658.0,23.17,1199.1,0.1,No,No,Winter,Rainy,1234.06,,1.0,355.77,0.149,20,2021,12,3,4
4535,ORD104535,P-ELE-005,Electronics,Bluetooth Speaker,South,Bengaluru,SUP-014,7.0,WH-SO-02,120.0,12.0,67.0,258.0,8.99,4482.25,5.6,No,No,Autumn,Cloudy,4303.75,0.0,0.0,295.87,0.026,9,2024,11,22,4
4536,ORD104536,P-FUR-002,Furniture,Sofa Cushion Set,West,Pune,SUP-017,12.0,WH-WE-04,116.0,10.0,57.0,229.0,7.71,6354.55,12.8,No,No,Summer,,,0.0,1.0,490.21,0.072,9,2021,4,28,2
4537,ORD104537,P-SPO-012,Sports,Football,North,Delhi,SUP-032,,WH-NO-03,52.0,8.0,72.0,439.0,13.92,3086.04,1.1,No,No,Winter,Sunny,2991.45,0.0,2.0,536.68,0.042,11,2023,2,12,6
4538,ORD104538,P-ELE-006,Electronics,Power Bank 10000mAh,West,Mumbai,SUP-009,12.0,WH-WE-03,129.0,13.0,57.0,290.0,10.87,12785.99,32.2,Yes,No,Summer,Sunny,10932.17,0.0,1.0,368.76,0.095,12,2023,3,25,5
4539,ORD104539,P-GRO-012,Grocery,Wheat Flour 5kg,North,Delhi,SUP-001,8.0,WH-NO-03,483.0,22.0,,720.0,22.69,303.21,7.7,No,No,Spring,Rainy,219.92,0.0,1.0,453.74,0.02,16,2021,3,28,6
4540,ORD104540,P-ELE-004,Electronics,Laptop Stand,Central,Gwalior,SUP-014,3.0,WH-CE-05,77.0,13.0,59.0,239.0,8.14,13461.38,6.1,No,Yes,Autumn,Rainy,12151.41,0.0,0.0,115.11,0.038,12,2022,10,6,3
4541,ORD104541,P-ELE-001,Electronics,LED TV 43in,Central,Jabalpur,SUP-007,4.0,WH-CE-01,187.0,6.0,50.0,209.0,7.8,13968.47,14.2,Yes,No,Autumn,Sunny,13360.36,0.0,0.0,316.12,0.063,10,2024,10,7,0
4542,ORD104542,P-SPO-003,Sports,Cycling Helmet,South,Hyderabad,SUP-015,5.0,WH-SO-03,63.0,16.0,84.0,429.0,13.59,2020.7,7.5,No,No,Autumn,,2048.46,0.0,0.0,289.92,0.128,11,2021,6,10,3
4543,ORD104543,P-CLO-008,Clothing,Cotton Saree,East,Kolkata,SUP-003,10.0,WH-EA-02,446.0,16.0,207.0,763.0,24.64,710.98,0.5,No,No,Autumn,Rainy,744.95,0.0,2.0,408.25,0.03,26,2021,7,29,3
4544,ORD104544,P-GRO-008,Grocery,Toor Dal 1kg,East,Ranchi,SUP-024,5.0,WH-EA-04,497.0,63.0,288.0,1204.0,37.92,570.64,13.0,No,No,Autumn,Sunny,558.86,0.0,0.0,254.66,,41,2021,8,30,0
4545,ORD104545,P-GRO-007,Grocery,Toor Dal 1kg,South,Chennai,SUP-021,11.0,WH-SO-02,919.0,55.0,365.0,1573.0,47.14,283.19,,No,No,Summer,Sunny,251.24,0.0,0.0,385.81,0.078,60,2021,3,21,6
4546,ORD104546,P-SPO-015,Sports,Cricket Bat,West,Mumbai,SUP-011,11.0,WH-WE-02,233.0,13.0,118.0,570.0,16.03,3693.6,3.3,Yes,No,Autumn,Rainy,3581.16,0.0,1.0,379.7,0.032,23,2024,7,16,1
4547,ORD104547,P-GRO-010,Grocery,Wheat Flour 5kg,West,Mumbai,SUP-026,8.0,WH-WE-01,379.0,76.0,310.0,1608.0,53.09,349.69,16.8,No,Yes,Summer,Sunny,343.58,0.0,1.0,401.55,0.08,86,2021,3,8,0
4548,ORD104548,P-BEA-011,Beauty,Body Lotion 400ml,East,Patna,SUP-006,9.0,WH-EA-05,615.0,,223.0,838.0,28.68,753.23,8.1,No,No,Winter,Sunny,857.93,0.0,2.0,287.53,0.126,33,2022,2,15,1
4549,ORD104549,P-GRO-002,Grocery,Instant Noodles Pack,North,Jaipur,SUP-001,5.0,WH-NO-02,1361.0,68.0,582.0,1792.0,60.35,233.55,5.5,No,No,Summer,Cloudy,243.95,0.0,,291.3,0.349,71,2024,4,22,0
4550,ORD104550,P-ELE-007,Electronics,Home Router,Central,Indore,SUP-020,5.0,WH-CE-05,103.0,5.0,44.0,168.0,5.8,2846.48,5.8,,Yes,Winter,Rainy,2469.27,0.0,0.0,299.52,0.197,5,2024,12,25,2
4551,ORD104551,P-FUR-010,Furniture,Study Table,North,Chandigarh,SUP-007,10.0,WH-NO-05,45.0,3.0,29.0,122.0,4.28,8581.76,3.5,Yes,No,Summer,Rainy,8365.47,0.0,2.0,428.04,0.051,5,2021,8,12,3
4552,ORD104552,P-ELE-009,Electronics,LED TV 43in,East,Patna,SUP-035,9.0,WH-EA-05,,5.0,41.0,231.0,7.67,10570.83,29.0,Yes,No,Summer,Cloudy,11159.83,0.0,1.0,311.3,0.088,9,2022,6,11,5
4553,ORD104553,P-FUR-015,Furniture,Dining Chair,North,Kanpur,SUP-013,,WH-NO-02,48.0,5.0,50.0,206.0,8.09,12337.63,8.1,No,No,Autumn,Rainy,12358.36,0.0,0.0,258.25,0.031,7,2021,9,19,6
4554,ORD104554,P-GRO-008,Grocery,Wheat Flour 5kg,North,Jaipur,SUP-018,13.0,WH-NO-04,,66.0,381.0,1603.0,49.23,204.35,21.4,Yes,No,Autumn,Cloudy,177.8,0.0,0.0,424.51,0.056,72,2021,10,9,5
4555,ORD104555,P-BEA-006,Beauty,Herbal Shampoo 200ml,North,Jaipur,SUP-012,4.0,WH-NO-05,176.0,28.0,159.0,645.0,20.73,234.98,19.9,No,No,Autumn,Cloudy,250.36,0.0,0.0,283.89,0.194,32,2024,10,11,4
4556,ORD104556,P-BEA-015,Beauty,Moisturizer Cream,South,Hyderabad,SUP-018,10.0,WH-SO-01,390.0,15.0,136.0,798.0,23.05,1156.43,27.6,No,No,Summer,Sunny,1190.06,0.0,1.0,373.35,0.104,24,2022,5,9,0
4557,ORD104557,P-BEA-006,Beauty,Talcum Powder,East,Bhubaneswar,SUP-004,9.0,WH-EA-01,,34.0,188.0,690.0,25.1,458.98,6.6,No,No,Summer,Sunny,453.22,0.0,2.0,452.4,0.217,31,2023,6,13,1
4558,ORD104558,P-ELE-009,Electronics,Power Bank 10000mAh,East,Ranchi,SUP-038,19.0,WH-EA-02,80.0,6.0,39.0,224.0,6.51,,2.2,No,,Summer,Cloudy,6092.99,0.0,4.0,620.56,0.067,4,2021,8,17,1
4559,ORD104559,P-FUR-001,Furniture,Study Table,West,Surat,SUP-007,6.0,WH-WE-05,127.0,6.0,56.0,234.0,7.1,10267.81,16.3,No,No,Winter,Sunny,11100.18,0.0,1.0,310.06,0.083,9,2022,2,21,0
4560,ORD104560,P-SPO-003,Sports,Skipping Rope,West,Nagpur,SUP-016,14.0,WH-WE-01,112.0,14.0,93.0,333.0,12.22,4260.44,0.2,Yes,No,Summer,Sunny,3642.17,3.0,1.0,503.4,0.039,11,2022,6,12,6
4561,ORD104561,P-GRO-001,Grocery,Tea Powder 500g,North,Delhi,SUP-034,11.0,WH-NO-04,531.0,42.0,350.0,1168.0,43.6,515.06,2.4,No,No,Summer,Sunny,451.02,1.0,4.0,465.14,0.044,33,2023,5,7,6
4562,ORD104562,P-GRO-007,Grocery,Instant Noodles Pack,North,Kanpur,SUP-018,8.0,WH-NO-05,591.0,21.0,307.0,1473.0,47.4,185.86,14.3,No,No,Autumn,Sunny,174.93,0.0,,326.32,0.13,55,2024,8,7,2
4563,ORD104563,P-BEA-014,Beauty,Sunscreen Lotion,East,Ranchi,SUP-029,4.0,WH-EA-05,179.0,10.0,90.0,370.0,11.62,131.05,7.6,Yes,No,Winter,Cloudy,134.22,,7.0,465.46,0.01,17,2021,12,22,2
4564,ORD104564,P-ELE-002,Electronics,Laptop Stand,East,Guwahati,SUP-003,5.0,WH-EA-03,188.0,7.0,84.0,384.0,11.85,11243.74,17.0,No,No,Summer,Sunny,10016.74,0.0,2.0,410.78,0.006,13,2023,8,1,1
4565,ORD104565,P-FUR-015,Furniture,Foldable Bed,East,Ranchi,SUP-012,4.0,WH-EA-03,106.0,4.0,62.0,235.0,8.34,2428.47,8.2,,,Winter,Sunny,2322.64,0.0,2.0,358.09,0.096,7,2022,12,24,5
4566,ORD104566,P-BEA-014,Beauty,Hair Oil 250ml,South,Hyderabad,SUP-031,9.0,WH-SO-04,58.0,12.0,108.0,569.0,15.28,102.07,7.4,No,No,Summer,Rainy,99.28,2.0,0.0,414.41,0.14,12,2024,3,7,3
4567,ORD104567,P-ELE-001,Electronics,Power Bank 10000mAh,West,Pune,SUP-011,9.0,WH-WE-04,127.0,9.0,56.0,243.0,9.12,12506.22,8.7,,No,Summer,Rainy,12849.57,0.0,1.0,461.31,0.169,10,2022,5,4,2
4568,ORD104568,P-CLO-001,Clothing,Kids Winter Jacket,North,Jaipur,SUP-017,4.0,WH-NO-04,186.0,8.0,102.0,464.0,13.83,1261.5,17.5,Yes,No,Autumn,Cloudy,1233.56,,0.0,265.92,0.131,14,2022,9,11,6
4569,ORD104569,P-CLO-014,Clothing,Men's Cotton T-Shirt,East,Guwahati,SUP-004,6.0,WH-EA-02,191.0,11.0,78.0,260.0,10.46,1177.72,15.0,Yes,No,Autumn,Sunny,1151.99,0.0,1.0,252.9,0.042,10,2023,6,29,3
4570,ORD104570,P-GRO-009,Grocery,Basmati Rice 5kg,North,,SUP-021,9.0,WH-NO-05,350.0,50.0,289.0,1372.0,49.51,129.23,20.6,Yes,,Autumn,Cloudy,121.93,0.0,1.0,347.72,0.097,53,2022,10,10,0
4571,ORD104571,P-SPO-003,Sports,Badminton Racket,East,Patna,SUP-014,8.0,WH-EA-03,494.0,24.0,148.0,639.0,19.54,2256.83,23.5,No,No,Winter,Cloudy,2453.45,0.0,0.0,285.81,0.119,28,2024,1,14,6
4572,ORD104572,P-ELE-015,Electronics,Bluetooth Speaker,South,Chennai,SUP-035,7.0,WH-SO-02,237.0,9.0,76.0,355.0,10.06,4509.82,3.2,Yes,No,Winter,Sunny,4747.85,1.0,2.0,502.76,0.005,15,2021,1,21,3
4573,ORD104573,P-GRO-009,Grocery,Instant Noodles Pack,West,Ahmedabad,SUP-016,3.0,WH-WE-04,1219.0,76.0,393.0,2088.0,62.46,450.42,10.7,Yes,No,Summer,Sunny,,0.0,1.0,311.66,0.036,67,2022,5,25,2
4574,ORD104574,P-BEA-010,Beauty,Face Wash 100ml,North,Delhi,SUP-034,7.0,WH-NO-04,231.0,27.0,157.0,637.0,21.53,912.49,6.0,No,No,Autumn,Sunny,855.69,0.0,0.0,350.1,0.169,26,2021,9,12,6
4575,ORD104575,P-ELE-011,Electronics,Home Router,East,Guwahati,SUP-037,16.0,WH-EA-01,85.0,3.0,35.0,147.0,5.51,7904.8,6.5,Yes,No,Autumn,Sunny,,0.0,1.0,575.46,,7,2021,7,30,4
4576,ORD104576,P-BEA-004,Beauty,Face Wash 100ml,North,Delhi,SUP-034,1.0,WH-NO-01,303.0,32.0,160.0,710.0,20.96,1016.32,16.6,No,No,Spring,Sunny,1055.05,0.0,1.0,293.81,0.137,30,2021,3,19,4
4577,ORD104577,P-ELE-006,Electronics,Bluetooth Speaker,West,Nagpur,SUP-030,3.0,WH-WE-01,202.0,14.0,63.0,307.0,10.4,5447.46,9.5,No,Yes,Autumn,Sunny,5191.43,0.0,1.0,304.36,0.065,18,2022,6,4,5
4578,ORD104578,P-CLO-002,Clothing,Formal Shirt,North,Jaipur,SUP-024,9.0,WH-NO-03,293.0,21.0,194.0,796.0,23.14,1653.23,4.0,No,No,Autumn,Cloudy,1530.69,0.0,3.0,516.51,0.156,16,2021,11,14,6
4579,ORD104579,P-ELE-008,Electronics,Smartwatch,North,Lucknow,SUP-020,5.0,WH-NO-05,168.0,9.0,106.0,425.0,12.68,7274.04,12.9,No,No,Winter,Cloudy,7442.04,0.0,2.0,242.52,0.07,17,2024,1,13,5
4580,ORD104580,P-FUR-015,Furniture,Study Table,West,Pune,SUP-004,4.0,WH-WE-02,100.0,6.0,,157.0,4.96,8086.13,33.0,No,No,Winter,Cloudy,7240.07,0.0,1.0,231.16,0.067,5,2023,1,4,2
4581,ORD104581,P-BEA-010,Beauty,Body Lotion 400ml,North,Jaipur,SUP-006,16.0,WH-NO-01,239.0,15.0,171.0,524.0,18.94,983.34,27.0,No,,Winter,Stormy,966.87,0.0,1.0,,0.037,24,2024,2,24,5
4582,ORD104582,P-BEA-011,Beauty,Herbal Shampoo 200ml,North,Delhi,SUP-016,5.0,WH-NO-05,623.0,21.0,269.0,881.0,31.65,714.94,0.3,No,No,Autumn,Sunny,765.97,0.0,1.0,376.47,0.087,47,2024,7,17,2
4583,ORD104583,P-SPO-003,Sports,Skipping Rope,West,Surat,SUP-027,11.0,WH-WE-04,260.0,13.0,116.0,464.0,14.54,2335.35,26.1,No,No,Winter,Rainy,2362.49,0.0,2.0,449.99,0.149,17,2024,2,22,3
4584,ORD104584,P-FUR-009,Furniture,Foldable Bed,West,Ahmedabad,SUP-001,7.0,WH-WE-03,120.0,10.0,66.0,235.0,7.68,10598.67,36.2,No,No,Autumn,Sunny,9710.83,0.0,1.0,354.81,0.041,16,2022,9,7,2
4585,ORD104585,P-BEA-015,Beauty,Talcum Powder,West,Pune,SUP-038,11.0,WH-WE-01,253.0,33.0,156.0,810.0,22.65,795.07,4.8,No,No,Autumn,,825.13,0.0,1.0,296.91,0.238,31,2024,11,24,6
4586,ORD104586,P-CLO-002,Clothing,Woolen Sweater,South,Kochi,SUP-040,8.0,WH-SO-04,355.0,29.0,119.0,590.0,18.48,2298.9,17.9,No,No,Autumn,Cloudy,2188.37,0.0,1.0,431.88,0.1,20,2022,7,17,6
4587,ORD104587,P-SPO-004,Sports,Skipping Rope,East,Guwahati,SUP-004,6.0,WH-EA-02,256.0,14.0,118.0,464.0,14.65,4522.7,3.1,No,No,Summer,Cloudy,4828.67,3.0,1.0,434.23,,14,2024,4,20,5
4588,ORD104588,P-FUR-011,Furniture,Plastic Storage Rack,West,Mumbai,SUP-004,7.0,WH-WE-02,166.0,7.0,53.0,270.0,7.77,13770.93,11.9,No,No,Autumn,Cloudy,14331.84,0.0,1.0,265.0,0.074,8,2021,9,10,4
4589,ORD104589,P-SPO-001,Sports,Badminton Racket,North,Jaipur,SUP-034,,WH-NO-02,222.0,19.0,156.0,554.0,19.63,3144.29,,No,No,Autumn,Cloudy,3056.97,0.0,3.0,252.93,0.049,20,2024,11,16,5
4590,ORD104590,P-GRO-004,Grocery,Sugar 1kg,West,Ahmedabad,SUP-008,3.0,WH-WE-01,354.0,32.0,248.0,1272.0,40.11,512.64,10.4,No,No,Summer,Cloudy,481.89,0.0,0.0,294.53,0.182,38,2022,3,20,6
4591,ORD104591,P-CLO-015,Clothing,Cotton Saree,North,Jaipur,SUP-008,4.0,WH-NO-03,103.0,22.0,173.0,757.0,27.43,783.76,36.7,No,No,Summer,Sunny,730.51,0.0,0.0,,0.073,19,2023,7,5,2
4592,ORD104592,P-BEA-001,Beauty,Body Lotion 400ml,Central,Raipur,SUP-008,3.0,WH-CE-04,345.0,20.0,,755.0,22.99,1097.49,6.7,No,No,Autumn,Sunny,1324.86,0.0,2.0,123.22,0.094,35,2022,6,2,3
4593,ORD104593,P-GRO-007,Grocery,Toor Dal 1kg,East,Ranchi,SUP-029,12.0,WH-EA-05,793.0,63.0,234.0,1399.0,40.09,560.25,4.5,No,No,Winter,Rainy,457.55,0.0,1.0,451.39,0.023,46,2021,12,2,3
4594,ORD104594,P-GRO-005,Grocery,Toor Dal 1kg,East,Ranchi,SUP-006,6.0,WH-EA-04,463.0,20.0,197.0,821.0,26.72,416.86,19.6,No,No,Summer,Cloudy,358.16,0.0,0.0,273.71,0.047,31,2022,4,27,2
4595,ORD104595,P-SPO-006,Sports,Cricket Bat,East,Kolkata,SUP-008,19.0,WH-EA-05,255.0,15.0,77.0,352.0,14.01,2695.5,13.5,No,No,Autumn,Sunny,2933.24,0.0,,490.27,0.032,14,2023,6,8,3
4596,ORD104596,P-CLO-004,Clothing,Women's Kurti,North,Chandigarh,SUP-016,14.0,WH-NO-05,,23.0,116.0,648.0,19.51,467.23,7.1,No,No,Autumn,Stormy,500.37,1.0,0.0,320.5,0.082,25,2021,6,13,6
4597,ORD104597,P-ELE-005,Electronics,Power Bank 10000mAh,South,Chennai,SUP-025,7.0,WH-SO-02,375.0,25.0,95.0,535.0,15.41,4926.74,13.1,Yes,No,Autumn,Stormy,5068.76,0.0,0.0,322.24,0.055,22,2021,10,17,6
4598,ORD104598,P-GRO-012,Grocery,Masala Mix 200g,West,Ahmedabad,SUP-040,8.0,WH-WE-03,150.0,48.0,291.0,1236.0,44.26,241.61,9.6,No,No,Autumn,Cloudy,203.11,0.0,1.0,322.69,0.071,41,2024,9,5,3
4599,ORD104599,P-GRO-001,Grocery,Tea Powder 500g,East,Kolkata,SUP-010,12.0,WH-EA-02,164.0,29.0,224.0,890.0,31.61,330.87,15.1,No,,Summer,Cloudy,345.13,1.0,1.0,402.31,0.178,23,2021,5,5,2
4600,ORD104600,P-FUR-002,Furniture,Wooden Bookshelf,East,Bhubaneswar,SUP-011,8.0,WH-EA-04,131.0,5.0,62.0,225.0,6.81,19131.43,2.3,No,,Autumn,Sunny,17632.05,0.0,1.0,483.0,0.062,10,2023,11,22,2
4601,ORD104601,P-SPO-004,Sports,Cricket Bat,North,Delhi,SUP-022,18.0,WH-NO-05,125.0,10.0,106.0,370.0,13.51,3764.58,29.9,No,No,Summer,Cloudy,3734.82,0.0,2.0,660.04,0.133,14,2022,3,17,3
4602,ORD104602,P-SPO-013,Sports,Cricket Bat,West,Surat,SUP-017,6.0,WH-WE-05,80.0,12.0,,314.0,11.71,1757.67,12.2,No,No,Summer,,1814.88,0.0,1.0,394.46,0.053,12,2022,4,12,1
4603,ORD104603,P-FUR-006,Furniture,Sofa Cushion Set,South,Hyderabad,SUP-025,6.0,WH-SO-01,47.0,4.0,29.0,113.0,4.13,19184.22,5.6,No,No,Autumn,Sunny,19961.7,0.0,3.0,,0.074,3,2022,6,15,2
4604,ORD104604,P-FUR-001,Furniture,Sofa Cushion Set,North,Kanpur,SUP-010,7.0,WH-NO-03,18.0,4.0,,127.0,4.41,11009.62,31.2,No,No,Summer,Sunny,10436.51,0.0,0.0,270.78,0.056,3,2022,7,14,3
4605,ORD104605,P-GRO-008,Grocery,Wheat Flour 5kg,Central,Jabalpur,SUP-025,5.0,WH-CE-01,334.0,24.0,164.0,672.0,20.73,152.45,4.5,No,No,Autumn,Rainy,168.12,0.0,0.0,268.49,0.037,18,2023,11,2,3
4606,ORD104606,P-BEA-010,Beauty,Herbal Shampoo 200ml,East,Guwahati,SUP-038,2.0,WH-EA-02,252.0,16.0,147.0,593.0,19.34,829.99,4.2,No,No,Spring,Sunny,883.97,0.0,1.0,336.04,0.126,22,2024,3,21,3
4607,ORD104607,P-GRO-007,Grocery,Basmati Rice 5kg,East,Bhubaneswar,SUP-028,8.0,WH-EA-03,310.0,46.0,264.0,1354.0,41.0,166.66,21.1,Yes,No,,Stormy,153.86,0.0,2.0,324.04,0.063,43,2022,6,15,2
4608,ORD104608,P-ELE-002,Electronics,Laptop Stand,Central,,SUP-030,9.0,WH-CE-04,135.0,9.0,48.0,207.0,6.49,5622.83,3.4,No,No,Autumn,,5407.02,0.0,1.0,332.34,0.211,7,2021,9,8,2
4609,ORD104609,P-SPO-014,Sports,Gym Dumbbells 5kg,South,Coimbatore,SUP-003,8.0,WH-SO-04,548.0,13.0,214.0,979.0,28.59,453.96,2.7,,No,Winter,Sunny,426.41,0.0,3.0,451.04,0.12,27,2021,1,5,1
4610,ORD104610,P-SPO-013,Sports,Yoga Mat,Central,Bhopal,SUP-037,9.0,WH-CE-05,146.0,8.0,56.0,262.0,7.87,3599.03,21.5,No,No,Autumn,Stormy,3581.0,2.0,3.0,437.08,0.02,9,2023,11,25,5
4611,ORD104611,P-GRO-014,Grocery,Sugar 1kg,West,Pune,SUP-029,6.0,WH-WE-02,1190.0,72.0,375.0,1357.0,50.55,542.94,7.5,Yes,No,Autumn,Sunny,570.27,0.0,1.0,279.49,0.072,80,2024,9,1,6
4612,ORD104612,P-FUR-015,Furniture,Dining Chair,East,Ranchi,SUP-026,10.0,WH-EA-03,63.0,6.0,44.0,168.0,5.77,12028.18,6.0,Yes,No,Winter,Cloudy,10247.33,0.0,1.0,403.05,0.127,7,2021,2,20,5
4613,ORD104613,P-CLO-005,Clothing,Kids Winter Jacket,North,Lucknow,SUP-007,6.0,WH-NO-01,172.0,14.0,165.0,607.0,17.85,1859.42,2.6,No,No,Summer,Sunny,1564.27,0.0,,255.3,0.103,16,2023,5,12,4
4614,ORD104614,P-GRO-007,Grocery,Wheat Flour 5kg,North,Delhi,SUP-023,8.0,WH-NO-01,758.0,46.0,321.0,1221.0,38.88,516.86,4.0,Yes,No,Autumn,Cloudy,482.46,0.0,5.0,509.15,0.03,67,2021,11,15,0
4615,ORD104615,P-GRO-015,Grocery,Basmati Rice 5kg,South,Kochi,SUP-028,8.0,WH-SO-05,482.0,54.0,384.0,1835.0,64.18,203.44,2.6,No,No,Autumn,Sunny,225.46,0.0,1.0,269.22,0.094,56,2021,11,4,3
4616,ORD104616,P-ELE-007,Electronics,Power Bank 10000mAh,North,Kanpur,SUP-025,8.0,WH-NO-05,273.0,15.0,84.0,335.0,11.53,4666.31,19.9,No,No,Summer,Rainy,4754.99,0.0,1.0,404.33,0.121,17,2024,4,25,3
4617,ORD104617,P-CLO-013,Clothing,Kids Winter Jacket,North,Jaipur,SUP-005,,WH-NO-05,228.0,31.0,254.0,900.0,27.46,250.88,8.6,No,,Winter,Stormy,282.53,0.0,3.0,453.32,0.07,34,2022,1,4,1
4618,ORD104618,P-CLO-010,Clothing,Denim Jeans,East,Guwahati,SUP-002,7.0,WH-EA-02,85.0,20.0,95.0,373.0,12.82,2037.86,16.7,No,No,Spring,Sunny,2012.47,,0.0,202.69,0.077,14,2022,3,20,6
4619,ORD104619,P-CLO-014,Clothing,Men's Cotton T-Shirt,West,Pune,SUP-020,2.0,WH-WE-04,307.0,24.0,220.0,826.0,24.6,1887.75,8.7,No,No,Summer,Sunny,1760.59,0.0,3.0,301.74,0.034,28,2021,7,1,3
4620,ORD104620,P-GRO-001,Grocery,Instant Noodles Pack,North,Lucknow,SUP-029,15.0,WH-NO-02,170.0,54.0,462.0,1398.0,47.33,259.23,10.5,No,No,Summer,Cloudy,224.46,0.0,1.0,370.66,0.151,46,2024,8,13,1
4621,ORD104621,P-SPO-011,Sports,Cycling Helmet,West,Nagpur,SUP-016,9.0,WH-WE-04,323.0,16.0,108.0,623.0,17.99,3336.51,24.6,No,No,Summer,Stormy,3115.19,0.0,0.0,316.54,0.033,13,2024,8,17,5
4622,ORD104622,P-FUR-013,Furniture,Plastic Storage Rack,Central,Jabalpur,SUP-028,7.0,WH-CE-03,66.0,,23.0,111.0,3.3,40049.0,7.2,No,No,Autumn,,13698.51,0.0,0.0,272.99,0.202,9,2024,8,27,1
4623,ORD104623,P-SPO-003,Sports,Yoga Mat,West,Ahmedabad,SUP-039,7.0,WH-WE-05,188.0,13.0,122.0,491.0,17.28,2314.14,21.2,No,No,Winter,Stormy,1865.16,1.0,0.0,328.36,0.158,16,2021,12,3,4
4624,ORD104624,P-ELE-012,Electronics,Smartwatch,West,Pune,SUP-036,18.0,WH-WE-02,145.0,19.0,77.0,446.0,13.74,5037.88,10.7,Yes,Yes,Autumn,Rainy,4698.9,0.0,1.0,485.09,0.071,22,2021,10,2,5
4625,ORD104625,P-FUR-003,Furniture,Dining Chair,West,Mumbai,SUP-026,7.0,WH-WE-04,153.0,9.0,71.0,218.0,8.37,16953.55,29.2,,No,Autumn,Cloudy,,0.0,0.0,327.01,0.113,10,2024,10,6,6
4626,ORD104626,P-BEA-014,Beauty,Sunscreen Lotion,North,Delhi,SUP-030,14.0,WH-NO-04,329.0,,175.0,720.0,23.79,486.31,4.3,Yes,No,Autumn,Sunny,487.16,0.0,4.0,555.91,0.207,27,2023,6,15,3
4627,ORD104627,P-GRO-014,Grocery,Basmati Rice 5kg,South,Hyderabad,SUP-004,11.0,WH-SO-04,438.0,42.0,175.0,997.0,33.18,577.34,12.7,Yes,No,Winter,Cloudy,575.39,0.0,4.0,667.94,0.071,67,2022,1,22,5
4628,ORD104628,P-ELE-001,Electronics,Smartphone Charger,Central,Raipur,SUP-004,12.0,WH-CE-01,78.0,8.0,39.0,134.0,5.36,9007.1,5.6,No,No,Spring,Cloudy,9237.7,0.0,1.0,341.02,0.025,6,2021,3,10,2
4629,ORD104629,P-GRO-008,Grocery,Basmati Rice 5kg,West,Surat,SUP-029,5.0,WH-WE-03,972.0,74.0,272.0,1091.0,44.08,265.59,18.5,No,No,Spring,Cloudy,231.11,0.0,1.0,218.85,0.116,55,2024,3,13,2
4630,ORD104630,P-GRO-006,Grocery,Toor Dal 1kg,West,Nagpur,SUP-033,11.0,WH-WE-03,193.0,,394.0,1901.0,56.51,230.09,27.9,No,No,Summer,Sunny,209.2,0.0,2.0,444.35,0.061,58,2024,3,18,0
4631,ORD104631,P-CLO-014,Clothing,Formal Shirt,Central,Indore,SUP-008,5.0,WH-CE-02,250.0,19.0,70.0,480.0,16.06,2108.06,37.0,No,No,Winter,Cloudy,2264.21,0.0,0.0,203.39,0.226,25,2021,1,16,5
4632,ORD104632,P-GRO-005,Grocery,Tea Powder 500g,North,Delhi,SUP-024,5.0,WH-NO-05,599.0,56.0,296.0,1326.0,43.49,160.34,23.3,Yes,No,Autumn,Rainy,157.02,0.0,0.0,261.27,0.144,58,2022,11,30,2
4633,ORD104633,P-GRO-011,Grocery,Instant Noodles Pack,South,Kochi,SUP-012,6.0,WH-SO-05,239.0,26.0,209.0,773.0,26.53,274.21,10.2,No,No,Winter,Cloudy,292.79,1.0,3.0,479.96,0.049,26,2022,12,8,3
4634,ORD104634,P-FUR-002,Furniture,Study Table,East,Guwahati,SUP-005,15.0,WH-EA-01,27.0,2.0,19.0,98.0,2.91,15286.7,20.0,Yes,No,Autumn,Cloudy,15114.01,0.0,1.0,484.61,0.05,3,2022,11,10,3
4635,ORD104635,P-ELE-004,Electronics,Home Router,North,Chandigarh,SUP-016,4.0,WH-NO-04,,13.0,51.0,253.0,9.93,9324.03,20.4,No,No,Summer,Sunny,9463.65,0.0,0.0,303.74,0.212,11,2022,6,24,4
4636,ORD104636,P-GRO-015,Grocery,Wheat Flour 5kg,East,Kolkata,SUP-018,13.0,WH-EA-05,126.0,27.0,257.0,1207.0,37.09,249.99,17.7,No,,Summer,Sunny,260.56,0.0,1.0,397.16,0.022,28,2022,4,25,0
4637,ORD104637,P-FUR-006,Furniture,Foldable Bed,West,Ahmedabad,SUP-032,3.0,WH-WE-02,94.0,8.0,49.0,259.0,7.22,14829.47,6.9,No,No,Summer,Sunny,14169.28,1.0,1.0,242.33,0.086,7,2022,5,4,2
4638,ORD104638,P-ELE-012,Electronics,Smartphone Charger,East,Guwahati,SUP-035,9.0,WH-EA-04,135.0,5.0,51.0,,5.87,13874.46,32.5,No,Yes,Autumn,Sunny,13133.99,0.0,0.0,385.51,0.108,4,2024,9,6,4
4639,ORD104639,P-GRO-015,Grocery,Wheat Flour 5kg,South,Kochi,SUP-038,,WH-SO-04,1262.0,65.0,475.0,1726.0,63.69,454.14,6.4,Yes,No,Winter,Cloudy,429.44,0.0,1.0,204.4,0.084,105,2024,12,20,4
4640,ORD104640,P-GRO-015,Grocery,Instant Noodles Pack,West,Ahmedabad,SUP-005,13.0,WH-WE-01,332.0,20.0,248.0,1145.0,36.74,240.84,6.1,No,No,,Rainy,239.34,0.0,0.0,,0.018,40,2021,6,13,6
4641,ORD104641,P-ELE-001,Electronics,Wireless Earbuds,North,Chandigarh,SUP-037,9.0,WH-NO-05,34.0,5.0,46.0,254.0,7.94,6346.24,10.2,No,No,Autumn,Sunny,6637.76,0.0,0.0,312.02,0.109,6,2023,11,20,0
4642,ORD104642,P-CLO-004,Clothing,Formal Shirt,West,Pune,SUP-021,13.0,WH-WE-04,313.0,12.0,179.0,672.0,25.68,453.9,27.0,No,No,Summer,Sunny,439.13,0.0,1.0,389.34,0.064,27,2023,4,18,1
4643,ORD104643,P-ELE-011,Electronics,Smartwatch,North,Chandigarh,SUP-007,11.0,WH-NO-02,100.0,18.0,89.0,285.0,9.86,10136.07,6.7,Yes,No,Winter,Rainy,11072.71,0.0,1.0,389.14,0.045,17,2022,1,9,6
4644,ORD104644,P-GRO-014,Grocery,Tea Powder 500g,West,Mumbai,SUP-026,7.0,WH-WE-02,323.0,38.0,500.0,2336.0,67.6,302.07,9.4,No,No,Autumn,Sunny,344.35,0.0,1.0,322.87,0.172,57,2021,9,29,2
4645,ORD104645,P-SPO-015,Sports,Badminton Racket,East,Kolkata,SUP-003,5.0,WH-EA-04,136.0,19.0,114.0,532.0,14.87,515.48,19.4,,No,Winter,Stormy,479.25,0.0,1.0,341.99,0.207,15,2024,1,5,4
4646,ORD104646,P-SPO-011,Sports,Badminton Racket,South,Coimbatore,SUP-019,12.0,WH-SO-05,516.0,17.0,94.0,630.0,21.35,4718.32,7.7,Yes,No,Autumn,Cloudy,5166.91,0.0,0.0,389.23,0.095,30,2022,6,17,4
4647,ORD104647,P-GRO-002,Grocery,Masala Mix 200g,East,Patna,SUP-034,6.0,WH-EA-01,763.0,9.0,249.0,949.0,31.22,226.75,30.5,No,No,Autumn,Rainy,226.43,0.0,0.0,231.05,0.137,23,2021,7,9,4
4648,ORD104648,P-GRO-012,Grocery,Sunflower Oil 1L,North,Kanpur,SUP-039,16.0,WH-NO-02,428.0,,390.0,1701.0,54.93,225.66,5.0,No,No,Autumn,Cloudy,232.53,0.0,3.0,632.66,0.19,57,2024,11,16,5
4649,ORD104649,P-CLO-005,Clothing,Formal Shirt,South,Chennai,SUP-012,3.0,WH-SO-04,99.0,22.0,88.0,271.0,12.5,708.35,10.2,No,No,Autumn,Stormy,700.76,0.0,0.0,331.01,0.057,15,2024,9,14,5
4650,ORD104650,P-BEA-013,Beauty,Moisturizer Cream,West,Nagpur,SUP-007,5.0,WH-WE-01,610.0,21.0,196.0,756.0,27.25,1145.44,5.9,No,No,Autumn,Cloudy,1257.15,0.0,2.0,370.4,0.161,28,2022,9,4,6
4651,ORD104651,P-BEA-009,Beauty,Body Lotion 400ml,West,Mumbai,SUP-024,12.0,WH-WE-05,,31.0,143.0,,19.89,1162.14,40.9,Yes,No,Autumn,Sunny,1194.44,0.0,0.0,438.54,0.05,40,2022,9,15,3
4652,ORD104652,P-ELE-003,Electronics,Power Bank 10000mAh,North,Delhi,SUP-007,19.0,WH-NO-02,195.0,15.0,64.0,354.0,9.55,14509.66,17.7,No,No,Autumn,Rainy,14106.06,0.0,1.0,522.76,0.101,13,2022,9,7,2
4653,ORD104653,P-ELE-013,Electronics,Power Bank 10000mAh,West,Ahmedabad,SUP-040,2.0,WH-WE-05,157.0,7.0,69.0,332.0,10.6,7422.33,1.9,No,No,Autumn,Sunny,7174.48,0.0,2.0,252.23,0.196,8,2021,10,6,2
4654,ORD104654,P-GRO-015,Grocery,Basmati Rice 5kg,West,Nagpur,SUP-014,4.0,WH-WE-01,758.0,27.0,311.0,1934.0,56.24,188.17,25.6,No,No,Autumn,Cloudy,170.09,0.0,1.0,338.53,0.094,46,2021,6,4,4
4655,ORD104655,P-SPO-008,Sports,Cricket Bat,West,Mumbai,SUP-008,7.0,WH-WE-05,78.0,11.0,97.0,433.0,14.71,3734.61,8.1,Yes,No,Spring,Sunny,3563.83,0.0,5.0,502.13,0.036,12,2022,2,3,3
4656,ORD104656,P-SPO-013,Sports,Badminton Racket,South,,SUP-010,12.0,WH-SO-01,275.0,16.0,99.0,379.0,12.1,2112.06,,Yes,No,Autumn,Rainy,2318.25,0.0,2.0,468.43,0.032,17,2022,7,20,2
4657,ORD104657,P-ELE-001,Electronics,Bluetooth Speaker,North,Lucknow,SUP-015,14.0,WH-NO-04,233.0,4.0,63.0,267.0,9.84,11863.96,9.2,Yes,Yes,Summer,Rainy,12891.85,0.0,0.0,403.78,0.119,13,2021,8,15,6
4658,ORD104658,P-CLO-005,Clothing,Men's Cotton T-Shirt,Central,Gwalior,SUP-030,13.0,WH-CE-02,183.0,19.0,126.0,412.0,16.11,1491.22,8.8,Yes,No,Spring,Rainy,1414.86,0.0,3.0,569.9,0.181,15,2021,2,21,6
4659,ORD104659,P-ELE-002,Electronics,Home Router,South,Hyderabad,SUP-035,24.0,WH-SO-03,60.0,8.0,48.0,219.0,,14570.48,14.6,No,No,Autumn,Sunny,13290.59,0.0,1.0,591.71,0.045,6,2024,9,21,5
4660,ORD104660,P-FUR-005,Furniture,TV Unit,South,Coimbatore,SUP-030,10.0,WH-SO-01,100.0,6.0,43.0,223.0,7.79,9774.58,5.7,No,No,Summer,Stormy,10518.84,0.0,3.0,471.66,0.051,7,2024,7,6,5
4661,ORD104661,P-SPO-006,Sports,Badminton Racket,West,Pune,SUP-026,8.0,WH-WE-04,326.0,11.0,87.0,392.0,13.21,1244.95,18.3,,No,Summer,Rainy,1287.69,0.0,,409.06,0.028,17,2022,3,23,2
4662,ORD104662,P-CLO-007,Clothing,Track Pants,South,Chennai,SUP-011,7.0,WH-SO-04,340.0,25.0,214.0,754.0,26.89,986.42,7.8,Yes,No,Summer,Sunny,830.48,0.0,0.0,,0.072,37,2023,6,17,5
4663,ORD104663,P-ELE-005,Electronics,Smartwatch,West,Surat,SUP-038,8.0,WH-WE-02,181.0,8.0,45.0,187.0,8.16,,3.7,No,No,Summer,Sunny,14782.77,0.0,2.0,384.76,0.068,12,2021,7,28,2
4664,ORD104664,P-CLO-009,Clothing,Cotton Saree,North,Lucknow,SUP-040,7.0,WH-NO-03,388.0,36.0,216.0,777.0,24.32,2153.12,20.5,No,No,Autumn,Sunny,2155.13,0.0,2.0,510.19,0.122,28,2024,9,15,6
4665,ORD104665,P-GRO-004,Grocery,Instant Noodles Pack,West,Surat,SUP-026,9.0,WH-WE-03,556.0,35.0,371.0,1094.0,40.12,323.96,15.7,,No,Summer,Sunny,368.06,0.0,1.0,442.29,0.142,58,2024,4,2,1
4666,ORD104666,P-BEA-006,Beauty,Face Wash 100ml,Central,Bhopal,SUP-032,8.0,WH-CE-04,514.0,27.0,213.0,822.0,27.54,790.68,18.9,No,No,Autumn,Cloudy,801.7,0.0,0.0,347.32,0.232,40,2021,9,15,2
4667,ORD104667,P-GRO-013,Grocery,Sunflower Oil 1L,Central,Indore,SUP-013,11.0,WH-CE-03,1260.0,63.0,340.0,1454.0,52.82,285.96,5.8,No,No,Autumn,Sunny,262.15,0.0,3.0,532.7,0.094,67,2021,11,8,0
4668,ORD104668,P-SPO-009,Sports,Badminton Racket,Central,Bhopal,SUP-018,3.0,WH-CE-01,228.0,8.0,73.0,370.0,11.29,2910.12,15.4,No,No,Summer,Sunny,2955.3,0.0,0.0,349.21,0.109,13,2022,5,2,0
4669,ORD104669,P-GRO-001,Grocery,Masala Mix 200g,West,Mumbai,SUP-033,13.0,WH-WE-03,1624.0,101.0,427.0,1662.0,68.0,81.67,6.7,Yes,No,Summer,Cloudy,72.08,0.0,0.0,,0.192,130,2021,5,18,1
4670,ORD104670,P-ELE-005,Electronics,Smartwatch,South,Chennai,SUP-017,12.0,WH-SO-02,101.0,7.0,56.0,288.0,8.9,1943.15,5.3,No,No,Summer,Cloudy,1923.57,0.0,2.0,343.77,0.108,9,2022,5,22,6
4671,ORD104671,P-GRO-013,Grocery,Toor Dal 1kg,Central,Raipur,SUP-031,10.0,WH-CE-03,167.0,39.0,233.0,974.0,34.41,561.8,20.2,No,No,,Rainy,512.9,0.0,0.0,261.46,0.023,25,2023,9,4,0
4672,ORD104672,P-ELE-003,Electronics,Wireless Earbuds,Central,Bhopal,SUP-035,4.0,WH-CE-02,,7.0,37.0,209.0,7.28,3542.2,9.0,No,No,Autumn,Sunny,3484.27,0.0,0.0,205.07,0.114,5,2023,11,27,0
4673,ORD104673,P-GRO-014,Grocery,Tea Powder 500g,East,Kolkata,SUP-038,7.0,WH-EA-02,203.0,28.0,208.0,838.0,28.19,241.84,2.5,No,No,Winter,Cloudy,246.64,0.0,0.0,343.0,0.085,33,2021,1,11,0
4674,ORD104674,P-FUR-005,Furniture,Wooden Bookshelf,South,Kochi,SUP-012,8.0,WH-SO-02,159.0,13.0,48.0,245.0,8.33,17575.57,11.2,No,No,Summer,Rainy,17991.08,1.0,0.0,315.57,0.206,8,2022,5,30,0
4675,ORD104675,P-ELE-010,Electronics,LED TV 43in,North,Chandigarh,SUP-020,4.0,WH-NO-02,84.0,10.0,56.0,310.0,9.17,4987.35,2.3,No,No,Summer,,4404.9,1.0,1.0,407.3,0.073,6,2024,5,1,2
4676,ORD104676,P-ELE-008,Electronics,Home Router,East,Guwahati,SUP-016,7.0,WH-EA-04,51.0,,44.0,225.0,7.13,10544.26,27.9,Yes,No,Autumn,Cloudy,10000.34,0.0,0.0,359.81,0.076,8,2024,6,25,1
4677,ORD104677,P-ELE-010,Electronics,Smartwatch,West,Surat,SUP-021,17.0,WH-WE-02,182.0,6.0,60.0,272.0,8.08,10334.42,5.3,Yes,No,Summer,Rainy,8701.37,0.0,0.0,459.73,0.005,12,2023,4,3,0
4678,ORD104678,P-ELE-012,Electronics,Smartphone Charger,South,,SUP-030,7.0,WH-SO-04,362.0,22.0,133.0,505.0,16.25,2747.56,6.5,No,No,Winter,Cloudy,2884.03,0.0,1.0,344.4,0.139,25,2023,12,11,0
4679,ORD104679,P-SPO-003,Sports,Cricket Bat,South,Coimbatore,SUP-013,9.0,WH-SO-03,59.0,17.0,87.0,428.0,14.65,399.93,12.4,Yes,No,Winter,Rainy,406.42,0.0,1.0,354.74,0.214,14,2021,12,27,0
4680,ORD104680,P-SPO-006,Sports,Badminton Racket,East,Ranchi,SUP-010,8.0,WH-EA-04,188.0,9.0,90.0,319.0,10.91,2448.86,4.9,No,No,Summer,Rainy,2218.69,0.0,0.0,301.27,0.23,9,2024,6,22,5
4681,ORD104681,P-ELE-009,Electronics,Wireless Earbuds,North,Chandigarh,SUP-011,14.0,WH-NO-01,140.0,16.0,69.0,296.0,11.94,7180.74,3.9,No,No,Autumn,Sunny,7988.37,0.0,,455.04,0.128,21,2022,11,23,2
4682,ORD104682,P-BEA-004,Beauty,Lipstick Set,Central,Jabalpur,SUP-031,4.0,WH-CE-02,278.0,23.0,189.0,1069.0,30.29,722.71,10.7,No,No,Autumn,Rainy,749.69,0.0,2.0,,0.058,28,2023,10,8,6
4683,ORD104683,P-BEA-006,Beauty,Lipstick Set,South,Kochi,SUP-040,5.0,WH-SO-05,287.0,18.0,194.0,714.0,24.47,1130.54,13.0,Yes,No,,Cloudy,1121.02,0.0,3.0,302.82,0.048,30,2022,1,19,2
4684,ORD104684,P-SPO-014,Sports,Cycling Helmet,North,,SUP-005,10.0,WH-NO-05,257.0,15.0,85.0,393.0,16.21,4945.45,14.5,Yes,No,Autumn,Stormy,4758.19,0.0,1.0,380.43,0.17,17,2021,9,10,4
4685,ORD104685,P-GRO-004,Grocery,Wheat Flour 5kg,North,Delhi,SUP-040,8.0,WH-NO-01,953.0,39.0,276.0,1138.0,42.95,466.65,16.6,No,No,Spring,Cloudy,,0.0,2.0,410.43,0.054,31,2023,2,18,5
4686,ORD104686,P-GRO-003,Grocery,Wheat Flour 5kg,West,Surat,SUP-002,11.0,WH-WE-05,596.0,18.0,232.0,958.0,38.53,548.81,15.5,No,No,Spring,Rainy,514.16,0.0,1.0,393.52,0.086,25,2023,2,3,4
4687,ORD104687,P-CLO-009,Clothing,Kids Winter Jacket,West,Nagpur,SUP-022,4.0,WH-WE-05,430.0,17.0,129.0,541.0,19.75,1281.26,9.4,No,No,Summer,Sunny,1401.59,0.0,0.0,223.72,0.028,22,2023,4,16,6
4688,ORD104688,P-BEA-002,Beauty,Hair Oil 250ml,North,Chandigarh,SUP-006,22.0,WH-NO-01,134.0,23.0,125.0,620.0,19.84,955.88,38.4,No,No,Spring,Cloudy,976.87,0.0,2.0,690.7,0.063,15,2024,3,26,1
4689,ORD104689,P-BEA-001,Beauty,Face Wash 100ml,North,Kanpur,SUP-039,8.0,WH-NO-02,324.0,30.0,178.0,806.0,34.45,230.59,11.7,No,No,Winter,Rainy,211.24,0.0,1.0,,0.362,27,2024,2,2,4
4690,ORD104690,P-CLO-014,Clothing,Men's Cotton T-Shirt,South,Hyderabad,SUP-031,8.0,WH-SO-01,479.0,22.0,169.0,743.0,22.15,1216.34,15.6,No,No,Summer,Stormy,1342.53,0.0,1.0,352.33,0.112,35,2022,3,17,3
4691,ORD104691,P-GRO-005,Grocery,Sunflower Oil 1L,North,Chandigarh,SUP-015,14.0,WH-NO-05,568.0,36.0,380.0,1427.0,51.55,56.27,4.8,No,Yes,Autumn,Sunny,55.86,0.0,3.0,489.96,0.047,76,2022,11,12,5
4692,ORD104692,P-BEA-002,Beauty,Body Lotion 400ml,West,Nagpur,SUP-028,6.0,WH-WE-05,166.0,24.0,176.0,643.0,22.22,1153.99,14.7,No,No,Summer,Sunny,1069.15,0.0,7.0,516.79,0.073,16,2021,5,5,2
4693,ORD104693,P-BEA-010,Beauty,Herbal Shampoo 200ml,North,Delhi,SUP-034,9.0,WH-NO-04,653.0,34.0,197.0,880.0,29.97,896.8,4.9,No,No,Spring,Stormy,1038.53,0.0,2.0,460.78,0.024,31,2024,2,24,5
4694,ORD104694,P-GRO-008,Grocery,Masala Mix 200g,East,Bhubaneswar,SUP-009,13.0,WH-EA-02,127.0,51.0,247.0,941.0,35.81,117.82,26.9,No,No,Summer,Cloudy,107.5,0.0,1.0,381.18,0.055,34,2021,7,17,5
4695,ORD104695,P-FUR-007,Furniture,Plastic Storage Rack,South,Bengaluru,SUP-026,9.0,WH-SO-05,74.0,,37.0,148.0,4.65,13757.12,27.5,No,No,Summer,Sunny,12848.89,0.0,0.0,417.39,0.052,5,2021,4,12,0
4696,ORD104696,P-GRO-007,Grocery,Masala Mix 200g,South,Coimbatore,SUP-012,9.0,WH-SO-05,452.0,37.0,294.0,1029.0,40.6,154.8,15.4,No,No,Winter,Cloudy,154.8,0.0,0.0,372.81,0.104,39,2023,1,31,1
4697,ORD104697,P-CLO-003,Clothing,Women's Kurti,South,Kochi,SUP-029,15.0,WH-SO-05,284.0,39.0,262.0,1126.0,32.93,665.69,27.3,No,Yes,Autumn,Rainy,682.85,0.0,0.0,413.94,0.12,53,2024,9,8,6
4698,ORD104698,P-CLO-013,Clothing,Formal Shirt,North,Kanpur,SUP-023,14.0,WH-NO-02,325.0,13.0,105.0,353.0,13.39,1514.56,19.5,No,No,Autumn,Stormy,1423.34,0.0,2.0,445.51,0.029,15,2022,7,4,0
4699,ORD104699,P-BEA-001,Beauty,Herbal Shampoo 200ml,North,Lucknow,SUP-029,20.0,WH-NO-04,388.0,30.0,178.0,742.0,,912.91,3.3,No,No,Autumn,,751.45,0.0,1.0,564.5,0.055,20,2021,9,29,2
4700,ORD104700,P-SPO-008,Sports,Skipping Rope,North,Jaipur,SUP-026,6.0,WH-NO-04,377.0,21.0,121.0,470.0,17.08,3774.23,22.5,No,No,Autumn,Rainy,3784.04,0.0,0.0,,0.253,20,2021,9,27,0
4701,ORD104701,P-CLO-005,Clothing,Kids Winter Jacket,North,Kanpur,SUP-026,10.0,WH-NO-01,293.0,14.0,146.0,694.0,21.12,1028.38,19.6,No,No,Summer,Cloudy,942.33,0.0,1.0,363.2,0.212,17,2024,5,7,1
4702,ORD104702,P-GRO-010,Grocery,Basmati Rice 5kg,Central,Jabalpur,SUP-004,4.0,WH-CE-03,778.0,25.0,267.0,983.0,37.57,537.2,5.4,,No,Summer,Sunny,521.77,0.0,0.0,224.45,0.047,41,2023,8,23,2
4703,ORD104703,P-GRO-009,Grocery,Sugar 1kg,South,Hyderabad,SUP-035,3.0,WH-SO-03,225.0,22.0,169.0,888.0,26.28,350.12,3.8,No,No,Winter,Rainy,327.43,0.0,3.0,379.76,0.025,20,2022,12,24,5
4704,ORD104704,P-ELE-006,Electronics,Home Router,South,Bengaluru,SUP-007,9.0,WH-SO-03,83.0,3.0,51.0,252.0,6.99,6789.83,10.5,Yes,No,Autumn,Sunny,6201.22,0.0,3.0,412.93,0.121,12,2024,9,16,0
4705,ORD104705,P-GRO-009,Grocery,Sugar 1kg,North,Chandigarh,SUP-016,5.0,WH-NO-02,546.0,79.0,364.0,1285.0,50.58,221.02,4.9,No,No,Autumn,Sunny,216.31,0.0,0.0,280.5,,51,2021,6,2,2
4706,ORD104706,P-ELE-004,Electronics,Power Bank 10000mAh,West,Surat,SUP-021,10.0,WH-WE-04,154.0,9.0,89.0,334.0,13.99,10596.13,21.6,No,Yes,Autumn,Sunny,10060.3,0.0,0.0,414.89,0.097,9,2023,6,20,1
4707,ORD104707,P-CLO-002,Clothing,Denim Jeans,Central,Gwalior,SUP-034,4.0,WH-CE-05,217.0,20.0,111.0,432.0,15.03,1263.69,7.7,No,No,Summer,Sunny,1178.76,0.0,0.0,223.01,0.052,20,2022,6,10,4
4708,ORD104708,P-ELE-014,Electronics,Bluetooth Speaker,West,Pune,SUP-026,14.0,WH-WE-04,41.0,8.0,94.0,,11.34,4505.46,23.3,No,No,Winter,Sunny,4853.5,1.0,,429.68,0.064,10,2021,12,8,2
4709,ORD104709,P-GRO-010,Grocery,Instant Noodles Pack,East,Patna,SUP-008,12.0,WH-EA-05,658.0,53.0,282.0,1165.0,40.3,74.26,28.6,No,No,Autumn,Stormy,68.35,0.0,1.0,534.25,0.052,38,2024,9,3,1
4710,ORD104710,P-BEA-010,Beauty,Sunscreen Lotion,West,Surat,SUP-012,7.0,WH-WE-04,142.0,33.0,174.0,709.0,24.65,541.03,12.1,Yes,No,Autumn,Sunny,,3.0,1.0,331.48,0.043,30,2024,10,29,1
4711,ORD104711,P-GRO-015,Grocery,Tea Powder 500g,South,Hyderabad,SUP-008,5.0,WH-SO-02,365.0,20.0,306.0,1345.0,42.5,69.52,7.0,No,Yes,Summer,Cloudy,69.31,0.0,3.0,440.21,0.198,43,2024,5,4,5
4712,ORD104712,P-FUR-014,Furniture,Dining Chair,West,Ahmedabad,SUP-024,12.0,WH-WE-04,72.0,4.0,23.0,139.0,4.53,,9.6,No,,Autumn,Sunny,3843.97,0.0,1.0,411.61,0.023,4,2021,8,5,3
4713,ORD104713,P-SPO-009,Sports,Gym Dumbbells 5kg,West,Nagpur,SUP-029,4.0,WH-WE-04,518.0,33.0,145.0,542.0,21.84,4929.17,8.6,No,No,Autumn,Rainy,4488.42,0.0,0.0,239.17,,24,2023,11,22,2
4714,ORD104714,P-CLO-012,Clothing,Women's Kurti,North,Delhi,SUP-029,7.0,WH-NO-05,430.0,22.0,200.0,581.0,21.18,860.41,3.4,Yes,No,Autumn,Cloudy,857.69,0.0,2.0,436.84,0.017,31,2022,6,8,2
4715,ORD104715,P-ELE-008,Electronics,Smartphone Charger,East,Patna,SUP-031,13.0,WH-EA-02,102.0,14.0,78.0,372.0,11.06,4176.41,8.1,Yes,No,Summer,Stormy,4150.68,0.0,1.0,508.03,0.219,13,2022,7,9,5
4716,ORD104716,P-GRO-004,Grocery,Instant Noodles Pack,South,Kochi,SUP-029,10.0,WH-SO-01,755.0,33.0,184.0,912.0,30.3,367.63,1.5,Yes,No,Autumn,Sunny,344.45,0.0,2.0,361.67,,42,2021,10,11,0
4717,ORD104717,P-CLO-010,Clothing,Women's Kurti,North,Kanpur,SUP-037,10.0,WH-NO-04,85.0,26.0,143.0,605.0,20.5,1619.91,6.9,Yes,No,Summer,Cloudy,1616.54,0.0,0.0,219.24,0.068,19,2023,5,11,3
4718,ORD104718,P-CLO-014,Clothing,Cotton Saree,West,Pune,SUP-037,6.0,WH-WE-04,51.0,22.0,103.0,417.0,16.14,2135.64,9.7,No,No,Summer,Sunny,2181.38,0.0,2.0,407.77,0.088,12,2024,6,6,3
4719,ORD104719,P-ELE-014,Electronics,Bluetooth Speaker,North,Kanpur,SUP-011,14.0,WH-NO-04,107.0,14.0,108.0,478.0,15.0,9273.49,17.0,No,No,Winter,,9708.85,0.0,1.0,529.09,0.022,20,2021,12,6,0
4720,ORD104720,P-CLO-008,Clothing,Kids Winter Jacket,West,Pune,SUP-013,8.0,WH-WE-04,451.0,41.0,294.0,1212.0,40.91,296.25,17.5,No,No,Spring,Cloudy,312.04,0.0,1.0,360.39,0.007,36,2023,2,25,5
4721,ORD104721,P-CLO-015,Clothing,Women's Kurti,Central,Bhopal,SUP-003,12.0,WH-CE-03,516.0,21.0,160.0,682.0,23.03,769.56,1.2,No,No,Autumn,Rainy,844.0,0.0,2.0,440.82,0.052,27,2023,8,5,5
4722,ORD104722,P-GRO-003,Grocery,Wheat Flour 5kg,East,Patna,SUP-011,2.0,WH-EA-01,542.0,16.0,198.0,815.0,25.0,436.72,8.6,No,No,Summer,Sunny,440.48,0.0,0.0,232.11,0.097,27,2023,7,11,1
4723,ORD104723,P-FUR-001,Furniture,Sofa Cushion Set,South,Hyderabad,SUP-021,13.0,WH-SO-05,76.0,6.0,27.0,126.0,4.74,12569.97,1.2,No,No,Winter,Cloudy,11173.24,0.0,2.0,527.23,0.073,6,2022,1,17,0
4724,ORD104724,P-ELE-007,Electronics,Smartphone Charger,East,Kolkata,SUP-027,8.0,WH-EA-02,94.0,8.0,59.0,268.0,8.08,1976.18,9.8,Yes,No,Winter,Cloudy,1929.43,0.0,1.0,393.56,0.072,11,2021,2,12,4
4725,ORD104725,P-GRO-004,Grocery,Wheat Flour 5kg,West,Mumbai,SUP-036,7.0,WH-WE-02,207.0,60.0,354.0,1339.0,43.76,262.06,8.5,No,No,Summer,Cloudy,235.45,0.0,0.0,247.79,0.128,42,2024,4,26,4
4726,ORD104726,P-BEA-015,Beauty,Talcum Powder,South,Coimbatore,SUP-024,16.0,WH-SO-05,251.0,46.0,194.0,959.0,28.94,109.29,33.7,No,No,Summer,Rainy,116.68,0.0,0.0,362.36,0.024,40,2023,5,22,0
4727,ORD104727,P-GRO-002,Grocery,Sunflower Oil 1L,South,Coimbatore,SUP-039,11.0,WH-SO-04,684.0,40.0,374.0,1375.0,47.69,208.17,12.1,No,No,Autumn,Cloudy,231.04,0.0,1.0,307.83,0.04,49,2023,10,27,4
4728,ORD104728,P-FUR-009,Furniture,Foldable Bed,East,Guwahati,SUP-023,3.0,WH-EA-03,22.0,4.0,,152.0,4.52,7245.34,15.5,No,No,Spring,Rainy,7241.79,0.0,1.0,291.17,0.077,4,2023,2,17,4
4729,ORD104729,P-GRO-012,Grocery,Sunflower Oil 1L,Central,Jabalpur,SUP-035,13.0,WH-CE-04,502.0,24.0,173.0,626.0,,493.61,14.7,No,No,Summer,Rainy,539.51,0.0,1.0,527.44,0.023,36,2022,7,19,1
4730,ORD104730,P-GRO-002,Grocery,Sugar 1kg,South,Chennai,SUP-033,13.0,WH-SO-01,760.0,52.0,180.0,921.0,36.06,526.05,16.5,No,No,Winter,Rainy,572.09,0.0,0.0,253.18,0.081,47,2022,1,3,0
4731,ORD104731,P-SPO-001,Sports,Football,South,Kochi,SUP-020,15.0,WH-SO-02,98.0,10.0,105.0,442.0,16.42,2161.27,9.8,No,No,Summer,Sunny,2213.78,0.0,0.0,367.17,0.177,15,2023,8,22,1
4732,ORD104732,P-GRO-009,Grocery,Tea Powder 500g,Central,Indore,SUP-035,3.0,WH-CE-02,266.0,19.0,115.0,472.0,17.23,260.92,16.0,Yes,No,Summer,Rainy,271.91,0.0,0.0,302.67,0.19,23,2024,4,29,0
4733,ORD104733,P-GRO-014,Grocery,Toor Dal 1kg,North,Kanpur,SUP-035,3.0,WH-NO-03,492.0,22.0,368.0,1305.0,39.56,461.51,7.9,No,No,Summer,Stormy,496.54,0.0,1.0,234.97,,45,2022,4,21,3
4734,ORD104734,P-SPO-001,Sports,Running Shoes,North,Jaipur,SUP-013,2.0,WH-NO-02,213.0,22.0,108.0,366.0,15.34,709.49,,Yes,No,Winter,Sunny,630.25,0.0,0.0,267.52,0.092,20,2021,2,5,4
4735,ORD104735,P-BEA-001,Beauty,Face Wash 100ml,East,Patna,SUP-009,5.0,WH-EA-01,99.0,24.0,126.0,637.0,19.67,398.91,28.1,Yes,No,Summer,Cloudy,406.82,0.0,4.0,391.11,0.125,28,2021,8,16,0
4736,ORD104736,P-FUR-014,Furniture,Foldable Bed,North,Lucknow,SUP-005,7.0,WH-NO-04,123.0,5.0,51.0,200.0,6.76,5256.74,24.8,Yes,No,Summer,Rainy,5489.76,0.0,0.0,,0.155,9,2023,4,27,3
4737,ORD104737,P-ELE-010,Electronics,Smartwatch,North,Chandigarh,SUP-037,8.0,WH-NO-03,211.0,19.0,81.0,325.0,12.36,10297.73,26.2,No,No,Winter,Sunny,9115.96,1.0,1.0,390.95,0.09,11,2021,12,10,4
4738,ORD104738,P-ELE-011,Electronics,Smartphone Charger,East,Bhubaneswar,SUP-018,7.0,WH-EA-02,74.0,6.0,64.0,,7.96,7039.89,12.3,No,No,Summer,Cloudy,8116.84,0.0,5.0,429.15,0.02,9,2024,4,4,3
4739,ORD104739,P-FUR-005,Furniture,Wooden Bookshelf,East,Patna,SUP-023,12.0,WH-EA-05,94.0,8.0,69.0,206.0,8.02,13503.71,9.9,No,No,Spring,Cloudy,14683.95,0.0,0.0,370.91,0.066,9,2022,2,1,1
4740,ORD104740,P-GRO-005,Grocery,Sugar 1kg,East,Patna,SUP-011,3.0,WH-EA-02,676.0,10.0,218.0,986.0,30.44,528.2,20.1,No,No,Winter,Rainy,574.71,0.0,1.0,274.98,0.138,37,2022,12,23,4
4741,ORD104741,P-GRO-008,Grocery,Tea Powder 500g,South,Kochi,SUP-016,9.0,WH-SO-01,469.0,45.0,194.0,1269.0,37.72,259.31,14.8,No,No,Autumn,Sunny,267.79,0.0,3.0,563.36,0.057,37,2021,11,28,6
4742,ORD104742,P-BEA-004,Beauty,Sunscreen Lotion,East,Guwahati,SUP-017,5.0,WH-EA-05,483.0,18.0,135.0,472.0,19.63,464.22,14.4,No,No,Autumn,Sunny,428.99,0.0,2.0,315.21,0.053,16,2022,10,27,3
4743,ORD104743,P-GRO-007,Grocery,Masala Mix 200g,East,Kolkata,SUP-024,21.0,WH-EA-01,1348.0,54.0,392.0,1525.0,57.44,138.41,32.7,,Yes,Autumn,Sunny,124.36,0.0,1.0,518.48,0.009,73,2023,9,19,1
4744,ORD104744,P-ELE-015,Electronics,Bluetooth Speaker,West,Surat,SUP-008,8.0,WH-WE-01,320.0,9.0,115.0,446.0,13.22,8416.1,3.4,No,Yes,Summer,Sunny,8349.3,0.0,1.0,398.33,0.062,21,2024,3,8,4
4745,ORD104745,P-ELE-012,Electronics,Power Bank 10000mAh,West,Mumbai,SUP-032,5.0,WH-WE-03,17.0,,49.0,198.0,6.54,12188.24,4.5,Yes,No,Winter,Sunny,12867.68,0.0,1.0,334.44,0.149,5,2023,12,17,6
4746,ORD104746,P-CLO-014,Clothing,Woolen Sweater,West,Ahmedabad,SUP-016,10.0,WH-WE-03,483.0,18.0,144.0,695.0,21.92,1774.03,1.9,No,No,Winter,Cloudy,,0.0,0.0,304.03,0.078,23,2023,1,12,3
4747,ORD104747,P-FUR-008,Furniture,Foldable Bed,West,Mumbai,SUP-010,18.0,WH-WE-02,79.0,8.0,46.0,163.0,5.44,13381.63,12.0,No,No,Autumn,Rainy,15212.48,0.0,4.0,589.61,0.069,9,2022,10,30,6
4748,ORD104748,P-SPO-012,Sports,Football,West,Surat,SUP-001,5.0,WH-WE-05,95.0,25.0,152.0,709.0,22.12,4836.02,29.9,No,No,Summer,Stormy,4715.81,0.0,2.0,300.49,0.021,21,2022,4,21,3
4749,ORD104749,P-ELE-007,Electronics,Bluetooth Speaker,North,Delhi,SUP-005,5.0,WH-NO-02,123.0,6.0,54.0,206.0,7.89,3369.8,17.1,No,No,Winter,Stormy,3272.74,0.0,1.0,296.98,0.058,8,2024,12,14,5
4750,ORD104750,P-ELE-010,Electronics,Wireless Earbuds,Central,Indore,SUP-011,6.0,WH-CE-05,154.0,,50.0,,7.79,3781.24,28.4,Yes,No,Winter,Stormy,3783.59,0.0,1.0,354.76,0.066,8,2023,12,8,4
4751,ORD104751,P-CLO-011,Clothing,Cotton Saree,West,Mumbai,SUP-030,15.0,WH-WE-04,191.0,23.0,120.0,428.0,14.66,1839.94,12.1,No,No,Summer,Sunny,1669.75,1.0,1.0,,0.145,14,2024,7,25,3
4752,ORD104752,P-GRO-013,Grocery,Wheat Flour 5kg,South,Bengaluru,SUP-035,5.0,WH-SO-01,919.0,,296.0,1339.0,46.05,252.63,5.9,No,No,Winter,Sunny,282.98,0.0,0.0,235.47,0.101,44,2023,12,17,6
4753,ORD104753,P-CLO-014,Clothing,Woolen Sweater,North,Delhi,SUP-039,7.0,WH-NO-03,681.0,43.0,244.0,814.0,31.77,912.12,15.2,No,No,Summer,Sunny,893.87,0.0,0.0,392.29,,37,2021,5,8,5
4754,ORD104754,P-SPO-002,Sports,Running Shoes,East,Bhubaneswar,SUP-012,3.0,WH-EA-01,136.0,12.0,75.0,253.0,10.09,4366.66,8.5,No,No,Winter,Cloudy,4455.12,0.0,5.0,433.27,0.076,14,2022,1,23,6
4755,ORD104755,P-CLO-012,Clothing,Formal Shirt,South,Kochi,SUP-026,17.0,WH-SO-05,424.0,26.0,194.0,805.0,27.49,893.91,9.8,No,No,Autumn,Stormy,952.14,0.0,3.0,620.04,0.101,36,2022,11,4,4
4756,ORD104756,P-GRO-011,Grocery,Sunflower Oil 1L,West,Pune,SUP-011,6.0,WH-WE-04,784.0,33.0,319.0,1341.0,40.14,84.22,4.9,No,No,Summer,Sunny,79.15,0.0,1.0,343.28,0.085,37,2022,4,5,1
4757,ORD104757,P-SPO-012,Sports,Cricket Bat,East,Guwahati,SUP-006,16.0,WH-EA-03,33.0,14.0,97.0,342.0,11.28,2943.93,13.7,No,No,Summer,,3009.26,0.0,1.0,475.39,0.113,12,2024,8,20,1
4758,ORD104758,P-ELE-001,Electronics,Laptop Stand,North,Chandigarh,SUP-022,12.0,WH-NO-04,236.0,15.0,64.0,302.0,11.28,13595.34,9.8,Yes,No,Winter,Cloudy,13587.0,0.0,2.0,,0.028,18,2022,12,20,1
4759,ORD104759,P-SPO-008,Sports,Skipping Rope,South,Chennai,SUP-026,12.0,WH-SO-04,61.0,14.0,72.0,310.0,10.61,1380.26,3.4,No,No,Autumn,Sunny,1487.96,0.0,1.0,400.57,0.053,14,2021,11,18,3
4760,ORD104760,P-CLO-015,Clothing,Denim Jeans,West,Mumbai,SUP-031,18.0,WH-WE-03,316.0,24.0,121.0,518.0,17.94,1930.33,5.3,No,No,Summer,Rainy,1931.63,1.0,1.0,518.68,0.097,22,2023,5,24,2
4761,ORD104761,P-CLO-014,Clothing,Men's Cotton T-Shirt,North,Jaipur,SUP-005,5.0,WH-NO-02,147.0,9.0,113.0,431.0,,1506.31,4.7,No,No,Summer,Sunny,1162.04,0.0,4.0,357.3,0.124,9,2022,7,7,3
4762,ORD104762,P-SPO-004,Sports,Yoga Mat,West,Mumbai,SUP-030,17.0,WH-WE-02,557.0,18.0,148.0,718.0,23.17,3772.11,2.7,No,No,Autumn,Sunny,3490.12,0.0,1.0,421.58,0.015,32,2021,7,6,1
4763,ORD104763,P-CLO-008,Clothing,Track Pants,South,Hyderabad,SUP-013,8.0,WH-SO-02,696.0,23.0,168.0,760.0,28.35,1125.13,25.8,No,No,Autumn,Stormy,990.14,0.0,3.0,371.81,0.052,26,2024,10,15,1
4764,ORD104764,P-CLO-013,Clothing,Kids Winter Jacket,South,Bengaluru,SUP-012,10.0,WH-SO-04,185.0,28.0,192.0,771.0,27.88,374.71,13.6,Yes,No,Autumn,Sunny,432.48,0.0,2.0,351.55,0.116,43,2024,10,13,6
4765,ORD104765,P-GRO-014,Grocery,Basmati Rice 5kg,East,Guwahati,SUP-002,10.0,WH-EA-03,742.0,51.0,376.0,1233.0,46.63,69.56,8.5,No,No,Winter,Sunny,77.43,0.0,1.0,467.9,0.024,67,2024,2,8,3
4766,ORD104766,P-FUR-005,Furniture,Study Table,South,Kochi,SUP-009,3.0,WH-SO-03,19.0,9.0,48.0,194.0,7.07,19162.27,7.9,No,No,Summer,Rainy,15865.77,0.0,0.0,196.68,0.301,5,2022,4,4,0
4767,ORD104767,P-CLO-013,Clothing,Men's Cotton T-Shirt,East,Patna,SUP-020,12.0,WH-EA-04,270.0,11.0,84.0,389.0,11.34,1719.29,28.0,No,No,Summer,Cloudy,1580.3,0.0,1.0,404.81,0.045,12,2024,5,1,2
4768,ORD104768,P-GRO-013,Grocery,Instant Noodles Pack,West,Pune,SUP-008,3.0,WH-WE-03,965.0,49.0,343.0,1101.0,39.88,503.69,10.0,No,No,Winter,Cloudy,447.88,0.0,1.0,333.95,0.049,49,2022,2,26,5
4769,ORD104769,P-FUR-003,Furniture,Dining Chair,North,Chandigarh,SUP-013,12.0,WH-NO-05,73.0,5.0,37.0,148.0,5.22,19560.09,1.1,Yes,No,Summer,Cloudy,19898.78,0.0,2.0,547.69,0.146,5,2024,7,8,0
4770,ORD104770,P-FUR-001,Furniture,Plastic Storage Rack,South,Hyderabad,SUP-022,10.0,WH-SO-02,68.0,10.0,50.0,201.0,6.25,9062.58,8.4,No,No,Autumn,Sunny,8369.55,0.0,0.0,338.16,0.028,8,2024,7,15,0
4771,ORD104771,P-GRO-001,Grocery,Sugar 1kg,West,Pune,SUP-004,9.0,WH-WE-01,582.0,28.0,279.0,1128.0,34.33,519.02,21.0,No,No,Autumn,Sunny,508.0,0.0,0.0,324.0,0.036,41,2021,9,8,2
4772,ORD104772,P-ELE-003,Electronics,Wireless Earbuds,West,Pune,SUP-036,3.0,WH-WE-03,141.0,5.0,57.0,193.0,6.83,11321.89,9.1,No,No,Summer,Rainy,10074.5,0.0,1.0,207.1,0.042,6,2022,4,6,2
4773,ORD104773,P-CLO-012,Clothing,Kids Winter Jacket,East,Kolkata,SUP-013,7.0,WH-EA-03,326.0,15.0,126.0,,13.69,909.12,15.1,No,No,Autumn,Sunny,940.42,0.0,0.0,194.3,0.117,28,2023,10,19,3
4774,ORD104774,P-ELE-006,Electronics,LED TV 43in,West,Pune,SUP-031,6.0,WH-WE-05,119.0,12.0,60.0,234.0,8.75,4530.29,10.3,No,No,Winter,Stormy,3921.68,0.0,1.0,389.29,0.197,6,2021,12,9,3
4775,ORD104775,P-ELE-011,Electronics,Power Bank 10000mAh,North,Chandigarh,SUP-026,10.0,WH-NO-04,94.0,6.0,64.0,256.0,8.05,11034.35,11.8,No,No,Summer,Sunny,13243.94,2.0,2.0,424.06,0.042,9,2024,3,18,0
4776,ORD104776,P-CLO-002,Clothing,Formal Shirt,North,Jaipur,SUP-031,12.0,WH-NO-05,328.0,21.0,167.0,683.0,23.13,1548.46,17.3,No,No,Autumn,Rainy,1734.81,0.0,0.0,413.14,0.053,25,2023,9,20,2
4777,ORD104777,P-ELE-010,Electronics,Power Bank 10000mAh,East,Guwahati,SUP-012,8.0,WH-EA-01,57.0,7.0,57.0,237.0,7.62,7292.08,28.0,,,Autumn,Rainy,8739.81,0.0,4.0,502.46,0.15,7,2021,11,27,5
4778,ORD104778,P-GRO-012,Grocery,Tea Powder 500g,West,Ahmedabad,SUP-007,6.0,WH-WE-03,179.0,38.0,406.0,1723.0,54.58,406.03,12.9,No,,,Sunny,425.73,0.0,1.0,271.43,0.074,41,2024,2,8,3
4779,ORD104779,P-FUR-015,Furniture,Plastic Storage Rack,West,Surat,SUP-006,6.0,WH-WE-05,150.0,6.0,55.0,199.0,6.72,4802.6,33.3,Yes,No,Spring,Cloudy,5400.81,0.0,1.0,276.24,0.104,14,2021,3,5,4
4780,ORD104780,P-GRO-005,Grocery,Masala Mix 200g,North,Chandigarh,SUP-010,14.0,WH-NO-03,485.0,30.0,242.0,1171.0,37.4,521.19,23.6,No,No,Autumn,Rainy,558.41,,2.0,518.88,0.103,37,2022,7,15,4
4781,ORD104781,P-SPO-009,Sports,Cycling Helmet,East,Patna,SUP-022,11.0,WH-EA-02,249.0,19.0,99.0,427.0,13.29,390.39,,No,No,Autumn,Cloudy,359.02,0.0,0.0,384.78,0.084,18,2021,9,18,5
4782,ORD104782,P-SPO-008,Sports,Badminton Racket,West,Pune,SUP-025,8.0,WH-WE-04,312.0,16.0,88.0,385.0,15.46,4597.82,23.0,Yes,No,Winter,Rainy,4460.89,0.0,1.0,421.94,0.115,19,2021,1,1,4
4783,ORD104783,P-CLO-006,Clothing,Denim Jeans,North,Chandigarh,SUP-031,18.0,WH-NO-05,223.0,16.0,116.0,509.0,18.76,,12.5,No,,Winter,Sunny,1938.98,0.0,1.0,462.34,0.119,25,2023,12,20,2
4784,ORD104784,P-SPO-010,Sports,Running Shoes,East,Patna,SUP-039,19.0,WH-EA-02,131.0,19.0,77.0,392.0,12.06,3576.75,18.5,No,No,Autumn,Rainy,3906.45,0.0,1.0,468.56,0.182,18,2021,8,12,3
4785,ORD104785,P-SPO-009,Sports,Football,East,Guwahati,SUP-034,8.0,WH-EA-03,326.0,20.0,100.0,316.0,13.18,1126.22,24.3,No,No,Autumn,Cloudy,1125.63,0.0,1.0,367.87,0.085,21,2023,10,12,3
4786,ORD104786,P-GRO-013,Grocery,Toor Dal 1kg,North,Delhi,SUP-015,5.0,WH-NO-05,1050.0,75.0,369.0,1307.0,49.59,564.51,21.2,No,No,Summer,Sunny,589.56,0.0,1.0,395.12,0.174,56,2021,4,21,2
4787,ORD104787,P-BEA-001,Beauty,Body Lotion 400ml,South,Bengaluru,SUP-019,6.0,WH-SO-01,888.0,40.0,391.0,1589.0,46.2,601.48,12.2,No,No,,Cloudy,585.47,0.0,1.0,417.49,0.078,66,2024,7,26,4
4788,ORD104788,P-ELE-004,Electronics,Home Router,North,Chandigarh,SUP-039,22.0,WH-NO-01,82.0,17.0,102.0,364.0,12.7,9565.44,26.4,No,No,Autumn,Sunny,9249.86,0.0,4.0,626.9,0.015,14,2024,11,29,4
4789,ORD104789,P-FUR-009,Furniture,Plastic Storage Rack,Central,Bhopal,SUP-029,11.0,WH-CE-04,34.0,6.0,24.0,,3.48,4098.48,18.2,No,No,Summer,Cloudy,3615.99,0.0,0.0,367.49,0.307,0,2022,4,9,5
4790,ORD104790,P-CLO-009,Clothing,Formal Shirt,North,Delhi,SUP-017,12.0,WH-NO-04,350.0,13.0,148.0,452.0,14.59,1292.36,33.1,No,No,Winter,Sunny,,0.0,1.0,496.7,,22,2022,12,12,0
4791,ORD104791,P-ELE-014,Electronics,Power Bank 10000mAh,North,Lucknow,SUP-034,18.0,WH-NO-01,160.0,11.0,88.0,380.0,12.19,11970.37,7.5,No,No,Summer,Rainy,11499.06,0.0,1.0,550.69,0.085,12,2023,6,28,2
4792,ORD104792,P-GRO-011,Grocery,Sunflower Oil 1L,North,Delhi,SUP-006,12.0,WH-NO-03,146.0,33.0,207.0,1057.0,37.41,427.54,15.3,Yes,No,Summer,,383.59,1.0,0.0,286.88,0.029,33,2023,5,12,4
4793,ORD104793,P-SPO-001,Sports,Cricket Bat,North,Lucknow,SUP-027,4.0,WH-NO-04,269.0,13.0,69.0,349.0,12.15,1073.32,6.0,No,No,Winter,Cloudy,1022.41,0.0,0.0,313.41,0.074,14,2021,2,9,1
4794,ORD104794,P-GRO-008,Grocery,Basmati Rice 5kg,North,Chandigarh,SUP-038,15.0,WH-NO-05,248.0,98.0,491.0,2303.0,63.55,551.4,14.5,Yes,No,Winter,Rainy,563.98,0.0,,458.38,0.207,92,2024,12,1,6
4795,ORD104795,P-ELE-013,Electronics,Wireless Earbuds,East,Patna,SUP-022,14.0,WH-EA-05,86.0,8.0,41.0,195.0,7.56,1435.53,23.6,No,No,Autumn,Rainy,1512.26,1.0,0.0,429.88,0.053,10,2024,9,28,5
4796,ORD104796,P-ELE-014,Electronics,Home Router,North,,SUP-025,10.0,WH-NO-02,98.0,8.0,,260.0,9.4,,18.4,No,No,Winter,Rainy,9338.9,0.0,,416.15,0.054,10,2022,12,13,1
4797,ORD104797,P-CLO-013,Clothing,Men's Cotton T-Shirt,South,,SUP-003,7.0,WH-SO-03,173.0,17.0,118.0,466.0,17.72,819.87,4.5,Yes,No,Summer,Sunny,889.93,0.0,2.0,430.34,0.094,21,2023,3,22,2
4798,ORD104798,P-BEA-008,Beauty,Moisturizer Cream,North,Jaipur,SUP-025,11.0,WH-NO-04,,21.0,138.0,446.0,15.28,871.47,19.1,No,No,Autumn,Rainy,975.37,2.0,0.0,360.3,0.109,20,2021,9,6,0
4799,ORD104799,P-BEA-002,Beauty,Sunscreen Lotion,South,Hyderabad,SUP-012,6.0,WH-SO-02,,3.0,128.0,597.0,22.1,595.67,7.4,No,No,Winter,,582.01,0.0,0.0,308.93,0.106,18,2023,12,30,5
4800,ORD104800,P-CLO-004,Clothing,Kids Winter Jacket,North,Jaipur,SUP-040,11.0,WH-NO-01,120.0,21.0,149.0,623.0,18.54,731.84,6.7,No,No,Winter,Sunny,788.85,0.0,0.0,364.37,0.047,25,2023,1,22,6
4801,ORD104801,P-GRO-013,Grocery,Instant Noodles Pack,East,Guwahati,SUP-013,5.0,WH-EA-03,270.0,20.0,139.0,722.0,20.91,555.77,2.7,No,No,Spring,Rainy,526.1,0.0,3.0,403.36,0.016,20,2022,2,19,5
4802,ORD104802,P-ELE-006,Electronics,Home Router,West,Mumbai,SUP-013,4.0,WH-WE-04,236.0,8.0,64.0,292.0,9.85,5606.2,24.1,Yes,No,Summer,Sunny,5023.0,2.0,1.0,382.79,0.075,12,2022,3,25,4
4803,ORD104803,P-CLO-012,Clothing,Formal Shirt,West,Surat,SUP-016,8.0,WH-WE-03,96.0,11.0,200.0,621.0,23.23,1836.07,5.2,No,No,Summer,Sunny,1697.3,1.0,1.0,380.72,0.095,15,2021,4,30,4
4804,ORD104804,P-BEA-001,Beauty,Herbal Shampoo 200ml,North,Lucknow,SUP-028,4.0,WH-NO-04,689.0,40.0,215.0,1176.0,33.35,509.34,24.2,No,No,Winter,Cloudy,474.11,0.0,0.0,204.44,0.062,40,2024,2,27,1
4805,ORD104805,P-BEA-008,Beauty,Face Wash 100ml,West,Surat,SUP-039,16.0,WH-WE-04,531.0,20.0,133.0,,21.99,372.94,11.3,No,No,Summer,Cloudy,359.88,0.0,0.0,454.56,0.051,23,2021,4,2,4
4806,ORD104806,P-GRO-015,Grocery,Masala Mix 200g,West,,SUP-014,14.0,WH-WE-05,86.0,30.0,172.0,805.0,26.46,200.95,0.5,No,No,Summer,Sunny,232.82,0.0,1.0,427.74,0.047,21,2023,4,4,1
4807,ORD104807,P-CLO-004,Clothing,Denim Jeans,North,Lucknow,SUP-009,15.0,WH-NO-04,136.0,12.0,,564.0,18.28,2255.97,7.8,No,No,Summer,Rainy,2161.47,0.0,1.0,517.2,0.034,10,2024,4,5,4
4808,ORD104808,P-CLO-001,Clothing,Woolen Sweater,South,Coimbatore,SUP-031,8.0,WH-SO-01,69.0,6.0,78.0,388.0,14.48,2454.94,19.9,No,No,Spring,Rainy,2381.01,0.0,0.0,362.12,0.037,7,2021,3,18,3
4809,ORD104809,P-CLO-005,Clothing,Denim Jeans,West,Nagpur,SUP-022,15.0,WH-WE-03,338.0,14.0,140.0,645.0,22.62,6190.09,18.3,No,No,Autumn,Stormy,2082.64,0.0,3.0,575.02,0.142,18,2021,8,10,1
4810,ORD104810,P-CLO-001,Clothing,Track Pants,South,Kochi,SUP-019,8.0,WH-SO-01,675.0,117.0,150.0,999.0,28.29,1606.09,1.2,No,No,Winter,Sunny,1436.4,0.0,0.0,242.39,0.044,31,2024,1,19,4
4811,ORD104811,P-FUR-010,Furniture,Sofa Cushion Set,South,Coimbatore,SUP-040,3.0,WH-SO-04,113.0,2.0,31.0,155.0,,19523.78,30.4,No,No,Summer,Cloudy,19751.68,0.0,0.0,1018.29,0.136,5,2024,4,18,3
4812,ORD104812,P-CLO-003,Clothing,Cotton Saree,East,Bhubaneswar,SUP-020,8.0,WH-EA-05,281.0,17.0,101.0,522.0,,,27.7,No,No,Summer,Rainy,2310.03,0.0,1.0,292.31,0.127,19,2021,4,29,3
4813,ORD104813,P-SPO-004,Sports,Running Shoes,North,Chandigarh,SUP-025,13.0,WH-NO-04,215.0,13.0,63.0,280.0,8.68,572.49,8.8,No,No,Winter,Sunny,640.39,0.0,0.0,330.21,0.007,15,2022,1,23,6
4814,ORD104814,P-CLO-009,Clothing,Denim Jeans,Central,Jabalpur,SUP-040,12.0,WH-CE-02,199.0,4.0,82.0,453.0,14.58,1126.73,26.9,No,No,Summer,Cloudy,1245.16,0.0,2.0,448.1,0.024,11,2023,6,5,0
4815,ORD104815,P-ELE-005,Electronics,Wireless Earbuds,North,Lucknow,SUP-009,13.0,WH-NO-04,303.0,10.0,96.0,412.0,12.55,21658.19,22.3,No,No,Spring,Sunny,8365.46,0.0,1.0,467.53,0.049,13,2023,3,2,3
4816,ORD104816,P-GRO-010,Grocery,Basmati Rice 5kg,North,Kanpur,SUP-037,4.0,WH-NO-01,366.0,46.0,230.0,1526.0,48.59,572.47,,No,No,Winter,Sunny,562.24,0.0,1.0,315.41,0.134,51,2023,1,25,2
4817,ORD104817,P-CLO-014,Clothing,Formal Shirt,North,Jaipur,SUP-039,8.0,WH-NO-02,373.0,17.0,108.0,525.0,17.88,2234.92,8.1,No,No,Winter,Sunny,2205.32,0.0,1.0,,0.058,22,2022,1,18,1
4818,ORD104818,P-CLO-014,Clothing,Woolen Sweater,South,Coimbatore,SUP-019,19.0,WH-SO-02,73.0,21.0,101.0,587.0,14.96,1218.04,25.5,No,No,,Cloudy,1257.75,0.0,1.0,527.83,0.071,11,2023,2,27,0
4819,ORD104819,P-CLO-011,Clothing,Cotton Saree,West,Ahmedabad,SUP-014,7.0,WH-WE-03,59.0,,142.0,,21.6,1589.51,14.5,No,No,Summer,Cloudy,1583.58,0.0,0.0,397.52,0.077,20,2021,3,15,0
4820,ORD104820,P-FUR-015,Furniture,Sofa Cushion Set,West,Nagpur,SUP-007,12.0,WH-WE-02,92.0,6.0,48.0,196.0,6.86,8823.92,17.0,No,No,Summer,Sunny,8759.87,0.0,0.0,341.06,0.164,5,2024,6,29,5
4821,ORD104821,P-GRO-012,Grocery,Wheat Flour 5kg,Central,Gwalior,SUP-002,12.0,WH-CE-03,522.0,23.0,,875.0,25.78,591.11,5.4,Yes,No,Summer,Cloudy,546.92,0.0,2.0,347.67,0.022,26,2023,3,4,5
4822,ORD104822,P-FUR-002,Furniture,Plastic Storage Rack,East,Kolkata,SUP-040,4.0,WH-EA-01,23.0,,42.0,152.0,4.72,7841.48,4.9,No,No,Autumn,Sunny,8262.2,0.0,0.0,256.34,0.02,5,2022,6,29,2
4823,ORD104823,P-FUR-015,Furniture,Plastic Storage Rack,South,Coimbatore,SUP-018,21.0,WH-SO-05,74.0,6.0,32.0,107.0,3.73,12991.21,13.5,No,No,Autumn,Sunny,13300.66,0.0,1.0,492.76,0.169,6,2022,6,21,1
4824,ORD104824,P-GRO-009,Grocery,Sunflower Oil 1L,South,Coimbatore,SUP-027,11.0,WH-SO-02,1224.0,,222.0,1471.0,51.89,203.87,2.0,No,No,Autumn,Rainy,191.54,0.0,0.0,381.04,0.078,42,2022,6,25,5
4825,ORD104825,P-GRO-001,Grocery,Tea Powder 500g,North,Kanpur,SUP-010,10.0,WH-NO-05,126.0,48.0,249.0,973.0,32.63,395.1,11.2,No,No,Autumn,Sunny,442.16,0.0,0.0,255.13,0.049,50,2022,9,28,2
4826,ORD104826,P-ELE-010,Electronics,LED TV 43in,Central,Jabalpur,SUP-013,16.0,WH-CE-01,46.0,9.0,58.0,270.0,8.76,5965.31,10.8,No,No,Autumn,Rainy,6064.83,0.0,1.0,357.74,0.066,11,2021,10,9,5
4827,ORD104827,P-GRO-004,Grocery,Toor Dal 1kg,East,Ranchi,SUP-033,2.0,WH-EA-05,761.0,22.0,248.0,,36.09,171.11,9.9,No,No,Summer,Sunny,151.62,0.0,1.0,225.75,0.065,55,2023,5,29,0
4828,ORD104828,P-BEA-009,Beauty,Sunscreen Lotion,South,Bengaluru,SUP-027,3.0,WH-SO-04,195.0,40.0,206.0,845.0,29.88,,6.5,No,No,Autumn,Sunny,1016.81,0.0,0.0,306.78,0.149,31,2021,9,26,6
4829,ORD104829,P-SPO-010,Sports,Cricket Bat,East,Guwahati,SUP-009,7.0,WH-EA-02,60.0,11.0,65.0,339.0,10.63,3921.3,4.8,No,No,Summer,Rainy,3710.28,0.0,0.0,271.51,0.194,7,2022,4,4,0
4830,ORD104830,P-CLO-001,Clothing,Woolen Sweater,West,Nagpur,SUP-001,2.0,WH-WE-04,475.0,47.0,225.0,985.0,32.79,632.33,11.6,No,No,Summer,Sunny,611.6,0.0,0.0,276.44,0.154,46,2024,6,26,2
4831,ORD104831,P-GRO-007,Grocery,Sunflower Oil 1L,North,Kanpur,SUP-033,8.0,WH-NO-04,,41.0,282.0,1065.0,32.79,266.57,0.5,No,No,Summer,Sunny,262.58,0.0,1.0,358.69,,30,2023,4,4,1
4832,ORD104832,P-FUR-001,Furniture,Sofa Cushion Set,West,Ahmedabad,SUP-004,14.0,WH-WE-04,85.0,12.0,81.0,277.0,9.14,2560.31,11.9,No,,Summer,Cloudy,2737.12,0.0,1.0,346.16,,11,2024,8,12,0
4833,ORD104833,P-BEA-002,Beauty,Body Lotion 400ml,West,Nagpur,SUP-002,6.0,WH-WE-05,412.0,22.0,194.0,717.0,28.3,966.25,0.2,No,No,Summer,Cloudy,961.79,0.0,4.0,448.61,0.076,23,2023,8,20,6
4834,ORD104834,P-GRO-004,Grocery,Sunflower Oil 1L,West,Nagpur,SUP-013,17.0,WH-WE-05,318.0,34.0,252.0,1496.0,47.74,393.23,11.7,No,No,Winter,Rainy,412.68,0.0,4.0,688.74,0.079,34,2024,2,19,0
4835,ORD104835,P-BEA-012,Beauty,Herbal Shampoo 200ml,North,Delhi,SUP-038,5.0,WH-NO-01,74.0,23.0,154.0,751.0,22.9,499.53,19.0,Yes,No,Summer,Stormy,436.65,0.0,4.0,452.65,0.045,16,2021,5,11,1
4836,ORD104836,P-ELE-007,Electronics,Bluetooth Speaker,North,Kanpur,SUP-026,3.0,WH-NO-02,48.0,6.0,66.0,309.0,9.93,14162.9,5.1,No,No,Winter,Sunny,12912.79,0.0,0.0,314.49,0.193,8,2023,1,7,5
4837,ORD104837,P-ELE-001,Electronics,Power Bank 10000mAh,South,Coimbatore,SUP-002,10.0,WH-SO-01,121.0,6.0,79.0,233.0,9.26,9279.63,2.6,No,No,Summer,Sunny,9303.36,0.0,1.0,398.86,0.12,7,2022,5,27,4
4838,ORD104838,P-ELE-012,Electronics,Laptop Stand,West,Ahmedabad,SUP-037,18.0,WH-WE-01,106.0,13.0,94.0,503.0,16.36,12821.71,6.9,No,No,Winter,Cloudy,12077.88,0.0,2.0,624.45,0.197,15,2021,1,25,0
4839,ORD104839,P-ELE-009,Electronics,Bluetooth Speaker,Central,Bhopal,SUP-038,8.0,WH-CE-01,92.0,3.0,26.0,150.0,5.27,4445.5,9.6,No,,Summer,Sunny,4372.82,0.0,0.0,336.83,0.072,4,2021,5,12,2
4840,ORD104840,P-SPO-003,Sports,Skipping Rope,East,Ranchi,SUP-028,3.0,WH-EA-04,169.0,11.0,71.0,341.0,11.32,900.91,16.9,No,No,Autumn,Cloudy,954.67,0.0,3.0,267.84,0.092,15,2021,10,5,1
4841,ORD104841,P-CLO-009,Clothing,Formal Shirt,North,Lucknow,SUP-003,4.0,WH-NO-04,279.0,17.0,132.0,539.0,17.16,1368.7,3.2,Yes,No,Winter,Sunny,1280.76,0.0,0.0,202.38,0.077,29,2021,1,11,0
4842,ORD104842,P-GRO-004,Grocery,Masala Mix 200g,North,Chandigarh,SUP-001,20.0,WH-NO-01,192.0,29.0,210.0,1022.0,35.01,70.59,17.1,Yes,No,Autumn,Rainy,66.44,0.0,1.0,605.71,0.039,27,2022,10,1,5
4843,ORD104843,P-CLO-010,Clothing,Track Pants,East,Patna,SUP-035,6.0,WH-EA-03,368.0,10.0,109.0,518.0,16.27,1018.36,7.1,No,No,Spring,Rainy,1027.3,0.0,2.0,327.42,0.131,17,2021,3,16,1
4844,ORD104844,P-GRO-015,Grocery,Sunflower Oil 1L,North,Kanpur,SUP-033,14.0,WH-NO-01,1239.0,42.0,437.0,1763.0,56.21,405.53,5.0,Yes,No,Summer,Sunny,336.55,0.0,2.0,490.49,0.072,66,2024,4,19,4
4845,ORD104845,P-GRO-005,Grocery,Toor Dal 1kg,East,Bhubaneswar,SUP-034,8.0,WH-EA-01,422.0,40.0,200.0,1157.0,37.32,317.32,28.2,Yes,No,Summer,Sunny,342.9,4.0,0.0,340.15,0.149,46,2023,5,16,1
4846,ORD104846,P-ELE-012,Electronics,Wireless Earbuds,West,Mumbai,SUP-020,11.0,WH-WE-01,102.0,7.0,55.0,230.0,7.97,5977.47,11.9,No,No,Autumn,,6039.7,0.0,0.0,355.31,0.15,11,2024,11,7,3
4847,ORD104847,P-FUR-001,Furniture,Office Chair,South,Bengaluru,SUP-024,7.0,WH-SO-03,70.0,6.0,39.0,177.0,5.37,13465.01,4.2,Yes,No,Summer,Sunny,13565.25,1.0,2.0,358.35,0.062,7,2021,5,4,1
4848,ORD104848,P-ELE-007,Electronics,Wireless Earbuds,South,Kochi,SUP-007,6.0,WH-SO-01,155.0,9.0,94.0,424.0,12.33,11976.35,8.0,No,No,Summer,Sunny,11459.62,0.0,0.0,317.26,0.233,17,2021,4,27,1
4849,ORD104849,P-BEA-014,Beauty,Face Wash 100ml,North,Lucknow,SUP-002,6.0,WH-NO-04,252.0,24.0,137.0,627.0,20.96,339.32,8.9,No,No,Summer,,358.03,0.0,1.0,325.36,0.017,27,2024,6,22,5
4850,ORD104850,P-GRO-002,Grocery,Basmati Rice 5kg,South,Coimbatore,SUP-009,9.0,WH-SO-05,589.0,52.0,359.0,1192.0,41.81,118.08,1.0,Yes,No,Summer,Sunny,116.56,0.0,0.0,386.06,0.224,55,2022,7,27,2
4851,ORD104851,P-BEA-014,Beauty,Hair Oil 250ml,West,Mumbai,SUP-025,3.0,WH-WE-05,679.0,24.0,260.0,1158.0,40.28,342.05,28.7,Yes,Yes,Winter,Sunny,375.6,0.0,0.0,178.95,0.037,100,2024,1,15,0
4852,ORD104852,P-BEA-002,Beauty,Lipstick Set,South,Kochi,SUP-017,6.0,WH-SO-05,326.0,22.0,197.0,815.0,25.2,829.1,9.9,Yes,No,Autumn,Sunny,715.62,0.0,1.0,298.38,0.095,24,2021,10,5,1
4853,ORD104853,P-ELE-008,Electronics,Bluetooth Speaker,North,Jaipur,SUP-025,19.0,WH-NO-04,58.0,4.0,63.0,233.0,7.69,4129.06,10.1,Yes,No,Winter,Sunny,4149.96,0.0,1.0,627.89,0.112,10,2021,1,13,2
4854,ORD104854,P-ELE-003,Electronics,Power Bank 10000mAh,North,Lucknow,SUP-018,10.0,WH-NO-05,173.0,13.0,44.0,301.0,10.29,14999.91,1.1,No,No,Winter,Rainy,15050.77,0.0,8.0,769.57,0.008,7,2022,12,29,3
4855,ORD104855,P-SPO-001,Sports,Skipping Rope,North,Kanpur,SUP-023,7.0,WH-NO-05,235.0,39.0,202.0,654.0,23.54,2744.33,11.5,No,No,Summer,Sunny,2812.67,0.0,4.0,459.2,0.036,29,2023,4,18,1
4856,ORD104856,P-CLO-006,Clothing,Kids Winter Jacket,East,Patna,SUP-039,11.0,WH-EA-02,80.0,20.0,93.0,494.0,15.86,1074.64,26.5,No,No,Autumn,Rainy,1195.31,2.0,0.0,299.55,0.053,15,2021,6,12,5
4857,ORD104857,P-FUR-009,Furniture,Plastic Storage Rack,East,Ranchi,SUP-026,12.0,WH-EA-04,72.0,5.0,37.0,180.0,5.66,,21.5,No,Yes,Winter,Cloudy,15770.1,0.0,0.0,445.67,0.012,6,2021,1,15,4
4858,ORD104858,P-ELE-011,Electronics,Laptop Stand,East,Bhubaneswar,SUP-039,4.0,WH-EA-02,152.0,10.0,77.0,284.0,9.53,10173.13,24.2,Yes,No,Autumn,,9038.16,0.0,1.0,439.27,0.025,15,2021,11,6,5
4859,ORD104859,P-GRO-005,Grocery,Toor Dal 1kg,East,,SUP-039,14.0,WH-EA-05,528.0,70.0,391.0,1849.0,60.02,426.53,6.5,No,No,Summer,Stormy,414.48,0.0,1.0,364.32,0.125,52,2021,6,9,2
4860,ORD104860,P-CLO-008,Clothing,Formal Shirt,North,Delhi,SUP-025,5.0,WH-NO-01,440.0,11.0,121.0,553.0,17.57,1595.91,3.1,No,No,Winter,Sunny,1354.29,0.0,0.0,330.54,0.055,19,2024,12,26,3
4861,ORD104861,P-SPO-003,Sports,Yoga Mat,East,Patna,SUP-040,5.0,WH-EA-03,215.0,9.0,73.0,303.0,,1983.48,8.9,Yes,No,Winter,Sunny,2349.48,0.0,1.0,348.13,0.121,16,2024,12,14,5
4862,ORD104862,P-GRO-011,Grocery,Sunflower Oil 1L,North,Delhi,SUP-010,14.0,WH-NO-02,,51.0,369.0,1411.0,51.57,568.36,6.9,No,No,Winter,Cloudy,610.8,0.0,1.0,395.7,0.013,50,2021,1,24,6
4863,ORD104863,P-BEA-003,Beauty,Herbal Shampoo 200ml,Central,Jabalpur,SUP-021,14.0,WH-CE-05,579.0,24.0,150.0,703.0,25.25,949.83,6.9,Yes,No,Autumn,Sunny,989.13,0.0,1.0,508.87,0.151,37,2022,10,30,6
4864,ORD104864,P-FUR-013,Furniture,Sofa Cushion Set,North,Delhi,SUP-003,3.0,WH-NO-02,34.0,4.0,37.0,130.0,4.52,14898.98,12.7,Yes,No,Autumn,Sunny,15832.12,,1.0,223.92,0.14,8,2022,7,16,5
4865,ORD104865,P-ELE-003,Electronics,Power Bank 10000mAh,South,Bengaluru,SUP-004,11.0,WH-SO-05,169.0,8.0,60.0,246.0,8.17,13534.83,30.5,No,No,Spring,Rainy,14911.08,0.0,1.0,381.15,0.179,11,2021,2,9,1
4866,ORD104866,P-GRO-010,Grocery,Toor Dal 1kg,North,Delhi,SUP-006,12.0,WH-NO-03,237.0,21.0,162.0,865.0,30.26,51.24,26.6,No,No,Autumn,Rainy,48.72,0.0,1.0,405.87,0.1,30,2023,9,1,4
4867,ORD104867,P-GRO-005,Grocery,Basmati Rice 5kg,West,Nagpur,SUP-006,12.0,WH-WE-04,410.0,30.0,264.0,1124.0,38.56,290.77,6.6,No,No,Summer,Cloudy,282.37,0.0,0.0,310.27,0.085,49,2024,5,27,0
4868,ORD104868,P-CLO-015,Clothing,Kids Winter Jacket,North,Kanpur,SUP-017,13.0,WH-NO-03,393.0,21.0,142.0,622.0,19.34,2234.23,30.9,Yes,No,Autumn,Cloudy,2295.41,0.0,0.0,391.95,,41,2023,6,13,1
4869,ORD104869,P-FUR-005,Furniture,TV Unit,Central,Gwalior,SUP-029,10.0,WH-CE-03,90.0,6.0,39.0,152.0,5.93,9222.88,23.4,Yes,No,Autumn,Cloudy,8850.84,1.0,3.0,399.04,,9,2024,9,2,0
4870,ORD104870,P-CLO-015,Clothing,Kids Winter Jacket,North,Delhi,SUP-040,14.0,WH-NO-02,193.0,28.0,149.0,779.0,28.23,2108.39,7.6,Yes,No,Autumn,Sunny,1951.94,1.0,1.0,421.77,0.07,25,2023,7,21,4
4871,ORD104871,P-GRO-013,Grocery,Basmati Rice 5kg,West,Ahmedabad,SUP-040,7.0,WH-WE-02,952.0,53.0,228.0,1152.0,41.26,119.38,9.7,No,No,Summer,Sunny,114.32,,1.0,424.97,0.076,35,2023,3,13,0
4872,ORD104872,P-FUR-008,Furniture,Study Table,East,Ranchi,SUP-008,5.0,WH-EA-04,105.0,7.0,45.0,243.0,7.21,3648.62,1.7,No,No,Autumn,Cloudy,3760.04,0.0,0.0,323.14,0.021,8,2024,10,16,2
4873,ORD104873,P-CLO-008,Clothing,Kids Winter Jacket,South,Bengaluru,SUP-018,8.0,WH-SO-02,437.0,26.0,204.0,836.0,27.68,1035.17,9.2,Yes,No,Autumn,Sunny,1110.65,0.0,1.0,399.43,0.063,36,2023,10,29,6
4874,ORD104874,P-CLO-006,Clothing,Track Pants,North,Jaipur,SUP-018,7.0,WH-NO-05,337.0,19.0,128.0,479.0,15.63,1901.14,27.6,Yes,No,Winter,Sunny,1707.86,0.0,1.0,405.39,0.161,28,2024,1,23,1
4875,ORD104875,P-CLO-007,Clothing,Men's Cotton T-Shirt,South,,SUP-004,13.0,WH-SO-01,304.0,40.0,145.0,722.0,26.28,1482.15,19.9,No,No,Spring,Cloudy,1459.65,0.0,3.0,,0.103,21,2024,2,14,2
4876,ORD104876,P-GRO-007,Grocery,Instant Noodles Pack,West,Nagpur,SUP-002,2.0,WH-WE-02,471.0,42.0,314.0,1404.0,49.27,163.85,16.2,No,No,Spring,Cloudy,163.14,0.0,0.0,128.77,0.129,57,2021,2,16,1
4877,ORD104877,P-FUR-003,Furniture,Dining Chair,West,Ahmedabad,SUP-015,7.0,WH-WE-01,259.0,12.0,51.0,238.0,10.69,5962.99,18.0,No,No,Winter,Sunny,5299.58,0.0,1.0,362.83,0.155,10,2023,12,10,6
4878,ORD104878,P-GRO-005,Grocery,Basmati Rice 5kg,North,Kanpur,SUP-035,5.0,WH-NO-05,211.0,42.0,314.0,1361.0,45.18,320.38,7.1,Yes,No,Winter,Rainy,331.88,0.0,1.0,255.95,0.176,38,2023,12,30,5
4879,ORD104879,P-GRO-014,Grocery,Sunflower Oil 1L,South,Hyderabad,SUP-016,12.0,WH-SO-03,1052.0,49.0,590.0,1927.0,68.97,210.22,14.3,No,No,Winter,Rainy,208.42,1.0,,338.02,0.077,80,2022,12,24,5
4880,ORD104880,P-ELE-015,Electronics,Wireless Earbuds,North,Jaipur,SUP-016,7.0,WH-NO-01,69.0,6.0,46.0,144.0,5.72,2284.11,14.5,No,No,Summer,Cloudy,2112.61,0.0,,310.4,0.144,6,2023,4,5,2
4881,ORD104881,P-CLO-001,Clothing,Kids Winter Jacket,North,Kanpur,SUP-040,6.0,WH-NO-01,157.0,21.0,,548.0,17.76,1033.67,10.5,No,No,Summer,Sunny,993.78,0.0,1.0,458.1,0.104,15,2024,5,1,2
4882,ORD104882,P-FUR-011,Furniture,Office Chair,East,Patna,SUP-016,11.0,WH-EA-05,12.0,2.0,19.0,78.0,2.88,6410.36,9.5,No,No,Summer,Cloudy,6684.86,2.0,2.0,331.78,0.16,1,2021,7,27,1
4883,ORD104883,P-GRO-004,Grocery,Masala Mix 200g,South,Coimbatore,SUP-028,9.0,WH-SO-05,796.0,48.0,235.0,1078.0,35.65,407.04,19.6,Yes,No,Spring,Cloudy,,0.0,2.0,425.15,0.013,47,2023,2,10,4
4884,ORD104884,P-BEA-010,Beauty,Face Wash 100ml,North,Chandigarh,SUP-040,18.0,WH-NO-02,525.0,24.0,184.0,853.0,27.69,963.48,2.0,No,No,Winter,Cloudy,989.65,0.0,2.0,652.56,0.121,36,2024,1,31,2
4885,ORD104885,P-BEA-010,Beauty,Hair Oil 250ml,West,Ahmedabad,SUP-005,6.0,WH-WE-04,,25.0,202.0,1106.0,28.91,1057.73,7.7,,No,Winter,Cloudy,1219.02,0.0,1.0,325.65,0.072,44,2022,1,15,5
4886,ORD104886,P-ELE-014,Electronics,Power Bank 10000mAh,West,Surat,SUP-021,4.0,WH-WE-02,282.0,16.0,88.0,384.0,13.35,6676.38,17.9,Yes,No,Winter,Sunny,7272.12,1.0,1.0,139.43,0.028,22,2022,1,21,4
4887,ORD104887,P-FUR-011,Furniture,Office Chair,West,Pune,SUP-014,6.0,WH-WE-05,169.0,13.0,86.0,,12.29,8621.07,15.0,No,No,Winter,Sunny,9001.32,0.0,1.0,463.75,0.121,15,2021,1,6,2
4888,ORD104888,P-GRO-013,Grocery,Wheat Flour 5kg,North,Delhi,SUP-005,13.0,WH-NO-04,860.0,28.0,204.0,1051.0,35.28,195.22,9.9,No,No,Summer,Rainy,184.24,1.0,1.0,554.79,0.051,27,2022,4,2,5
4889,ORD104889,P-SPO-013,Sports,Skipping Rope,Central,Raipur,SUP-002,5.0,WH-CE-03,97.0,9.0,115.0,426.0,15.42,2880.66,12.6,No,No,Autumn,Sunny,3141.34,0.0,3.0,332.32,0.135,15,2022,6,8,2
4890,ORD104890,P-GRO-010,Grocery,Basmati Rice 5kg,East,Ranchi,SUP-026,12.0,WH-EA-05,988.0,63.0,315.0,1264.0,41.39,476.94,3.5,Yes,No,Autumn,Cloudy,447.61,0.0,1.0,485.85,0.043,62,2024,10,23,2
4891,ORD104891,P-GRO-007,Grocery,Toor Dal 1kg,East,Kolkata,SUP-027,9.0,WH-EA-02,6976.0,38.0,348.0,1171.0,36.3,150.91,26.9,Yes,No,Summer,Rainy,159.93,0.0,5.0,555.54,0.116,60,2021,5,1,5
4892,ORD104892,P-CLO-006,Clothing,Denim Jeans,North,Lucknow,SUP-023,9.0,WH-NO-05,609.0,40.0,193.0,813.0,25.75,2293.13,3.5,No,No,Autumn,Sunny,1844.77,2.0,1.0,292.36,0.04,28,2023,8,3,3
4893,ORD104893,P-GRO-006,Grocery,Basmati Rice 5kg,West,Surat,SUP-027,7.0,WH-WE-02,190.0,33.0,264.0,1242.0,38.81,548.99,11.6,No,No,Summer,Stormy,527.3,0.0,0.0,368.05,0.066,37,2021,4,3,5
4894,ORD104894,P-FUR-006,Furniture,Plastic Storage Rack,East,Bhubaneswar,SUP-029,4.0,WH-EA-05,57.0,6.0,51.0,161.0,5.86,3966.92,12.3,No,No,Spring,,3523.35,0.0,1.0,269.16,,5,2024,3,13,2
4895,ORD104895,P-CLO-005,Clothing,Formal Shirt,West,Surat,SUP-003,6.0,WH-WE-05,301.0,10.0,134.0,479.0,15.88,612.83,9.4,No,No,Autumn,Cloudy,598.8,0.0,0.0,295.07,,24,2022,11,17,3
4896,ORD104896,P-GRO-005,Grocery,Wheat Flour 5kg,East,Bhubaneswar,SUP-002,9.0,WH-EA-03,503.0,25.0,224.0,907.0,36.05,270.08,3.9,No,No,Autumn,Cloudy,236.82,0.0,3.0,498.0,0.076,31,2022,9,15,3
4897,ORD104897,P-CLO-009,Clothing,Track Pants,West,Nagpur,SUP-014,6.0,WH-WE-01,439.0,18.0,186.0,522.0,21.1,2061.59,17.4,No,No,Autumn,Rainy,2066.3,0.0,0.0,321.8,0.05,27,2024,10,10,3
4898,ORD104898,P-SPO-005,Sports,Cricket Bat,West,Nagpur,SUP-023,3.0,WH-WE-04,420.0,44.0,217.0,1036.0,29.57,3565.6,13.5,No,No,Winter,,3698.83,0.0,0.0,279.62,0.1,67,2023,12,31,6
4899,ORD104899,P-BEA-006,Beauty,Lipstick Set,Central,Raipur,SUP-037,16.0,WH-CE-04,111.0,17.0,87.0,476.0,15.72,929.92,8.3,No,No,Autumn,,881.56,0.0,2.0,450.39,0.064,16,2021,6,4,4
4900,ORD104900,P-CLO-011,Clothing,Women's Kurti,North,Chandigarh,SUP-040,12.0,WH-NO-05,203.0,33.0,153.0,783.0,24.59,727.52,21.9,No,No,Winter,,708.89,0.0,4.0,,0.04,29,2022,1,24,0
4901,ORD104901,P-GRO-005,Grocery,Instant Noodles Pack,North,Lucknow,SUP-034,9.0,WH-NO-02,1143.0,81.0,319.0,1605.0,50.42,80.5,5.2,No,No,Spring,Rainy,81.91,0.0,1.0,330.23,0.098,65,2022,2,4,4
4902,ORD104902,P-ELE-002,Electronics,Smartwatch,West,Ahmedabad,SUP-012,,WH-WE-02,95.0,11.0,72.0,251.0,8.4,5570.08,0.4,No,No,Summer,Cloudy,5549.09,0.0,0.0,448.1,0.075,10,2023,6,10,5
4903,ORD104903,P-SPO-001,Sports,Running Shoes,East,Ranchi,SUP-023,5.0,WH-EA-02,147.0,15.0,82.0,389.0,11.45,1286.82,10.0,Yes,No,Summer,Rainy,1425.58,0.0,3.0,321.88,0.067,23,2024,4,27,5
4904,ORD104904,P-FUR-012,Furniture,Study Table,East,Bhubaneswar,SUP-005,7.0,WH-EA-02,92.0,5.0,31.0,129.0,4.36,12149.6,17.1,No,No,Autumn,Sunny,11483.43,0.0,1.0,338.09,0.077,4,2023,7,21,4
4905,ORD104905,P-CLO-015,Clothing,Formal Shirt,West,Surat,SUP-020,4.0,WH-WE-01,425.0,28.0,135.0,458.0,19.51,2258.02,12.7,Yes,No,Summer,Sunny,2355.07,0.0,1.0,316.87,0.061,25,2022,8,11,3
4906,ORD104906,P-SPO-011,Sports,Cricket Bat,East,Bhubaneswar,SUP-004,6.0,WH-EA-01,190.0,21.0,172.0,577.0,18.95,1242.33,3.5,No,No,Winter,Rainy,1268.19,0.0,1.0,323.98,0.037,19,2023,12,27,2
4907,ORD104907,P-ELE-001,Electronics,LED TV 43in,West,Surat,SUP-040,11.0,WH-WE-03,38.0,9.0,45.0,,6.6,,21.7,No,,Winter,Sunny,12733.59,0.0,2.0,524.99,0.043,5,2024,1,14,6
4908,ORD104908,P-FUR-009,Furniture,TV Unit,South,Coimbatore,SUP-019,10.0,WH-SO-05,40.0,,41.0,159.0,6.19,8276.76,33.0,Yes,No,Summer,Cloudy,8334.55,2.0,1.0,356.95,0.146,7,2021,4,28,2
4909,ORD104909,P-GRO-005,Grocery,Sugar 1kg,West,Ahmedabad,SUP-029,21.0,WH-WE-01,546.0,29.0,197.0,696.0,23.91,104.85,9.1,Yes,No,Spring,Cloudy,104.12,0.0,1.0,547.01,0.059,28,2023,3,4,5
4910,ORD104910,P-ELE-005,Electronics,Wireless Earbuds,North,Kanpur,SUP-005,6.0,WH-NO-02,178.0,13.0,84.0,390.0,11.73,2855.44,1.4,No,No,Autumn,Sunny,2742.96,0.0,1.0,344.78,0.058,16,2023,11,5,6
4911,ORD104911,P-CLO-014,Clothing,Denim Jeans,East,Ranchi,SUP-039,13.0,WH-EA-05,,15.0,137.0,528.0,16.2,1873.01,8.7,No,No,Autumn,Sunny,2138.88,0.0,1.0,444.52,0.009,25,2023,6,2,4
4912,ORD104912,P-GRO-013,Grocery,Instant Noodles Pack,West,Mumbai,SUP-021,18.0,WH-WE-01,363.0,17.0,197.0,,30.09,343.12,21.4,No,No,Winter,Sunny,378.39,0.0,1.0,418.53,0.1,52,2021,12,24,4
4913,ORD104913,P-SPO-012,Sports,Football,South,Chennai,SUP-003,6.0,WH-SO-01,243.0,100.0,96.0,369.0,13.37,1886.72,6.7,Yes,No,Summer,Rainy,1771.61,0.0,0.0,377.57,0.055,15,2021,8,24,1
4914,ORD104914,P-GRO-008,Grocery,Instant Noodles Pack,South,Kochi,SUP-015,23.0,WH-SO-05,249.0,32.0,253.0,852.0,28.49,551.07,2.8,No,No,Spring,Sunny,579.08,0.0,3.0,726.2,0.011,32,2022,3,1,1
4915,ORD104915,P-BEA-009,Beauty,Moisturizer Cream,South,Hyderabad,SUP-009,11.0,WH-SO-02,575.0,23.0,211.0,1000.0,,634.53,12.3,No,No,Summer,Sunny,672.29,0.0,1.0,351.81,0.076,35,2022,5,30,0
4916,ORD104916,P-BEA-014,Beauty,Lipstick Set,East,Patna,SUP-003,6.0,WH-EA-02,361.0,30.0,227.0,909.0,28.27,394.1,16.4,No,No,Autumn,Stormy,398.7,0.0,1.0,363.1,0.188,27,2024,9,8,6
4917,ORD104917,P-FUR-010,Furniture,TV Unit,South,Coimbatore,SUP-002,12.0,WH-SO-01,47.0,5.0,23.0,128.0,4.34,10682.86,7.3,No,No,Summer,Rainy,9744.39,0.0,0.0,357.23,0.119,3,2023,6,28,2
4918,ORD104918,P-SPO-009,Sports,Running Shoes,North,Jaipur,SUP-029,7.0,WH-NO-03,231.0,20.0,118.0,525.0,15.18,4695.39,,No,No,Summer,Cloudy,4337.66,1.0,1.0,397.35,0.096,23,2024,5,6,0
4919,ORD104919,P-GRO-002,Grocery,Wheat Flour 5kg,West,Mumbai,SUP-035,12.0,WH-WE-05,610.0,37.0,,1050.0,34.28,333.44,23.8,No,No,Spring,,347.52,0.0,1.0,510.06,0.189,42,2021,2,9,1
4920,ORD104920,P-GRO-015,Grocery,Basmati Rice 5kg,North,Delhi,SUP-027,5.0,WH-NO-05,483.0,41.0,271.0,988.0,34.22,297.6,25.6,No,No,Spring,Rainy,309.67,0.0,6.0,,0.065,38,2024,2,20,1
4921,ORD104921,P-ELE-013,Electronics,Smartphone Charger,East,Ranchi,SUP-028,6.0,WH-EA-04,254.0,12.0,76.0,369.0,13.05,11423.92,15.2,No,No,Autumn,Rainy,11163.12,0.0,3.0,517.87,0.08,14,2021,10,3,6
4922,ORD104922,P-GRO-006,Grocery,Toor Dal 1kg,East,Guwahati,SUP-002,,WH-EA-04,315.0,27.0,243.0,825.0,30.15,475.04,17.0,No,No,Summer,Rainy,525.04,0.0,1.0,474.38,0.146,46,2023,4,7,4
4923,ORD104923,P-SPO-004,Sports,Football,North,Lucknow,SUP-008,2.0,WH-NO-04,172.0,19.0,139.0,661.0,20.02,2386.95,,Yes,No,Autumn,Cloudy,2672.13,0.0,0.0,172.06,0.086,29,2022,7,19,1
4924,ORD104924,P-CLO-015,Clothing,Woolen Sweater,North,Kanpur,SUP-002,,WH-NO-04,484.0,28.0,240.0,950.0,32.39,1296.12,10.5,No,No,Autumn,Cloudy,1449.75,0.0,1.0,290.79,0.076,38,2024,6,15,5
4925,ORD104925,P-GRO-015,Grocery,Basmati Rice 5kg,Central,Bhopal,SUP-039,10.0,WH-CE-03,327.0,28.0,215.0,647.0,30.29,174.74,20.6,Yes,No,Autumn,Rainy,195.51,0.0,1.0,392.68,0.041,37,2023,9,13,2
4926,ORD104926,P-GRO-007,Grocery,Tea Powder 500g,West,Nagpur,SUP-030,13.0,WH-WE-02,1096.0,55.0,327.0,1370.0,47.63,422.15,8.0,Yes,No,Autumn,Rainy,421.62,0.0,4.0,575.36,0.036,63,2022,11,4,4
4927,ORD104927,P-CLO-004,Clothing,Woolen Sweater,North,Delhi,SUP-039,6.0,WH-NO-05,323.0,23.0,122.0,651.0,19.37,423.97,20.2,No,No,Winter,Cloudy,378.7,0.0,2.0,309.74,0.149,26,2023,1,15,6
4928,ORD104928,P-FUR-012,Furniture,Wooden Bookshelf,West,Surat,SUP-037,9.0,WH-WE-05,81.0,7.0,38.0,182.0,6.37,6775.02,15.3,Yes,No,Autumn,Sunny,6600.28,0.0,0.0,282.16,0.092,8,2023,10,30,0
4929,ORD104929,P-GRO-010,Grocery,Tea Powder 500g,East,Ranchi,SUP-009,6.0,WH-EA-01,881.0,45.0,316.0,1061.0,40.99,170.05,8.5,Yes,No,Autumn,Rainy,168.49,0.0,2.0,,0.042,56,2023,11,17,4
4930,ORD104930,P-BEA-014,Beauty,Face Wash 100ml,North,Jaipur,SUP-021,5.0,WH-NO-01,560.0,33.0,138.0,679.0,23.83,511.16,12.5,No,No,Summer,Sunny,485.41,0.0,2.0,354.4,0.2,23,2023,4,18,1
4931,ORD104931,P-FUR-009,Furniture,Sofa Cushion Set,West,Surat,SUP-026,4.0,WH-WE-04,87.0,10.0,48.0,222.0,7.0,9896.47,11.6,No,No,Autumn,Sunny,9594.97,0.0,1.0,255.65,0.154,11,2023,11,28,1
4932,ORD104932,P-BEA-009,Beauty,Talcum Powder,East,Patna,SUP-030,12.0,WH-EA-01,292.0,17.0,99.0,488.0,16.71,412.1,8.4,No,No,Spring,Sunny,374.01,0.0,1.0,464.96,0.06,12,2024,2,27,1
4933,ORD104933,P-GRO-003,Grocery,Instant Noodles Pack,North,Lucknow,SUP-027,11.0,WH-NO-05,361.0,50.0,224.0,919.0,33.91,514.93,6.1,No,No,Winter,Sunny,544.36,0.0,2.0,449.28,0.021,32,2021,2,15,0
4934,ORD104934,P-FUR-010,Furniture,Office Chair,West,Pune,SUP-019,9.0,WH-WE-05,79.0,8.0,28.0,175.0,5.53,14684.02,7.0,No,No,Summer,Cloudy,16596.82,0.0,0.0,454.71,0.098,5,2022,6,21,1
4935,ORD104935,P-ELE-006,Electronics,LED TV 43in,South,,SUP-001,11.0,WH-SO-01,184.0,13.0,103.0,420.0,12.59,9758.02,7.3,Yes,Yes,Autumn,Sunny,11617.5,0.0,1.0,540.75,0.197,28,2024,8,10,5
4936,ORD104936,P-GRO-004,Grocery,Sugar 1kg,South,Chennai,SUP-038,11.0,WH-SO-04,,46.0,434.0,1923.0,56.07,534.73,14.3,Yes,No,Summer,Cloudy,545.35,0.0,2.0,460.69,0.187,75,2022,4,15,4
4937,ORD104937,P-BEA-012,Beauty,Body Lotion 400ml,South,Chennai,SUP-028,7.0,WH-SO-01,512.0,22.0,169.0,744.0,24.38,209.44,5.0,No,No,Summer,Stormy,206.56,0.0,2.0,377.65,0.024,19,2024,4,19,4
4938,ORD104938,P-FUR-006,Furniture,Plastic Storage Rack,West,Surat,SUP-034,7.0,WH-WE-02,39.0,7.0,46.0,188.0,6.4,3132.14,10.8,Yes,No,Spring,Sunny,3122.88,0.0,5.0,509.04,0.094,6,2023,3,14,1
4939,ORD104939,P-ELE-004,Electronics,Home Router,West,Pune,SUP-009,5.0,WH-WE-03,178.0,8.0,69.0,262.0,8.4,12889.28,2.0,No,No,Winter,Sunny,14292.86,1.0,0.0,233.97,0.014,11,2022,2,1,1
4940,ORD104940,P-BEA-015,Beauty,Herbal Shampoo 200ml,Central,Bhopal,SUP-005,6.0,WH-CE-04,138.0,17.0,157.0,823.0,24.45,258.29,7.8,Yes,No,Summer,,286.07,2.0,1.0,356.38,0.051,22,2022,5,27,4
4941,ORD104941,P-ELE-015,Electronics,Laptop Stand,North,Jaipur,SUP-037,12.0,WH-NO-01,182.0,6.0,74.0,291.0,8.8,14677.48,22.7,No,No,Winter,Rainy,14394.98,0.0,0.0,326.74,0.148,15,2022,12,9,4
4942,ORD104942,P-CLO-008,Clothing,Formal Shirt,West,Ahmedabad,SUP-033,14.0,WH-WE-01,,19.0,135.0,643.0,21.64,655.38,11.8,Yes,No,,Sunny,,0.0,0.0,424.32,0.074,28,2021,7,2,4
4943,ORD104943,P-SPO-005,Sports,Running Shoes,East,Patna,SUP-034,4.0,WH-EA-02,,10.0,80.0,313.0,11.57,1507.7,,Yes,No,Summer,Sunny,1527.19,0.0,4.0,377.78,0.124,13,2022,3,27,6
4944,ORD104944,P-CLO-003,Clothing,Kids Winter Jacket,South,Coimbatore,SUP-018,9.0,WH-SO-04,407.0,8.0,105.0,585.0,19.1,621.16,16.4,Yes,No,Autumn,Sunny,584.61,0.0,0.0,287.26,0.042,27,2023,9,22,4
4945,ORD104945,P-BEA-010,Beauty,Lipstick Set,North,Lucknow,SUP-037,3.0,WH-NO-03,147.0,24.0,163.0,578.0,19.34,113.96,15.2,No,No,Autumn,Sunny,112.55,0.0,0.0,215.82,0.121,26,2024,8,17,5
4946,ORD104946,P-CLO-010,Clothing,Track Pants,West,Surat,SUP-009,12.0,WH-WE-02,332.0,34.0,171.0,802.0,25.63,1963.5,12.7,No,No,Autumn,Cloudy,2231.02,0.0,1.0,392.18,0.037,29,2024,10,20,6
4947,ORD104947,P-BEA-010,Beauty,Body Lotion 400ml,South,Bengaluru,SUP-031,5.0,WH-SO-01,514.0,38.0,,853.0,32.02,316.41,13.9,No,No,Summer,Cloudy,334.68,0.0,0.0,296.38,,35,2022,7,14,3
4948,ORD104948,P-FUR-012,Furniture,Dining Chair,East,,SUP-020,,WH-EA-05,73.0,1.0,20.0,91.0,3.24,10936.74,,No,No,Spring,Sunny,10493.35,1.0,1.0,384.28,0.041,2,2024,3,6,2
4949,ORD104949,P-FUR-008,Furniture,Study Table,East,Bhubaneswar,SUP-007,9.0,WH-EA-04,60.0,5.0,36.0,172.0,5.29,12939.07,14.3,Yes,No,Autumn,Sunny,13909.32,0.0,0.0,337.23,0.11,5,2022,8,2,1
4950,ORD104950,P-GRO-011,Grocery,Toor Dal 1kg,North,Lucknow,SUP-029,2.0,WH-NO-05,283.0,47.0,243.0,1253.0,41.09,157.02,12.1,No,No,Summer,Cloudy,165.99,0.0,0.0,244.52,0.164,44,2024,3,24,6
4951,ORD104951,P-BEA-010,Beauty,Hair Oil 250ml,Central,Gwalior,SUP-015,14.0,WH-CE-03,425.0,25.0,110.0,476.0,18.02,1018.73,30.2,No,No,Summer,,993.47,0.0,1.0,480.08,0.007,28,2024,8,25,6
4952,ORD104952,P-GRO-012,Grocery,Instant Noodles Pack,West,,SUP-007,8.0,WH-WE-05,417.0,67.0,214.0,1374.0,40.59,128.96,15.2,No,No,Autumn,Cloudy,121.26,0.0,,269.35,0.123,43,2022,10,14,4
4953,ORD104953,P-SPO-012,Sports,Yoga Mat,East,Guwahati,SUP-029,5.0,WH-EA-04,313.0,15.0,100.0,432.0,14.88,2741.89,,No,No,Summer,Rainy,2498.13,0.0,2.0,361.29,0.149,12,2023,5,28,6
4954,ORD104954,P-GRO-001,Grocery,Sugar 1kg,West,Pune,SUP-031,16.0,WH-WE-03,1860.0,80.0,476.0,2376.0,76.46,447.84,4.9,No,No,Autumn,Stormy,388.93,0.0,0.0,425.07,0.066,73,2024,6,20,3
4955,ORD104955,P-GRO-010,Grocery,Tea Powder 500g,South,Hyderabad,SUP-013,6.0,WH-SO-03,1283.0,67.0,547.0,1676.0,58.85,409.07,6.0,No,No,Autumn,Sunny,387.66,0.0,0.0,246.36,0.066,48,2021,7,21,2
4956,ORD104956,P-BEA-015,Beauty,Herbal Shampoo 200ml,West,Surat,SUP-039,,WH-WE-03,261.0,28.0,194.0,1029.0,33.45,690.84,9.4,No,No,Winter,Sunny,681.02,0.0,1.0,325.2,0.254,34,2021,12,27,0
4957,ORD104957,P-GRO-009,Grocery,Masala Mix 200g,North,Kanpur,SUP-029,,WH-NO-03,187.0,42.0,340.0,1847.0,54.54,391.91,6.6,Yes,No,Autumn,Cloudy,431.42,0.0,1.0,443.59,0.17,47,2023,7,4,1
4958,ORD104958,P-GRO-008,Grocery,Toor Dal 1kg,South,Chennai,SUP-001,11.0,WH-SO-04,1107.0,61.0,371.0,1621.0,47.85,330.16,,No,No,Autumn,Sunny,351.93,0.0,2.0,515.61,0.222,88,2021,9,19,6
4959,ORD104959,P-FUR-010,Furniture,Foldable Bed,South,Hyderabad,SUP-014,8.0,WH-SO-03,110.0,6.0,27.0,161.0,4.65,13852.01,18.2,No,No,Spring,Sunny,14069.77,0.0,3.0,491.26,0.015,7,2024,3,6,2
4960,ORD104960,P-ELE-009,Electronics,LED TV 43in,South,Hyderabad,SUP-039,1.0,WH-SO-05,105.0,10.0,76.0,317.0,11.12,12243.65,27.3,No,No,Winter,Cloudy,10408.27,0.0,0.0,235.38,0.059,9,2022,1,25,1
4961,ORD104961,P-ELE-007,Electronics,Wireless Earbuds,South,Kochi,SUP-008,5.0,WH-SO-05,110.0,4.0,51.0,211.0,6.63,4380.57,8.8,No,No,Summer,Cloudy,4484.05,0.0,0.0,289.41,0.106,7,2022,5,9,0
4962,ORD104962,P-CLO-015,Clothing,Formal Shirt,North,Kanpur,SUP-039,10.0,WH-NO-03,73.0,6.0,126.0,,16.53,1649.53,8.2,No,No,Summer,Sunny,1432.39,0.0,1.0,411.55,0.034,10,2024,3,30,5
4963,ORD104963,P-GRO-002,Grocery,Sugar 1kg,Central,Gwalior,SUP-021,15.0,WH-CE-02,594.0,37.0,263.0,1167.0,37.75,120.98,9.6,Yes,No,Spring,Cloudy,129.43,0.0,1.0,493.04,0.113,57,2023,2,9,3
4964,ORD104964,P-GRO-013,Grocery,Wheat Flour 5kg,North,Kanpur,SUP-028,7.0,WH-NO-04,697.0,36.0,252.0,1309.0,36.89,445.71,,Yes,No,Summer,Sunny,477.85,0.0,0.0,374.33,0.046,58,2024,3,1,4
4965,ORD104965,P-ELE-003,Electronics,Home Router,North,Delhi,SUP-028,6.0,WH-NO-04,68.0,7.0,60.0,198.0,7.53,12646.29,14.7,No,No,Autumn,Sunny,12697.79,0.0,1.0,314.55,0.034,7,2023,7,5,2
4966,ORD104966,P-GRO-004,Grocery,Instant Noodles Pack,South,Coimbatore,SUP-021,2.0,WH-SO-02,270.0,48.0,,1047.0,38.16,139.28,14.4,No,No,Winter,,148.38,0.0,2.0,318.03,0.123,48,2023,1,22,6
4967,ORD104967,P-GRO-010,Grocery,Sugar 1kg,East,Ranchi,SUP-021,8.0,WH-EA-05,304.0,28.0,187.0,789.0,26.74,348.56,25.3,No,No,Winter,Sunny,,0.0,1.0,427.24,0.065,42,2023,1,16,0
4968,ORD104968,P-ELE-010,Electronics,Power Bank 10000mAh,North,Jaipur,SUP-023,11.0,WH-NO-04,230.0,4.0,68.0,266.0,9.12,8279.98,1.8,No,No,Spring,Stormy,8352.56,0.0,1.0,,0.05,6,2024,3,18,0
4969,ORD104969,P-FUR-014,Furniture,Dining Chair,East,Bhubaneswar,SUP-026,6.0,WH-EA-04,21.0,7.0,30.0,151.0,4.66,18571.66,0.6,Yes,No,Winter,Sunny,18356.39,0.0,3.0,380.2,0.063,3,2024,12,30,0
4970,ORD104970,P-FUR-005,Furniture,Sofa Cushion Set,West,Nagpur,SUP-030,10.0,WH-WE-04,64.0,,51.0,201.0,6.23,15950.75,2.6,Yes,No,Winter,Rainy,14255.19,0.0,1.0,357.46,0.032,8,2021,2,5,4
4971,ORD104971,P-ELE-001,Electronics,Power Bank 10000mAh,North,Jaipur,SUP-018,10.0,WH-NO-02,33.0,9.0,83.0,256.0,10.72,10077.0,9.2,Yes,No,Winter,Stormy,9790.76,,0.0,328.49,0.05,9,2023,1,11,2
4972,ORD104972,P-GRO-004,Grocery,Sugar 1kg,Central,Jabalpur,SUP-018,3.0,WH-CE-04,457.0,23.0,213.0,869.0,32.42,240.64,18.2,No,No,Spring,Sunny,221.45,0.0,1.0,344.38,0.109,36,2024,2,19,0
4973,ORD104973,P-SPO-009,Sports,Skipping Rope,South,Bengaluru,SUP-032,3.0,WH-SO-01,256.0,12.0,69.0,318.0,10.8,1147.75,11.2,Yes,No,Autumn,Sunny,1055.32,0.0,2.0,440.75,0.034,16,2023,7,29,5
4974,ORD104974,P-CLO-006,Clothing,Men's Cotton T-Shirt,East,Guwahati,SUP-031,5.0,WH-EA-04,326.0,9.0,123.0,394.0,13.97,739.64,17.9,Yes,No,Winter,Rainy,696.27,0.0,0.0,230.91,0.115,13,2022,12,9,4
4975,ORD104975,P-GRO-004,Grocery,Wheat Flour 5kg,North,Chandigarh,SUP-026,6.0,WH-NO-03,646.0,45.0,242.0,1178.0,37.93,232.41,21.9,No,No,Summer,Sunny,195.94,0.0,0.0,203.63,0.132,43,2024,3,5,1
4976,ORD104976,P-CLO-014,Clothing,Woolen Sweater,West,Nagpur,SUP-019,14.0,WH-WE-03,110.0,30.0,224.0,1044.0,33.49,1077.26,14.0,Yes,Yes,Autumn,Cloudy,1161.66,0.0,0.0,377.19,0.031,41,2022,11,16,2
4977,ORD104977,P-GRO-009,Grocery,Toor Dal 1kg,West,Nagpur,SUP-023,6.0,WH-WE-04,223.0,57.0,262.0,1088.0,46.83,507.74,16.9,Yes,Yes,Autumn,Sunny,516.64,0.0,0.0,295.66,0.058,56,2021,7,19,0
4978,ORD104978,P-BEA-011,Beauty,Face Wash 100ml,North,Kanpur,SUP-023,14.0,WH-NO-02,211.0,6.0,162.0,588.0,20.24,528.39,12.7,No,No,Spring,Rainy,577.46,0.0,1.0,426.71,0.125,20,2022,2,2,2
4979,ORD104979,P-SPO-012,Sports,Skipping Rope,North,Lucknow,SUP-018,13.0,WH-NO-04,273.0,13.0,87.0,376.0,13.71,3896.4,7.4,No,No,Summer,,4146.38,1.0,0.0,419.7,0.067,14,2021,3,6,5
4980,ORD104980,P-SPO-007,Sports,Running Shoes,South,Hyderabad,SUP-008,8.0,WH-SO-01,200.0,18.0,104.0,454.0,14.97,1800.58,20.7,No,No,Autumn,Cloudy,1872.44,0.0,8.0,633.26,0.1,17,2023,10,23,0
4981,ORD104981,P-GRO-012,Grocery,Masala Mix 200g,North,Delhi,SUP-022,5.0,WH-NO-04,677.0,26.0,273.0,1276.0,39.91,300.92,16.4,No,No,Autumn,Sunny,320.04,0.0,1.0,372.89,0.099,50,2024,11,22,4
4982,ORD104982,P-GRO-015,Grocery,Basmati Rice 5kg,Central,Jabalpur,SUP-018,4.0,WH-CE-04,756.0,38.0,324.0,1009.0,34.39,321.4,14.7,No,No,Summer,Cloudy,325.28,0.0,0.0,284.17,0.048,46,2022,7,9,5
4983,ORD104983,P-ELE-011,Electronics,Smartphone Charger,East,Patna,SUP-003,3.0,WH-EA-01,26.0,7.0,58.0,173.0,6.6,4782.28,9.2,Yes,,Winter,Cloudy,5281.58,0.0,0.0,95.27,0.043,10,2023,12,6,2
4984,ORD104984,P-GRO-005,Grocery,Tea Powder 500g,East,Guwahati,SUP-039,,WH-EA-04,604.0,57.0,385.0,1795.0,52.89,542.91,4.0,No,No,Winter,,520.77,1.0,1.0,368.32,,62,2024,12,6,4
4985,ORD104985,P-GRO-012,Grocery,Sunflower Oil 1L,Central,Raipur,SUP-027,3.0,WH-CE-04,421.0,26.0,181.0,801.0,28.98,357.15,1.1,Yes,No,Summer,Rainy,356.57,0.0,1.0,267.54,0.079,33,2022,7,29,4
4986,ORD104986,P-FUR-004,Furniture,Foldable Bed,West,,SUP-005,6.0,WH-WE-03,208.0,11.0,65.0,261.0,9.19,15171.4,2.4,No,No,Summer,Sunny,14832.54,0.0,1.0,238.8,0.026,10,2024,7,13,5
4987,ORD104987,P-ELE-002,Electronics,LED TV 43in,West,Nagpur,SUP-009,12.0,WH-WE-04,136.0,8.0,53.0,187.0,7.68,12387.43,2.8,No,Yes,Winter,Sunny,14386.32,0.0,0.0,407.4,0.058,12,2021,1,26,1
4988,ORD104988,P-SPO-007,Sports,Football,South,Coimbatore,SUP-023,4.0,WH-SO-01,229.0,,82.0,300.0,9.51,4918.4,1.3,Yes,No,Autumn,Sunny,4669.79,0.0,0.0,313.06,0.14,13,2023,9,18,0
4989,ORD104989,P-ELE-008,Electronics,Power Bank 10000mAh,South,Coimbatore,SUP-035,8.0,WH-SO-05,115.0,8.0,91.0,285.0,9.48,7111.36,18.8,,No,Autumn,Cloudy,7843.97,0.0,5.0,535.24,0.102,13,2021,9,1,2
4990,ORD104990,P-ELE-008,Electronics,Wireless Earbuds,South,Bengaluru,SUP-020,5.0,WH-SO-05,128.0,9.0,95.0,,13.0,12278.82,3.9,No,No,Winter,Rainy,10939.59,0.0,0.0,,0.014,14,2024,2,16,4
4991,ORD104991,P-BEA-004,Beauty,Body Lotion 400ml,South,Kochi,SUP-033,6.0,WH-SO-04,174.0,34.0,230.0,813.0,29.5,361.13,,No,No,Winter,Sunny,364.03,0.0,1.0,318.92,0.046,26,2021,1,15,4
4992,ORD104992,P-FUR-005,Furniture,Office Chair,South,Bengaluru,SUP-006,8.0,WH-SO-01,64.0,4.0,51.0,180.0,5.62,17558.0,20.2,No,No,Summer,Sunny,17302.93,0.0,,315.6,0.237,8,2024,5,1,2
4993,ORD104993,P-GRO-014,Grocery,Tea Powder 500g,North,Chandigarh,SUP-022,3.0,WH-NO-03,443.0,59.0,311.0,1419.0,41.44,490.72,11.6,Yes,No,Summer,Stormy,450.64,0.0,7.0,519.44,0.099,42,2022,8,3,2
4994,ORD104994,P-CLO-005,Clothing,Woolen Sweater,South,Chennai,SUP-034,16.0,WH-SO-05,294.0,36.0,138.0,524.0,22.65,946.0,11.8,No,No,Winter,Sunny,895.71,1.0,1.0,414.14,0.047,29,2021,12,13,0
4995,ORD104995,P-GRO-012,Grocery,Basmati Rice 5kg,South,Chennai,SUP-034,6.0,WH-SO-04,1186.0,52.0,452.0,2069.0,66.03,524.58,4.2,No,No,Summer,Rainy,545.69,0.0,0.0,262.17,0.019,64,2023,3,22,2
4996,ORD104996,P-ELE-004,Electronics,Home Router,South,Kochi,SUP-010,6.0,WH-SO-05,,7.0,62.0,228.0,8.9,6867.01,9.7,No,No,Winter,,6682.17,0.0,0.0,245.73,0.203,7,2024,12,16,0
4997,ORD104997,P-CLO-002,Clothing,Denim Jeans,North,Lucknow,SUP-027,9.0,WH-NO-04,696.0,32.0,177.0,896.0,28.59,1718.1,2.6,No,No,Autumn,Rainy,1585.44,0.0,0.0,291.45,0.017,29,2021,8,23,0
4998,ORD104998,P-GRO-001,Grocery,Sugar 1kg,South,,SUP-002,2.0,WH-SO-04,201.0,35.0,224.0,1063.0,32.0,432.35,2.3,Yes,No,Spring,Sunny,463.4,0.0,0.0,360.04,0.02,40,2022,3,29,1
4999,ORD104999,P-FUR-004,Furniture,Dining Chair,East,Patna,SUP-006,10.0,WH-EA-02,114.0,4.0,24.0,118.0,4.39,18416.83,4.0,No,No,Summer,Cloudy,18385.61,0.0,3.0,452.79,0.021,4,2023,7,24,0
