Order_ID,Order_Date,Product_ID,Product_Category,Product_Name,Region,City,Supplier_ID,Supplier_Lead_Time_Days,Warehouse_ID,Current_Inventory,Previous_Day_Sales,Previous_7_Days_Sales,Previous_30_Days_Sales,Average_Daily_Sales,Unit_Price,Discount_Percentage,Promotion,Holiday,Season,Weather,Competitor_Price,Stockout_Days,Delivery_Delay_Days,Transportation_Cost,Customer_Return_Rate,Demand_Quantity
ORD100000,2024-04-02,P-BEA-004,Beauty,Talcum Powder,North,Delhi,SUP-034,4.0,WH-NO-05,310.0,16.0,169.0,533.0,22.23,1023.28,8.0,No,No,Summer,Sunny,1033.61,0.0,21.0,218.83,0.129,22
ORD100001,2023-02-19,P-CLO-006,Clothing,Cotton Saree,West,Surat,SUP-019,13.0,WH-WE-04,100.0,21.0,127.0,488.0,16.42,574.07,3.9,Yes,No,Spring,Sunny,618.38,0.0,2.0,476.26,0.021,29
ORD100002,2024-03-14,P-BEA-013,Beauty,Lipstick Set,West,Pune,SUP-028,11.0,WH-WE-02,120.0,30.0,136.0,642.0,21.96,775.39,21.2,No,No,Summer,Sunny,749.79,0.0,1.0,379.62,0.023,20
ORD100003,2021-10-26,P-FUR-002,Furniture,Study Table,North,Jaipur,SUP-039,2.0,WH-NO-05,156.0,6.0,41.0,238.0,6.76,7612.19,20.2,No,Yes,Autumn,Rainy,7279.16,0.0,,440.4,0.048,9
ORD100004,2022-01-27,P-ELE-002,Electronics,Smartphone Charger,North,Chandigarh,SUP-002,4.0,WH-NO-05,220.0,15.0,64.0,363.0,12.74,5600.06,13.1,No,No,Winter,Sunny,5218.89,0.0,1.0,239.47,0.072,10
ORD100005,2021-05-09,P-SPO-005,Sports,Football,South,Chennai,SUP-005,3.0,WH-SO-01,58.0,11.0,56.0,329.0,10.65,3072.38,9.6,Yes,No,Summer,Rainy,3564.05,1.0,0.0,253.36,0.078,13
ORD100006,2023-09-14,P-BEA-010,Beauty,Lipstick Set,West,Ahmedabad,SUP-037,16.0,WH-WE-01,345.0,36.0,181.0,868.0,30.25,1027.41,10.3,No,No,Autumn,Rainy,1150.14,0.0,1.0,368.05,0.164,36
ORD100007,2023-12-07,P-BEA-013,Beauty,Talcum Powder,East,Kolkata,SUP-023,5.0,WH-EA-02,431.0,27.0,132.0,485.0,19.85,459.05,3.2,No,No,Winter,Sunny,448.22,0.0,1.0,258.87,0.099,23
ORD100008,2022-02-19,P-ELE-009,Electronics,Wireless Earbuds,West,Surat,SUP-025,9.0,WH-WE-04,102.0,8.0,91.0,346.0,11.62,5957.28,18.0,No,No,Spring,Cloudy,6519.78,0.0,1.0,347.3,0.025,13
ORD100009,2022-07-16,P-CLO-008,Clothing,Kids Winter Jacket,South,Chennai,SUP-014,11.0,WH-SO-03,412.0,13.0,151.0,603.0,19.69,518.33,0.3,No,No,Autumn,Sunny,496.51,0.0,1.0,373.85,0.111,24
ORD100010,2023-04-12,P-GRO-014,Grocery,Wheat Flour 5kg,North,Lucknow,SUP-034,4.0,WH-NO-03,139.0,26.0,238.0,898.0,31.7,389.1,7.3,No,No,Summer,Sunny,384.26,0.0,4.0,419.7,0.072,22
ORD100011,2024-01-10,P-SPO-003,Sports,Cricket Bat,East,Kolkata,SUP-026,4.0,WH-EA-03,101.0,9.0,70.0,305.0,10.37,4874.94,6.8,No,No,Winter,Sunny,4461.56,0.0,0.0,199.16,0.083,11
ORD100012,2022-03-19,P-FUR-014,Furniture,Foldable Bed,North,Lucknow,SUP-011,24.0,WH-NO-03,138.0,9.0,79.0,277.0,8.45,15719.15,26.5,No,No,Summer,Sunny,13401.37,0.0,1.0,597.4,0.107,8
ORD100013,2022-12-15,P-BEA-005,Beauty,Hair Oil 250ml,West,Pune,SUP-026,4.0,WH-WE-04,352.0,29.0,164.0,832.0,28.54,1147.17,19.4,Yes,No,Winter,Cloudy,1093.92,0.0,0.0,281.43,0.117,34
ORD100014,2021-09-29,P-CLO-005,Clothing,Woolen Sweater,North,Lucknow,SUP-001,4.0,WH-NO-01,540.0,25.0,183.0,916.0,27.1,1227.01,19.9,No,No,Autumn,Cloudy,1185.29,0.0,0.0,241.25,0.095,31
ORD100015,2024-03-29,P-GRO-015,Grocery,Tea Powder 500g,South,Kochi,SUP-010,6.0,WH-SO-03,906.0,43.0,322.0,1341.0,43.76,106.65,18.9,No,No,Summer,Cloudy,110.29,0.0,0.0,295.01,0.095,46
ORD100016,2024-06-30,P-CLO-010,Clothing,Denim Jeans,East,Patna,SUP-009,10.0,WH-EA-02,80.0,22.0,121.0,682.0,20.57,392.17,22.5,No,No,Autumn,Cloudy,412.72,0.0,0.0,323.52,0.177,21
ORD100017,2023-12-17,P-ELE-007,Electronics,Power Bank 10000mAh,East,Kolkata,SUP-032,7.0,WH-EA-04,80.0,6.0,50.0,260.0,7.48,14032.93,13.3,No,No,Winter,Rainy,13895.18,0.0,1.0,336.39,0.012,8
ORD100018,2024-04-06,P-BEA-005,Beauty,Herbal Shampoo 200ml,East,Bhubaneswar,SUP-030,6.0,WH-EA-01,458.0,7.0,,547.0,20.05,290.81,8.2,No,No,Summer,,267.75,0.0,0.0,266.58,0.083,19
ORD100019,2024-01-22,P-FUR-007,Furniture,Sofa Cushion Set,South,Chennai,SUP-004,13.0,WH-SO-01,84.0,4.0,32.0,160.0,,14356.89,8.5,,No,Winter,Rainy,13601.21,0.0,2.0,635.66,0.032,6
ORD100020,2024-05-05,P-BEA-012,Beauty,Talcum Powder,Central,Raipur,SUP-037,5.0,WH-CE-03,157.0,20.0,129.0,514.0,15.14,352.14,11.3,Yes,No,Summer,Cloudy,396.96,1.0,2.0,353.86,0.06,23
ORD100021,2022-09-20,P-GRO-003,Grocery,Basmati Rice 5kg,West,Surat,SUP-033,9.0,WH-WE-03,656.0,9.0,297.0,1374.0,41.37,100.86,14.4,Yes,No,Autumn,Sunny,105.94,0.0,0.0,269.88,0.04,49
ORD100022,2021-10-28,P-SPO-003,Sports,Cycling Helmet,West,Mumbai,SUP-018,9.0,WH-WE-03,103.0,,125.0,404.0,13.82,1935.45,0.9,Yes,No,Autumn,,2155.76,0.0,1.0,357.0,0.104,20
ORD100023,2024-11-05,P-SPO-005,Sports,Football,East,Bhubaneswar,SUP-009,3.0,WH-EA-05,280.0,9.0,96.0,247.0,11.36,4283.3,6.5,Yes,No,Autumn,Cloudy,4892.2,0.0,0.0,166.07,0.031,15
ORD100024,2021-01-04,P-BEA-008,Beauty,Lipstick Set,East,Kolkata,SUP-017,3.0,WH-EA-04,557.0,34.0,149.0,1022.0,27.37,274.38,6.3,No,No,Winter,Sunny,259.95,0.0,0.0,106.72,0.11,36
ORD100025,2022-08-16,P-ELE-013,Electronics,LED TV 43in,East,Kolkata,SUP-024,12.0,WH-EA-02,126.0,9.0,72.0,316.0,12.48,11334.61,11.5,Yes,No,Autumn,Rainy,12078.32,0.0,2.0,463.58,,15
ORD100026,2023-11-28,P-CLO-004,Clothing,Women's Kurti,South,Bengaluru,SUP-026,6.0,WH-SO-04,190.0,,143.0,606.0,16.85,926.61,11.5,Yes,No,Autumn,Rainy,859.73,0.0,0.0,350.61,0.092,18
ORD100027,2024-03-04,P-ELE-012,Electronics,Laptop Stand,South,Bengaluru,SUP-014,7.0,WH-SO-03,194.0,7.0,69.0,267.0,10.06,9568.9,5.6,No,No,Summer,Stormy,10359.91,0.0,1.0,374.22,0.07,8
ORD100028,2023-09-29,P-ELE-014,Electronics,Bluetooth Speaker,East,Patna,SUP-005,6.0,WH-EA-02,110.0,7.0,37.0,178.0,6.77,14331.13,,No,No,Autumn,Sunny,15280.23,0.0,0.0,,0.045,7
ORD100029,2022-12-17,P-FUR-007,Furniture,Foldable Bed,North,Kanpur,SUP-025,8.0,WH-NO-01,60.0,4.0,32.0,119.0,3.95,5988.18,12.9,Yes,No,Winter,Sunny,4975.42,0.0,0.0,372.09,0.033,4
ORD100030,2024-09-09,P-BEA-015,Beauty,Lipstick Set,North,Kanpur,SUP-029,10.0,WH-NO-01,342.0,26.0,391.0,1353.0,45.4,954.71,10.3,No,No,Autumn,Sunny,985.47,0.0,2.0,401.71,,39
ORD100031,2021-12-10,P-SPO-014,Sports,Running Shoes,West,Mumbai,SUP-011,10.0,WH-WE-02,234.0,17.0,132.0,564.0,15.43,4714.12,22.0,Yes,No,Winter,Rainy,4391.08,0.0,3.0,320.67,0.049,23
ORD100032,2021-07-27,P-GRO-012,Grocery,Masala Mix 200g,North,Kanpur,SUP-026,15.0,WH-NO-05,856.0,37.0,274.0,1021.0,36.4,574.13,13.0,No,No,Autumn,Cloudy,558.49,0.0,3.0,573.87,0.155,41
ORD100033,2023-07-08,P-GRO-006,Grocery,Tea Powder 500g,East,,SUP-023,4.0,WH-EA-03,452.0,33.0,338.0,1340.0,40.92,449.34,3.9,No,No,Summer,,425.63,0.0,0.0,238.38,0.105,26
ORD100034,2022-04-14,P-CLO-005,Clothing,Women's Kurti,East,Bhubaneswar,SUP-021,9.0,WH-EA-03,578.0,32.0,232.0,969.0,30.73,719.06,9.4,No,No,Summer,Rainy,771.29,0.0,1.0,403.77,0.038,35
ORD100035,2022-11-17,P-ELE-013,Electronics,LED TV 43in,North,Jaipur,SUP-001,7.0,WH-NO-02,40.0,10.0,59.0,270.0,9.88,,36.6,No,No,Autumn,Sunny,12366.21,0.0,2.0,413.22,0.11,7
ORD100036,2022-10-30,P-ELE-007,Electronics,Bluetooth Speaker,West,Ahmedabad,SUP-013,11.0,WH-WE-02,388.0,22.0,154.0,599.0,18.9,1861.49,10.3,No,No,Autumn,Sunny,1671.02,1.0,0.0,365.41,0.035,21
ORD100037,2022-01-21,P-CLO-001,Clothing,Men's Cotton T-Shirt,North,Lucknow,SUP-015,7.0,WH-NO-04,3539.0,23.0,145.0,639.0,21.45,336.96,4.9,No,No,Winter,Rainy,315.19,0.0,1.0,353.76,0.105,22
ORD100038,2024-12-29,P-GRO-011,Grocery,Sunflower Oil 1L,West,Ahmedabad,SUP-034,4.0,WH-WE-01,280.0,61.0,529.0,1986.0,59.18,144.98,31.9,No,No,Winter,Sunny,142.49,0.0,0.0,291.97,0.155,84
ORD100039,2022-07-13,P-FUR-006,Furniture,Office Chair,West,Surat,SUP-034,5.0,WH-WE-04,113.0,8.0,32.0,144.0,4.89,7490.81,5.0,No,No,Summer,Cloudy,7736.65,0.0,0.0,253.75,0.029,6
ORD100040,2023-09-07,P-CLO-015,Clothing,Woolen Sweater,South,Coimbatore,SUP-035,7.0,WH-SO-05,442.0,7.0,120.0,610.0,17.69,1148.05,10.6,No,No,Autumn,Sunny,1257.88,0.0,0.0,348.4,0.048,22
ORD100041,2021-08-22,P-BEA-013,Beauty,Lipstick Set,North,Delhi,SUP-019,8.0,WH-NO-05,464.0,16.0,152.0,810.0,26.0,577.94,24.3,Yes,No,Summer,Cloudy,601.69,0.0,0.0,455.95,0.155,22
ORD100042,2024-12-18,P-FUR-002,Furniture,TV Unit,South,Kochi,SUP-014,3.0,WH-SO-02,150.0,12.0,68.0,231.0,8.74,11665.03,21.0,Yes,No,Winter,Stormy,12209.83,0.0,2.0,336.93,0.042,11
ORD100043,2024-12-13,P-GRO-014,Grocery,Tea Powder 500g,South,Chennai,SUP-020,11.0,WH-SO-05,551.0,22.0,349.0,958.0,38.82,378.75,6.7,No,No,Winter,Sunny,401.13,0.0,0.0,386.71,0.036,56
ORD100044,2021-04-11,P-BEA-015,Beauty,Sunscreen Lotion,South,Kochi,SUP-032,11.0,WH-SO-02,100.0,40.0,250.0,1132.0,31.88,911.83,11.1,Yes,No,Summer,Cloudy,971.45,0.0,1.0,483.35,0.056,57
ORD100045,2023-07-29,P-BEA-012,Beauty,Talcum Powder,Central,Indore,SUP-025,7.0,WH-CE-02,331.0,25.0,159.0,,22.48,661.07,10.1,Yes,No,Autumn,Stormy,715.72,0.0,3.0,492.29,0.078,32
ORD100046,2023-05-19,P-GRO-005,Grocery,Sugar 1kg,North,Delhi,SUP-025,6.0,WH-NO-02,816.0,22.0,234.0,1069.0,35.85,479.66,9.7,Yes,No,Summer,Sunny,575.79,0.0,0.0,282.71,0.022,56
ORD100047,2021-09-11,P-GRO-011,Grocery,Sunflower Oil 1L,West,,SUP-018,9.0,WH-WE-01,882.0,69.0,334.0,1626.0,52.84,379.29,13.5,Yes,No,Autumn,Cloudy,403.59,0.0,0.0,230.66,0.061,94
ORD100048,2024-01-30,P-FUR-014,Furniture,Wooden Bookshelf,North,Chandigarh,SUP-028,5.0,WH-NO-02,126.0,7.0,41.0,148.0,4.94,18295.41,24.8,No,No,Winter,Rainy,18714.75,0.0,,218.63,0.01,7
ORD100049,2024-01-23,P-ELE-013,Electronics,Laptop Stand,Central,Indore,SUP-035,8.0,WH-CE-05,238.0,10.0,64.0,306.0,10.08,7882.87,2.6,,No,Winter,Sunny,7589.49,0.0,0.0,332.71,0.127,16
ORD100050,2024-05-18,P-ELE-007,Electronics,Wireless Earbuds,North,Delhi,SUP-027,5.0,WH-NO-04,73.0,8.0,40.0,209.0,8.31,13519.13,18.9,No,No,Summer,Sunny,13854.34,1.0,0.0,250.22,0.02,6
ORD100051,2023-05-30,P-ELE-011,Electronics,Smartphone Charger,South,Bengaluru,SUP-017,5.0,WH-SO-02,221.0,15.0,112.0,363.0,11.06,2378.52,5.2,No,No,Summer,Sunny,2598.08,0.0,1.0,266.7,0.027,20
ORD100052,2023-10-31,P-BEA-006,Beauty,Face Wash 100ml,East,Kolkata,SUP-034,8.0,WH-EA-02,413.0,11.0,168.0,701.0,22.94,543.6,20.8,No,No,Autumn,Sunny,490.62,0.0,1.0,380.36,0.087,23
ORD100053,2023-11-22,P-FUR-004,Furniture,Sofa Cushion Set,North,Kanpur,SUP-038,10.0,WH-NO-02,148.0,7.0,39.0,190.0,5.9,3562.43,24.4,No,No,,,3921.12,0.0,4.0,469.33,0.078,8
ORD100054,2024-01-27,P-FUR-011,Furniture,Plastic Storage Rack,West,Mumbai,SUP-032,6.0,WH-WE-01,32.0,2.0,18.0,81.0,2.84,8133.92,25.6,No,No,Winter,Sunny,7856.23,0.0,,368.8,0.133,1
ORD100055,2023-05-04,P-BEA-007,Beauty,Face Wash 100ml,South,Bengaluru,SUP-036,13.0,WH-SO-01,114.0,26.0,167.0,661.0,22.05,,20.4,No,No,Summer,Sunny,1065.86,0.0,1.0,390.75,0.043,21
ORD100056,2023-12-24,P-CLO-004,Clothing,Cotton Saree,East,Ranchi,SUP-011,3.0,WH-EA-05,80.0,14.0,84.0,373.0,14.52,810.43,34.5,No,No,Winter,Rainy,844.26,0.0,0.0,245.81,0.08,14
ORD100057,2021-03-30,P-CLO-010,Clothing,Cotton Saree,East,Ranchi,SUP-017,9.0,WH-EA-04,278.0,19.0,124.0,651.0,19.52,479.38,3.1,No,No,Summer,Sunny,459.18,0.0,20.0,433.55,0.186,20
ORD100058,2023-06-22,P-ELE-005,Electronics,Laptop Stand,East,Patna,SUP-010,5.0,WH-EA-04,142.0,11.0,53.0,212.0,7.14,1825.61,26.6,Yes,No,Summer,Cloudy,1892.62,0.0,0.0,251.21,0.044,12
ORD100059,2021-10-24,P-ELE-009,Electronics,Smartphone Charger,North,Jaipur,SUP-015,12.0,WH-NO-02,116.0,4.0,46.0,173.0,7.6,12998.6,12.3,No,Yes,Autumn,Sunny,11800.48,0.0,2.0,477.06,0.026,8
ORD100060,2022-08-18,P-FUR-006,Furniture,Dining Chair,North,Chandigarh,SUP-030,27.0,WH-NO-05,206.0,10.0,48.0,241.0,8.31,12584.77,3.9,No,Yes,Autumn,Cloudy,13466.67,0.0,1.0,496.89,0.138,9
ORD100061,2024-01-29,P-CLO-014,Clothing,Women's Kurti,North,Chandigarh,SUP-028,6.0,WH-NO-01,449.0,20.0,134.0,650.0,20.85,1893.17,11.1,No,No,Winter,Sunny,1922.85,0.0,1.0,329.39,,27
ORD100062,2021-06-16,P-CLO-013,Clothing,Kids Winter Jacket,South,Chennai,SUP-001,2.0,WH-SO-05,501.0,21.0,137.0,705.0,20.48,2303.3,4.8,,No,Summer,Sunny,2302.62,0.0,0.0,277.88,0.051,25
ORD100063,2024-01-08,P-BEA-008,Beauty,Sunscreen Lotion,North,Jaipur,SUP-031,6.0,WH-NO-03,153.0,37.0,201.0,764.0,29.8,575.36,19.1,No,,Winter,Stormy,588.0,0.0,,381.76,0.052,26
ORD100064,2022-01-15,P-FUR-011,Furniture,Office Chair,Central,Jabalpur,SUP-008,5.0,WH-CE-02,,6.0,35.0,177.0,5.21,7504.1,,No,No,Winter,Rainy,7492.0,0.0,2.0,382.61,,5
ORD100065,2024-01-07,P-CLO-003,Clothing,Formal Shirt,East,Guwahati,SUP-008,9.0,WH-EA-04,727.0,37.0,225.0,991.0,30.82,1646.71,13.3,Yes,No,Winter,Cloudy,1704.88,1.0,0.0,366.63,0.051,66
ORD100066,2024-01-26,P-CLO-015,Clothing,Men's Cotton T-Shirt,East,Ranchi,SUP-022,7.0,WH-EA-03,314.0,22.0,183.0,838.0,29.24,2340.98,5.5,,Yes,Winter,Cloudy,2302.16,0.0,21.0,375.77,0.083,33
ORD100067,2021-01-23,P-GRO-004,Grocery,Toor Dal 1kg,South,Bengaluru,SUP-010,,WH-SO-02,190.0,53.0,330.0,,45.06,296.65,5.9,No,No,Winter,Sunny,289.75,0.0,2.0,495.45,0.081,50
ORD100068,2021-12-08,P-ELE-014,Electronics,Laptop Stand,South,Coimbatore,SUP-039,4.0,WH-SO-04,94.0,13.0,70.0,340.0,10.99,11838.83,5.9,No,No,Winter,Sunny,10164.38,0.0,2.0,355.08,0.13,9
ORD100069,2024-03-22,P-CLO-013,Clothing,Denim Jeans,East,Ranchi,SUP-006,9.0,WH-EA-04,93.0,18.0,106.0,435.0,15.35,624.54,2.8,No,No,Spring,Cloudy,692.73,0.0,0.0,325.45,0.166,16
ORD100070,2022-05-15,P-GRO-003,Grocery,Tea Powder 500g,South,Hyderabad,SUP-007,8.0,WH-SO-04,737.0,43.0,227.0,1193.0,35.8,509.39,3.8,Yes,No,Summer,Rainy,462.0,0.0,1.0,315.08,0.251,44
ORD100071,2022-10-04,P-GRO-001,Grocery,Masala Mix 200g,South,Kochi,SUP-031,7.0,WH-SO-03,1561.0,68.0,337.0,2258.0,66.01,77.93,8.2,No,Yes,Autumn,Stormy,88.0,0.0,0.0,289.67,0.064,74
ORD100072,2021-01-23,P-BEA-012,Beauty,Herbal Shampoo 200ml,South,Chennai,SUP-012,15.0,WH-SO-02,856.0,27.0,305.0,1075.0,41.68,780.24,6.0,No,No,Winter,Cloudy,765.11,0.0,3.0,581.05,0.049,44
ORD100073,2023-10-11,P-GRO-014,Grocery,Wheat Flour 5kg,East,Ranchi,SUP-029,7.0,WH-EA-03,179.0,29.0,270.0,1034.0,33.25,398.33,7.4,Yes,No,Autumn,Sunny,437.13,0.0,0.0,352.17,0.154,47
ORD100074,2021-05-17,P-ELE-011,Electronics,Wireless Earbuds,Central,Jabalpur,SUP-028,5.0,WH-CE-05,155.0,7.0,59.0,242.0,8.18,3174.31,31.8,Yes,No,Summer,Cloudy,3438.98,0.0,0.0,246.32,0.169,18
ORD100075,2022-02-02,P-GRO-001,Grocery,Tea Powder 500g,North,Jaipur,SUP-008,9.0,WH-NO-02,117.0,34.0,192.0,1058.0,33.68,310.15,30.1,No,No,Winter,Cloudy,334.02,,0.0,305.75,0.146,32
ORD100076,2022-11-28,P-GRO-010,Grocery,Sunflower Oil 1L,East,Guwahati,SUP-024,6.0,WH-EA-05,379.0,36.0,228.0,1182.0,40.74,406.49,14.6,No,No,Autumn,Sunny,408.0,0.0,1.0,361.05,0.055,51
ORD100077,2024-01-30,P-FUR-006,Furniture,Dining Chair,North,Chandigarh,SUP-022,10.0,WH-NO-01,28.0,7.0,38.0,165.0,4.79,6856.72,,Yes,No,Winter,Sunny,6201.41,0.0,1.0,462.69,0.012,4
ORD100078,2022-12-29,P-CLO-014,Clothing,Denim Jeans,South,Chennai,SUP-004,,WH-SO-01,533.0,27.0,178.0,584.0,23.97,1978.2,8.4,Yes,No,Winter,Sunny,,0.0,2.0,503.76,0.126,27
ORD100079,2024-12-06,P-BEA-013,Beauty,Hair Oil 250ml,West,Ahmedabad,SUP-031,3.0,WH-WE-02,306.0,32.0,233.0,994.0,32.53,1044.46,19.7,No,No,Winter,Sunny,1018.18,0.0,0.0,277.99,0.103,39
ORD100080,2023-02-03,P-FUR-012,Furniture,Office Chair,North,Kanpur,SUP-035,7.0,WH-NO-01,176.0,8.0,58.0,207.0,7.3,9491.02,15.7,,No,Spring,Rainy,9413.45,0.0,0.0,272.56,0.098,9
ORD100081,2022-01-06,P-GRO-007,Grocery,Wheat Flour 5kg,East,Kolkata,SUP-038,4.0,WH-EA-05,65.0,24.0,167.0,635.0,21.66,,15.9,No,No,Winter,Sunny,189.15,0.0,1.0,243.73,0.038,20
ORD100082,2021-10-06,P-BEA-005,Beauty,Herbal Shampoo 200ml,South,Chennai,SUP-004,4.0,WH-SO-02,537.0,66.0,284.0,963.0,39.77,333.86,2.5,No,No,Autumn,Cloudy,326.21,0.0,0.0,358.81,0.129,50
ORD100083,2024-02-20,P-ELE-013,Electronics,Smartwatch,North,Chandigarh,SUP-008,12.0,WH-NO-01,302.0,15.0,111.0,443.0,13.09,3371.57,,No,No,Winter,Sunny,2583.25,0.0,1.0,442.12,0.062,16
ORD100084,2022-11-03,P-ELE-002,Electronics,Wireless Earbuds,Central,Indore,SUP-034,5.0,WH-CE-04,70.0,8.0,75.0,220.0,8.54,12623.03,19.0,No,No,Autumn,Sunny,12319.77,0.0,2.0,336.97,0.036,8
ORD100085,2023-06-03,P-ELE-002,Electronics,Wireless Earbuds,South,Coimbatore,SUP-013,4.0,WH-SO-05,144.0,6.0,75.0,281.0,8.97,3770.07,8.6,No,No,Autumn,Cloudy,3808.01,0.0,2.0,307.82,0.049,9
ORD100086,2022-06-25,P-BEA-001,Beauty,Sunscreen Lotion,West,Pune,SUP-026,12.0,WH-WE-05,325.0,37.0,271.0,983.0,34.71,543.0,14.7,No,No,Summer,Cloudy,509.03,0.0,4.0,630.98,,29
ORD100087,2022-02-03,P-CLO-008,Clothing,Kids Winter Jacket,South,Coimbatore,SUP-014,7.0,WH-SO-01,215.0,59.0,260.0,1065.0,36.53,1169.37,8.6,No,No,Winter,Rainy,,1.0,1.0,328.47,0.104,37
ORD100088,2023-05-27,P-ELE-002,Electronics,LED TV 43in,Central,Bhopal,SUP-009,5.0,WH-CE-04,144.0,6.0,47.0,212.0,6.68,2844.54,1.2,No,No,Summer,Cloudy,2881.54,0.0,1.0,388.74,0.009,6
ORD100089,2022-03-07,P-CLO-009,Clothing,Formal Shirt,South,Chennai,SUP-025,5.0,WH-SO-02,194.0,22.0,233.0,1009.0,29.94,1351.44,11.5,No,No,Summer,Rainy,1460.94,0.0,2.0,401.86,0.18,28
ORD100090,2024-12-31,P-ELE-003,Electronics,Bluetooth Speaker,South,Coimbatore,SUP-009,5.0,WH-SO-05,186.0,17.0,83.0,337.0,12.97,13687.32,3.5,Yes,No,Winter,Sunny,14842.13,2.0,0.0,258.36,0.178,20
ORD100091,2023-12-05,P-FUR-014,Furniture,Dining Chair,West,Ahmedabad,SUP-006,7.0,WH-WE-04,137.0,9.0,63.0,260.0,9.05,5063.34,12.7,Yes,No,Winter,Cloudy,5187.04,0.0,1.0,450.19,0.037,9
ORD100092,2024-04-12,P-CLO-007,Clothing,Formal Shirt,South,Coimbatore,SUP-022,9.0,WH-SO-04,75.0,13.0,161.0,781.0,25.32,1744.64,9.6,Yes,No,Summer,Sunny,1740.54,0.0,1.0,,0.135,19
ORD100093,2022-02-20,P-GRO-002,Grocery,Instant Noodles Pack,South,Coimbatore,SUP-008,11.0,WH-SO-05,858.0,41.0,268.0,1157.0,38.74,139.36,10.4,No,No,Spring,Cloudy,143.32,0.0,2.0,418.31,0.034,39
ORD100094,2021-02-12,P-GRO-011,Grocery,Sunflower Oil 1L,Central,Indore,SUP-008,3.0,WH-CE-05,111.0,30.0,136.0,722.0,,585.81,16.3,No,No,Spring,Cloudy,670.16,0.0,0.0,330.82,0.088,24
ORD100095,2021-03-11,P-FUR-006,Furniture,Office Chair,East,Bhubaneswar,SUP-032,6.0,WH-EA-01,40.0,2.0,28.0,145.0,4.19,12663.6,21.5,No,No,Summer,Sunny,13171.65,0.0,0.0,339.65,0.125,2
ORD100096,2024-06-08,P-GRO-004,Grocery,Toor Dal 1kg,West,Nagpur,SUP-022,,WH-WE-04,438.0,64.0,347.0,1474.0,52.64,525.33,22.9,No,No,Autumn,,536.28,0.0,2.0,329.94,0.021,76
ORD100097,2024-06-30,P-ELE-010,Electronics,Wireless Earbuds,East,Ranchi,SUP-022,7.0,WH-EA-01,37.0,5.0,59.0,198.0,,12231.74,19.2,Yes,No,Summer,Cloudy,13281.6,1.0,2.0,436.53,0.238,5
ORD100098,2023-09-20,P-ELE-015,Electronics,Laptop Stand,West,Mumbai,SUP-006,9.0,WH-WE-05,86.0,6.0,52.0,199.0,6.3,6533.75,10.4,No,No,Autumn,Sunny,6558.86,0.0,2.0,482.31,0.085,6
ORD100099,2023-05-11,P-SPO-015,Sports,Badminton Racket,West,Surat,SUP-007,8.0,WH-WE-04,264.0,11.0,95.0,331.0,12.52,3998.57,15.3,No,No,Summer,Cloudy,3725.59,0.0,0.0,360.87,0.104,14
ORD100100,2021-11-02,P-SPO-007,Sports,Yoga Mat,East,Bhubaneswar,SUP-016,7.0,WH-EA-01,212.0,12.0,49.0,283.0,9.02,3079.75,16.4,No,No,Autumn,Rainy,3192.88,0.0,1.0,313.92,0.089,13
ORD100101,2024-01-14,P-FUR-013,Furniture,Foldable Bed,South,Bengaluru,SUP-016,2.0,WH-SO-02,15.0,9.0,,202.0,6.76,17748.9,10.8,No,No,Winter,Sunny,17990.77,0.0,,249.64,0.19,10
ORD100102,2023-01-25,P-GRO-004,Grocery,Basmati Rice 5kg,North,Jaipur,SUP-019,5.0,WH-NO-05,1305.0,31.0,416.0,1550.0,52.54,549.92,7.2,,No,Winter,Cloudy,540.3,0.0,0.0,212.2,0.1,59
ORD100103,2023-06-01,P-SPO-013,Sports,Badminton Racket,East,Kolkata,SUP-006,1.0,WH-EA-04,213.0,,80.0,385.0,12.0,1719.56,3.0,No,No,Summer,Rainy,1794.36,0.0,1.0,233.68,0.175,12
ORD100104,2021-02-05,P-BEA-015,Beauty,Talcum Powder,West,Pune,SUP-036,9.0,WH-WE-02,233.0,11.0,157.0,574.0,20.12,259.4,13.7,Yes,No,Winter,Sunny,221.79,0.0,0.0,316.14,0.154,17
ORD100105,2023-01-25,P-FUR-008,Furniture,Sofa Cushion Set,South,Coimbatore,SUP-015,5.0,WH-SO-05,87.0,6.0,46.0,230.0,5.76,18349.0,2.8,No,No,Winter,Sunny,17555.36,0.0,1.0,364.8,0.067,9
ORD100106,2023-10-11,P-CLO-008,Clothing,Kids Winter Jacket,North,Kanpur,SUP-033,12.0,WH-NO-04,201.0,5.0,85.0,467.0,16.05,2012.97,38.4,No,No,Autumn,Cloudy,1871.47,0.0,0.0,436.69,0.052,11
ORD100107,2024-01-30,P-GRO-009,Grocery,Tea Powder 500g,South,Hyderabad,SUP-017,10.0,WH-SO-01,2846.0,35.0,343.0,1190.0,42.87,472.82,7.6,Yes,,Winter,Cloudy,443.51,0.0,1.0,309.14,0.097,44
ORD100108,2021-08-01,P-ELE-002,Electronics,Bluetooth Speaker,East,Ranchi,SUP-019,13.0,WH-EA-02,212.0,12.0,62.0,338.0,9.18,9689.78,25.9,No,,Summer,Rainy,9570.42,3.0,1.0,,0.038,10
ORD100109,2021-02-16,P-SPO-013,Sports,Cycling Helmet,West,Nagpur,SUP-005,7.0,WH-WE-05,78.0,19.0,91.0,488.0,16.32,456.91,13.6,Yes,No,Winter,Cloudy,423.65,0.0,1.0,342.35,0.086,17
ORD100110,2024-06-04,P-CLO-012,Clothing,Woolen Sweater,North,Chandigarh,SUP-028,7.0,WH-NO-02,285.0,10.0,151.0,564.0,21.04,384.59,4.4,No,No,Autumn,Cloudy,436.19,0.0,0.0,327.95,0.071,22
ORD100111,2022-04-01,P-GRO-014,Grocery,Toor Dal 1kg,East,Kolkata,SUP-003,22.0,WH-EA-01,1080.0,52.0,325.0,1454.0,49.27,85.71,18.0,No,No,Summer,Cloudy,88.81,0.0,2.0,703.67,0.036,72
ORD100112,2022-11-22,P-GRO-002,Grocery,Masala Mix 200g,West,Surat,SUP-030,10.0,WH-WE-04,419.0,25.0,281.0,1261.0,35.55,395.35,8.7,Yes,No,Autumn,Sunny,370.23,0.0,1.0,366.26,0.05,39
ORD100113,2023-07-06,P-CLO-013,Clothing,Men's Cotton T-Shirt,Central,Bhopal,SUP-036,2.0,WH-CE-05,199.0,18.0,171.0,688.0,22.36,1123.41,3.4,Yes,No,Autumn,Cloudy,966.99,0.0,1.0,254.34,0.099,23
ORD100114,2022-12-19,P-ELE-006,Electronics,LED TV 43in,North,Kanpur,SUP-015,7.0,WH-NO-03,96.0,7.0,,245.0,9.01,6911.64,6.2,Yes,No,Winter,Sunny,6589.04,0.0,0.0,348.45,0.013,8
ORD100115,2024-10-11,P-BEA-013,Beauty,Moisturizer Cream,Central,Indore,SUP-036,12.0,WH-CE-05,920.0,33.0,239.0,1271.0,38.69,696.96,8.6,No,No,Autumn,Stormy,678.58,0.0,,425.96,0.252,41
ORD100116,2024-05-15,P-BEA-015,Beauty,Hair Oil 250ml,East,Guwahati,SUP-028,13.0,WH-EA-01,367.0,22.0,148.0,714.0,22.4,968.52,5.3,Yes,No,Summer,Sunny,919.32,1.0,1.0,344.58,0.032,31
ORD100117,2022-07-30,P-FUR-014,Furniture,Foldable Bed,West,Surat,SUP-001,8.0,WH-WE-04,19.0,3.0,27.0,129.0,4.05,10221.16,12.1,No,No,Autumn,Sunny,12300.13,0.0,1.0,465.31,0.253,4
ORD100118,2021-10-07,P-CLO-014,Clothing,Formal Shirt,North,Chandigarh,SUP-009,12.0,WH-NO-04,379.0,15.0,146.0,477.0,19.0,1971.21,9.7,No,No,Autumn,Rainy,1710.35,0.0,3.0,517.02,0.168,14
ORD100119,2024-11-25,P-FUR-002,Furniture,Wooden Bookshelf,East,Ranchi,SUP-026,10.0,WH-EA-05,,5.0,31.0,97.0,3.62,6928.74,0.3,No,No,Autumn,Sunny,6957.03,,0.0,409.49,0.097,5
ORD100120,2023-11-01,P-CLO-005,Clothing,Kids Winter Jacket,East,Guwahati,SUP-029,16.0,WH-EA-03,224.0,31.0,,773.0,30.49,1453.64,0.8,Yes,No,Autumn,Sunny,,0.0,2.0,,0.045,33
ORD100121,2024-01-09,P-FUR-005,Furniture,Wooden Bookshelf,South,Kochi,SUP-004,9.0,WH-SO-05,,4.0,33.0,154.0,5.31,8574.34,10.7,No,No,Winter,Rainy,8403.45,0.0,1.0,293.67,0.159,7
ORD100122,2022-11-09,P-ELE-008,Electronics,Bluetooth Speaker,South,Bengaluru,SUP-028,10.0,WH-SO-01,62.0,14.0,87.0,457.0,13.28,4697.38,0.5,No,No,Autumn,Rainy,3968.58,0.0,1.0,386.15,0.083,9
ORD100123,2022-12-10,P-GRO-015,Grocery,Wheat Flour 5kg,East,Bhubaneswar,SUP-033,7.0,WH-EA-01,170.0,26.0,343.0,1126.0,46.11,259.78,29.8,No,No,Winter,Sunny,258.89,0.0,2.0,,0.029,43
ORD100124,2021-09-23,P-ELE-011,Electronics,Home Router,East,Ranchi,SUP-004,20.0,WH-EA-04,103.0,6.0,49.0,157.0,5.94,14812.59,10.8,No,No,Autumn,Sunny,,0.0,1.0,612.95,0.088,10
ORD100125,2022-09-20,P-CLO-009,Clothing,Cotton Saree,North,Kanpur,SUP-036,7.0,WH-NO-01,353.0,17.0,98.0,354.0,14.25,1018.8,4.5,Yes,No,Autumn,Cloudy,1076.64,0.0,2.0,359.86,0.092,23
ORD100126,2023-03-04,P-GRO-013,Grocery,Sunflower Oil 1L,South,Hyderabad,SUP-022,9.0,WH-SO-05,290.0,61.0,381.0,1598.0,49.4,233.86,11.8,No,No,Spring,Cloudy,242.9,0.0,0.0,396.79,0.092,59
ORD100127,2021-07-09,P-ELE-003,Electronics,Home Router,North,Delhi,SUP-025,10.0,WH-NO-01,211.0,9.0,44.0,289.0,8.12,8548.08,0.8,No,No,Summer,Sunny,9381.18,0.0,1.0,312.17,0.036,12
ORD100128,2023-07-18,P-ELE-010,Electronics,Laptop Stand,Central,Indore,SUP-003,5.0,WH-CE-04,109.0,5.0,48.0,231.0,7.52,9853.41,3.4,Yes,No,Autumn,Sunny,8240.44,1.0,,295.61,0.095,9
ORD100129,2023-06-18,P-CLO-008,Clothing,Denim Jeans,Central,Raipur,SUP-025,11.0,WH-CE-03,369.0,15.0,136.0,552.0,17.56,341.19,19.7,No,No,Autumn,Rainy,,0.0,1.0,420.68,0.09,21
ORD100130,2024-05-13,P-ELE-004,Electronics,Smartwatch,South,Coimbatore,SUP-019,14.0,WH-SO-04,66.0,6.0,20.0,133.0,4.46,6597.41,1.4,Yes,No,Summer,Sunny,,0.0,1.0,1632.24,0.123,6
ORD100131,2021-03-18,P-SPO-010,Sports,Football,North,Kanpur,SUP-015,12.0,WH-NO-04,145.0,11.0,,365.0,12.38,3761.97,4.6,No,No,Spring,Rainy,4081.01,0.0,0.0,476.03,,13
ORD100132,2021-11-26,P-CLO-013,Clothing,Men's Cotton T-Shirt,North,Delhi,SUP-032,5.0,WH-NO-03,171.0,27.0,205.0,889.0,27.7,266.57,22.7,No,No,Autumn,Sunny,235.57,0.0,0.0,263.36,0.131,24
ORD100133,2022-09-19,P-GRO-013,Grocery,Toor Dal 1kg,South,Chennai,SUP-010,6.0,WH-SO-03,470.0,33.0,194.0,744.0,27.29,187.07,26.5,Yes,No,Autumn,Cloudy,188.39,0.0,0.0,247.97,0.063,43
ORD100134,2024-07-09,P-CLO-013,Clothing,Track Pants,West,Pune,SUP-003,5.0,WH-WE-03,669.0,41.0,136.0,891.0,27.93,1206.48,8.7,No,No,Autumn,,1105.39,0.0,1.0,255.47,0.101,33
ORD100135,2021-12-14,P-ELE-013,Electronics,LED TV 43in,East,,SUP-020,6.0,WH-EA-04,74.0,8.0,63.0,228.0,7.84,7910.52,9.2,No,No,Winter,Sunny,7637.43,0.0,0.0,219.25,0.126,9
ORD100136,2024-11-21,P-SPO-008,Sports,Badminton Racket,North,Delhi,SUP-030,,WH-NO-04,143.0,9.0,94.0,312.0,10.43,4793.04,13.2,No,No,Autumn,Cloudy,5559.8,0.0,1.0,450.24,0.027,14
ORD100137,2024-10-29,P-CLO-001,Clothing,Woolen Sweater,North,Lucknow,SUP-006,3.0,WH-NO-03,299.0,36.0,153.0,,22.67,1338.08,11.6,Yes,No,Autumn,Sunny,1440.68,0.0,0.0,199.27,0.01,51
ORD100138,2021-05-19,P-BEA-015,Beauty,Talcum Powder,North,Lucknow,SUP-040,6.0,WH-NO-02,133.0,38.0,,571.0,24.15,160.54,16.6,Yes,,Summer,Rainy,141.02,0.0,0.0,312.87,0.045,23
ORD100139,2022-06-15,P-ELE-007,Electronics,Bluetooth Speaker,West,Mumbai,SUP-027,8.0,WH-WE-01,46.0,14.0,95.0,458.0,14.23,4885.6,15.9,No,No,Autumn,,4586.51,0.0,5.0,496.77,0.016,11
ORD100140,2022-01-14,P-CLO-010,Clothing,Men's Cotton T-Shirt,East,Guwahati,SUP-038,16.0,WH-EA-04,463.0,20.0,158.0,600.0,20.25,765.7,23.0,No,Yes,Winter,Sunny,765.75,0.0,3.0,617.29,0.092,42
ORD100141,2022-12-16,P-CLO-001,Clothing,Cotton Saree,East,Bhubaneswar,SUP-019,8.0,WH-EA-02,482.0,33.0,207.0,766.0,25.72,2049.16,17.4,No,No,Winter,Cloudy,2005.83,,,383.73,0.021,28
ORD100142,2024-09-12,P-SPO-014,Sports,Running Shoes,South,Hyderabad,SUP-005,8.0,WH-SO-03,359.0,16.0,109.0,513.0,14.39,3539.23,5.1,No,No,Autumn,Rainy,3627.92,0.0,1.0,403.84,0.059,20
ORD100143,2022-07-03,P-CLO-014,Clothing,Woolen Sweater,Central,Jabalpur,SUP-008,12.0,WH-CE-05,431.0,19.0,126.0,570.0,18.75,1877.78,6.4,No,No,Autumn,Sunny,1761.45,0.0,4.0,693.6,0.124,17
ORD100144,2023-08-27,P-CLO-014,Clothing,Woolen Sweater,South,Hyderabad,SUP-021,4.0,WH-SO-04,466.0,24.0,163.0,553.0,,673.42,7.7,No,No,,,653.69,0.0,1.0,275.48,0.039,25
ORD100145,2021-07-20,P-GRO-003,Grocery,Sugar 1kg,West,Pune,SUP-024,10.0,WH-WE-02,229.0,27.0,193.0,842.0,33.24,149.36,7.4,No,No,Summer,Rainy,139.97,0.0,0.0,360.99,0.098,31
ORD100146,2023-04-14,P-GRO-013,Grocery,Basmati Rice 5kg,West,Pune,SUP-030,12.0,WH-WE-03,997.0,89.0,551.0,1941.0,66.9,126.7,3.8,No,Yes,Summer,Sunny,122.97,0.0,0.0,392.9,0.097,108
ORD100147,2022-05-31,P-CLO-010,Clothing,Women's Kurti,East,Ranchi,SUP-032,9.0,WH-EA-02,200.0,20.0,141.0,525.0,16.82,672.99,28.4,No,No,Summer,,710.89,0.0,2.0,440.89,0.165,19
ORD100148,2024-09-02,P-CLO-003,Clothing,Cotton Saree,West,Ahmedabad,SUP-031,12.0,WH-WE-04,364.0,24.0,138.0,537.0,20.97,2195.91,5.4,Yes,No,Autumn,Sunny,2248.04,1.0,0.0,356.72,0.163,24
ORD100149,2024-02-13,P-ELE-009,Electronics,Smartwatch,South,Bengaluru,SUP-024,8.0,WH-SO-01,265.0,13.0,115.0,431.0,12.98,6895.79,11.6,Yes,No,,Cloudy,6508.91,0.0,20.0,,0.189,14
ORD100150,2021-11-11,P-BEA-008,Beauty,Lipstick Set,East,Guwahati,SUP-001,3.0,WH-EA-05,786.0,26.0,255.0,911.0,31.67,166.36,11.1,No,No,Autumn,Sunny,181.43,0.0,2.0,454.81,0.028,52
ORD100151,2023-06-27,P-SPO-010,Sports,Badminton Racket,North,Jaipur,SUP-022,5.0,WH-NO-05,52.0,5.0,81.0,341.0,11.58,470.24,8.8,No,No,Summer,Sunny,510.26,0.0,0.0,272.41,0.157,7
ORD100152,2022-05-15,P-ELE-002,Electronics,Laptop Stand,South,Chennai,SUP-033,8.0,WH-SO-02,,7.0,93.0,416.0,13.93,9714.91,1.4,No,No,Summer,Rainy,9714.04,1.0,0.0,321.8,0.069,15
ORD100153,2022-10-02,P-CLO-009,Clothing,Formal Shirt,North,Chandigarh,SUP-034,22.0,WH-NO-02,433.0,11.0,167.0,549.0,21.37,,28.3,Yes,Yes,Autumn,Cloudy,2270.21,0.0,1.0,514.06,0.138,29
ORD100154,2022-11-07,P-ELE-011,Electronics,Smartphone Charger,North,Chandigarh,SUP-034,4.0,WH-NO-03,193.0,13.0,62.0,276.0,9.74,12332.16,3.0,Yes,No,Autumn,Sunny,14071.03,0.0,0.0,164.63,0.158,11
ORD100155,2024-04-13,P-FUR-011,Furniture,TV Unit,North,Delhi,SUP-001,13.0,WH-NO-04,60.0,5.0,58.0,213.0,6.84,5724.58,13.7,Yes,No,Summer,Cloudy,6460.49,,0.0,338.36,0.138,6
ORD100156,2022-02-28,P-GRO-012,Grocery,Wheat Flour 5kg,South,Bengaluru,SUP-018,9.0,WH-SO-04,97.0,10.0,104.0,484.0,16.29,116.67,24.5,No,No,Spring,Cloudy,102.53,0.0,1.0,298.38,0.05,10
ORD100157,2021-01-07,P-FUR-010,Furniture,Wooden Bookshelf,East,Guwahati,SUP-025,8.0,WH-EA-01,52.0,4.0,39.0,115.0,4.05,12573.11,9.0,Yes,No,Winter,Sunny,13774.39,0.0,2.0,329.5,0.161,7
ORD100158,2021-10-09,P-BEA-011,Beauty,Face Wash 100ml,South,Coimbatore,SUP-010,7.0,WH-SO-04,298.0,17.0,175.0,692.0,23.91,915.31,,No,No,,Cloudy,1041.53,0.0,0.0,267.38,0.065,30
ORD100159,2024-04-22,P-BEA-002,Beauty,Lipstick Set,South,Coimbatore,SUP-017,10.0,WH-SO-01,554.0,24.0,152.0,858.0,27.16,880.55,11.6,No,No,Summer,,926.81,0.0,,411.97,0.291,24
ORD100160,2022-03-10,P-ELE-012,Electronics,Home Router,Central,Indore,SUP-004,9.0,WH-CE-02,172.0,8.0,57.0,232.0,6.8,12193.11,6.6,Yes,No,Spring,Sunny,11737.65,0.0,,363.89,0.135,6
ORD100161,2021-03-28,P-SPO-006,Sports,Football,Central,Raipur,SUP-008,9.0,WH-CE-04,144.0,5.0,38.0,170.0,5.77,955.4,13.3,No,No,Summer,Rainy,928.98,0.0,0.0,276.2,0.166,7
ORD100162,2022-08-08,P-GRO-009,Grocery,Sunflower Oil 1L,North,Kanpur,SUP-001,8.0,WH-NO-05,,33.0,185.0,999.0,36.63,441.36,11.0,No,No,Autumn,Cloudy,501.76,0.0,0.0,260.77,0.014,37
ORD100163,2024-06-25,P-ELE-009,Electronics,Smartphone Charger,South,Chennai,SUP-040,15.0,WH-SO-04,78.0,6.0,56.0,233.0,6.24,962.16,15.3,No,No,Summer,Sunny,1026.47,0.0,1.0,605.51,0.055,7
ORD100164,2024-06-29,P-CLO-015,Clothing,Men's Cotton T-Shirt,East,Guwahati,SUP-035,11.0,WH-EA-01,324.0,9.0,151.0,503.0,15.25,2465.25,34.4,No,,Autumn,Cloudy,2573.18,0.0,1.0,356.18,0.061,25
ORD100165,2024-10-16,P-GRO-005,Grocery,Tea Powder 500g,West,Mumbai,SUP-017,8.0,WH-WE-04,499.0,44.0,306.0,1199.0,40.54,561.73,3.3,No,No,Autumn,Sunny,666.56,0.0,1.0,326.77,0.082,49
ORD100166,2023-09-27,P-BEA-006,Beauty,Moisturizer Cream,South,Bengaluru,SUP-001,10.0,WH-SO-01,165.0,40.0,215.0,789.0,28.02,542.41,6.2,No,No,Autumn,Rainy,498.68,0.0,20.0,414.0,0.168,23
ORD100167,2024-04-11,P-BEA-012,Beauty,Body Lotion 400ml,West,Nagpur,SUP-014,11.0,WH-WE-02,330.0,21.0,177.0,831.0,23.68,496.76,13.9,No,No,Summer,Cloudy,493.15,0.0,0.0,287.71,0.121,30
ORD100168,2024-02-04,P-GRO-010,Grocery,Toor Dal 1kg,North,Delhi,SUP-018,10.0,WH-NO-01,806.0,44.0,325.0,1164.0,42.48,259.17,23.1,No,No,Winter,Sunny,263.11,1.0,1.0,,0.288,60
ORD100169,2021-01-29,P-SPO-005,Sports,Running Shoes,South,Coimbatore,SUP-007,5.0,WH-SO-05,276.0,10.0,88.0,397.0,13.22,2146.89,37.5,Yes,No,Winter,Sunny,,0.0,1.0,246.94,0.043,15
ORD100170,2022-09-03,P-GRO-006,Grocery,Basmati Rice 5kg,West,Ahmedabad,SUP-027,9.0,WH-WE-02,948.0,38.0,336.0,1537.0,47.97,108.31,6.1,Yes,No,Autumn,Sunny,92.36,0.0,0.0,326.05,0.1,48
ORD100171,2023-02-08,P-CLO-013,Clothing,Denim Jeans,East,Ranchi,SUP-040,,WH-EA-03,102.0,,91.0,,13.4,1794.38,12.1,No,No,Winter,Cloudy,1938.49,0.0,0.0,236.49,0.263,18
ORD100172,2022-11-09,P-GRO-013,Grocery,Toor Dal 1kg,West,Ahmedabad,SUP-034,8.0,WH-WE-04,641.0,45.0,304.0,1176.0,43.39,171.64,8.2,Yes,No,Autumn,Rainy,161.32,0.0,0.0,1159.92,0.043,45
ORD100173,2024-04-25,P-SPO-003,Sports,Cricket Bat,North,Jaipur,SUP-035,5.0,WH-NO-05,65.0,12.0,57.0,285.0,9.91,4949.66,7.0,No,No,Summer,Rainy,4645.1,0.0,1.0,340.68,0.192,9
ORD100174,2024-12-05,P-ELE-006,Electronics,Bluetooth Speaker,North,Kanpur,SUP-034,9.0,WH-NO-05,43.0,9.0,70.0,261.0,8.71,8395.52,16.1,No,No,Winter,Rainy,8154.37,0.0,0.0,433.83,0.014,8
ORD100175,2023-03-08,P-ELE-012,Electronics,Bluetooth Speaker,North,Kanpur,SUP-003,9.0,WH-NO-01,246.0,11.0,78.0,292.0,11.02,6101.09,13.9,No,Yes,Spring,Cloudy,5988.72,0.0,0.0,338.56,0.058,16
ORD100176,2021-05-21,P-CLO-002,Clothing,Formal Shirt,North,Jaipur,SUP-023,9.0,WH-NO-02,139.0,22.0,123.0,465.0,15.8,2340.07,5.9,No,No,Summer,Sunny,2317.32,1.0,3.0,457.09,0.005,20
ORD100177,2022-06-10,P-SPO-003,Sports,Gym Dumbbells 5kg,North,Delhi,SUP-023,8.0,WH-NO-03,,6.0,96.0,439.0,12.76,699.01,8.8,No,No,Summer,Cloudy,752.9,0.0,1.0,305.14,0.079,14
ORD100178,2021-10-16,P-SPO-003,Sports,Skipping Rope,East,Kolkata,SUP-005,8.0,WH-EA-04,214.0,8.0,50.0,383.0,10.83,1794.05,20.2,No,No,Autumn,Sunny,1961.81,0.0,2.0,399.87,0.032,15
ORD100179,2022-11-19,P-BEA-008,Beauty,Body Lotion 400ml,East,Bhubaneswar,SUP-006,6.0,WH-EA-02,275.0,32.0,271.0,1063.0,36.26,410.24,3.5,No,No,Autumn,Sunny,401.73,0.0,0.0,244.56,0.061,29
ORD100180,2021-12-09,P-SPO-007,Sports,Cricket Bat,East,Guwahati,SUP-023,7.0,WH-EA-02,49.0,14.0,106.0,402.0,13.5,2893.84,15.7,Yes,No,Winter,Sunny,2755.37,0.0,2.0,312.53,0.101,13
ORD100181,2021-04-28,P-SPO-005,Sports,Running Shoes,South,Coimbatore,SUP-029,2.0,WH-SO-04,166.0,14.0,96.0,459.0,15.63,826.2,5.0,Yes,No,Summer,Rainy,817.71,0.0,0.0,339.12,0.095,13
ORD100182,2021-09-08,P-CLO-003,Clothing,Woolen Sweater,North,Jaipur,SUP-009,7.0,WH-NO-03,228.0,18.0,116.0,393.0,,584.13,20.8,Yes,No,Autumn,Cloudy,542.37,0.0,3.0,349.57,,19
ORD100183,2022-12-27,P-GRO-010,Grocery,Instant Noodles Pack,West,Mumbai,SUP-020,3.0,WH-WE-04,270.0,35.0,164.0,771.0,24.6,460.85,13.7,No,No,Winter,Sunny,,0.0,4.0,,0.067,32
ORD100184,2021-07-26,P-BEA-013,Beauty,Moisturizer Cream,North,Delhi,SUP-004,7.0,WH-NO-02,209.0,14.0,161.0,667.0,21.71,167.94,4.5,No,No,Autumn,Rainy,155.23,0.0,0.0,374.97,0.093,22
ORD100185,2021-02-10,P-FUR-004,Furniture,Dining Chair,West,Mumbai,SUP-005,10.0,WH-WE-03,12.0,6.0,26.0,126.0,3.81,3992.27,26.2,No,No,Spring,Rainy,4671.67,0.0,0.0,,0.075,4
ORD100186,2022-02-14,P-GRO-010,Grocery,Instant Noodles Pack,North,Chandigarh,SUP-024,10.0,WH-NO-01,605.0,36.0,200.0,1279.0,38.6,241.69,10.0,No,No,Spring,Cloudy,244.16,0.0,0.0,267.92,0.068,41
ORD100187,2023-07-31,P-ELE-012,Electronics,LED TV 43in,East,Guwahati,SUP-023,3.0,WH-EA-01,120.0,9.0,50.0,268.0,8.43,9420.02,17.7,Yes,No,Autumn,Sunny,9014.71,0.0,1.0,275.05,0.063,12
ORD100188,2023-07-11,P-BEA-009,Beauty,Body Lotion 400ml,West,Mumbai,SUP-031,6.0,WH-WE-01,,29.0,223.0,927.0,29.11,664.9,10.8,No,No,Autumn,Sunny,702.45,0.0,1.0,270.76,0.154,40
ORD100189,2022-07-25,P-GRO-009,Grocery,Sugar 1kg,East,Ranchi,SUP-037,5.0,WH-EA-01,185.0,35.0,241.0,866.0,32.25,414.55,6.7,Yes,No,Summer,,373.69,0.0,1.0,411.8,0.013,39
ORD100190,2023-08-28,P-SPO-003,Sports,Skipping Rope,East,Patna,SUP-008,8.0,WH-EA-02,127.0,12.0,86.0,275.0,9.02,852.75,22.0,Yes,No,Summer,Cloudy,804.21,0.0,2.0,438.01,0.078,13
ORD100191,2021-10-07,P-GRO-015,Grocery,Sugar 1kg,West,Surat,SUP-014,7.0,WH-WE-01,539.0,24.0,258.0,942.0,36.62,163.09,15.0,No,No,Autumn,Cloudy,168.62,2.0,2.0,446.21,0.103,39
ORD100192,2023-11-22,P-ELE-015,Electronics,Power Bank 10000mAh,North,Jaipur,SUP-035,24.0,WH-NO-01,142.0,8.0,53.0,293.0,10.17,13319.76,7.2,No,No,Autumn,Sunny,13464.02,0.0,1.0,583.53,0.136,9
ORD100193,2021-01-26,P-BEA-011,Beauty,Talcum Powder,West,Mumbai,SUP-003,23.0,WH-WE-05,272.0,71.0,507.0,2069.0,59.4,777.68,7.0,No,Yes,Winter,Sunny,842.93,0.0,2.0,620.88,0.117,100
ORD100194,2021-07-17,P-ELE-014,Electronics,Power Bank 10000mAh,West,Nagpur,SUP-034,8.0,WH-WE-05,69.0,8.0,,337.0,10.68,11805.54,8.4,No,No,Autumn,,9227.6,0.0,1.0,395.59,0.044,8
ORD100195,2024-09-09,P-ELE-010,Electronics,Bluetooth Speaker,Central,,SUP-038,7.0,WH-CE-02,37.0,4.0,50.0,251.0,8.14,5496.4,16.0,Yes,No,Autumn,Rainy,5856.14,0.0,2.0,362.78,0.024,10
ORD100196,2022-11-15,P-CLO-010,Clothing,Kids Winter Jacket,South,Kochi,SUP-004,9.0,WH-SO-05,259.0,42.0,275.0,1038.0,34.79,600.34,25.8,No,No,Autumn,Sunny,574.24,0.0,1.0,465.79,0.021,36
ORD100197,2023-03-24,P-SPO-013,Sports,Running Shoes,South,Bengaluru,SUP-006,2.0,WH-SO-01,183.0,11.0,101.0,410.0,13.71,622.87,19.1,No,No,Summer,Cloudy,564.56,0.0,3.0,316.05,,13
ORD100198,2022-08-04,P-ELE-001,Electronics,Power Bank 10000mAh,West,Pune,SUP-028,4.0,WH-WE-01,144.0,10.0,46.0,231.0,7.59,11296.1,14.5,No,No,Summer,Stormy,9738.91,0.0,1.0,381.95,0.021,7
ORD100199,2023-08-04,P-GRO-004,Grocery,Toor Dal 1kg,East,Patna,SUP-020,9.0,WH-EA-02,488.0,39.0,331.0,1364.0,45.14,466.23,3.0,Yes,Yes,Summer,Cloudy,,0.0,1.0,320.65,0.079,57
ORD100200,2023-12-29,P-BEA-004,Beauty,Moisturizer Cream,South,Hyderabad,SUP-040,15.0,WH-SO-02,427.0,56.0,268.0,1336.0,41.84,1051.9,12.9,No,No,Winter,Sunny,1185.7,0.0,2.0,472.39,0.132,49
ORD100201,2024-02-13,P-SPO-010,Sports,Running Shoes,North,Kanpur,SUP-022,13.0,WH-NO-01,199.0,17.0,86.0,565.0,15.68,2663.07,26.7,No,No,Spring,Cloudy,2869.53,0.0,0.0,378.1,0.013,17
ORD100202,2021-12-30,P-CLO-004,Clothing,Woolen Sweater,North,Jaipur,SUP-027,14.0,WH-NO-05,369.0,18.0,156.0,783.0,22.82,343.46,8.9,,No,Winter,Rainy,388.37,0.0,1.0,425.73,0.173,40
ORD100203,2023-07-05,P-ELE-006,Electronics,Home Router,South,Coimbatore,SUP-010,10.0,WH-SO-05,107.0,4.0,46.0,,5.98,2239.58,11.6,No,No,Autumn,Rainy,2219.19,0.0,1.0,344.15,0.118,8
ORD100204,2024-02-20,P-ELE-008,Electronics,Smartphone Charger,North,Chandigarh,SUP-013,13.0,WH-NO-02,61.0,5.0,40.0,160.0,5.7,2619.83,31.8,No,No,Spring,Sunny,2642.21,2.0,2.0,351.04,0.007,6
ORD100205,2022-08-27,P-GRO-012,Grocery,Masala Mix 200g,North,Kanpur,SUP-008,3.0,WH-NO-02,350.0,43.0,266.0,1191.0,41.93,410.35,4.9,No,No,Summer,Sunny,358.51,0.0,2.0,333.1,0.095,36
ORD100206,2022-07-13,P-ELE-008,Electronics,Power Bank 10000mAh,North,Kanpur,SUP-006,6.0,WH-NO-04,107.0,7.0,61.0,227.0,8.07,4002.91,10.5,No,No,Summer,Sunny,3497.11,0.0,21.0,325.72,0.026,8
ORD100207,2023-07-06,P-FUR-001,Furniture,Office Chair,Central,Jabalpur,SUP-005,11.0,WH-CE-05,81.0,3.0,31.0,113.0,,7386.24,4.2,No,No,Autumn,Sunny,7299.64,0.0,0.0,338.94,0.01,2
ORD100208,2023-04-19,P-ELE-011,Electronics,Wireless Earbuds,North,Kanpur,SUP-036,7.0,WH-NO-02,104.0,10.0,68.0,341.0,11.25,6476.4,0.6,No,No,Summer,Cloudy,5763.38,0.0,0.0,342.91,0.003,11
ORD100209,2022-01-04,P-CLO-007,Clothing,Women's Kurti,North,Jaipur,SUP-003,29.0,WH-NO-04,67.0,23.0,115.0,456.0,15.87,1461.68,16.8,No,No,Winter,Sunny,1361.44,0.0,4.0,750.15,0.09,16
ORD100210,2024-10-31,P-FUR-002,Furniture,TV Unit,South,Bengaluru,SUP-021,5.0,WH-SO-01,98.0,6.0,35.0,155.0,5.17,4655.95,14.4,Yes,No,Autumn,,4672.07,1.0,0.0,270.56,0.102,10
ORD100211,2023-04-01,P-CLO-010,Clothing,Track Pants,South,Chennai,SUP-021,16.0,WH-SO-03,637.0,23.0,251.0,800.0,28.07,747.87,31.9,No,No,Summer,Cloudy,823.99,0.0,1.0,434.72,0.036,33
ORD100212,2023-04-05,P-ELE-005,Electronics,Smartwatch,Central,Gwalior,SUP-003,8.0,WH-CE-05,93.0,5.0,42.0,157.0,5.22,8051.65,11.8,Yes,No,Summer,Cloudy,8057.99,0.0,0.0,419.94,0.131,7
ORD100213,2021-10-28,P-BEA-007,Beauty,Hair Oil 250ml,Central,Indore,SUP-034,11.0,WH-CE-03,555.0,33.0,217.0,770.0,27.5,696.05,14.8,No,No,Autumn,Sunny,620.3,0.0,2.0,494.88,,40
ORD100214,2023-09-14,P-FUR-015,Furniture,Plastic Storage Rack,South,Bengaluru,SUP-021,4.0,WH-SO-04,165.0,5.0,34.0,186.0,6.61,5297.52,,No,No,Autumn,Sunny,,0.0,2.0,337.45,0.041,6
ORD100215,2024-09-02,P-BEA-004,Beauty,Talcum Powder,South,Kochi,SUP-006,5.0,WH-SO-04,196.0,,201.0,928.0,25.79,267.15,22.3,No,No,Autumn,Sunny,269.71,0.0,1.0,317.79,0.079,26
ORD100216,2023-11-27,P-ELE-014,Electronics,Smartphone Charger,South,Hyderabad,SUP-006,8.0,WH-SO-04,83.0,10.0,80.0,264.0,10.04,6449.42,1.9,Yes,No,Autumn,Rainy,6124.84,0.0,1.0,257.16,0.102,13
ORD100217,2023-01-15,P-ELE-007,Electronics,LED TV 43in,North,Kanpur,SUP-029,5.0,WH-NO-04,186.0,9.0,56.0,417.0,10.59,30360.26,9.4,Yes,No,Winter,Sunny,9804.99,0.0,1.0,275.32,0.044,16
ORD100218,2023-07-20,P-SPO-014,Sports,Football,South,Chennai,SUP-025,10.0,WH-SO-05,403.0,10.0,100.0,423.0,16.33,1646.64,4.8,Yes,No,Summer,Sunny,1619.74,0.0,3.0,560.28,0.122,19
ORD100219,2021-12-08,P-GRO-013,Grocery,Instant Noodles Pack,North,Lucknow,SUP-017,6.0,WH-NO-01,407.0,30.0,158.0,,25.4,172.23,1.9,No,No,Winter,Sunny,171.26,0.0,4.0,,0.205,22
ORD100220,2021-03-30,P-GRO-013,Grocery,Tea Powder 500g,North,Lucknow,SUP-017,7.0,WH-NO-05,1259.0,20.0,431.0,1388.0,52.96,562.59,8.2,No,No,Summer,,616.67,0.0,1.0,335.74,0.015,58
ORD100221,2023-07-24,P-CLO-004,Clothing,Cotton Saree,East,Patna,SUP-002,11.0,WH-EA-05,434.0,15.0,150.0,521.0,18.08,1529.83,8.0,No,No,Summer,Cloudy,1658.78,,1.0,303.16,0.05,26
ORD100222,2021-09-23,P-FUR-012,Furniture,TV Unit,North,Chandigarh,SUP-002,6.0,WH-NO-05,157.0,6.0,48.0,153.0,7.7,13921.93,15.4,Yes,No,Autumn,Stormy,14332.73,0.0,2.0,398.45,0.115,10
ORD100223,2021-05-12,P-SPO-006,Sports,Football,North,Lucknow,SUP-022,5.0,WH-NO-02,224.0,12.0,86.0,488.0,14.8,485.66,23.7,Yes,No,Summer,Sunny,450.88,0.0,1.0,,0.015,22
ORD100224,2024-02-07,P-GRO-014,Grocery,Masala Mix 200g,East,Ranchi,SUP-015,4.0,WH-EA-03,1148.0,90.0,298.0,1721.0,62.53,337.46,20.3,No,No,Winter,Sunny,322.58,0.0,1.0,233.34,0.027,56
ORD100225,2022-09-27,P-SPO-015,Sports,Football,South,Chennai,SUP-011,19.0,WH-SO-02,214.0,11.0,64.0,376.0,12.15,2658.57,23.3,Yes,No,Autumn,Rainy,2820.9,0.0,4.0,562.7,0.017,19
ORD100226,2024-05-31,P-ELE-010,Electronics,Power Bank 10000mAh,North,Chandigarh,SUP-016,8.0,WH-NO-05,183.0,17.0,83.0,465.0,13.21,2563.3,19.6,Yes,No,Summer,Sunny,2830.17,0.0,0.0,441.99,0.036,22
ORD100227,2024-06-19,P-CLO-014,Clothing,Cotton Saree,North,Kanpur,SUP-025,3.0,WH-NO-03,94.0,17.0,,476.0,16.76,267.28,12.5,No,No,Autumn,Sunny,240.04,0.0,0.0,214.39,0.036,12
ORD100228,2021-06-29,P-FUR-008,Furniture,Dining Chair,North,,SUP-012,10.0,WH-NO-02,34.0,8.0,46.0,206.0,6.62,19865.69,10.5,No,No,Autumn,,22293.32,0.0,2.0,387.76,0.089,9
ORD100229,2024-01-27,P-ELE-001,Electronics,Smartphone Charger,North,Delhi,SUP-014,5.0,WH-NO-04,42.0,11.0,96.0,343.0,12.6,8205.02,20.0,Yes,No,Winter,Cloudy,7693.19,0.0,2.0,398.31,0.115,12
ORD100230,2022-05-05,P-ELE-014,Electronics,Home Router,West,Mumbai,SUP-012,13.0,WH-WE-01,138.0,12.0,70.0,315.0,9.7,4668.16,7.2,No,No,Summer,,4917.92,0.0,0.0,270.04,0.114,13
ORD100231,2023-10-25,P-GRO-008,Grocery,Instant Noodles Pack,Central,Raipur,SUP-027,8.0,WH-CE-02,235.0,16.0,127.0,624.0,20.11,170.92,4.6,Yes,No,Autumn,Stormy,209.22,0.0,0.0,410.06,0.012,29
ORD100232,2021-03-06,P-SPO-001,Sports,Cricket Bat,South,Coimbatore,SUP-003,9.0,WH-SO-02,529.0,12.0,94.0,358.0,13.65,3733.12,0.5,No,No,Spring,Sunny,3258.35,0.0,1.0,343.85,0.058,6
ORD100233,2022-11-19,P-CLO-001,Clothing,Kids Winter Jacket,South,Kochi,SUP-037,3.0,WH-SO-02,385.0,16.0,,660.0,19.36,1440.16,12.4,No,No,Autumn,Sunny,1498.37,0.0,2.0,305.95,0.076,20
ORD100234,2023-07-08,P-SPO-011,Sports,Skipping Rope,West,Mumbai,SUP-023,12.0,WH-WE-03,297.0,12.0,119.0,539.0,18.16,3443.55,20.1,No,No,Summer,Sunny,3357.06,,1.0,367.09,0.092,16
ORD100235,2022-10-15,P-BEA-014,Beauty,Lipstick Set,East,Bhubaneswar,SUP-010,9.0,WH-EA-01,225.0,17.0,117.0,514.0,17.44,439.0,14.0,,No,Autumn,,454.71,0.0,1.0,373.98,0.226,18
ORD100236,2023-03-18,P-CLO-011,Clothing,Formal Shirt,North,Lucknow,SUP-031,4.0,WH-NO-05,412.0,22.0,135.0,555.0,17.32,2250.05,18.8,No,No,Summer,Sunny,2138.63,0.0,0.0,215.11,,20
ORD100237,2021-01-17,P-BEA-007,Beauty,Moisturizer Cream,North,Chandigarh,SUP-038,5.0,WH-NO-03,274.0,20.0,179.0,743.0,22.45,963.53,25.1,No,No,Winter,Rainy,772.41,0.0,0.0,262.16,0.077,23
ORD100238,2021-01-11,P-ELE-005,Electronics,Smartwatch,South,Hyderabad,SUP-003,4.0,WH-SO-02,130.0,7.0,57.0,252.0,,5978.01,16.3,No,No,Winter,Stormy,5617.51,0.0,0.0,194.49,0.015,9
ORD100239,2023-05-27,P-ELE-007,Electronics,Home Router,East,Patna,SUP-009,10.0,WH-EA-01,165.0,12.0,54.0,253.0,7.72,8026.16,6.1,No,No,Summer,Cloudy,8248.97,0.0,4.0,514.19,0.079,11
ORD100240,2022-08-31,P-BEA-005,Beauty,Sunscreen Lotion,North,Delhi,SUP-006,7.0,WH-NO-05,683.0,26.0,227.0,883.0,29.31,780.01,23.7,No,No,,Rainy,864.2,0.0,3.0,396.68,0.11,36
ORD100241,2023-04-24,P-BEA-005,Beauty,Hair Oil 250ml,South,Bengaluru,SUP-003,4.0,WH-SO-05,452.0,35.0,197.0,841.0,28.75,948.22,27.9,No,No,Summer,Sunny,978.98,0.0,1.0,304.95,0.012,32
ORD100242,2022-06-10,P-GRO-002,Grocery,Instant Noodles Pack,South,Hyderabad,SUP-030,9.0,WH-SO-03,417.0,29.0,195.0,824.0,29.37,361.67,22.4,No,,Summer,Sunny,404.28,0.0,0.0,310.72,0.07,38
ORD100243,2021-01-08,P-CLO-009,Clothing,Track Pants,South,Chennai,SUP-008,9.0,WH-SO-02,133.0,24.0,148.0,563.0,18.34,1883.3,18.2,No,No,Winter,Sunny,1808.96,0.0,1.0,468.55,0.098,23
ORD100244,2023-10-21,P-FUR-004,Furniture,Plastic Storage Rack,South,Chennai,SUP-016,7.0,WH-SO-03,16.0,5.0,40.0,134.0,5.22,13995.25,10.3,No,No,Autumn,Cloudy,13351.71,0.0,1.0,330.95,0.07,3
ORD100245,2021-07-20,P-SPO-003,Sports,Skipping Rope,East,Kolkata,SUP-033,9.0,WH-EA-05,231.0,11.0,76.0,299.0,10.88,3516.24,25.7,No,No,Autumn,Sunny,3612.75,0.0,1.0,412.23,0.118,13
ORD100246,2024-02-21,P-FUR-005,Furniture,Wooden Bookshelf,East,Kolkata,SUP-025,9.0,WH-EA-02,39.0,4.0,22.0,90.0,3.62,6015.99,4.0,,No,Spring,Sunny,5835.51,0.0,0.0,326.3,0.158,3
ORD100247,2021-01-19,P-GRO-012,Grocery,Tea Powder 500g,North,Delhi,SUP-028,9.0,WH-NO-04,807.0,32.0,187.0,1139.0,35.04,278.43,13.0,Yes,No,Winter,Rainy,303.43,0.0,0.0,380.75,0.209,49
ORD100248,2024-09-19,P-GRO-009,Grocery,Wheat Flour 5kg,North,Lucknow,SUP-004,14.0,WH-NO-05,796.0,57.0,402.0,1705.0,55.91,554.43,5.4,No,No,Autumn,Sunny,492.09,0.0,1.0,411.63,0.059,62
ORD100249,2022-01-05,P-CLO-008,Clothing,Woolen Sweater,West,Mumbai,SUP-039,7.0,WH-WE-04,218.0,20.0,196.0,789.0,25.71,1075.76,14.2,Yes,No,Winter,Cloudy,1150.0,0.0,0.0,280.58,0.033,32
ORD100250,2024-07-28,P-FUR-009,Furniture,Sofa Cushion Set,South,Chennai,SUP-004,7.0,WH-SO-05,21.0,,27.0,131.0,4.59,9041.67,32.9,No,No,Autumn,Sunny,9915.48,0.0,7.0,583.05,0.028,4
ORD100251,2021-01-06,P-SPO-009,Sports,Gym Dumbbells 5kg,North,Lucknow,SUP-029,8.0,WH-NO-05,207.0,29.0,129.0,471.0,16.01,2887.97,13.0,Yes,No,Winter,Cloudy,2972.32,0.0,2.0,271.15,0.044,27
ORD100252,2022-10-20,P-CLO-008,Clothing,Formal Shirt,South,,SUP-026,12.0,WH-SO-01,479.0,14.0,131.0,578.0,,403.55,21.5,No,No,Autumn,Cloudy,433.02,0.0,1.0,437.53,0.1,30
ORD100253,2022-09-02,P-GRO-013,Grocery,Tea Powder 500g,West,Mumbai,SUP-017,6.0,WH-WE-02,1327.0,77.0,363.0,2179.0,70.26,220.42,12.7,No,No,Autumn,Sunny,208.97,0.0,0.0,241.36,0.118,83
ORD100254,2021-08-29,P-GRO-011,Grocery,Instant Noodles Pack,West,Mumbai,SUP-034,5.0,WH-WE-01,500.0,36.0,271.0,917.0,36.1,537.47,9.8,No,No,Summer,Sunny,,0.0,1.0,288.82,0.212,22
ORD100255,2022-11-28,P-BEA-003,Beauty,Moisturizer Cream,West,Nagpur,SUP-036,15.0,WH-WE-03,118.0,16.0,170.0,745.0,24.59,554.83,18.2,Yes,No,Autumn,Cloudy,570.46,,2.0,553.75,0.086,34
ORD100256,2021-11-11,P-BEA-013,Beauty,Body Lotion 400ml,East,Guwahati,SUP-003,10.0,WH-EA-03,270.0,25.0,138.0,634.0,20.23,,20.3,No,No,Autumn,Cloudy,164.2,0.0,0.0,346.6,0.162,26
ORD100257,2022-10-01,P-ELE-003,Electronics,LED TV 43in,South,Bengaluru,SUP-039,6.0,WH-SO-01,52.0,6.0,58.0,231.0,7.34,2683.72,8.7,No,No,Autumn,Sunny,2748.24,0.0,1.0,296.59,0.055,8
ORD100258,2022-07-02,P-ELE-002,Electronics,Smartphone Charger,South,Chennai,SUP-010,11.0,WH-SO-03,,9.0,93.0,391.0,10.87,6312.91,24.0,No,No,Autumn,Sunny,6465.23,0.0,1.0,416.38,0.119,17
ORD100259,2021-10-19,P-CLO-007,Clothing,Cotton Saree,North,Lucknow,SUP-032,4.0,WH-NO-01,142.0,30.0,160.0,648.0,21.03,801.54,5.0,Yes,No,,Sunny,797.22,0.0,1.0,260.61,0.097,22
ORD100260,2024-02-27,P-ELE-006,Electronics,Laptop Stand,East,Ranchi,SUP-033,9.0,WH-EA-03,36.0,7.0,52.0,256.0,7.84,11602.43,10.7,Yes,No,Spring,Sunny,11864.46,0.0,2.0,411.07,0.025,8
ORD100261,2023-02-04,P-BEA-012,Beauty,Moisturizer Cream,East,Ranchi,SUP-023,23.0,WH-EA-02,,27.0,103.0,655.0,19.94,1081.34,18.0,No,No,Spring,Rainy,1136.25,0.0,1.0,525.89,,18
ORD100262,2024-05-09,P-GRO-011,Grocery,Sugar 1kg,North,Jaipur,SUP-035,5.0,WH-NO-05,776.0,47.0,309.0,1122.0,40.4,458.31,1.7,No,No,Summer,Sunny,454.64,0.0,1.0,369.54,0.223,47
ORD100263,2024-04-04,P-ELE-001,Electronics,Laptop Stand,West,Mumbai,SUP-034,10.0,WH-WE-04,329.0,15.0,102.0,469.0,14.49,4741.49,30.6,Yes,No,Summer,Cloudy,4560.61,0.0,2.0,355.87,0.243,15
ORD100264,2022-01-19,P-SPO-008,Sports,Skipping Rope,South,Hyderabad,SUP-021,11.0,WH-SO-04,156.0,21.0,108.0,422.0,17.42,3971.81,,No,No,Winter,Cloudy,4233.21,0.0,1.0,428.67,0.068,21
ORD100265,2022-03-02,P-ELE-012,Electronics,Home Router,North,Chandigarh,SUP-008,,WH-NO-05,86.0,7.0,35.0,148.0,5.36,11656.86,1.4,No,No,Spring,Rainy,11911.7,0.0,3.0,485.75,0.165,6
ORD100266,2024-10-22,P-GRO-011,Grocery,Instant Noodles Pack,South,Coimbatore,SUP-018,8.0,WH-SO-01,565.0,43.0,393.0,1469.0,45.79,423.94,16.2,Yes,No,Autumn,Sunny,439.24,0.0,1.0,353.84,0.044,63
ORD100267,2022-04-02,P-ELE-008,Electronics,Bluetooth Speaker,West,Nagpur,SUP-037,2.0,WH-WE-02,117.0,12.0,103.0,344.0,12.93,4078.9,21.2,No,No,Summer,Cloudy,4269.0,0.0,0.0,251.28,0.02,19
ORD100268,2021-05-19,P-ELE-010,Electronics,Smartphone Charger,Central,Indore,SUP-009,7.0,WH-CE-04,58.0,5.0,33.0,133.0,4.0,11509.25,2.3,Yes,No,Summer,Cloudy,11646.03,0.0,0.0,244.84,0.017,5
ORD100269,2023-03-05,P-ELE-009,Electronics,Wireless Earbuds,East,Bhubaneswar,SUP-040,9.0,WH-EA-04,138.0,10.0,46.0,187.0,5.65,3560.48,37.5,No,No,Summer,,3462.44,0.0,1.0,400.14,0.122,8
ORD100270,2024-11-13,P-ELE-004,Electronics,Smartwatch,Central,Indore,SUP-008,15.0,WH-CE-01,127.0,6.0,79.0,340.0,10.87,14307.24,5.9,,Yes,Autumn,Sunny,13601.22,0.0,2.0,503.12,0.022,15
ORD100271,2021-12-08,P-ELE-009,Electronics,Laptop Stand,West,Pune,SUP-027,12.0,WH-WE-02,123.0,9.0,80.0,,13.49,2983.47,12.5,No,No,Winter,,2962.36,0.0,1.0,394.57,,10
ORD100272,2023-07-21,P-ELE-011,Electronics,Laptop Stand,West,Pune,SUP-026,17.0,WH-WE-02,40.0,8.0,,310.0,10.57,14997.79,9.0,No,No,Autumn,Sunny,15575.81,2.0,2.0,542.05,0.1,9
ORD100273,2022-05-09,P-CLO-001,Clothing,Men's Cotton T-Shirt,West,Surat,SUP-008,22.0,WH-WE-01,93.0,22.0,186.0,,24.24,1382.56,6.7,Yes,No,Summer,Sunny,1441.0,0.0,1.0,646.64,,30
ORD100274,2022-07-17,P-FUR-011,Furniture,Sofa Cushion Set,South,Hyderabad,SUP-019,10.0,WH-SO-04,111.0,6.0,56.0,269.0,8.13,13116.98,2.7,No,No,Summer,,13267.99,1.0,1.0,403.99,0.048,7
ORD100275,2022-10-24,P-GRO-004,Grocery,Instant Noodles Pack,West,Surat,SUP-006,12.0,WH-WE-01,802.0,58.0,,1630.0,48.67,151.11,0.2,No,Yes,Autumn,,155.37,0.0,0.0,309.61,0.141,68
ORD100276,2021-07-29,P-GRO-001,Grocery,Sugar 1kg,East,Guwahati,SUP-015,25.0,WH-EA-05,578.0,15.0,208.0,831.0,27.38,97.37,6.1,No,No,Autumn,Sunny,88.77,0.0,4.0,678.23,0.059,20
ORD100277,2022-07-19,P-CLO-012,Clothing,Kids Winter Jacket,West,Pune,SUP-039,8.0,WH-WE-03,210.0,19.0,171.0,556.0,21.38,829.07,19.5,No,No,Autumn,,798.27,0.0,1.0,306.07,0.17,24
ORD100278,2022-02-03,P-SPO-006,Sports,Cricket Bat,North,Kanpur,SUP-003,2.0,WH-NO-04,265.0,13.0,121.0,442.0,15.14,593.19,23.8,No,No,Winter,Sunny,625.03,0.0,1.0,241.59,0.062,20
ORD100279,2024-04-10,P-BEA-007,Beauty,Lipstick Set,West,Mumbai,SUP-035,4.0,WH-WE-03,82.0,37.0,190.0,885.0,28.74,484.14,1.7,No,No,Summer,Cloudy,451.86,0.0,0.0,283.14,0.084,25
ORD100280,2021-11-29,P-ELE-010,Electronics,Laptop Stand,Central,Jabalpur,SUP-028,8.0,WH-CE-05,44.0,9.0,51.0,294.0,9.07,4051.66,0.9,No,No,Autumn,Sunny,4097.45,1.0,1.0,396.68,0.128,9
ORD100281,2024-05-25,P-ELE-009,Electronics,Smartwatch,South,Bengaluru,SUP-030,8.0,WH-SO-02,295.0,8.0,121.0,439.0,14.01,10884.89,0.7,No,No,Summer,Sunny,10929.79,0.0,1.0,386.46,0.082,22
ORD100282,2021-01-25,P-GRO-010,Grocery,Tea Powder 500g,Central,Indore,SUP-012,,WH-CE-03,248.0,193.0,263.0,1215.0,35.83,525.44,7.5,No,No,Winter,Cloudy,520.65,0.0,0.0,68.02,0.049,34
ORD100283,2022-08-12,P-GRO-015,Grocery,Tea Powder 500g,South,Kochi,SUP-038,6.0,WH-SO-01,575.0,,198.0,827.0,29.56,363.8,14.6,No,No,Summer,Cloudy,383.56,0.0,3.0,430.71,0.154,29
ORD100284,2022-01-28,P-CLO-010,Clothing,Kids Winter Jacket,North,Jaipur,SUP-011,2.0,WH-NO-05,364.0,12.0,90.0,502.0,17.92,1996.89,4.3,Yes,No,Winter,Cloudy,2033.18,0.0,3.0,,0.081,22
ORD100285,2022-10-17,P-GRO-001,Grocery,Wheat Flour 5kg,North,Lucknow,SUP-021,5.0,WH-NO-03,1014.0,56.0,324.0,1382.0,41.84,580.91,18.7,No,No,Autumn,Sunny,525.26,,1.0,350.38,0.139,46
ORD100286,2024-02-01,P-ELE-004,Electronics,Smartwatch,West,Nagpur,SUP-002,7.0,WH-WE-01,104.0,12.0,99.0,361.0,13.23,5132.54,14.0,Yes,No,Spring,Sunny,5344.48,,1.0,411.31,0.055,14
ORD100287,2024-10-30,P-GRO-007,Grocery,Wheat Flour 5kg,East,Kolkata,SUP-036,4.0,WH-EA-05,869.0,47.0,274.0,1099.0,40.81,334.02,5.2,Yes,No,Autumn,Rainy,320.47,0.0,2.0,247.15,0.067,42
ORD100288,2023-11-30,P-CLO-008,Clothing,Formal Shirt,South,Coimbatore,SUP-029,24.0,WH-SO-05,135.0,15.0,129.0,527.0,17.44,2354.13,24.5,No,No,Autumn,Sunny,2097.27,0.0,1.0,586.92,0.117,22
ORD100289,2023-01-06,P-ELE-006,Electronics,Bluetooth Speaker,East,Bhubaneswar,SUP-007,4.0,WH-EA-01,46.0,8.0,60.0,227.0,7.04,,21.4,No,,Winter,Sunny,2083.85,0.0,1.0,345.22,0.044,7
ORD100290,2023-01-19,P-BEA-003,Beauty,Hair Oil 250ml,South,Chennai,SUP-027,12.0,WH-SO-05,425.0,37.0,147.0,794.0,25.87,191.72,6.0,No,No,Winter,Cloudy,173.53,0.0,1.0,,0.155,29
ORD100291,2024-12-21,P-ELE-002,Electronics,Home Router,South,Kochi,SUP-008,4.0,WH-SO-04,61.0,11.0,84.0,228.0,10.31,1153.47,21.1,No,No,Winter,Rainy,1120.74,0.0,1.0,364.78,0.046,9
ORD100292,2024-12-19,P-SPO-003,Sports,Running Shoes,West,Surat,SUP-018,5.0,WH-WE-02,262.0,13.0,89.0,439.0,14.83,1196.35,10.2,Yes,No,Winter,Rainy,1224.44,0.0,0.0,343.01,0.072,22
ORD100293,2024-01-20,P-ELE-015,Electronics,Smartphone Charger,West,Mumbai,SUP-021,4.0,WH-WE-04,181.0,5.0,49.0,236.0,8.5,2891.47,10.2,No,No,Winter,Sunny,2874.51,0.0,5.0,442.37,0.055,10
ORD100294,2021-08-29,P-BEA-006,Beauty,Hair Oil 250ml,West,,SUP-038,12.0,WH-WE-04,506.0,29.0,155.0,775.0,23.06,745.58,16.4,No,No,Autumn,Stormy,708.34,0.0,0.0,332.01,0.3,26
ORD100295,2022-01-22,P-SPO-015,Sports,Yoga Mat,East,Kolkata,SUP-014,23.0,WH-EA-03,62.0,59.0,103.0,310.0,12.19,3605.53,12.2,No,No,Winter,Sunny,3318.9,0.0,1.0,534.76,0.044,11
ORD100296,2022-02-02,P-SPO-006,Sports,Cricket Bat,Central,Raipur,SUP-001,9.0,WH-CE-04,65.0,14.0,76.0,392.0,12.36,1877.99,6.1,No,No,Winter,Rainy,1763.8,1.0,0.0,388.05,,9
ORD100297,2021-12-01,P-BEA-005,Beauty,Herbal Shampoo 200ml,South,Hyderabad,SUP-018,14.0,WH-SO-01,333.0,21.0,150.0,656.0,21.82,918.36,16.0,No,No,Winter,Sunny,839.2,0.0,1.0,488.95,0.067,26
ORD100298,2024-11-14,P-BEA-008,Beauty,Talcum Powder,South,Coimbatore,SUP-038,6.0,WH-SO-05,509.0,39.0,,889.0,28.85,625.8,8.9,No,No,Autumn,Rainy,619.47,0.0,1.0,346.24,0.055,34
ORD100299,2021-08-21,P-FUR-015,Furniture,Plastic Storage Rack,North,Jaipur,SUP-032,5.0,WH-NO-05,167.0,8.0,65.0,281.0,8.68,17546.73,13.7,No,No,Summer,Rainy,16781.18,0.0,0.0,272.81,0.044,13
ORD100300,2024-05-31,P-BEA-009,Beauty,Herbal Shampoo 200ml,East,Kolkata,SUP-003,12.0,WH-EA-02,139.0,26.0,134.0,643.0,21.89,775.25,15.5,No,No,Summer,Rainy,689.74,1.0,0.0,409.09,0.101,16
ORD100301,2024-03-23,P-ELE-001,Electronics,Smartphone Charger,East,Bhubaneswar,SUP-003,,WH-EA-03,143.0,13.0,53.0,245.0,8.09,6594.67,1.9,No,No,Summer,Cloudy,6442.09,0.0,,546.6,0.048,11
ORD100302,2023-02-12,P-CLO-005,Clothing,Cotton Saree,West,Surat,SUP-031,11.0,WH-WE-02,258.0,17.0,134.0,,16.9,646.49,19.6,No,No,Winter,Sunny,613.22,0.0,1.0,380.08,0.099,20
ORD100303,2022-03-25,P-CLO-015,Clothing,Track Pants,South,Kochi,SUP-029,17.0,WH-SO-02,215.0,22.0,157.0,825.0,25.0,262.55,,No,No,Summer,Cloudy,268.18,,2.0,607.47,0.026,27
ORD100304,2022-01-24,P-BEA-003,Beauty,Moisturizer Cream,North,Lucknow,SUP-023,11.0,WH-NO-02,203.0,19.0,171.0,754.0,22.98,558.98,7.7,No,No,Winter,Sunny,575.17,2.0,0.0,1103.86,0.119,21
ORD100305,2023-09-15,P-CLO-013,Clothing,Men's Cotton T-Shirt,East,Kolkata,SUP-004,10.0,WH-EA-05,570.0,19.0,171.0,762.0,23.29,439.16,0.3,Yes,No,Autumn,Cloudy,486.31,0.0,2.0,480.32,0.125,59
ORD100306,2023-09-08,P-GRO-014,Grocery,Wheat Flour 5kg,Central,Bhopal,SUP-012,5.0,WH-CE-04,,52.0,372.0,1833.0,51.34,375.26,0.9,Yes,No,Autumn,Sunny,394.71,0.0,0.0,206.31,0.01,86
ORD100307,2023-03-01,P-FUR-004,Furniture,Sofa Cushion Set,South,Chennai,SUP-034,6.0,WH-SO-05,45.0,7.0,29.0,155.0,4.88,14713.66,28.3,Yes,No,Summer,Sunny,13432.69,0.0,0.0,307.69,0.028,4
ORD100308,2023-04-11,P-GRO-009,Grocery,Basmati Rice 5kg,North,Chandigarh,SUP-006,8.0,WH-NO-04,200.0,37.0,236.0,997.0,32.83,598.41,3.4,No,No,Summer,Sunny,494.38,0.0,2.0,467.78,,26
ORD100309,2024-04-21,P-ELE-009,Electronics,LED TV 43in,South,Chennai,SUP-009,6.0,WH-SO-04,209.0,11.0,72.0,337.0,10.56,9039.02,13.5,No,No,Summer,Rainy,7940.78,0.0,3.0,456.69,0.045,10
ORD100310,2024-01-08,P-CLO-012,Clothing,Men's Cotton T-Shirt,South,Bengaluru,SUP-019,9.0,WH-SO-01,158.0,17.0,111.0,470.0,16.57,2056.43,17.2,No,No,Winter,Sunny,1973.76,1.0,0.0,340.82,0.039,17
ORD100311,2024-01-02,P-GRO-012,Grocery,Toor Dal 1kg,South,Chennai,SUP-030,4.0,WH-SO-05,139.0,24.0,352.0,1477.0,45.39,443.74,29.9,No,No,Winter,Cloudy,386.66,0.0,0.0,153.11,0.027,30
ORD100312,2022-02-14,P-GRO-001,Grocery,Sunflower Oil 1L,South,Chennai,SUP-034,10.0,WH-SO-04,710.0,40.0,234.0,1363.0,41.19,248.02,28.7,No,No,Winter,Sunny,235.8,,2.0,367.27,0.028,37
ORD100313,2021-04-04,P-GRO-005,Grocery,Sunflower Oil 1L,East,Bhubaneswar,SUP-024,6.0,WH-EA-01,464.0,23.0,205.0,941.0,32.42,505.29,,Yes,No,Summer,Sunny,,0.0,0.0,314.01,0.17,54
ORD100314,2022-11-02,P-GRO-015,Grocery,Basmati Rice 5kg,South,Bengaluru,SUP-020,4.0,WH-SO-01,199.0,37.0,179.0,757.0,25.56,212.52,6.2,No,No,Autumn,Cloudy,202.95,0.0,0.0,241.77,0.145,26
ORD100315,2022-05-10,P-GRO-006,Grocery,Sugar 1kg,South,Coimbatore,SUP-016,5.0,WH-SO-04,1063.0,34.0,395.0,1425.0,45.88,338.79,2.5,No,,Summer,Sunny,346.34,0.0,1.0,280.54,0.062,56
ORD100316,2022-05-05,P-GRO-004,Grocery,Toor Dal 1kg,North,Chandigarh,SUP-002,20.0,WH-NO-02,1391.0,43.0,364.0,2005.0,71.33,180.87,5.9,No,No,Summer,Cloudy,172.07,0.0,2.0,414.78,0.057,49
ORD100317,2023-01-30,P-FUR-010,Furniture,TV Unit,Central,Indore,SUP-011,13.0,WH-CE-02,29.0,2.0,32.0,119.0,4.41,4189.42,1.4,No,No,Winter,Sunny,3934.05,0.0,2.0,453.41,0.047,4
ORD100318,2024-09-13,P-GRO-003,Grocery,Toor Dal 1kg,South,Kochi,SUP-009,10.0,WH-SO-02,743.0,23.0,201.0,866.0,29.55,597.08,0.7,No,No,Autumn,Stormy,678.67,0.0,0.0,351.19,0.024,33
ORD100319,2024-03-20,P-SPO-003,Sports,Football,South,Coimbatore,SUP-003,10.0,WH-SO-05,187.0,2.0,132.0,512.0,16.93,1422.58,24.0,No,No,Summer,Sunny,1418.82,0.0,0.0,313.84,0.082,16
ORD100320,2023-09-14,P-SPO-012,Sports,Football,North,Delhi,SUP-030,16.0,WH-NO-02,96.0,12.0,70.0,357.0,,427.12,3.6,Yes,No,Autumn,Sunny,430.95,0.0,0.0,438.08,0.076,12
ORD100321,2023-11-10,P-CLO-002,Clothing,Woolen Sweater,East,Kolkata,SUP-015,15.0,WH-EA-02,84.0,19.0,122.0,569.0,17.96,370.84,3.3,No,No,Autumn,Rainy,395.89,0.0,,478.2,0.24,16
ORD100322,2022-08-28,P-GRO-014,Grocery,Tea Powder 500g,West,Mumbai,SUP-021,8.0,WH-WE-02,650.0,25.0,225.0,1108.0,37.08,563.99,24.0,No,No,Autumn,Rainy,603.56,0.0,1.0,398.03,0.104,47
ORD100323,2023-03-14,P-CLO-004,Clothing,Denim Jeans,North,Chandigarh,SUP-009,10.0,WH-NO-01,224.0,17.0,87.0,420.0,13.22,,9.7,No,No,Spring,Cloudy,1872.69,0.0,1.0,378.5,0.008,13
ORD100324,2022-09-26,P-BEA-002,Beauty,Hair Oil 250ml,North,Lucknow,SUP-024,5.0,WH-NO-01,348.0,26.0,210.0,781.0,27.46,995.05,,No,No,Autumn,Sunny,1078.31,0.0,0.0,258.21,0.126,49
ORD100325,2024-03-27,P-FUR-012,Furniture,Foldable Bed,North,Lucknow,SUP-006,,WH-NO-03,55.0,,33.0,113.0,4.42,12672.59,19.0,No,No,Spring,Sunny,12217.52,0.0,1.0,395.31,0.09,7
ORD100326,2024-12-17,P-BEA-003,Beauty,Face Wash 100ml,East,Bhubaneswar,SUP-028,10.0,WH-EA-01,,19.0,103.0,449.0,15.27,962.09,14.1,,No,Winter,Cloudy,1040.31,0.0,0.0,315.53,0.075,25
ORD100327,2022-09-28,P-CLO-006,Clothing,Cotton Saree,Central,Raipur,SUP-030,11.0,WH-CE-04,85.0,24.0,144.0,557.0,18.11,1161.72,6.7,No,No,Autumn,Sunny,1047.05,0.0,0.0,422.84,0.022,14
ORD100328,2023-11-20,P-FUR-006,Furniture,Study Table,South,Bengaluru,SUP-013,11.0,WH-SO-03,170.0,9.0,119.0,351.0,12.41,5147.76,10.7,No,No,Autumn,Sunny,5021.44,0.0,0.0,324.69,0.179,12
ORD100329,2021-03-23,P-GRO-008,Grocery,Sunflower Oil 1L,South,Bengaluru,SUP-009,7.0,WH-SO-03,,30.0,322.0,1335.0,52.13,530.62,18.3,No,No,Summer,Cloudy,540.07,0.0,0.0,344.58,0.049,49
ORD100330,2022-08-10,P-BEA-008,Beauty,Hair Oil 250ml,West,Surat,SUP-032,6.0,WH-WE-02,584.0,24.0,208.0,,27.56,891.97,13.6,No,No,Autumn,Sunny,917.72,0.0,1.0,277.86,0.106,31
ORD100331,2024-06-25,P-GRO-003,Grocery,Toor Dal 1kg,West,Nagpur,SUP-009,16.0,WH-WE-04,1632.0,138.0,667.0,2494.0,94.51,270.63,3.1,,No,Autumn,Rainy,252.37,0.0,2.0,615.76,0.17,89
ORD100332,2023-09-30,P-FUR-004,Furniture,Office Chair,South,Kochi,SUP-008,11.0,WH-SO-03,93.0,3.0,32.0,101.0,3.9,8425.05,15.9,No,No,Autumn,Sunny,7313.78,0.0,0.0,507.88,0.089,4
ORD100333,2023-02-09,P-SPO-003,Sports,Cricket Bat,North,Kanpur,SUP-014,10.0,WH-NO-01,406.0,22.0,107.0,505.0,16.73,4381.85,12.5,No,No,Winter,Stormy,4543.21,0.0,1.0,414.04,0.04,21
ORD100334,2021-11-09,P-ELE-001,Electronics,Smartwatch,South,Hyderabad,SUP-039,3.0,WH-SO-03,287.0,11.0,123.0,514.0,15.3,7594.96,41.1,No,No,Autumn,Cloudy,7469.37,0.0,2.0,356.54,0.087,17
ORD100335,2024-03-27,P-FUR-010,Furniture,Sofa Cushion Set,West,Nagpur,SUP-019,6.0,WH-WE-01,26.0,4.0,,141.0,4.68,19349.19,5.8,No,No,Summer,Stormy,18744.33,0.0,2.0,364.64,0.167,5
ORD100336,2024-11-18,P-ELE-008,Electronics,Smartphone Charger,West,Nagpur,SUP-011,4.0,WH-WE-03,51.0,9.0,74.0,366.0,10.91,9752.51,,Yes,No,Autumn,Rainy,11043.28,0.0,2.0,343.58,0.106,12
ORD100337,2022-07-27,P-BEA-002,Beauty,Lipstick Set,West,Nagpur,SUP-021,3.0,WH-WE-03,489.0,27.0,170.0,527.0,23.77,121.87,4.5,Yes,No,,Sunny,119.01,2.0,0.0,195.96,0.078,30
ORD100338,2024-03-28,P-ELE-005,Electronics,LED TV 43in,West,Mumbai,SUP-014,6.0,WH-WE-03,137.0,9.0,64.0,271.0,8.87,2160.72,18.8,No,No,Summer,Sunny,2071.36,0.0,1.0,268.46,0.128,7
ORD100339,2023-05-10,P-SPO-011,Sports,Cycling Helmet,South,Bengaluru,SUP-027,6.0,WH-SO-02,243.0,11.0,93.0,487.0,15.36,4238.48,22.1,No,No,Summer,Sunny,3628.09,0.0,2.0,396.56,0.161,13
ORD100340,2022-08-04,P-ELE-005,Electronics,Power Bank 10000mAh,South,,SUP-018,7.0,WH-SO-03,90.0,5.0,44.0,173.0,6.23,10405.26,26.2,Yes,No,Autumn,Cloudy,9503.91,0.0,1.0,292.56,0.044,9
ORD100341,2022-04-29,P-SPO-007,Sports,Yoga Mat,North,Chandigarh,SUP-024,11.0,WH-NO-04,51.0,7.0,87.0,281.0,10.29,584.22,7.2,No,No,Summer,Sunny,625.15,0.0,2.0,479.34,0.056,10
ORD100342,2023-01-05,P-BEA-012,Beauty,Sunscreen Lotion,West,Nagpur,SUP-018,11.0,WH-WE-05,,31.0,170.0,850.0,29.37,667.99,24.6,Yes,No,Winter,Cloudy,629.22,0.0,2.0,494.6,0.098,35
ORD100343,2022-08-22,P-CLO-011,Clothing,Woolen Sweater,East,Patna,SUP-020,6.0,WH-EA-05,81.0,8.0,82.0,359.0,10.97,1208.64,6.7,No,No,Summer,Rainy,1269.41,0.0,2.0,443.27,0.08,9
ORD100344,2023-06-21,P-BEA-011,Beauty,Moisturizer Cream,South,Kochi,SUP-018,11.0,WH-SO-01,379.0,24.0,187.0,614.0,23.18,963.88,13.3,No,No,Summer,Sunny,864.21,0.0,0.0,311.38,0.038,25
ORD100345,2021-08-04,P-BEA-006,Beauty,Herbal Shampoo 200ml,North,Kanpur,SUP-016,9.0,WH-NO-04,245.0,,116.0,457.0,16.58,369.36,3.6,No,No,Summer,Cloudy,343.68,0.0,3.0,387.72,0.068,15
ORD100346,2022-11-29,P-SPO-008,Sports,Yoga Mat,West,Nagpur,SUP-039,8.0,WH-WE-01,31.0,13.0,71.0,275.0,10.53,1730.64,16.0,Yes,No,Autumn,Rainy,1606.77,0.0,1.0,397.39,0.133,13
ORD100347,2023-12-20,P-GRO-013,Grocery,Tea Powder 500g,West,Mumbai,SUP-011,8.0,WH-WE-03,684.0,70.0,409.0,1854.0,58.28,450.69,12.5,Yes,No,Winter,Rainy,467.88,0.0,24.0,400.1,0.1,75
ORD100348,2024-05-19,P-CLO-014,Clothing,Woolen Sweater,West,Pune,SUP-033,4.0,WH-WE-04,143.0,25.0,134.0,622.0,22.28,1894.24,41.7,No,No,Summer,Sunny,1862.13,0.0,0.0,297.17,0.231,17
ORD100349,2022-02-14,P-ELE-001,Electronics,LED TV 43in,North,Lucknow,SUP-029,4.0,WH-NO-03,91.0,5.0,54.0,236.0,7.95,11949.61,11.7,No,No,Spring,Sunny,10887.88,0.0,1.0,343.88,0.198,8
ORD100350,2023-05-27,P-FUR-013,Furniture,Study Table,Central,Gwalior,SUP-022,6.0,WH-CE-05,49.0,3.0,35.0,126.0,4.0,18003.51,2.9,Yes,No,Summer,Cloudy,19032.57,0.0,1.0,274.08,0.049,4
ORD100351,2022-03-17,P-ELE-014,Electronics,Smartphone Charger,West,Surat,SUP-013,2.0,WH-WE-05,129.0,7.0,68.0,284.0,9.95,4075.27,11.9,Yes,No,Spring,Sunny,4236.42,0.0,7.0,507.13,0.097,11
ORD100352,2024-02-29,P-CLO-015,Clothing,Formal Shirt,East,Bhubaneswar,SUP-020,7.0,WH-EA-05,345.0,16.0,116.0,423.0,16.53,970.07,4.5,No,No,Winter,Cloudy,996.49,0.0,0.0,288.48,0.019,17
ORD100353,2022-06-02,P-CLO-005,Clothing,Men's Cotton T-Shirt,East,Kolkata,SUP-034,8.0,WH-EA-04,69.0,19.0,85.0,444.0,14.09,2073.6,13.9,No,No,Summer,Stormy,2122.58,0.0,,364.74,0.103,9
ORD100354,2023-09-11,P-CLO-008,Clothing,Men's Cotton T-Shirt,Central,Raipur,SUP-008,16.0,WH-CE-04,162.0,17.0,162.0,694.0,21.86,462.31,2.8,No,No,Autumn,Cloudy,430.73,0.0,1.0,510.72,0.087,18
ORD100355,2022-09-24,P-CLO-001,Clothing,Cotton Saree,Central,Gwalior,SUP-024,9.0,WH-CE-05,198.0,13.0,85.0,502.0,14.43,1866.98,40.7,No,No,Autumn,Sunny,2054.96,0.0,3.0,485.4,0.069,21
ORD100356,2022-01-26,P-BEA-002,Beauty,Body Lotion 400ml,East,Bhubaneswar,SUP-031,8.0,WH-EA-02,773.0,,270.0,1231.0,39.8,385.12,18.0,No,Yes,Winter,Sunny,382.01,0.0,1.0,374.31,0.045,53
ORD100357,2023-04-22,P-BEA-009,Beauty,Herbal Shampoo 200ml,South,Chennai,SUP-026,8.0,WH-SO-02,498.0,13.0,92.0,669.0,22.12,1094.67,7.0,No,No,Summer,Rainy,1118.14,0.0,0.0,325.36,0.049,23
ORD100358,2023-07-01,P-CLO-004,Clothing,Kids Winter Jacket,South,Hyderabad,SUP-006,10.0,WH-SO-02,356.0,38.0,185.0,810.0,26.27,2283.28,6.2,No,No,Autumn,Sunny,2353.22,0.0,0.0,328.93,0.126,45
ORD100359,2023-09-25,P-CLO-004,Clothing,Kids Winter Jacket,West,Surat,SUP-021,16.0,WH-WE-04,561.0,29.0,174.0,715.0,24.28,619.57,13.1,No,No,Autumn,Sunny,572.74,0.0,1.0,490.06,0.002,33
ORD100360,2024-03-02,P-SPO-005,Sports,Running Shoes,East,Bhubaneswar,SUP-008,4.0,WH-EA-02,198.0,10.0,77.0,372.0,12.43,1308.4,12.1,Yes,No,Spring,Cloudy,1506.9,0.0,0.0,291.84,0.003,17
ORD100361,2023-09-15,P-ELE-007,Electronics,Home Router,North,Kanpur,SUP-038,17.0,WH-NO-01,204.0,9.0,64.0,280.0,9.93,12045.19,7.9,No,No,Autumn,Cloudy,12019.11,0.0,1.0,553.12,0.035,12
ORD100362,2024-05-28,P-ELE-003,Electronics,Home Router,North,Lucknow,SUP-015,6.0,WH-NO-04,113.0,16.0,66.0,325.0,10.54,4350.08,4.3,,No,Summer,Sunny,4361.7,0.0,0.0,361.08,0.104,10
ORD100363,2022-09-11,P-ELE-013,Electronics,LED TV 43in,Central,,SUP-017,10.0,WH-CE-04,106.0,9.0,83.0,332.0,10.76,7105.87,10.7,Yes,No,Autumn,Cloudy,6871.37,0.0,1.0,423.42,0.094,16
ORD100364,2023-01-14,P-FUR-011,Furniture,TV Unit,West,Nagpur,SUP-035,13.0,WH-WE-03,99.0,6.0,34.0,157.0,5.31,6250.31,2.6,No,No,Winter,Cloudy,6825.32,1.0,2.0,548.44,0.084,8
ORD100365,2022-12-06,P-GRO-012,Grocery,Basmati Rice 5kg,Central,Indore,SUP-018,25.0,WH-CE-05,743.0,80.0,419.0,1349.0,49.64,193.43,21.2,No,No,Winter,Sunny,211.88,0.0,1.0,654.94,0.011,103
ORD100366,2023-04-25,P-BEA-014,Beauty,Talcum Powder,South,Chennai,SUP-008,14.0,WH-SO-04,359.0,23.0,201.0,603.0,23.59,1025.89,21.3,No,No,Summer,Sunny,1038.88,,1.0,357.73,0.085,30
ORD100367,2021-07-25,P-FUR-010,Furniture,Office Chair,West,Mumbai,SUP-036,13.0,WH-WE-05,84.0,4.0,28.0,114.0,4.02,14978.01,24.6,No,No,Autumn,Cloudy,13221.6,2.0,5.0,644.56,0.158,4
ORD100368,2024-06-01,P-GRO-006,Grocery,Basmati Rice 5kg,West,Pune,SUP-026,13.0,WH-WE-02,874.0,83.0,432.0,1408.0,,264.5,3.6,No,No,Summer,Sunny,261.02,0.0,0.0,333.52,0.035,75
ORD100369,2023-02-01,P-SPO-015,Sports,Cricket Bat,South,Bengaluru,SUP-025,5.0,WH-SO-01,150.0,13.0,159.0,538.0,18.68,1271.89,33.2,No,No,Winter,Stormy,1265.28,0.0,0.0,360.91,0.072,20
ORD100370,2023-03-20,P-BEA-009,Beauty,Face Wash 100ml,North,Jaipur,SUP-004,7.0,WH-NO-02,172.0,27.0,204.0,787.0,27.5,1186.95,0.9,No,No,Summer,Sunny,1144.06,0.0,2.0,264.32,0.029,16
ORD100371,2024-07-05,P-GRO-007,Grocery,Toor Dal 1kg,Central,Bhopal,SUP-018,8.0,WH-CE-05,101.0,32.0,174.0,1009.0,28.7,492.49,,Yes,No,Summer,Cloudy,453.75,0.0,0.0,196.27,0.06,30
ORD100372,2022-11-11,P-GRO-007,Grocery,Sugar 1kg,North,Jaipur,SUP-019,9.0,WH-NO-05,613.0,17.0,236.0,922.0,,81.02,6.5,No,No,Autumn,Cloudy,70.95,0.0,1.0,476.67,0.106,31
ORD100373,2022-11-04,P-GRO-001,Grocery,Sugar 1kg,East,Bhubaneswar,SUP-011,11.0,WH-EA-01,470.0,20.0,220.0,789.0,30.36,77.23,26.7,No,No,Autumn,Cloudy,86.32,0.0,1.0,518.59,0.043,36
ORD100374,2023-04-06,P-ELE-015,Electronics,Wireless Earbuds,East,Ranchi,SUP-023,7.0,WH-EA-05,82.0,7.0,51.0,237.0,7.88,12242.47,3.2,Yes,No,Summer,Sunny,12968.79,0.0,1.0,415.17,0.072,9
ORD100375,2024-10-02,P-ELE-013,Electronics,LED TV 43in,West,Pune,SUP-010,15.0,WH-WE-03,72.0,13.0,108.0,341.0,11.81,10558.53,6.6,No,Yes,Autumn,Cloudy,10587.63,0.0,2.0,589.77,0.137,14
ORD100376,2022-01-06,P-SPO-011,Sports,Football,South,Chennai,SUP-019,6.0,WH-SO-05,74.0,10.0,,416.0,11.69,1512.98,9.2,Yes,No,Winter,Stormy,1434.33,0.0,0.0,214.02,0.025,15
ORD100377,2021-08-16,P-CLO-004,Clothing,Women's Kurti,West,Pune,SUP-033,11.0,WH-WE-04,363.0,21.0,123.0,659.0,21.34,1498.43,4.2,No,No,Autumn,Sunny,1541.6,0.0,1.0,468.1,0.127,26
ORD100378,2021-06-07,P-GRO-014,Grocery,Sugar 1kg,North,Chandigarh,SUP-030,12.0,WH-NO-01,,39.0,233.0,1025.0,31.34,413.59,,Yes,No,Summer,Sunny,420.34,0.0,,487.81,0.031,38
ORD100379,2023-12-13,P-BEA-003,Beauty,Hair Oil 250ml,West,Pune,SUP-012,8.0,WH-WE-03,371.0,29.0,174.0,740.0,24.6,647.16,3.8,No,No,Winter,Sunny,626.39,0.0,2.0,467.58,0.159,33
ORD100380,2021-01-16,P-CLO-004,Clothing,Women's Kurti,North,Delhi,SUP-009,14.0,WH-NO-01,328.0,10.0,195.0,797.0,26.07,1692.2,2.6,No,No,Winter,Sunny,1744.95,,2.0,463.95,,32
ORD100381,2023-11-01,P-SPO-002,Sports,Yoga Mat,West,Nagpur,SUP-001,14.0,WH-WE-02,198.0,12.0,77.0,,,1696.08,18.5,No,No,Autumn,Sunny,1765.6,0.0,0.0,404.12,0.06,22
ORD100382,2024-07-16,P-BEA-005,Beauty,Talcum Powder,West,Surat,SUP-014,21.0,WH-WE-04,596.0,34.0,164.0,861.0,28.84,236.66,3.1,Yes,No,Summer,Rainy,249.67,0.0,3.0,695.87,,42
ORD100383,2023-09-23,P-CLO-005,Clothing,Kids Winter Jacket,North,Delhi,SUP-001,10.0,WH-NO-04,419.0,18.0,147.0,496.0,18.16,548.71,17.0,Yes,No,Autumn,Stormy,509.72,0.0,3.0,467.81,0.268,23
ORD100384,2021-09-07,P-GRO-012,Grocery,Sunflower Oil 1L,North,Jaipur,SUP-006,6.0,WH-NO-04,1036.0,50.0,385.0,,43.25,476.03,3.0,,No,Autumn,Rainy,492.45,0.0,0.0,320.22,0.055,47
ORD100385,2023-08-27,P-SPO-005,Sports,Cycling Helmet,West,Pune,SUP-040,8.0,WH-WE-04,152.0,14.0,76.0,356.0,11.5,3620.67,6.4,Yes,No,Summer,Sunny,3961.76,0.0,0.0,278.98,0.073,19
ORD100386,2022-10-10,P-FUR-015,Furniture,Office Chair,North,Delhi,SUP-035,15.0,WH-NO-01,102.0,28.0,37.0,170.0,5.46,7596.11,2.3,No,No,Autumn,Cloudy,7776.21,,3.0,501.52,0.021,5
ORD100387,2021-02-02,P-SPO-005,Sports,Yoga Mat,North,Chandigarh,SUP-023,7.0,WH-NO-03,202.0,11.0,96.0,358.0,11.68,4858.3,12.6,No,No,Winter,Sunny,5716.55,0.0,1.0,328.99,0.115,17
ORD100388,2021-10-16,P-ELE-008,Electronics,Laptop Stand,South,Coimbatore,SUP-031,7.0,WH-SO-03,184.0,14.0,85.0,366.0,13.01,7952.99,,No,Yes,Autumn,Sunny,7838.22,0.0,1.0,280.34,0.034,16
ORD100389,2023-12-21,P-BEA-009,Beauty,Sunscreen Lotion,Central,Bhopal,SUP-020,5.0,WH-CE-03,216.0,4.0,108.0,499.0,13.61,109.08,11.9,No,No,Winter,Cloudy,94.09,0.0,0.0,315.58,0.038,12
ORD100390,2023-03-31,P-FUR-013,Furniture,Study Table,East,Patna,SUP-025,7.0,WH-EA-02,81.0,6.0,30.0,130.0,4.39,1645.38,22.1,No,No,Spring,Sunny,1533.64,0.0,3.0,444.76,0.067,5
ORD100391,2023-01-01,P-ELE-012,Electronics,Power Bank 10000mAh,South,Kochi,SUP-037,13.0,WH-SO-04,164.0,10.0,45.0,223.0,7.27,6049.26,13.6,No,No,,Sunny,5725.36,0.0,1.0,354.52,0.26,9
ORD100392,2024-02-09,P-CLO-014,Clothing,Women's Kurti,Central,Indore,SUP-004,8.0,WH-CE-04,,18.0,83.0,438.0,12.97,1472.33,1.9,No,No,Spring,Rainy,1538.12,1.0,0.0,407.72,,12
ORD100393,2023-02-05,P-FUR-015,Furniture,Sofa Cushion Set,South,Bengaluru,SUP-015,6.0,WH-SO-03,26.0,6.0,40.0,158.0,5.8,17227.15,18.7,No,No,Winter,Rainy,18373.56,0.0,3.0,498.99,0.063,6
ORD100394,2024-11-15,P-ELE-002,Electronics,LED TV 43in,South,Hyderabad,SUP-005,4.0,WH-SO-01,98.0,14.0,81.0,340.0,11.55,8804.02,5.8,Yes,No,Autumn,Rainy,8899.88,0.0,0.0,257.2,0.087,15
ORD100395,2021-03-16,P-CLO-002,Clothing,Track Pants,South,Coimbatore,SUP-032,10.0,WH-SO-01,268.0,,75.0,460.0,12.95,817.67,24.6,Yes,No,Spring,Sunny,836.81,1.0,0.0,318.97,,21
ORD100396,2022-02-23,P-BEA-007,Beauty,Talcum Powder,South,Kochi,SUP-033,10.0,WH-SO-02,227.0,17.0,109.0,474.0,15.11,876.75,20.8,No,No,Spring,Rainy,1011.07,1.0,0.0,425.53,0.122,18
ORD100397,2021-10-03,P-GRO-003,Grocery,Instant Noodles Pack,South,Coimbatore,SUP-029,9.0,WH-SO-03,961.0,79.0,262.0,1810.0,55.89,260.95,10.6,No,No,Autumn,Sunny,243.6,0.0,0.0,281.84,0.162,78
ORD100398,2022-08-28,P-CLO-008,Clothing,Woolen Sweater,West,Mumbai,SUP-025,4.0,WH-WE-05,,9.0,153.0,574.0,19.88,1945.55,22.6,No,No,Summer,Sunny,1934.21,0.0,1.0,396.32,0.058,16
ORD100399,2024-08-23,P-CLO-009,Clothing,Kids Winter Jacket,North,,SUP-020,5.0,WH-NO-04,101.0,15.0,105.0,386.0,13.4,1528.05,4.1,No,No,Autumn,Cloudy,1472.74,0.0,1.0,314.75,0.094,16
ORD100400,2022-08-22,P-GRO-005,Grocery,Basmati Rice 5kg,West,Surat,SUP-001,4.0,WH-WE-03,685.0,28.0,235.0,1015.0,37.92,421.07,3.7,Yes,No,,Cloudy,381.53,0.0,2.0,420.79,0.169,27
ORD100401,2022-04-06,P-SPO-002,Sports,Gym Dumbbells 5kg,North,Jaipur,SUP-031,5.0,WH-NO-02,72.0,8.0,,421.0,11.7,513.56,13.7,No,No,Summer,Sunny,430.37,0.0,1.0,360.81,0.13,12
ORD100402,2021-05-04,P-BEA-015,Beauty,Lipstick Set,South,Kochi,SUP-036,6.0,WH-SO-01,329.0,21.0,143.0,628.0,21.92,998.34,17.2,No,No,Summer,Rainy,1101.89,0.0,2.0,531.85,0.05,30
ORD100403,2022-07-30,P-ELE-006,Electronics,Laptop Stand,North,Jaipur,SUP-039,7.0,WH-NO-01,58.0,6.0,64.0,253.0,9.74,8180.77,7.7,Yes,No,Autumn,Sunny,7680.63,0.0,0.0,352.31,0.202,10
ORD100404,2021-12-01,P-SPO-013,Sports,Football,East,Patna,SUP-014,5.0,WH-EA-01,66.0,5.0,54.0,271.0,,1817.59,6.8,No,No,Winter,Rainy,1781.18,0.0,0.0,392.22,0.08,12
ORD100405,2021-10-04,P-SPO-010,Sports,Running Shoes,West,Ahmedabad,SUP-009,11.0,WH-WE-05,244.0,8.0,105.0,428.0,15.27,3436.87,14.5,No,No,Autumn,Sunny,3555.26,0.0,0.0,336.87,0.07,18
ORD100406,2021-07-15,P-GRO-010,Grocery,Toor Dal 1kg,South,Hyderabad,SUP-027,3.0,WH-SO-01,892.0,32.0,242.0,1204.0,37.49,546.64,6.5,Yes,No,Autumn,Cloudy,494.6,1.0,2.0,268.36,0.036,48
ORD100407,2023-07-13,P-BEA-012,Beauty,Hair Oil 250ml,North,Chandigarh,SUP-001,7.0,WH-NO-05,290.0,29.0,181.0,797.0,24.88,571.11,2.8,No,No,Autumn,Rainy,532.99,0.0,1.0,332.55,0.025,20
ORD100408,2023-11-02,P-ELE-004,Electronics,Bluetooth Speaker,North,Jaipur,SUP-003,6.0,WH-NO-03,196.0,14.0,99.0,380.0,11.48,14594.48,26.3,Yes,No,Autumn,Cloudy,14569.09,0.0,0.0,297.81,0.071,18
ORD100409,2023-12-19,P-SPO-004,Sports,Badminton Racket,West,Surat,SUP-033,,WH-WE-04,556.0,40.0,190.0,655.0,25.37,1737.85,17.6,No,Yes,Winter,Rainy,1676.92,0.0,,511.74,0.194,45
ORD100410,2021-03-20,P-FUR-015,Furniture,Office Chair,South,Bengaluru,SUP-039,10.0,WH-SO-05,70.0,7.0,58.0,266.0,8.53,16716.12,33.3,No,No,Summer,Cloudy,15009.88,0.0,0.0,351.24,0.076,7
ORD100411,2024-09-07,P-FUR-011,Furniture,Dining Chair,West,Ahmedabad,SUP-017,8.0,WH-WE-04,112.0,6.0,40.0,130.0,4.87,6941.96,15.3,No,Yes,Autumn,Sunny,7279.17,0.0,2.0,421.03,0.01,11
ORD100412,2023-01-11,P-ELE-005,Electronics,Wireless Earbuds,South,Bengaluru,SUP-021,12.0,WH-SO-01,,12.0,90.0,332.0,10.99,12531.36,8.5,No,No,Winter,Cloudy,12065.96,,2.0,508.5,0.248,12
ORD100413,2023-04-02,P-SPO-010,Sports,Football,North,Chandigarh,SUP-022,9.0,WH-NO-05,125.0,17.0,126.0,519.0,15.93,1198.29,3.8,No,No,Summer,Cloudy,1211.4,0.0,1.0,298.72,0.016,15
ORD100414,2024-07-05,P-ELE-006,Electronics,Bluetooth Speaker,West,Ahmedabad,SUP-006,10.0,WH-WE-01,116.0,10.0,64.0,216.0,,2453.32,5.7,Yes,No,Autumn,Sunny,2464.49,0.0,5.0,541.78,0.028,8
ORD100415,2022-02-07,P-GRO-013,Grocery,Sunflower Oil 1L,South,Chennai,SUP-009,14.0,WH-SO-03,795.0,47.0,283.0,1088.0,37.94,104.99,20.6,Yes,No,Spring,Sunny,113.13,0.0,1.0,425.02,0.048,60
ORD100416,2023-01-06,P-ELE-008,Electronics,Home Router,North,Kanpur,SUP-012,13.0,WH-NO-04,188.0,15.0,103.0,363.0,13.36,6655.83,13.7,No,No,Winter,Sunny,6843.83,0.0,2.0,489.06,0.07,11
ORD100417,2021-04-14,P-BEA-005,Beauty,Moisturizer Cream,Central,Indore,SUP-034,10.0,WH-CE-02,342.0,16.0,152.0,564.0,18.49,568.38,10.1,No,No,Summer,Sunny,529.16,1.0,3.0,466.08,0.153,16
ORD100418,2022-12-21,P-ELE-011,Electronics,Smartphone Charger,North,Delhi,SUP-018,13.0,WH-NO-04,119.0,16.0,83.0,,13.25,9139.76,5.6,Yes,No,Winter,Stormy,9989.54,0.0,0.0,2304.6,0.096,12
ORD100419,2022-01-24,P-SPO-012,Sports,Yoga Mat,South,Chennai,SUP-029,6.0,WH-SO-04,124.0,12.0,102.0,476.0,14.85,,1.0,No,,Winter,Rainy,1047.56,0.0,0.0,318.75,0.023,14
ORD100420,2021-09-24,P-FUR-006,Furniture,Office Chair,South,Coimbatore,SUP-008,23.0,WH-SO-05,137.0,8.0,53.0,197.0,6.72,15783.72,11.9,No,No,Autumn,Cloudy,14756.06,1.0,1.0,649.7,0.193,8
ORD100421,2023-06-23,P-ELE-012,Electronics,Laptop Stand,East,Kolkata,SUP-039,34.0,WH-EA-05,126.0,10.0,70.0,295.0,9.89,10816.15,7.4,No,No,Autumn,Sunny,9983.72,0.0,1.0,735.91,0.007,12
ORD100422,2021-07-10,P-ELE-004,Electronics,Bluetooth Speaker,West,Ahmedabad,SUP-036,15.0,WH-WE-02,139.0,3.0,54.0,234.0,7.64,3318.54,7.1,No,No,Autumn,Sunny,2696.38,0.0,0.0,478.95,0.053,7
ORD100423,2024-11-24,P-ELE-004,Electronics,Smartphone Charger,North,Chandigarh,SUP-020,10.0,WH-NO-04,249.0,10.0,81.0,221.0,10.2,12596.83,13.2,No,No,Autumn,Sunny,11983.64,0.0,1.0,358.93,0.074,14
ORD100424,2021-12-06,P-FUR-013,Furniture,Dining Chair,Central,Jabalpur,SUP-010,11.0,WH-CE-05,109.0,6.0,26.0,115.0,4.3,2082.52,15.9,No,No,Winter,Sunny,2148.6,0.0,1.0,347.26,0.28,7
ORD100425,2021-04-26,P-BEA-010,Beauty,Hair Oil 250ml,East,Kolkata,SUP-040,5.0,WH-EA-01,382.0,27.0,223.0,960.0,27.94,1024.3,2.7,No,No,Summer,Rainy,912.7,0.0,1.0,396.04,0.024,22
ORD100426,2022-10-15,P-GRO-001,Grocery,Toor Dal 1kg,Central,Bhopal,SUP-033,11.0,WH-CE-04,458.0,32.0,182.0,791.0,30.07,506.78,,No,No,Autumn,,576.05,,1.0,401.89,0.013,28
ORD100427,2022-07-22,P-BEA-011,Beauty,Sunscreen Lotion,West,Ahmedabad,SUP-021,6.0,WH-WE-05,238.0,21.0,161.0,653.0,24.33,304.65,3.0,No,No,Summer,Cloudy,250.04,0.0,0.0,288.29,0.017,16
ORD100428,2023-08-20,P-ELE-005,Electronics,Laptop Stand,Central,Bhopal,SUP-011,6.0,WH-CE-01,,5.0,31.0,166.0,5.75,9745.93,17.6,Yes,No,Summer,Sunny,9135.29,0.0,0.0,242.95,0.077,9
ORD100429,2023-09-02,P-BEA-005,Beauty,Herbal Shampoo 200ml,East,Guwahati,SUP-025,10.0,WH-EA-04,468.0,28.0,140.0,692.0,21.41,169.79,9.8,Yes,No,Autumn,Rainy,149.58,0.0,,293.08,0.068,36
ORD100430,2023-05-16,P-SPO-007,Sports,Skipping Rope,South,Chennai,SUP-015,5.0,WH-SO-01,110.0,14.0,120.0,409.0,15.83,3110.34,10.0,No,No,Summer,Sunny,3338.78,0.0,0.0,372.44,0.136,17
ORD100431,2023-04-20,P-BEA-007,Beauty,Moisturizer Cream,South,Hyderabad,SUP-027,18.0,WH-SO-03,122.0,17.0,186.0,753.0,25.78,1162.26,22.1,No,No,Summer,Sunny,1222.93,0.0,5.0,732.09,0.053,19
ORD100432,2024-02-10,P-FUR-014,Furniture,Study Table,East,Kolkata,SUP-034,13.0,WH-EA-05,109.0,3.0,61.0,302.0,8.98,11486.0,14.9,Yes,No,Winter,Sunny,11241.54,0.0,,342.47,0.045,12
ORD100433,2023-08-11,P-BEA-007,Beauty,Sunscreen Lotion,South,Coimbatore,SUP-020,4.0,WH-SO-05,343.0,18.0,,735.0,23.76,1948.91,5.3,No,No,Autumn,Sunny,617.4,0.0,0.0,215.79,0.11,25
ORD100434,2021-07-23,P-ELE-005,Electronics,Home Router,West,Ahmedabad,SUP-002,6.0,WH-WE-04,28.0,5.0,61.0,220.0,8.13,1757.61,7.0,No,No,Autumn,Cloudy,1589.1,0.0,3.0,422.67,,8
ORD100435,2022-11-08,P-GRO-012,Grocery,Sugar 1kg,North,Delhi,SUP-023,5.0,WH-NO-04,424.0,,230.0,1294.0,39.1,369.96,18.0,No,No,Autumn,Cloudy,377.36,,,250.53,0.244,40
ORD100436,2023-10-02,P-ELE-009,Electronics,LED TV 43in,West,Pune,SUP-035,,WH-WE-02,96.0,9.0,112.0,400.0,13.78,1639.19,5.0,No,Yes,Autumn,Cloudy,1550.52,0.0,3.0,378.87,0.129,10
ORD100437,2022-01-26,P-CLO-001,Clothing,Formal Shirt,North,Delhi,SUP-009,16.0,WH-NO-05,486.0,14.0,150.0,,19.75,1173.78,14.6,No,Yes,Winter,Sunny,1121.0,0.0,1.0,435.38,0.112,31
ORD100438,2024-06-15,P-BEA-010,Beauty,Sunscreen Lotion,Central,Bhopal,SUP-039,15.0,WH-CE-04,447.0,19.0,149.0,753.0,27.24,949.61,8.7,No,No,Summer,Stormy,944.01,0.0,0.0,413.2,0.099,17
ORD100439,2022-12-07,P-FUR-008,Furniture,Office Chair,North,Jaipur,SUP-015,11.0,WH-NO-05,95.0,8.0,49.0,187.0,5.66,19659.3,16.8,Yes,No,Winter,Cloudy,19010.42,0.0,1.0,320.82,0.081,13
ORD100440,2022-04-15,P-BEA-009,Beauty,Body Lotion 400ml,North,Chandigarh,SUP-028,12.0,WH-NO-04,124.0,19.0,249.0,1075.0,37.06,1150.22,28.8,No,No,Summer,Rainy,989.22,0.0,2.0,412.17,0.125,19
ORD100441,2022-07-12,P-ELE-003,Electronics,LED TV 43in,West,Nagpur,SUP-029,6.0,WH-WE-01,56.0,16.0,79.0,413.0,,10543.73,26.6,Yes,No,Summer,Sunny,9421.12,0.0,0.0,355.36,0.111,9
ORD100442,2023-06-24,P-BEA-008,Beauty,Herbal Shampoo 200ml,West,Pune,SUP-008,5.0,WH-WE-03,343.0,38.0,186.0,805.0,32.83,991.46,10.4,Yes,No,Autumn,Rainy,887.82,0.0,2.0,290.05,0.042,32
ORD100443,2023-11-03,P-ELE-010,Electronics,Wireless Earbuds,West,Surat,SUP-002,13.0,WH-WE-04,70.0,,54.0,347.0,10.07,11528.81,18.2,No,No,Autumn,Cloudy,10857.8,0.0,1.0,429.82,0.012,10
ORD100444,2022-01-09,P-GRO-011,Grocery,Sugar 1kg,Central,Gwalior,SUP-038,13.0,WH-CE-04,130.0,26.0,173.0,901.0,26.57,282.3,11.0,No,No,Winter,Cloudy,284.33,0.0,1.0,451.39,0.018,22
ORD100445,2021-09-08,P-FUR-011,Furniture,Study Table,South,,SUP-029,9.0,WH-SO-02,48.0,7.0,32.0,137.0,5.17,16086.85,12.1,No,No,Autumn,Sunny,16149.79,0.0,0.0,396.6,0.087,7
ORD100446,2021-05-14,P-SPO-015,Sports,Skipping Rope,West,Nagpur,SUP-026,14.0,WH-WE-01,278.0,11.0,64.0,383.0,11.07,1009.96,10.8,No,No,Summer,Sunny,1105.83,0.0,1.0,372.05,0.033,10
ORD100447,2022-12-26,P-FUR-008,Furniture,TV Unit,South,Coimbatore,SUP-013,13.0,WH-SO-05,115.0,4.0,32.0,124.0,4.78,,27.2,No,No,Winter,,10780.51,2.0,,383.83,0.054,3
ORD100448,2024-09-16,P-ELE-007,Electronics,Wireless Earbuds,East,Guwahati,SUP-005,9.0,WH-EA-05,135.0,11.0,73.0,223.0,8.51,5207.89,7.9,No,No,Autumn,Sunny,5335.55,0.0,4.0,,0.052,12
ORD100449,2024-11-02,P-FUR-009,Furniture,Study Table,South,Coimbatore,SUP-011,11.0,WH-SO-05,97.0,6.0,41.0,193.0,6.56,8267.7,10.0,No,No,Autumn,Cloudy,7747.43,0.0,1.0,,0.206,9
ORD100450,2023-03-29,P-ELE-005,Electronics,Home Router,North,Chandigarh,SUP-022,7.0,WH-NO-04,66.0,3.0,38.0,174.0,5.69,3099.76,10.3,No,No,Spring,Cloudy,3589.65,0.0,0.0,343.37,0.061,6
ORD100451,2023-02-16,P-SPO-005,Sports,Cricket Bat,East,Guwahati,SUP-028,6.0,WH-EA-05,243.0,11.0,73.0,312.0,9.56,753.77,8.8,No,No,Spring,Rainy,747.38,0.0,1.0,426.71,0.026,8
ORD100452,2023-01-06,P-FUR-011,Furniture,Plastic Storage Rack,West,Nagpur,SUP-013,8.0,WH-WE-03,35.0,7.0,48.0,161.0,5.4,15103.84,0.9,No,No,Winter,Sunny,,0.0,1.0,321.81,0.113,4
ORD100453,2021-12-13,P-ELE-005,Electronics,Power Bank 10000mAh,North,Jaipur,SUP-009,4.0,WH-NO-04,145.0,15.0,100.0,,13.91,3921.67,1.2,No,No,Winter,Rainy,4007.73,0.0,0.0,215.02,0.032,16
ORD100454,2022-08-31,P-ELE-012,Electronics,Smartphone Charger,Central,Gwalior,SUP-010,4.0,WH-CE-03,72.0,4.0,32.0,141.0,4.23,6369.6,13.1,Yes,No,Summer,Sunny,6470.02,0.0,2.0,299.54,0.028,4
ORD100455,2024-09-29,P-ELE-012,Electronics,Laptop Stand,East,Kolkata,SUP-039,6.0,WH-EA-04,248.0,14.0,101.0,377.0,12.79,9772.63,11.5,Yes,No,Autumn,Rainy,9475.59,0.0,1.0,288.55,0.097,10
ORD100456,2023-06-20,P-SPO-015,Sports,Badminton Racket,North,Chandigarh,SUP-026,10.0,WH-NO-01,53.0,24.0,150.0,639.0,20.03,3823.56,11.2,No,Yes,Autumn,Sunny,4005.24,0.0,4.0,455.84,,19
ORD100457,2021-12-23,P-CLO-002,Clothing,Formal Shirt,East,Kolkata,SUP-040,12.0,WH-EA-02,73.0,7.0,52.0,323.0,9.82,1920.7,17.6,No,No,,Sunny,2152.78,1.0,6.0,644.89,0.035,9
ORD100458,2021-05-09,P-BEA-006,Beauty,Talcum Powder,North,Delhi,SUP-001,9.0,WH-NO-02,134.0,8.0,128.0,585.0,20.66,614.37,10.9,No,No,Summer,Sunny,659.5,0.0,3.0,351.73,0.158,13
ORD100459,2024-01-03,P-FUR-012,Furniture,Sofa Cushion Set,North,Lucknow,SUP-019,5.0,WH-NO-03,38.0,6.0,52.0,197.0,6.75,19545.06,23.7,No,No,Winter,Rainy,19312.25,0.0,2.0,427.66,,7
ORD100460,2024-08-12,P-CLO-007,Clothing,Denim Jeans,West,Ahmedabad,SUP-019,10.0,WH-WE-05,351.0,24.0,118.0,586.0,18.33,1896.6,9.1,Yes,No,Summer,Cloudy,2166.17,0.0,0.0,340.61,0.113,39
ORD100461,2021-06-10,P-ELE-010,Electronics,Home Router,North,Chandigarh,SUP-017,5.0,WH-NO-01,143.0,6.0,49.0,284.0,8.63,3465.63,6.6,No,No,Autumn,Sunny,3599.29,0.0,0.0,299.02,0.294,10
ORD100462,2022-07-03,P-SPO-012,Sports,Gym Dumbbells 5kg,North,Kanpur,SUP-016,8.0,WH-NO-04,417.0,14.0,157.0,659.0,23.37,1915.68,11.4,No,No,,Sunny,1747.45,0.0,1.0,277.94,0.242,24
ORD100463,2024-05-29,P-GRO-014,Grocery,Basmati Rice 5kg,West,Surat,SUP-004,5.0,WH-WE-05,320.0,40.0,288.0,1137.0,,78.44,7.8,No,No,Summer,Cloudy,78.78,0.0,2.0,306.96,0.124,38
ORD100464,2022-01-05,P-CLO-004,Clothing,Formal Shirt,North,Chandigarh,SUP-002,20.0,WH-NO-04,,15.0,125.0,429.0,16.58,723.57,19.3,No,No,Winter,Sunny,711.02,0.0,1.0,503.45,0.011,14
ORD100465,2021-09-21,P-FUR-004,Furniture,Office Chair,West,Pune,SUP-032,10.0,WH-WE-04,195.0,6.0,56.0,229.0,7.95,5054.24,3.4,,No,Autumn,Sunny,4835.33,0.0,1.0,358.97,0.117,10
ORD100466,2022-07-30,P-FUR-008,Furniture,Sofa Cushion Set,West,Surat,SUP-018,5.0,WH-WE-01,50.0,6.0,23.0,153.0,4.45,2416.37,8.1,No,No,Autumn,Cloudy,2477.14,0.0,1.0,1056.09,0.272,5
ORD100467,2022-07-30,P-SPO-008,Sports,Skipping Rope,North,Lucknow,SUP-007,12.0,WH-NO-04,108.0,13.0,119.0,405.0,16.52,4504.33,9.3,No,No,Autumn,Sunny,3827.24,0.0,1.0,419.14,0.132,11
ORD100468,2022-12-05,P-ELE-014,Electronics,Wireless Earbuds,East,Ranchi,SUP-014,6.0,WH-EA-02,78.0,11.0,54.0,340.0,9.58,12036.71,4.4,No,No,Winter,Sunny,13580.41,0.0,2.0,335.8,0.123,9
ORD100469,2024-11-11,P-CLO-001,Clothing,Track Pants,North,Jaipur,SUP-038,10.0,WH-NO-02,491.0,41.0,249.0,1166.0,32.82,307.64,29.5,No,,Autumn,Sunny,322.7,0.0,1.0,429.75,0.056,47
ORD100470,2024-11-21,P-GRO-004,Grocery,Masala Mix 200g,East,Guwahati,SUP-019,7.0,WH-EA-05,739.0,36.0,,1015.0,38.43,261.24,14.3,No,No,Autumn,Cloudy,222.76,0.0,0.0,352.8,0.201,31
ORD100471,2023-04-27,P-CLO-014,Clothing,Woolen Sweater,North,Lucknow,SUP-040,9.0,WH-NO-04,83.0,23.0,120.0,503.0,18.72,808.65,18.1,Yes,No,Summer,Cloudy,847.47,0.0,0.0,440.51,0.046,17
ORD100472,2021-04-20,P-ELE-010,Electronics,Laptop Stand,Central,Gwalior,SUP-007,16.0,WH-CE-05,161.0,9.0,40.0,213.0,7.09,4334.0,8.7,No,No,Summer,Sunny,4487.69,0.0,1.0,493.73,0.059,9
ORD100473,2022-01-21,P-ELE-011,Electronics,LED TV 43in,North,Kanpur,SUP-005,9.0,WH-NO-03,125.0,17.0,135.0,475.0,16.49,12295.83,15.5,Yes,No,Winter,Cloudy,13737.2,0.0,1.0,363.26,0.108,33
ORD100474,2021-09-22,P-GRO-004,Grocery,Sunflower Oil 1L,West,Mumbai,SUP-023,19.0,WH-WE-02,979.0,40.0,329.0,1493.0,44.98,486.64,9.5,Yes,,Autumn,Sunny,553.76,0.0,5.0,691.48,0.109,68
ORD100475,2021-01-01,P-GRO-010,Grocery,Masala Mix 200g,North,Delhi,SUP-028,9.0,WH-NO-05,611.0,57.0,241.0,1296.0,40.06,348.08,19.2,No,No,Winter,Sunny,400.78,0.0,1.0,400.61,0.101,71
ORD100476,2022-07-14,P-CLO-006,Clothing,Formal Shirt,North,Chandigarh,SUP-040,6.0,WH-NO-04,,25.0,167.0,581.0,19.52,2235.82,14.2,Yes,No,Summer,Sunny,2186.13,0.0,1.0,287.59,0.131,27
ORD100477,2021-01-10,P-FUR-011,Furniture,Wooden Bookshelf,South,Chennai,SUP-019,6.0,WH-SO-05,41.0,9.0,50.0,186.0,7.12,8479.44,25.5,No,No,Winter,Sunny,8846.31,2.0,1.0,380.87,0.01,7
ORD100478,2023-04-20,P-FUR-002,Furniture,Sofa Cushion Set,East,Guwahati,SUP-009,7.0,WH-EA-01,69.0,4.0,,126.0,4.3,11062.16,9.0,No,No,Summer,Cloudy,10637.04,0.0,2.0,428.24,0.134,4
ORD100479,2022-02-06,P-GRO-005,Grocery,Sugar 1kg,Central,Raipur,SUP-022,6.0,WH-CE-03,354.0,22.0,214.0,995.0,26.42,146.97,16.3,No,No,Winter,Sunny,158.47,0.0,1.0,229.57,0.19,42
ORD100480,2023-11-25,P-GRO-010,Grocery,Instant Noodles Pack,North,Kanpur,SUP-013,10.0,WH-NO-05,544.0,14.0,268.0,1050.0,34.18,177.72,9.4,No,No,Autumn,Stormy,146.99,0.0,1.0,503.73,0.069,23
ORD100481,2023-02-09,P-GRO-010,Grocery,Masala Mix 200g,North,Lucknow,SUP-008,11.0,WH-NO-05,697.0,34.0,224.0,1012.0,29.46,516.19,19.1,No,No,Spring,Stormy,463.52,0.0,1.0,423.03,0.058,26
ORD100482,2024-10-21,P-CLO-013,Clothing,Woolen Sweater,South,Chennai,SUP-004,6.0,WH-SO-04,156.0,19.0,152.0,653.0,20.96,1142.89,11.2,No,No,Autumn,,1103.22,0.0,1.0,276.02,0.018,21
ORD100483,2022-12-10,P-GRO-013,Grocery,Sunflower Oil 1L,South,Bengaluru,SUP-029,6.0,WH-SO-01,771.0,41.0,221.0,1339.0,37.98,288.1,5.5,No,No,Winter,Cloudy,286.71,0.0,0.0,232.38,0.092,43
ORD100484,2021-08-17,P-ELE-001,Electronics,Smartphone Charger,West,Pune,SUP-026,20.0,WH-WE-03,191.0,20.0,68.0,345.0,11.55,13921.3,6.0,No,Yes,Summer,Cloudy,14103.36,0.0,2.0,594.1,0.021,16
ORD100485,2024-09-08,P-GRO-002,Grocery,Sunflower Oil 1L,Central,Indore,SUP-007,6.0,WH-CE-01,783.0,43.0,207.0,1062.0,31.51,102.52,4.0,No,No,Autumn,Sunny,112.97,0.0,1.0,281.28,0.037,34
ORD100486,2022-03-28,P-CLO-006,Clothing,Cotton Saree,West,Surat,SUP-023,7.0,WH-WE-05,204.0,25.0,109.0,729.0,22.11,703.29,19.3,No,No,Spring,Sunny,666.71,0.0,0.0,250.55,0.127,27
ORD100487,2024-01-22,P-GRO-015,Grocery,Tea Powder 500g,North,Lucknow,SUP-036,14.0,WH-NO-04,744.0,32.0,242.0,1007.0,33.22,585.33,1.6,Yes,No,Winter,Stormy,524.82,0.0,5.0,586.27,0.031,42
ORD100488,2024-02-18,P-CLO-008,Clothing,Track Pants,South,Chennai,SUP-033,12.0,WH-SO-01,232.0,37.0,210.0,919.0,30.31,1079.94,4.0,No,No,Spring,Sunny,1046.46,0.0,0.0,410.42,0.03,28
ORD100489,2024-09-13,P-CLO-014,Clothing,Track Pants,West,Pune,SUP-019,7.0,WH-WE-04,549.0,,219.0,798.0,31.09,1112.09,9.1,No,No,Autumn,Cloudy,1058.17,1.0,0.0,284.85,0.09,34
ORD100490,2023-07-25,P-FUR-001,Furniture,Dining Chair,South,Hyderabad,SUP-003,8.0,WH-SO-04,123.0,6.0,60.0,200.0,6.92,6036.54,28.9,Yes,,Autumn,,6303.7,0.0,0.0,269.99,0.068,12
ORD100491,2023-01-18,P-FUR-015,Furniture,Study Table,West,Surat,SUP-026,13.0,WH-WE-01,111.0,7.0,46.0,298.0,7.95,12906.37,13.6,No,No,Winter,Sunny,14480.95,0.0,0.0,488.38,0.184,10
ORD100492,2022-07-17,P-FUR-001,Furniture,Sofa Cushion Set,North,Kanpur,SUP-021,10.0,WH-NO-01,53.0,5.0,31.0,154.0,4.35,7158.56,9.3,No,No,Autumn,Cloudy,7980.37,0.0,1.0,419.97,,6
ORD100493,2022-10-15,P-GRO-013,Grocery,Instant Noodles Pack,South,Bengaluru,SUP-037,13.0,WH-SO-02,880.0,28.0,212.0,1091.0,36.6,189.4,3.3,No,No,Autumn,Rainy,205.91,0.0,0.0,343.78,0.135,35
ORD100494,2024-02-15,P-BEA-014,Beauty,Talcum Powder,West,Nagpur,SUP-023,11.0,WH-WE-01,432.0,18.0,,619.0,22.48,812.93,25.8,Yes,,Spring,Sunny,775.89,0.0,1.0,418.26,0.024,26
ORD100495,2023-04-08,P-CLO-005,Clothing,Denim Jeans,South,Chennai,SUP-030,15.0,WH-SO-03,286.0,10.0,86.0,492.0,14.57,1271.66,6.9,No,No,Summer,Sunny,1255.21,0.0,0.0,433.66,0.021,9
ORD100496,2021-03-13,P-CLO-005,Clothing,Track Pants,Central,Jabalpur,SUP-022,15.0,WH-CE-05,276.0,21.0,125.0,431.0,13.92,1262.57,1.7,Yes,No,Spring,Sunny,1305.46,1.0,0.0,425.01,0.035,21
ORD100497,2022-06-28,P-FUR-009,Furniture,Plastic Storage Rack,South,Bengaluru,SUP-022,,WH-SO-01,113.0,6.0,64.0,337.0,10.68,19665.51,15.0,No,No,Autumn,Rainy,18453.13,0.0,1.0,392.87,0.016,8
ORD100498,2024-08-28,P-GRO-011,Grocery,Sunflower Oil 1L,North,Jaipur,SUP-013,12.0,WH-NO-04,280.0,25.0,304.0,1211.0,41.52,488.07,18.9,Yes,No,Autumn,Cloudy,461.62,0.0,2.0,2005.31,0.1,55
ORD100499,2021-11-04,P-CLO-002,Clothing,Denim Jeans,South,Kochi,SUP-017,4.0,WH-SO-03,225.0,10.0,241.0,1104.0,31.94,920.71,8.9,No,No,Autumn,Cloudy,948.29,0.0,1.0,327.92,0.047,28
ORD100500,2022-11-21,P-BEA-004,Beauty,Moisturizer Cream,North,Delhi,SUP-012,11.0,WH-NO-05,596.0,43.0,290.0,1131.0,36.64,795.47,6.5,No,No,Autumn,Rainy,708.64,0.0,1.0,403.8,0.236,25
ORD100501,2024-05-07,P-SPO-012,Sports,Cycling Helmet,East,Guwahati,SUP-019,6.0,WH-EA-03,112.0,6.0,53.0,286.0,8.96,2633.05,4.9,No,No,Summer,Stormy,2863.2,0.0,0.0,,,9
ORD100502,2022-03-01,P-SPO-013,Sports,Football,North,Delhi,SUP-039,5.0,WH-NO-04,135.0,16.0,77.0,359.0,13.35,919.39,3.3,No,No,Summer,Sunny,889.86,0.0,0.0,302.21,0.028,14
ORD100503,2023-09-22,P-CLO-003,Clothing,Women's Kurti,East,Ranchi,SUP-014,11.0,WH-EA-05,106.0,16.0,105.0,448.0,16.14,923.84,,No,No,Autumn,Rainy,963.79,0.0,0.0,362.53,0.183,13
ORD100504,2024-02-22,P-CLO-014,Clothing,Kids Winter Jacket,West,Surat,SUP-019,5.0,WH-WE-01,216.0,36.0,202.0,696.0,26.13,2049.45,2.0,Yes,No,Spring,Sunny,2083.36,0.0,0.0,319.64,,43
ORD100505,2022-04-21,P-BEA-014,Beauty,Sunscreen Lotion,South,Kochi,SUP-038,1.0,WH-SO-02,273.0,21.0,200.0,898.0,28.58,1118.08,8.6,No,No,Summer,Sunny,1230.26,0.0,1.0,335.42,0.071,32
ORD100506,2024-08-01,P-GRO-014,Grocery,Tea Powder 500g,North,Kanpur,SUP-007,12.0,WH-NO-02,1311.0,78.0,623.0,2323.0,76.63,57.04,35.4,No,Yes,Autumn,Sunny,47.33,0.0,0.0,365.02,0.064,86
ORD100507,2022-10-15,P-BEA-004,Beauty,Herbal Shampoo 200ml,South,Chennai,SUP-011,1.0,WH-SO-01,475.0,37.0,172.0,730.0,28.03,255.19,16.3,Yes,No,Autumn,,280.92,0.0,0.0,183.62,0.049,57
ORD100508,2022-03-09,P-CLO-011,Clothing,Formal Shirt,West,Ahmedabad,SUP-020,18.0,WH-WE-04,502.0,36.0,180.0,828.0,26.72,1741.82,2.3,Yes,No,Summer,Rainy,1914.34,0.0,0.0,389.37,0.021,39
ORD100509,2021-11-26,P-ELE-003,Electronics,Home Router,East,Guwahati,SUP-017,13.0,WH-EA-01,132.0,9.0,47.0,205.0,6.74,3131.08,18.5,No,No,Autumn,Cloudy,3201.52,0.0,1.0,477.74,0.015,11
ORD100510,2022-01-25,P-ELE-003,Electronics,Wireless Earbuds,North,Delhi,SUP-014,13.0,WH-NO-02,140.0,,46.0,,6.7,13831.78,16.6,No,No,Winter,Cloudy,14408.63,1.0,0.0,,0.094,8
ORD100511,2023-04-03,P-BEA-002,Beauty,Body Lotion 400ml,East,Patna,SUP-032,10.0,WH-EA-01,107.0,24.0,187.0,685.0,24.59,865.28,3.7,No,No,Summer,,906.56,0.0,0.0,282.01,0.032,19
ORD100512,2021-11-26,P-ELE-008,Electronics,Smartphone Charger,South,Bengaluru,SUP-020,5.0,WH-SO-04,177.0,12.0,83.0,309.0,10.05,10816.24,4.9,No,No,,Sunny,10036.53,0.0,1.0,283.79,0.137,10
ORD100513,2022-06-08,P-GRO-011,Grocery,Sunflower Oil 1L,South,Kochi,SUP-015,3.0,WH-SO-04,1064.0,28.0,296.0,1250.0,46.43,191.08,21.5,Yes,No,Summer,Rainy,191.91,0.0,0.0,272.58,0.09,50
ORD100514,2023-11-05,P-GRO-003,Grocery,Masala Mix 200g,North,Lucknow,SUP-020,2.0,WH-NO-03,1422.0,51.0,375.0,1683.0,57.59,235.42,14.1,No,No,Autumn,Rainy,252.18,0.0,1.0,318.12,0.027,56
ORD100515,2024-07-03,P-ELE-003,Electronics,LED TV 43in,Central,Raipur,SUP-036,5.0,WH-CE-03,22.0,,57.0,216.0,7.77,13398.1,6.0,No,No,Summer,Cloudy,11482.04,2.0,2.0,389.0,0.07,6
ORD100516,2023-09-19,P-GRO-005,Grocery,Tea Powder 500g,North,Chandigarh,SUP-040,6.0,WH-NO-03,594.0,64.0,366.0,1257.0,49.74,522.68,1.5,No,No,Autumn,Sunny,542.38,0.0,1.0,327.92,0.104,54
ORD100517,2023-02-11,P-BEA-003,Beauty,Lipstick Set,North,Lucknow,SUP-010,11.0,WH-NO-01,298.0,22.0,279.0,811.0,34.3,1049.1,15.9,No,No,,Sunny,1056.41,0.0,0.0,409.42,0.012,47
ORD100518,2023-10-15,P-ELE-013,Electronics,Smartwatch,North,Jaipur,SUP-002,6.0,WH-NO-02,64.0,10.0,63.0,236.0,8.91,5724.74,17.2,Yes,No,Autumn,Stormy,6012.05,0.0,0.0,297.31,0.175,13
ORD100519,2022-08-25,P-BEA-003,Beauty,Lipstick Set,East,Ranchi,SUP-002,12.0,WH-EA-05,321.0,13.0,121.0,644.0,17.9,494.99,10.1,No,No,Summer,Sunny,444.62,0.0,2.0,473.42,0.059,13
ORD100520,2022-01-31,P-BEA-005,Beauty,Lipstick Set,South,Hyderabad,SUP-018,9.0,WH-SO-01,539.0,42.0,403.0,1199.0,45.64,879.13,16.7,No,No,Winter,Sunny,826.83,0.0,1.0,328.56,0.102,53
ORD100521,2024-01-01,P-GRO-005,Grocery,Instant Noodles Pack,South,Kochi,SUP-026,9.0,WH-SO-04,1005.0,70.0,358.0,1437.0,48.76,461.37,20.7,,No,Winter,Cloudy,409.84,0.0,2.0,480.82,0.084,74
ORD100522,2021-07-17,P-ELE-004,Electronics,Smartwatch,South,Bengaluru,SUP-003,5.0,WH-SO-01,178.0,5.0,81.0,310.0,10.4,13063.99,16.4,No,No,Autumn,Rainy,11593.63,0.0,0.0,316.87,0.149,10
ORD100523,2024-08-15,P-FUR-015,Furniture,Foldable Bed,West,Nagpur,SUP-021,5.0,WH-WE-01,62.0,4.0,33.0,221.0,6.18,6408.92,10.1,No,Yes,Autumn,,,0.0,2.0,333.78,,11
ORD100524,2022-09-19,P-ELE-004,Electronics,Power Bank 10000mAh,South,Bengaluru,SUP-016,9.0,WH-SO-02,62.0,11.0,71.0,245.0,10.3,7570.3,15.3,Yes,No,Autumn,Rainy,7213.66,0.0,2.0,482.4,0.019,10
ORD100525,2024-04-09,P-GRO-008,Grocery,Toor Dal 1kg,Central,Bhopal,SUP-038,6.0,WH-CE-02,211.0,48.0,346.0,1178.0,42.32,219.41,3.4,No,Yes,Summer,Sunny,207.78,0.0,0.0,215.43,0.057,44
ORD100526,2021-05-25,P-SPO-009,Sports,Skipping Rope,South,Bengaluru,SUP-025,6.0,WH-SO-02,112.0,10.0,78.0,338.0,10.97,1205.98,20.0,No,No,Summer,,1311.2,0.0,2.0,323.77,0.081,12
ORD100527,2022-12-25,P-SPO-004,Sports,Running Shoes,North,Lucknow,SUP-017,14.0,WH-NO-05,262.0,29.0,151.0,645.0,21.79,4442.91,8.7,No,Yes,Winter,Sunny,4320.82,0.0,2.0,418.13,0.057,30
ORD100528,2022-09-09,P-BEA-008,Beauty,Talcum Powder,Central,Jabalpur,SUP-024,8.0,WH-CE-05,97.0,18.0,97.0,554.0,19.3,374.83,15.8,No,No,Autumn,Rainy,403.73,0.0,0.0,296.95,0.215,13
ORD100529,2022-06-05,P-GRO-003,Grocery,Toor Dal 1kg,West,Pune,SUP-006,4.0,WH-WE-04,329.0,,167.0,769.0,24.32,483.12,6.0,No,No,Summer,Cloudy,442.56,0.0,0.0,217.44,0.038,23
ORD100530,2023-01-18,P-FUR-008,Furniture,Foldable Bed,South,Coimbatore,SUP-020,10.0,WH-SO-01,115.0,6.0,46.0,131.0,5.55,16355.13,21.0,No,No,Winter,Stormy,15902.07,0.0,3.0,527.92,0.028,4
ORD100531,2023-08-26,P-FUR-001,Furniture,Office Chair,West,Ahmedabad,SUP-014,4.0,WH-WE-05,61.0,7.0,54.0,223.0,7.69,19345.78,27.5,No,No,Summer,Cloudy,17944.1,0.0,0.0,268.84,0.029,7
ORD100532,2024-10-08,P-GRO-007,Grocery,Basmati Rice 5kg,East,Kolkata,SUP-008,8.0,WH-EA-05,134.0,34.0,208.0,781.0,27.68,495.53,3.0,No,No,Autumn,Rainy,517.25,0.0,0.0,304.59,0.057,26
ORD100533,2024-04-08,P-FUR-006,Furniture,Study Table,South,Hyderabad,SUP-016,14.0,WH-SO-01,244.0,8.0,70.0,344.0,10.57,10741.58,5.8,Yes,No,Summer,Cloudy,10563.77,0.0,3.0,556.71,0.025,11
ORD100534,2021-12-05,P-ELE-006,Electronics,Laptop Stand,West,Pune,SUP-026,5.0,WH-WE-02,120.0,17.0,79.0,281.0,,3493.25,27.3,Yes,No,Winter,Cloudy,3697.57,1.0,6.0,563.27,0.097,21
ORD100535,2024-11-30,P-GRO-002,Grocery,Wheat Flour 5kg,West,Pune,SUP-024,5.0,WH-WE-04,801.0,100.0,547.0,2265.0,77.44,331.61,10.3,No,No,Autumn,Sunny,335.67,0.0,2.0,434.13,,98
ORD100536,2022-12-30,P-CLO-015,Clothing,Denim Jeans,South,Hyderabad,SUP-039,5.0,WH-SO-01,81.0,22.0,130.0,508.0,17.29,1778.64,9.5,,No,Winter,Rainy,1501.75,0.0,3.0,391.26,0.051,15
ORD100537,2022-10-31,P-ELE-001,Electronics,Smartwatch,East,Guwahati,SUP-011,8.0,WH-EA-01,94.0,10.0,46.0,,5.85,14951.46,2.6,Yes,No,Autumn,Sunny,14635.6,0.0,3.0,440.76,0.051,11
ORD100538,2021-01-17,P-ELE-003,Electronics,Bluetooth Speaker,South,Hyderabad,SUP-028,8.0,WH-SO-04,184.0,11.0,74.0,268.0,9.53,14262.69,5.1,No,No,Winter,Cloudy,12510.74,0.0,0.0,259.97,0.109,14
ORD100539,2023-09-04,P-BEA-002,Beauty,Herbal Shampoo 200ml,North,Lucknow,SUP-023,10.0,WH-NO-02,164.0,19.0,123.0,545.0,18.51,196.84,4.0,Yes,No,Autumn,Cloudy,202.3,0.0,1.0,402.68,0.077,26
ORD100540,2024-07-19,P-SPO-015,Sports,Gym Dumbbells 5kg,Central,Gwalior,SUP-035,13.0,WH-CE-03,105.0,11.0,69.0,317.0,9.56,890.15,,Yes,No,Summer,Rainy,929.69,0.0,1.0,,0.079,9
ORD100541,2022-03-05,P-CLO-005,Clothing,Kids Winter Jacket,East,Guwahati,SUP-037,8.0,WH-EA-04,583.0,21.0,137.0,766.0,24.09,678.66,20.8,No,No,Spring,Cloudy,714.43,0.0,,367.71,0.165,30
ORD100542,2024-06-21,P-BEA-007,Beauty,Herbal Shampoo 200ml,East,Patna,SUP-029,4.0,WH-EA-03,304.0,19.0,140.0,533.0,19.25,127.95,19.3,No,No,Summer,Cloudy,126.69,0.0,0.0,264.08,0.088,23
ORD100543,2021-05-08,P-SPO-012,Sports,Yoga Mat,East,Ranchi,SUP-017,11.0,WH-EA-04,164.0,6.0,37.0,211.0,7.62,1782.98,8.9,Yes,No,Summer,Cloudy,1550.18,0.0,1.0,392.26,0.141,7
ORD100544,2024-11-13,P-ELE-001,Electronics,Smartphone Charger,East,Ranchi,SUP-022,5.0,WH-EA-01,120.0,15.0,,284.0,10.68,2572.4,6.1,No,Yes,Autumn,Cloudy,2615.53,0.0,0.0,298.07,0.071,20
ORD100545,2022-01-05,P-CLO-002,Clothing,Cotton Saree,South,Coimbatore,SUP-027,7.0,WH-SO-01,327.0,22.0,229.0,1041.0,31.69,2481.69,25.2,No,No,Winter,Sunny,2562.52,0.0,4.0,453.17,0.015,38
ORD100546,2022-12-05,P-GRO-003,Grocery,Sunflower Oil 1L,Central,Indore,SUP-033,5.0,WH-CE-02,133.0,16.0,162.0,600.0,21.43,329.34,16.6,Yes,No,Winter,Rainy,324.53,1.0,6.0,528.49,0.063,23
ORD100547,2021-01-22,P-ELE-011,Electronics,Wireless Earbuds,East,Patna,SUP-010,12.0,WH-EA-02,51.0,6.0,34.0,154.0,5.91,7277.98,18.5,Yes,No,Winter,Rainy,7327.75,0.0,1.0,,0.1,5
ORD100548,2024-08-05,P-BEA-015,Beauty,Moisturizer Cream,West,Ahmedabad,SUP-035,20.0,WH-WE-02,,18.0,204.0,810.0,26.94,682.92,10.6,Yes,No,Summer,Cloudy,579.78,0.0,1.0,587.19,0.1,25
ORD100549,2023-01-15,P-CLO-010,Clothing,Formal Shirt,South,Bengaluru,SUP-033,6.0,WH-SO-04,156.0,14.0,115.0,517.0,16.88,445.59,21.0,No,No,Winter,Sunny,447.95,0.0,3.0,440.09,0.047,16
ORD100550,2024-11-19,P-CLO-014,Clothing,Track Pants,South,Chennai,SUP-004,7.0,WH-SO-01,204.0,19.0,171.0,604.0,20.89,1785.69,15.0,Yes,No,Autumn,Sunny,1770.21,0.0,0.0,370.58,0.183,24
ORD100551,2022-06-30,P-ELE-014,Electronics,Wireless Earbuds,North,Delhi,SUP-011,3.0,WH-NO-01,199.0,16.0,108.0,380.0,12.64,14803.98,2.0,,No,Summer,Rainy,13367.72,0.0,0.0,252.56,0.016,13
ORD100552,2021-03-29,P-ELE-005,Electronics,Home Router,South,Bengaluru,SUP-010,13.0,WH-SO-02,170.0,5.0,39.0,246.0,8.41,8588.0,10.8,Yes,No,Summer,Rainy,8950.94,0.0,1.0,432.04,0.134,12
ORD100553,2023-09-18,P-SPO-003,Sports,Yoga Mat,North,Jaipur,SUP-024,7.0,WH-NO-02,384.0,13.0,140.0,486.0,15.54,1726.08,19.8,No,No,Autumn,Sunny,1657.83,0.0,2.0,300.98,0.126,20
ORD100554,2021-08-27,P-ELE-003,Electronics,LED TV 43in,West,Mumbai,SUP-009,6.0,WH-WE-01,58.0,12.0,88.0,337.0,11.03,7858.65,1.5,No,No,Summer,Rainy,8002.7,0.0,1.0,,0.113,10
ORD100555,2023-06-18,P-GRO-012,Grocery,Basmati Rice 5kg,West,Ahmedabad,SUP-013,11.0,WH-WE-01,423.0,42.0,277.0,1010.0,36.31,330.24,24.5,No,No,Autumn,Sunny,343.13,0.0,3.0,490.14,0.007,38
ORD100556,2021-02-20,P-GRO-011,Grocery,Wheat Flour 5kg,South,Hyderabad,SUP-008,6.0,WH-SO-03,326.0,53.0,197.0,937.0,29.57,142.07,10.7,No,No,Spring,Rainy,145.81,0.0,0.0,276.03,0.075,25
ORD100557,2021-09-03,P-CLO-013,Clothing,Formal Shirt,South,Bengaluru,SUP-003,5.0,WH-SO-01,298.0,50.0,264.0,949.0,34.91,1922.69,9.9,No,Yes,Autumn,Rainy,1716.46,0.0,0.0,324.3,0.06,38
ORD100558,2023-07-21,P-CLO-008,Clothing,Cotton Saree,West,Nagpur,SUP-019,15.0,WH-WE-01,,33.0,163.0,583.0,22.0,851.15,18.4,Yes,No,Summer,Cloudy,825.0,0.0,1.0,510.97,0.028,22
ORD100559,2023-09-12,P-CLO-015,Clothing,Track Pants,North,Kanpur,SUP-013,14.0,WH-NO-05,179.0,12.0,173.0,662.0,21.9,423.46,,No,No,Autumn,Stormy,495.6,0.0,1.0,427.33,0.08,19
ORD100560,2021-08-11,P-ELE-014,Electronics,Smartwatch,Central,Gwalior,SUP-021,3.0,WH-CE-01,68.0,8.0,52.0,219.0,7.08,3574.09,2.3,No,No,Summer,Cloudy,3973.11,0.0,0.0,265.45,0.101,5
ORD100561,2021-10-01,P-GRO-013,Grocery,Basmati Rice 5kg,South,Coimbatore,SUP-009,8.0,WH-SO-01,596.0,49.0,312.0,1325.0,41.02,497.0,15.6,Yes,No,Autumn,Sunny,530.18,3.0,1.0,363.09,0.068,51
ORD100562,2024-06-08,P-BEA-013,Beauty,Lipstick Set,North,Lucknow,SUP-012,6.0,WH-NO-01,98.0,16.0,198.0,899.0,25.46,156.83,20.5,Yes,No,Summer,Rainy,160.27,0.0,2.0,438.6,0.05,28
ORD100563,2021-01-09,P-FUR-002,Furniture,Sofa Cushion Set,North,Kanpur,SUP-036,8.0,WH-NO-03,60.0,4.0,23.0,111.0,4.57,5186.17,4.4,No,,Winter,Sunny,4776.23,0.0,3.0,379.78,0.053,7
ORD100564,2021-12-03,P-FUR-012,Furniture,Sofa Cushion Set,Central,Gwalior,SUP-033,6.0,WH-CE-04,128.0,7.0,36.0,151.0,5.39,17972.03,9.8,No,No,Winter,Sunny,17738.7,0.0,2.0,449.64,0.077,6
ORD100565,2024-11-18,P-FUR-015,Furniture,Foldable Bed,South,Hyderabad,SUP-011,21.0,WH-SO-04,96.0,6.0,33.0,142.0,4.71,8943.3,13.2,No,No,Autumn,Sunny,8641.06,2.0,1.0,618.29,0.027,7
ORD100566,2023-03-11,P-BEA-005,Beauty,Sunscreen Lotion,West,Surat,SUP-007,8.0,WH-WE-04,822.0,66.0,314.0,1654.0,47.52,751.67,19.8,No,No,Summer,Cloudy,746.58,,4.0,456.86,0.056,48
ORD100567,2021-02-09,P-ELE-013,Electronics,Smartwatch,North,Kanpur,SUP-039,6.0,WH-NO-01,159.0,12.0,92.0,322.0,11.26,6757.22,1.7,Yes,No,Winter,Cloudy,5975.28,0.0,1.0,299.06,0.02,13
ORD100568,2024-07-28,P-GRO-006,Grocery,Masala Mix 200g,North,Jaipur,SUP-028,2.0,WH-NO-02,516.0,35.0,361.0,1028.0,41.41,443.03,1.7,No,No,Summer,Rainy,476.86,0.0,1.0,293.98,0.031,31
ORD100569,2022-05-15,P-CLO-004,Clothing,Kids Winter Jacket,West,Mumbai,SUP-020,5.0,WH-WE-04,,25.0,149.0,551.0,20.82,1909.16,26.8,Yes,Yes,Summer,Rainy,1498.85,0.0,2.0,275.4,0.084,21
ORD100570,2023-11-11,P-GRO-011,Grocery,Tea Powder 500g,North,Lucknow,SUP-028,23.0,WH-NO-04,863.0,57.0,,1552.0,53.28,,7.7,No,No,Autumn,Rainy,552.62,0.0,3.0,679.23,0.04,42
ORD100571,2023-07-21,P-BEA-003,Beauty,Moisturizer Cream,North,Delhi,SUP-009,,WH-NO-02,294.0,25.0,154.0,666.0,21.54,513.08,15.4,No,No,Summer,Cloudy,549.05,0.0,0.0,345.73,0.036,24
ORD100572,2022-06-21,P-CLO-008,Clothing,Formal Shirt,East,Patna,SUP-018,11.0,WH-EA-05,404.0,9.0,106.0,719.0,19.79,1522.52,9.7,No,No,Summer,,1805.93,0.0,0.0,396.2,0.034,20
ORD100573,2022-06-26,P-BEA-015,Beauty,Hair Oil 250ml,West,Nagpur,SUP-016,,WH-WE-05,240.0,24.0,143.0,654.0,23.55,107.56,12.6,No,No,Autumn,Sunny,105.41,0.0,1.0,275.8,0.052,22
ORD100574,2023-03-15,P-BEA-003,Beauty,Body Lotion 400ml,South,Bengaluru,SUP-029,5.0,WH-SO-04,130.0,17.0,92.0,470.0,14.99,349.12,5.8,No,No,Spring,Cloudy,334.6,0.0,0.0,420.63,0.046,12
ORD100575,2022-07-11,P-CLO-003,Clothing,Track Pants,North,Kanpur,SUP-008,7.0,WH-NO-04,577.0,29.0,229.0,958.0,29.17,2422.66,9.1,No,No,Summer,Sunny,2445.98,0.0,1.0,356.36,0.13,36
ORD100576,2021-09-12,P-SPO-015,Sports,Running Shoes,Central,Indore,SUP-020,17.0,WH-CE-05,252.0,16.0,107.0,454.0,16.21,4942.31,1.7,No,Yes,Autumn,Sunny,5163.65,1.0,2.0,606.13,0.012,20
ORD100577,2023-11-22,P-CLO-012,Clothing,Track Pants,West,Ahmedabad,SUP-034,4.0,WH-WE-04,409.0,20.0,143.0,717.0,20.65,1887.3,2.6,Yes,No,Autumn,Sunny,1873.68,0.0,2.0,365.82,0.113,34
ORD100578,2023-09-13,P-BEA-007,Beauty,Face Wash 100ml,West,Ahmedabad,SUP-008,9.0,WH-WE-03,957.0,34.0,311.0,1273.0,45.5,912.25,10.5,No,No,Autumn,Sunny,825.91,0.0,1.0,426.75,0.096,35
ORD100579,2023-05-30,P-GRO-007,Grocery,Wheat Flour 5kg,West,Mumbai,SUP-005,7.0,WH-WE-02,660.0,,283.0,1119.0,42.07,498.62,6.6,No,No,Summer,Stormy,520.9,0.0,5.0,435.99,0.077,44
ORD100580,2023-12-20,P-CLO-015,Clothing,Women's Kurti,West,,SUP-033,9.0,WH-WE-02,451.0,,297.0,1106.0,32.21,2341.79,11.0,No,No,Winter,Cloudy,2341.67,0.0,1.0,481.15,0.261,40
ORD100581,2023-01-28,P-CLO-011,Clothing,Cotton Saree,South,Chennai,SUP-035,20.0,WH-SO-05,366.0,4.0,108.0,448.0,15.14,1677.17,4.5,No,No,Winter,Rainy,1541.9,0.0,3.0,651.82,0.086,7
ORD100582,2024-09-18,P-ELE-014,Electronics,Power Bank 10000mAh,South,Bengaluru,SUP-018,5.0,WH-SO-02,193.0,7.0,76.0,235.0,8.92,7874.36,13.3,Yes,No,Autumn,Cloudy,6850.79,0.0,3.0,422.81,0.082,12
ORD100583,2024-07-18,P-GRO-002,Grocery,Sunflower Oil 1L,West,Surat,SUP-002,5.0,WH-WE-04,710.0,30.0,246.0,1115.0,39.29,481.99,15.4,Yes,,Summer,Cloudy,577.19,0.0,2.0,390.93,0.165,61
ORD100584,2024-12-04,P-SPO-008,Sports,Football,West,Ahmedabad,SUP-022,7.0,WH-WE-03,185.0,11.0,72.0,342.0,12.4,4879.83,3.3,Yes,No,Winter,Sunny,5204.65,0.0,0.0,333.51,0.038,17
ORD100585,2021-06-07,P-FUR-011,Furniture,Plastic Storage Rack,Central,Jabalpur,SUP-012,24.0,WH-CE-02,23.0,3.0,30.0,105.0,3.75,11566.3,16.4,No,No,Autumn,Stormy,12083.9,0.0,1.0,611.64,0.019,5
ORD100586,2021-05-29,P-ELE-001,Electronics,Home Router,East,Ranchi,SUP-024,4.0,WH-EA-03,27.0,8.0,56.0,237.0,7.85,10939.51,9.2,No,No,Summer,Sunny,10838.89,0.0,1.0,286.89,0.086,8
ORD100587,2022-11-18,P-GRO-008,Grocery,Basmati Rice 5kg,South,Chennai,SUP-006,5.0,WH-SO-01,798.0,43.0,311.0,1162.0,40.54,479.21,5.5,No,No,Autumn,Cloudy,505.66,0.0,0.0,210.86,0.146,57
ORD100588,2023-10-09,P-ELE-001,Electronics,Home Router,East,Ranchi,SUP-033,11.0,WH-EA-04,50.0,6.0,67.0,271.0,7.54,7190.48,9.8,Yes,No,Autumn,Stormy,6585.17,0.0,0.0,467.36,0.225,6
ORD100589,2021-12-16,P-ELE-014,Electronics,Smartphone Charger,East,Kolkata,SUP-028,8.0,WH-EA-01,114.0,7.0,53.0,209.0,7.29,9816.84,23.2,No,No,Winter,Rainy,9973.44,0.0,0.0,260.84,0.066,8
ORD100590,2021-06-18,P-SPO-011,Sports,Yoga Mat,South,Hyderabad,SUP-026,13.0,WH-SO-01,310.0,22.0,139.0,548.0,18.74,3552.72,11.7,Yes,No,Autumn,Rainy,3621.78,0.0,0.0,456.46,0.041,20
ORD100591,2021-02-23,P-CLO-003,Clothing,Cotton Saree,West,Surat,SUP-021,19.0,WH-WE-02,276.0,14.0,101.0,517.0,15.16,1370.52,5.3,Yes,No,Spring,Sunny,1257.86,0.0,1.0,553.77,0.058,14
ORD100592,2023-03-22,P-GRO-008,Grocery,Sugar 1kg,East,Bhubaneswar,SUP-009,9.0,WH-EA-03,456.0,38.0,228.0,1067.0,31.93,569.45,3.1,No,No,Spring,Cloudy,564.69,0.0,0.0,296.43,0.109,35
ORD100593,2024-12-01,P-CLO-002,Clothing,Track Pants,North,Jaipur,SUP-038,13.0,WH-NO-02,409.0,27.0,141.0,620.0,19.42,2375.65,11.0,No,No,Winter,,2297.2,0.0,2.0,518.76,0.05,24
ORD100594,2022-11-10,P-ELE-013,Electronics,Wireless Earbuds,East,Ranchi,SUP-011,9.0,WH-EA-05,73.0,5.0,52.0,198.0,6.94,2241.53,8.5,No,No,Autumn,Sunny,2104.54,0.0,1.0,351.4,0.18,7
ORD100595,2023-12-09,P-GRO-003,Grocery,Basmati Rice 5kg,East,Bhubaneswar,SUP-015,2.0,WH-EA-05,103.0,23.0,154.0,715.0,21.01,382.98,16.8,Yes,No,Winter,Sunny,366.47,0.0,3.0,462.75,0.063,21
ORD100596,2021-03-17,P-FUR-010,Furniture,Plastic Storage Rack,Central,Indore,SUP-038,6.0,WH-CE-02,82.0,7.0,,120.0,4.21,2407.24,10.3,No,No,Spring,Rainy,2078.54,0.0,21.0,327.39,0.055,4
ORD100597,2021-11-12,P-FUR-002,Furniture,Foldable Bed,South,Hyderabad,SUP-002,10.0,WH-SO-05,30.0,,56.0,172.0,6.49,7939.94,6.2,No,Yes,Autumn,Stormy,8615.03,0.0,0.0,401.98,0.075,7
ORD100598,2023-09-21,P-SPO-003,Sports,Yoga Mat,East,Ranchi,SUP-006,13.0,WH-EA-01,189.0,10.0,90.0,355.0,12.73,1406.91,11.9,No,No,Autumn,Cloudy,1582.75,0.0,1.0,407.47,0.174,16
ORD100599,2022-08-11,P-FUR-015,Furniture,Sofa Cushion Set,South,Kochi,SUP-031,7.0,WH-SO-01,57.0,15.0,113.0,418.0,13.04,11785.17,8.1,No,No,Autumn,Rainy,10911.82,0.0,0.0,252.12,0.04,10
ORD100600,2021-02-08,P-CLO-006,Clothing,Denim Jeans,East,Ranchi,SUP-015,8.0,WH-EA-02,287.0,16.0,104.0,489.0,16.91,2092.4,9.3,No,No,Spring,Cloudy,2278.2,0.0,1.0,357.53,0.185,16
ORD100601,2021-11-27,P-BEA-002,Beauty,Talcum Powder,North,Lucknow,SUP-024,6.0,WH-NO-05,294.0,18.0,185.0,865.0,28.54,516.68,1.1,No,No,Autumn,Sunny,515.36,0.0,0.0,382.78,0.082,31
ORD100602,2024-03-04,P-SPO-011,Sports,Football,West,Pune,SUP-024,8.0,WH-WE-03,200.0,,81.0,319.0,11.91,1142.62,1.9,No,No,Summer,Cloudy,1141.69,0.0,,269.57,0.114,12
ORD100603,2023-09-28,P-BEA-004,Beauty,Hair Oil 250ml,Central,Raipur,SUP-034,6.0,WH-CE-04,257.0,14.0,141.0,691.0,21.48,898.11,10.9,No,No,Autumn,Sunny,805.04,0.0,0.0,255.66,0.107,23
ORD100604,2024-03-28,P-SPO-009,Sports,Gym Dumbbells 5kg,East,Bhubaneswar,SUP-025,5.0,WH-EA-04,256.0,6.0,81.0,303.0,11.03,582.45,7.1,No,No,Summer,Cloudy,556.46,0.0,0.0,272.72,0.08,10
ORD100605,2022-05-28,P-BEA-013,Beauty,Face Wash 100ml,East,Guwahati,SUP-018,5.0,WH-EA-03,135.0,21.0,138.0,457.0,16.91,996.47,9.1,No,No,Summer,Rainy,1038.94,0.0,1.0,263.05,0.15,15
ORD100606,2024-09-19,P-SPO-011,Sports,Gym Dumbbells 5kg,North,Kanpur,SUP-022,5.0,WH-NO-05,102.0,3.0,93.0,321.0,11.04,588.12,6.0,No,No,Autumn,,542.23,0.0,0.0,209.13,0.029,6
ORD100607,2024-09-05,P-ELE-004,Electronics,Smartphone Charger,East,Bhubaneswar,SUP-030,15.0,WH-EA-05,97.0,13.0,58.0,230.0,8.92,11645.75,1.7,No,,Autumn,Sunny,10954.75,0.0,0.0,480.12,0.01,9
ORD100608,2022-06-21,P-BEA-004,Beauty,Sunscreen Lotion,South,Chennai,SUP-016,5.0,WH-SO-03,107.0,26.0,143.0,606.0,22.5,976.64,10.1,No,No,Autumn,Sunny,936.94,0.0,0.0,235.71,0.017,21
ORD100609,2021-10-31,P-CLO-004,Clothing,Cotton Saree,West,Nagpur,SUP-007,7.0,WH-WE-04,,26.0,140.0,,17.99,328.87,12.1,No,No,Autumn,Cloudy,239.23,0.0,,340.88,0.007,17
ORD100610,2024-11-06,P-CLO-010,Clothing,Men's Cotton T-Shirt,North,Chandigarh,SUP-020,8.0,WH-NO-04,145.0,43.0,170.0,879.0,28.91,1561.86,,Yes,No,Autumn,Sunny,1602.88,0.0,0.0,286.21,0.066,39
ORD100611,2022-05-27,P-FUR-011,Furniture,Office Chair,West,Surat,SUP-040,8.0,WH-WE-03,,12.0,68.0,244.0,8.85,14320.24,5.6,Yes,No,Summer,Cloudy,15049.96,0.0,2.0,389.4,0.032,12
ORD100612,2022-12-26,P-SPO-008,Sports,Yoga Mat,South,Bengaluru,SUP-005,9.0,WH-SO-01,69.0,10.0,81.0,368.0,12.03,4721.81,11.6,Yes,No,Winter,Sunny,4859.53,0.0,0.0,363.4,0.074,14
ORD100613,2024-09-23,P-SPO-006,Sports,Cycling Helmet,East,,SUP-007,3.0,WH-EA-02,118.0,88.0,126.0,565.0,19.34,3136.53,7.5,No,Yes,Autumn,Rainy,3373.11,0.0,0.0,178.28,0.164,18
ORD100614,2022-01-29,P-GRO-001,Grocery,Sunflower Oil 1L,East,Bhubaneswar,SUP-040,8.0,WH-EA-05,287.0,25.0,97.0,680.0,24.04,505.37,10.1,No,No,Winter,Rainy,487.42,0.0,2.0,1311.74,0.025,22
ORD100615,2024-07-16,P-BEA-013,Beauty,Talcum Powder,North,,SUP-034,13.0,WH-NO-02,134.0,26.0,146.0,669.0,20.03,837.66,4.0,Yes,No,Autumn,Sunny,959.03,0.0,1.0,400.0,0.138,28
ORD100616,2021-08-23,P-BEA-010,Beauty,Sunscreen Lotion,South,Chennai,SUP-005,15.0,WH-SO-04,524.0,37.0,193.0,580.0,23.44,921.25,6.7,No,Yes,Summer,Rainy,858.99,0.0,0.0,352.27,0.046,29
ORD100617,2022-03-05,P-GRO-010,Grocery,Masala Mix 200g,West,Surat,SUP-009,11.0,WH-WE-05,845.0,25.0,204.0,1120.0,35.51,490.74,11.3,No,No,Spring,Sunny,481.93,0.0,0.0,336.55,0.046,31
ORD100618,2022-07-22,P-ELE-002,Electronics,Power Bank 10000mAh,East,Kolkata,SUP-028,4.0,WH-EA-04,52.0,10.0,58.0,208.0,7.92,846.51,12.4,No,No,Autumn,Sunny,824.62,0.0,1.0,350.05,0.021,6
ORD100619,2022-12-07,P-ELE-005,Electronics,LED TV 43in,North,Delhi,SUP-032,7.0,WH-NO-02,58.0,7.0,53.0,192.0,7.05,9918.6,21.0,No,No,Winter,Sunny,10066.42,0.0,0.0,322.71,0.041,6
ORD100620,2021-12-22,P-BEA-005,Beauty,Sunscreen Lotion,South,Bengaluru,SUP-030,,WH-SO-05,246.0,25.0,161.0,709.0,24.95,726.78,27.1,Yes,No,Winter,Sunny,712.85,0.0,0.0,300.32,0.012,42
ORD100621,2024-07-15,P-CLO-009,Clothing,Cotton Saree,South,Bengaluru,SUP-035,9.0,WH-SO-01,256.0,21.0,128.0,498.0,17.18,586.19,28.7,Yes,No,Autumn,Stormy,581.36,0.0,0.0,202.54,0.109,24
ORD100622,2023-08-30,P-SPO-012,Sports,Cricket Bat,East,Bhubaneswar,SUP-021,8.0,WH-EA-04,161.0,3.0,,355.0,12.02,1232.04,10.8,,No,Summer,Rainy,1165.17,0.0,3.0,400.57,0.068,10
ORD100623,2023-09-07,P-CLO-013,Clothing,Cotton Saree,East,Bhubaneswar,SUP-036,9.0,WH-EA-02,199.0,19.0,132.0,551.0,18.35,2382.97,7.4,Yes,No,Autumn,Rainy,2299.38,0.0,0.0,361.41,0.042,22
ORD100624,2023-12-06,P-SPO-008,Sports,Badminton Racket,North,Jaipur,SUP-024,4.0,WH-NO-04,185.0,13.0,155.0,577.0,20.5,3972.21,5.6,No,No,Winter,Sunny,3262.21,0.0,0.0,237.33,0.065,22
ORD100625,2023-07-21,P-GRO-006,Grocery,Basmati Rice 5kg,East,Bhubaneswar,SUP-020,9.0,WH-EA-03,466.0,26.0,144.0,481.0,21.35,198.63,5.1,No,No,Summer,Cloudy,211.38,0.0,0.0,337.27,0.177,24
ORD100626,2023-07-30,P-BEA-007,Beauty,Body Lotion 400ml,West,Ahmedabad,SUP-026,14.0,WH-WE-03,480.0,39.0,277.0,969.0,35.24,611.24,6.9,No,No,,Cloudy,561.27,0.0,1.0,452.9,0.127,33
ORD100627,2023-08-24,P-ELE-012,Electronics,LED TV 43in,West,Nagpur,SUP-018,12.0,WH-WE-02,78.0,20.0,70.0,432.0,13.44,12533.65,16.3,No,No,Autumn,Sunny,12041.67,0.0,1.0,332.76,0.034,10
ORD100628,2023-11-19,P-CLO-005,Clothing,Track Pants,North,Lucknow,SUP-025,7.0,WH-NO-03,360.0,26.0,142.0,569.0,18.16,1770.72,1.9,Yes,No,Autumn,Rainy,1620.6,0.0,0.0,279.65,0.098,22
ORD100629,2024-09-07,P-BEA-007,Beauty,Herbal Shampoo 200ml,South,Coimbatore,SUP-034,11.0,WH-SO-05,239.0,20.0,201.0,763.0,24.26,167.88,31.4,No,No,Autumn,Rainy,175.53,0.0,3.0,431.65,0.203,24
ORD100630,2021-10-15,P-SPO-012,Sports,Gym Dumbbells 5kg,South,Bengaluru,SUP-039,9.0,WH-SO-05,318.0,17.0,98.0,455.0,15.75,659.16,25.9,Yes,No,Autumn,Rainy,630.51,0.0,1.0,391.79,0.02,15
ORD100631,2023-01-26,P-BEA-009,Beauty,Moisturizer Cream,North,Kanpur,SUP-024,9.0,WH-NO-03,817.0,63.0,264.0,1327.0,42.68,1172.62,14.3,No,Yes,Winter,Rainy,943.42,0.0,1.0,351.98,0.139,42
ORD100632,2021-09-27,P-ELE-008,Electronics,Home Router,South,Chennai,SUP-001,16.0,WH-SO-05,40.0,7.0,50.0,164.0,5.79,11688.46,2.6,No,No,Autumn,Sunny,11950.99,0.0,0.0,368.62,0.082,6
ORD100633,2021-09-23,P-GRO-012,Grocery,Masala Mix 200g,North,Lucknow,SUP-025,9.0,WH-NO-05,460.0,55.0,333.0,1283.0,44.98,361.15,9.3,No,Yes,Autumn,Rainy,339.56,0.0,0.0,328.99,0.194,63
ORD100634,2024-10-19,P-ELE-005,Electronics,Power Bank 10000mAh,North,Delhi,SUP-011,6.0,WH-NO-04,176.0,15.0,56.0,287.0,10.29,2891.91,28.9,No,No,Autumn,Rainy,2886.5,3.0,0.0,374.21,,15
ORD100635,2022-11-22,P-ELE-001,Electronics,Power Bank 10000mAh,West,Ahmedabad,SUP-010,7.0,WH-WE-03,202.0,15.0,70.0,,10.29,12788.31,20.6,No,No,Autumn,Cloudy,13639.69,0.0,0.0,206.31,0.012,18
ORD100636,2023-10-26,P-FUR-012,Furniture,Dining Chair,South,Chennai,SUP-036,8.0,WH-SO-01,72.0,6.0,32.0,133.0,6.08,19096.2,29.8,No,No,Autumn,Sunny,,0.0,4.0,537.35,0.142,4
ORD100637,2023-12-01,P-FUR-007,Furniture,Wooden Bookshelf,West,Nagpur,SUP-018,2.0,WH-WE-03,65.0,6.0,30.0,132.0,4.4,12294.69,4.6,No,No,Winter,Sunny,12244.65,0.0,0.0,189.64,0.106,7
ORD100638,2021-02-16,P-BEA-005,Beauty,Talcum Powder,North,Delhi,SUP-032,5.0,WH-NO-02,102.0,26.0,142.0,611.0,20.38,1024.27,7.9,No,No,Spring,Sunny,961.04,0.0,0.0,273.03,0.078,24
ORD100639,2022-12-21,P-SPO-002,Sports,Gym Dumbbells 5kg,East,Bhubaneswar,SUP-015,2.0,WH-EA-01,34.0,17.0,86.0,340.0,11.26,2755.23,2.0,Yes,No,Winter,Sunny,2972.71,0.0,0.0,135.14,0.168,12
ORD100640,2021-09-21,P-BEA-014,Beauty,Moisturizer Cream,South,Kochi,SUP-025,4.0,WH-SO-05,168.0,22.0,150.0,626.0,21.3,839.12,6.9,No,No,Autumn,Rainy,844.42,0.0,0.0,274.15,0.053,17
ORD100641,2022-04-03,P-BEA-011,Beauty,Herbal Shampoo 200ml,West,Nagpur,SUP-027,9.0,WH-WE-02,484.0,49.0,304.0,1168.0,35.04,808.5,20.5,Yes,No,Summer,Stormy,807.01,0.0,1.0,393.22,0.039,39
ORD100642,2021-10-02,P-ELE-005,Electronics,Laptop Stand,West,Surat,SUP-036,11.0,WH-WE-04,175.0,10.0,82.0,343.0,11.52,1924.58,26.6,No,Yes,Autumn,Rainy,1733.52,0.0,,947.59,0.011,12
ORD100643,2023-09-01,P-GRO-010,Grocery,Wheat Flour 5kg,South,Hyderabad,SUP-008,20.0,WH-SO-05,141.0,40.0,171.0,990.0,34.17,451.33,5.8,No,No,Autumn,Sunny,478.42,0.0,3.0,645.53,0.105,21
ORD100644,2021-07-12,P-FUR-007,Furniture,Sofa Cushion Set,East,Ranchi,SUP-023,6.0,WH-EA-03,179.0,10.0,59.0,243.0,7.71,6520.87,6.5,No,No,Summer,Cloudy,6978.42,0.0,0.0,182.78,,10
ORD100645,2022-10-20,P-BEA-005,Beauty,Face Wash 100ml,North,Lucknow,SUP-017,15.0,WH-NO-04,166.0,35.0,202.0,706.0,28.41,734.49,5.9,No,No,Autumn,Cloudy,689.47,1.0,1.0,471.6,0.096,21
ORD100646,2022-03-23,P-ELE-005,Electronics,Laptop Stand,East,Ranchi,SUP-019,12.0,WH-EA-04,182.0,9.0,54.0,216.0,7.87,1742.27,13.1,Yes,No,Summer,Cloudy,1763.72,0.0,1.0,434.67,0.036,10
ORD100647,2024-11-07,P-CLO-002,Clothing,Cotton Saree,North,Chandigarh,SUP-034,7.0,WH-NO-03,477.0,20.0,163.0,659.0,20.11,1265.53,9.3,No,No,Autumn,Sunny,1325.06,0.0,1.0,263.4,0.075,29
ORD100648,2024-02-26,P-FUR-015,Furniture,Foldable Bed,South,Chennai,SUP-006,14.0,WH-SO-05,75.0,7.0,42.0,163.0,,11807.62,1.2,No,No,Winter,Rainy,13902.74,0.0,1.0,323.57,0.052,6
ORD100649,2022-05-30,P-ELE-014,Electronics,Laptop Stand,North,Lucknow,SUP-022,11.0,WH-NO-05,,8.0,44.0,182.0,7.15,12481.01,20.2,No,No,Summer,Rainy,12871.54,0.0,0.0,257.15,0.031,8
ORD100650,2022-03-05,P-GRO-014,Grocery,Masala Mix 200g,West,Ahmedabad,SUP-016,1.0,WH-WE-02,481.0,33.0,230.0,1182.0,31.52,106.91,5.8,,No,Summer,Rainy,106.91,0.0,0.0,228.6,0.214,43
ORD100651,2023-11-15,P-SPO-005,Sports,Skipping Rope,South,Bengaluru,SUP-036,5.0,WH-SO-05,75.0,16.0,115.0,389.0,13.35,1220.17,23.0,No,No,Autumn,Sunny,1204.98,0.0,1.0,299.17,0.11,18
ORD100652,2023-07-12,P-FUR-015,Furniture,Plastic Storage Rack,East,Guwahati,SUP-009,7.0,WH-EA-01,19.0,2.0,23.0,88.0,3.23,2812.05,19.8,No,No,Summer,Sunny,2790.41,0.0,0.0,360.6,0.081,4
ORD100653,2023-03-22,P-GRO-005,Grocery,Instant Noodles Pack,South,Chennai,SUP-010,6.0,WH-SO-01,662.0,55.0,,1221.0,48.21,341.82,3.3,Yes,No,Spring,Cloudy,362.8,0.0,0.0,367.05,0.04,42
ORD100654,2021-04-16,P-BEA-013,Beauty,Talcum Powder,South,Chennai,SUP-004,5.0,WH-SO-03,216.0,11.0,159.0,723.0,21.47,203.86,24.5,No,No,Summer,Cloudy,189.48,0.0,3.0,,0.116,19
ORD100655,2021-04-24,P-GRO-002,Grocery,Sunflower Oil 1L,North,Delhi,SUP-018,7.0,WH-NO-04,917.0,36.0,319.0,1282.0,47.8,,22.0,No,No,Summer,Rainy,55.41,0.0,0.0,351.36,0.077,59
ORD100656,2023-07-19,P-BEA-005,Beauty,Moisturizer Cream,Central,Raipur,SUP-001,9.0,WH-CE-03,149.0,18.0,112.0,453.0,15.93,451.34,29.0,No,No,Summer,Sunny,395.69,0.0,3.0,522.4,0.04,21
ORD100657,2022-11-18,P-GRO-009,Grocery,Sugar 1kg,West,Pune,SUP-021,4.0,WH-WE-04,232.0,49.0,292.0,1493.0,48.76,182.17,7.1,No,No,,Sunny,191.88,1.0,0.0,282.38,0.015,45
ORD100658,2024-04-26,P-CLO-015,Clothing,Kids Winter Jacket,North,Delhi,SUP-009,4.0,WH-NO-02,288.0,7.0,103.0,330.0,,2409.71,1.6,No,No,Summer,Rainy,2591.85,1.0,2.0,365.62,0.048,16
ORD100659,2021-02-12,P-GRO-004,Grocery,Sunflower Oil 1L,West,Nagpur,SUP-017,9.0,WH-WE-05,524.0,15.0,219.0,1101.0,34.3,317.5,20.6,Yes,No,Spring,Cloudy,337.98,0.0,,336.6,0.044,41
ORD100660,2021-09-29,P-GRO-007,Grocery,Toor Dal 1kg,South,Coimbatore,SUP-025,7.0,WH-SO-05,573.0,34.0,292.0,1001.0,37.17,218.81,19.5,No,No,Autumn,Cloudy,223.54,0.0,0.0,269.58,0.067,45
ORD100661,2024-02-28,P-SPO-013,Sports,Yoga Mat,North,Lucknow,SUP-028,5.0,WH-NO-01,139.0,,113.0,441.0,13.41,2408.55,20.5,No,No,Spring,Rainy,2484.64,0.0,,249.9,0.069,14
ORD100662,2024-12-01,P-ELE-008,Electronics,Laptop Stand,East,Kolkata,SUP-003,5.0,WH-EA-03,81.0,4.0,44.0,184.0,6.05,3391.79,28.0,No,No,Winter,Cloudy,3283.2,0.0,1.0,387.58,,9
ORD100663,2023-12-10,P-ELE-011,Electronics,Smartwatch,North,Kanpur,SUP-006,12.0,WH-NO-02,76.0,12.0,83.0,459.0,13.88,7148.24,3.0,Yes,No,Winter,Cloudy,6504.92,0.0,1.0,360.57,0.1,15
ORD100664,2021-01-19,P-GRO-007,Grocery,Sunflower Oil 1L,North,Jaipur,SUP-013,4.0,WH-NO-04,788.0,53.0,261.0,1271.0,42.01,474.1,5.0,No,No,Winter,Sunny,483.57,0.0,1.0,239.0,0.116,67
ORD100665,2021-03-15,P-FUR-001,Furniture,Study Table,West,Ahmedabad,SUP-021,21.0,WH-WE-03,32.0,4.0,43.0,194.0,5.94,4239.8,2.1,,No,Summer,Cloudy,4263.2,0.0,2.0,573.32,0.115,2
ORD100666,2024-07-07,P-BEA-005,Beauty,Moisturizer Cream,South,Coimbatore,SUP-036,15.0,WH-SO-02,378.0,7.0,136.0,574.0,18.5,473.58,16.5,No,No,Autumn,Cloudy,508.58,0.0,1.0,,0.039,16
ORD100667,2023-01-01,P-SPO-009,Sports,Football,West,Mumbai,SUP-006,17.0,WH-WE-02,214.0,24.0,110.0,,17.12,1376.62,24.5,No,No,Winter,Cloudy,1361.06,0.0,2.0,635.91,0.202,21
ORD100668,2022-12-27,P-GRO-001,Grocery,Masala Mix 200g,East,Bhubaneswar,SUP-003,6.0,WH-EA-02,187.0,60.0,323.0,1461.0,47.63,400.57,10.1,Yes,No,Winter,Cloudy,405.66,,,321.03,0.034,56
ORD100669,2024-11-05,P-GRO-004,Grocery,Wheat Flour 5kg,West,Mumbai,SUP-026,9.0,WH-WE-01,813.0,39.0,267.0,727.0,35.06,197.15,17.1,No,No,Autumn,Sunny,201.68,0.0,0.0,358.11,0.061,39
ORD100670,2021-12-29,P-ELE-015,Electronics,Laptop Stand,East,Guwahati,SUP-040,7.0,WH-EA-01,156.0,,58.0,199.0,,14100.19,12.7,No,No,,Sunny,14745.86,0.0,1.0,340.67,0.039,8
ORD100671,2022-02-20,P-CLO-001,Clothing,Women's Kurti,West,Nagpur,SUP-034,9.0,WH-WE-04,103.0,32.0,135.0,643.0,19.38,1006.79,3.8,No,No,Spring,Cloudy,1083.19,0.0,2.0,448.05,0.099,21
ORD100672,2023-09-30,P-SPO-004,Sports,Badminton Racket,South,Hyderabad,SUP-023,10.0,WH-SO-05,50.0,15.0,102.0,346.0,13.39,941.55,1.6,No,No,Autumn,Cloudy,869.71,0.0,1.0,272.98,0.126,11
ORD100673,2024-08-14,P-FUR-010,Furniture,TV Unit,East,Guwahati,SUP-001,15.0,WH-EA-03,35.0,4.0,27.0,109.0,3.9,8009.05,23.0,Yes,No,Autumn,Sunny,,0.0,1.0,534.27,0.081,6
ORD100674,2022-06-19,P-CLO-009,Clothing,Cotton Saree,East,Guwahati,SUP-024,4.0,WH-EA-05,227.0,18.0,138.0,471.0,18.78,1249.33,7.9,No,No,,,1231.28,0.0,0.0,258.35,0.283,19
ORD100675,2021-08-09,P-GRO-004,Grocery,Wheat Flour 5kg,Central,Jabalpur,SUP-019,15.0,WH-CE-01,632.0,47.0,264.0,1018.0,41.86,59.39,5.7,No,No,Summer,Sunny,62.44,0.0,1.0,432.03,0.057,45
ORD100676,2021-03-24,P-SPO-001,Sports,Running Shoes,North,Delhi,SUP-018,6.0,WH-NO-05,233.0,10.0,96.0,370.0,12.99,4656.21,17.2,No,No,Summer,Cloudy,5206.94,0.0,0.0,253.89,0.161,13
ORD100677,2021-01-10,P-CLO-014,Clothing,Kids Winter Jacket,East,Patna,SUP-020,4.0,WH-EA-03,364.0,20.0,125.0,459.0,14.86,1147.89,3.1,Yes,No,Winter,Cloudy,954.28,0.0,1.0,322.22,0.103,22
ORD100678,2022-07-01,P-ELE-009,Electronics,Smartphone Charger,West,Pune,SUP-023,5.0,WH-WE-04,102.0,11.0,56.0,220.0,7.65,3767.28,10.8,No,No,Autumn,Cloudy,4133.29,0.0,0.0,359.8,0.03,11
ORD100679,2023-02-15,P-GRO-009,Grocery,Masala Mix 200g,South,Coimbatore,SUP-029,7.0,WH-SO-01,1086.0,97.0,525.0,1821.0,70.51,190.09,2.9,Yes,No,Spring,Sunny,188.29,0.0,,384.98,0.041,75
ORD100680,2022-12-16,P-ELE-001,Electronics,Home Router,West,Ahmedabad,SUP-008,12.0,WH-WE-04,225.0,9.0,57.0,247.0,9.47,11884.29,4.5,No,No,Winter,Sunny,11070.97,0.0,0.0,337.31,0.07,10
ORD100681,2021-12-16,P-GRO-004,Grocery,Tea Powder 500g,South,Coimbatore,SUP-003,8.0,WH-SO-02,560.0,56.0,369.0,1339.0,50.19,335.49,6.5,No,No,Winter,Sunny,323.75,0.0,0.0,361.47,0.04,65
ORD100682,2023-09-16,P-ELE-002,Electronics,Wireless Earbuds,North,Chandigarh,SUP-003,5.0,WH-NO-05,146.0,4.0,29.0,175.0,6.09,9099.05,6.0,No,No,Autumn,Sunny,8348.25,1.0,3.0,346.5,0.063,7
ORD100683,2024-07-08,P-CLO-015,Clothing,Formal Shirt,East,Ranchi,SUP-017,10.0,WH-EA-04,151.0,9.0,108.0,376.0,14.08,546.7,23.1,Yes,No,Summer,Sunny,568.9,0.0,0.0,308.28,0.08,16
ORD100684,2021-12-07,P-FUR-012,Furniture,Foldable Bed,South,Coimbatore,SUP-021,6.0,WH-SO-05,166.0,10.0,70.0,272.0,8.28,1911.75,6.9,No,No,Winter,Cloudy,1753.49,0.0,2.0,362.3,0.195,6
ORD100685,2023-09-12,P-GRO-009,Grocery,Masala Mix 200g,North,Delhi,SUP-032,12.0,WH-NO-05,615.0,41.0,209.0,889.0,32.42,469.23,13.3,No,No,Autumn,Cloudy,514.44,0.0,2.0,485.74,0.114,43
ORD100686,2023-03-08,P-CLO-011,Clothing,Cotton Saree,North,Kanpur,SUP-018,5.0,WH-NO-04,,9.0,130.0,540.0,19.21,587.25,13.8,No,Yes,Spring,Sunny,619.76,0.0,0.0,305.06,,22
ORD100687,2023-10-01,P-SPO-003,Sports,Football,North,Kanpur,SUP-022,5.0,WH-NO-02,102.0,9.0,121.0,472.0,15.15,4623.66,14.5,Yes,No,Autumn,Cloudy,4707.68,0.0,1.0,327.28,0.024,14
ORD100688,2021-01-22,P-BEA-015,Beauty,Sunscreen Lotion,West,Mumbai,SUP-040,2.0,WH-WE-02,357.0,18.0,151.0,579.0,24.66,973.07,3.4,No,No,Winter,,814.56,0.0,1.0,183.29,0.014,17
ORD100689,2023-09-11,P-CLO-008,Clothing,Women's Kurti,West,Pune,SUP-030,7.0,WH-WE-05,78.0,29.0,195.0,889.0,26.07,1579.77,8.3,No,No,Autumn,Rainy,1412.62,0.0,2.0,419.79,0.085,21
ORD100690,2023-12-28,P-GRO-008,Grocery,Toor Dal 1kg,East,Ranchi,SUP-028,10.0,WH-EA-04,671.0,27.0,191.0,984.0,30.69,381.85,11.9,Yes,No,Winter,Cloudy,379.4,1.0,0.0,476.82,0.048,41
ORD100691,2023-09-19,P-SPO-015,Sports,Gym Dumbbells 5kg,North,Kanpur,SUP-015,10.0,WH-NO-05,119.0,9.0,103.0,432.0,13.5,2618.47,15.0,Yes,No,Autumn,Cloudy,2613.09,0.0,2.0,466.08,0.076,15
ORD100692,2024-05-12,P-GRO-002,Grocery,Tea Powder 500g,East,Bhubaneswar,SUP-007,16.0,WH-EA-04,857.0,35.0,262.0,1064.0,38.89,80.7,6.2,No,No,Summer,Sunny,86.77,0.0,1.0,550.24,0.018,44
ORD100693,2023-12-28,P-GRO-007,Grocery,Toor Dal 1kg,West,,SUP-037,8.0,WH-WE-04,585.0,37.0,169.0,1113.0,41.24,306.59,23.3,No,No,Winter,Cloudy,235.15,0.0,0.0,359.51,0.062,25
ORD100694,2024-12-09,P-SPO-002,Sports,Badminton Racket,West,Mumbai,SUP-023,9.0,WH-WE-01,202.0,15.0,68.0,321.0,11.59,3995.12,19.4,Yes,No,Winter,Sunny,3752.48,0.0,3.0,506.36,0.092,18
ORD100695,2023-09-06,P-CLO-007,Clothing,Track Pants,South,Hyderabad,SUP-004,15.0,WH-SO-05,160.0,18.0,135.0,554.0,19.52,406.44,2.7,No,No,Autumn,Stormy,433.66,3.0,,341.3,0.063,14
ORD100696,2022-10-14,P-BEA-005,Beauty,Sunscreen Lotion,North,Jaipur,SUP-020,9.0,WH-NO-02,300.0,28.0,178.0,661.0,19.81,765.46,9.7,No,No,,Sunny,744.81,0.0,0.0,286.21,0.034,28
ORD100697,2024-05-03,P-CLO-007,Clothing,Men's Cotton T-Shirt,Central,Indore,SUP-004,14.0,WH-CE-02,270.0,5.0,96.0,337.0,14.19,2344.94,19.3,Yes,No,Summer,Cloudy,2257.27,0.0,2.0,561.7,0.106,12
ORD100698,2023-10-13,P-FUR-011,Furniture,Sofa Cushion Set,West,Pune,SUP-040,8.0,WH-WE-01,111.0,7.0,40.0,212.0,6.33,2893.5,13.9,No,No,Autumn,Rainy,2520.3,1.0,2.0,452.03,0.078,6
ORD100699,2023-03-27,P-GRO-005,Grocery,Tea Powder 500g,North,Kanpur,SUP-022,10.0,WH-NO-01,684.0,63.0,283.0,1118.0,38.63,577.73,7.9,No,No,Summer,Cloudy,,0.0,0.0,332.17,0.071,55
ORD100700,2023-04-26,P-GRO-001,Grocery,Sugar 1kg,West,Ahmedabad,SUP-032,8.0,WH-WE-02,918.0,51.0,199.0,1738.0,52.97,547.23,10.3,No,No,Summer,Cloudy,526.0,0.0,0.0,332.39,0.149,49
ORD100701,2022-05-28,P-GRO-003,Grocery,Sugar 1kg,North,Lucknow,SUP-019,7.0,WH-NO-05,128.0,29.0,265.0,975.0,31.72,458.32,5.7,No,No,Summer,Rainy,,0.0,0.0,362.76,,34
ORD100702,2023-06-16,P-ELE-011,Electronics,Smartphone Charger,North,Lucknow,SUP-001,13.0,WH-NO-05,31.0,7.0,70.0,289.0,9.19,6560.88,10.6,No,No,Autumn,Sunny,7330.21,0.0,,454.44,0.054,9
ORD100703,2022-11-14,P-SPO-009,Sports,Cycling Helmet,West,Ahmedabad,SUP-026,6.0,WH-WE-03,482.0,12.0,138.0,693.0,21.36,1248.24,16.2,No,No,Autumn,,1379.77,0.0,2.0,430.04,0.063,22
ORD100704,2021-07-11,P-GRO-015,Grocery,Masala Mix 200g,East,Patna,SUP-027,17.0,WH-EA-02,583.0,47.0,278.0,1048.0,35.86,206.1,11.1,Yes,No,,Rainy,205.57,0.0,2.0,515.4,0.018,47
ORD100705,2022-10-06,P-CLO-014,Clothing,Women's Kurti,South,Hyderabad,SUP-010,4.0,WH-SO-02,540.0,21.0,202.0,737.0,27.57,987.19,,No,No,Autumn,Sunny,948.95,0.0,1.0,366.4,0.047,28
ORD100706,2024-10-19,P-BEA-003,Beauty,Herbal Shampoo 200ml,Central,Jabalpur,SUP-029,11.0,WH-CE-05,406.0,26.0,139.0,545.0,20.28,537.96,25.1,Yes,No,,Rainy,514.19,0.0,1.0,424.86,0.211,24
ORD100707,2022-05-01,P-BEA-012,Beauty,Herbal Shampoo 200ml,West,Surat,SUP-010,5.0,WH-WE-01,707.0,36.0,246.0,1054.0,,460.9,3.0,No,No,Summer,,533.48,0.0,0.0,218.5,0.066,38
ORD100708,2023-09-17,P-CLO-002,Clothing,Woolen Sweater,North,Lucknow,SUP-028,3.0,WH-NO-01,420.0,24.0,137.0,679.0,19.85,972.17,24.4,No,No,Autumn,,955.69,0.0,2.0,442.28,0.088,24
ORD100709,2022-08-30,P-CLO-002,Clothing,Woolen Sweater,East,Bhubaneswar,SUP-030,14.0,WH-EA-01,87.0,9.0,90.0,343.0,12.53,564.28,6.2,Yes,No,Autumn,Sunny,611.82,0.0,1.0,574.17,0.061,18
ORD100710,2022-02-22,P-SPO-012,Sports,Yoga Mat,West,Ahmedabad,SUP-006,9.0,WH-WE-05,263.0,18.0,123.0,534.0,16.22,2165.73,12.3,No,No,Spring,Rainy,2249.31,0.0,0.0,303.93,0.069,20
ORD100711,2022-07-17,P-FUR-007,Furniture,Sofa Cushion Set,East,Guwahati,SUP-012,25.0,WH-EA-01,69.0,5.0,34.0,168.0,5.18,1635.84,7.8,No,No,Summer,Sunny,1581.98,0.0,22.0,712.69,0.077,2
ORD100712,2024-11-02,P-BEA-015,Beauty,Herbal Shampoo 200ml,Central,Gwalior,SUP-007,8.0,WH-CE-05,396.0,22.0,143.0,521.0,20.77,1039.26,2.9,No,No,Autumn,Sunny,1018.22,0.0,3.0,483.37,0.084,15
ORD100713,2021-06-12,P-SPO-001,Sports,Cricket Bat,West,Ahmedabad,SUP-030,6.0,WH-WE-01,272.0,3.0,69.0,388.0,11.98,1360.05,2.2,No,No,Autumn,Sunny,1488.81,0.0,0.0,282.25,,7
ORD100714,2023-09-03,P-BEA-008,Beauty,Herbal Shampoo 200ml,North,Lucknow,SUP-010,19.0,WH-NO-03,843.0,43.0,212.0,1042.0,37.48,964.2,,No,No,Autumn,Sunny,966.61,0.0,1.0,523.79,0.24,37
ORD100715,2024-04-28,P-ELE-005,Electronics,Wireless Earbuds,North,Jaipur,SUP-026,4.0,WH-NO-05,75.0,18.0,56.0,367.0,10.76,7321.08,3.6,Yes,No,Summer,Sunny,7055.29,,0.0,342.98,0.104,15
ORD100716,2021-09-28,P-CLO-015,Clothing,Track Pants,West,Mumbai,SUP-017,12.0,WH-WE-01,355.0,12.0,143.0,590.0,19.43,1039.64,,Yes,No,Autumn,Rainy,972.53,0.0,1.0,347.72,0.055,22
ORD100717,2024-01-11,P-ELE-011,Electronics,Power Bank 10000mAh,Central,Gwalior,SUP-004,8.0,WH-CE-02,73.0,14.0,74.0,415.0,11.16,6626.41,1.5,No,No,,Cloudy,6796.08,0.0,0.0,285.25,0.021,12
ORD100718,2023-07-20,P-FUR-012,Furniture,Office Chair,North,Kanpur,SUP-036,11.0,WH-NO-04,,7.0,45.0,230.0,7.76,4863.11,3.4,No,No,Summer,Sunny,4662.18,0.0,1.0,405.35,0.123,10
ORD100719,2022-05-09,P-SPO-005,Sports,Gym Dumbbells 5kg,North,Jaipur,SUP-029,10.0,WH-NO-05,107.0,9.0,83.0,350.0,12.58,693.69,8.2,Yes,No,Summer,Sunny,726.65,0.0,1.0,398.31,0.043,12
ORD100720,2021-09-16,P-CLO-014,Clothing,Women's Kurti,West,Ahmedabad,SUP-011,5.0,WH-WE-05,62.0,15.0,108.0,575.0,18.38,1805.09,22.2,No,No,Autumn,Sunny,2172.48,0.0,1.0,401.45,0.076,17
ORD100721,2024-10-12,P-CLO-013,Clothing,Kids Winter Jacket,North,Kanpur,SUP-036,5.0,WH-NO-01,105.0,34.0,168.0,749.0,23.39,2403.98,29.1,No,No,Autumn,Sunny,2503.62,0.0,1.0,374.37,0.003,26
ORD100722,2021-10-15,P-ELE-012,Electronics,Home Router,North,Chandigarh,SUP-029,9.0,WH-NO-04,119.0,10.0,71.0,277.0,8.8,12547.7,13.8,,No,Autumn,Sunny,14358.69,0.0,1.0,335.39,0.073,14
ORD100723,2024-10-19,P-SPO-008,Sports,Cycling Helmet,West,Ahmedabad,SUP-033,7.0,WH-WE-02,293.0,29.0,250.0,851.0,29.75,2292.21,12.3,No,No,Autumn,,2161.13,0.0,0.0,329.43,0.022,42
ORD100724,2023-08-05,P-ELE-014,Electronics,Power Bank 10000mAh,West,Nagpur,SUP-008,10.0,WH-WE-03,193.0,4.0,53.0,251.0,7.82,12358.59,3.3,Yes,No,Autumn,Sunny,13034.83,0.0,0.0,314.51,0.064,13
ORD100725,2024-06-05,P-ELE-011,Electronics,Smartphone Charger,West,Mumbai,SUP-001,12.0,WH-WE-05,107.0,17.0,97.0,374.0,14.28,6102.56,17.9,No,No,Summer,Sunny,6715.57,0.0,4.0,625.3,0.063,16
ORD100726,2022-03-09,P-GRO-001,Grocery,Sunflower Oil 1L,East,Guwahati,SUP-003,14.0,WH-EA-05,632.0,38.0,145.0,653.0,28.45,62.19,11.6,No,No,Spring,Cloudy,69.05,0.0,0.0,387.86,0.057,31
ORD100727,2021-02-12,P-ELE-014,Electronics,Smartphone Charger,South,Coimbatore,SUP-022,5.0,WH-SO-01,140.0,9.0,45.0,256.0,,10700.93,0.3,No,No,Spring,Sunny,11796.08,0.0,0.0,216.3,0.176,9
ORD100728,2023-08-16,P-CLO-001,Clothing,Women's Kurti,Central,Raipur,SUP-032,7.0,WH-CE-03,189.0,9.0,115.0,497.0,13.64,683.32,3.3,No,No,Autumn,Rainy,684.23,0.0,0.0,371.08,0.039,14
ORD100729,2022-06-27,P-CLO-011,Clothing,Kids Winter Jacket,South,Bengaluru,SUP-037,13.0,WH-SO-02,181.0,26.0,161.0,709.0,22.44,649.59,32.6,No,No,Autumn,Cloudy,695.84,0.0,0.0,286.23,0.117,28
ORD100730,2023-03-15,P-GRO-004,Grocery,Sugar 1kg,South,Coimbatore,SUP-039,6.0,WH-SO-04,112.0,48.0,253.0,849.0,30.95,301.0,21.0,No,No,Spring,Sunny,276.5,0.0,1.0,297.39,,25
ORD100731,2022-10-31,P-ELE-014,Electronics,Home Router,West,Pune,SUP-024,9.0,WH-WE-05,123.0,9.0,48.0,275.0,9.55,8352.51,16.6,Yes,No,Autumn,Rainy,9426.39,0.0,0.0,180.93,0.216,12
ORD100732,2022-04-15,P-ELE-011,Electronics,Wireless Earbuds,West,Nagpur,SUP-026,11.0,WH-WE-02,88.0,9.0,49.0,210.0,7.05,11424.7,8.5,Yes,No,Summer,,10554.46,0.0,2.0,477.04,0.153,5
ORD100733,2023-11-17,P-GRO-013,Grocery,Wheat Flour 5kg,West,Surat,SUP-012,6.0,WH-WE-01,219.0,25.0,139.0,727.0,26.87,255.94,10.8,No,No,,Sunny,281.62,0.0,4.0,393.95,0.042,24
ORD100734,2023-01-02,P-ELE-011,Electronics,Laptop Stand,North,Lucknow,SUP-001,2.0,WH-NO-01,170.0,9.0,43.0,244.0,9.12,1510.66,26.3,No,No,Winter,Cloudy,1636.78,0.0,0.0,308.15,0.083,13
ORD100735,2023-07-17,P-FUR-009,Furniture,Sofa Cushion Set,Central,Raipur,SUP-008,10.0,WH-CE-01,112.0,7.0,39.0,200.0,6.47,16772.5,7.4,Yes,No,Autumn,Cloudy,18164.21,0.0,0.0,417.75,0.026,12
ORD100736,2023-09-10,P-GRO-013,Grocery,Toor Dal 1kg,East,Kolkata,SUP-003,16.0,WH-EA-02,367.0,33.0,328.0,1144.0,36.83,421.72,6.3,No,No,Autumn,Sunny,491.41,0.0,4.0,567.15,0.095,46
ORD100737,2023-09-19,P-GRO-005,Grocery,Sunflower Oil 1L,West,Ahmedabad,SUP-028,8.0,WH-WE-05,1009.0,37.0,261.0,1143.0,42.37,88.82,12.1,Yes,No,Autumn,Sunny,96.3,0.0,1.0,491.93,0.071,69
ORD100738,2022-04-28,P-GRO-008,Grocery,Toor Dal 1kg,Central,Bhopal,SUP-021,12.0,WH-CE-02,1247.0,60.0,498.0,1537.0,59.96,557.86,5.8,No,No,Summer,,498.66,0.0,1.0,365.09,0.149,55
ORD100739,2024-01-26,P-GRO-005,Grocery,Sunflower Oil 1L,South,Kochi,SUP-031,5.0,WH-SO-03,465.0,40.0,208.0,900.0,30.93,454.72,18.5,No,Yes,,Cloudy,476.18,0.0,1.0,249.54,0.017,43
ORD100740,2021-11-17,P-ELE-002,Electronics,Smartwatch,West,Surat,SUP-006,8.0,WH-WE-04,220.0,11.0,90.0,308.0,10.84,5571.69,3.1,No,No,Autumn,Cloudy,4729.54,1.0,0.0,288.53,0.159,10
ORD100741,2024-10-17,P-ELE-014,Electronics,Home Router,East,,SUP-037,,WH-EA-04,129.0,6.0,,201.0,6.35,5568.45,27.3,No,No,Autumn,Cloudy,5527.85,0.0,0.0,,0.261,9
ORD100742,2024-03-28,P-SPO-008,Sports,Football,West,Nagpur,SUP-029,8.0,WH-WE-02,202.0,15.0,123.0,401.0,14.62,3801.05,19.0,No,No,Summer,Cloudy,3672.6,0.0,0.0,363.34,0.034,17
ORD100743,2023-03-17,P-ELE-001,Electronics,Wireless Earbuds,West,Mumbai,SUP-037,7.0,WH-WE-01,182.0,11.0,49.0,232.0,7.55,9274.73,35.7,Yes,No,Spring,Cloudy,9748.0,0.0,2.0,479.67,0.17,12
ORD100744,2021-09-21,P-CLO-013,Clothing,Cotton Saree,West,Ahmedabad,SUP-026,6.0,WH-WE-01,335.0,14.0,140.0,594.0,19.21,562.78,4.7,No,No,Autumn,Sunny,525.73,0.0,2.0,378.68,0.201,16
ORD100745,2024-08-13,P-CLO-015,Clothing,Men's Cotton T-Shirt,North,Delhi,SUP-014,11.0,WH-NO-02,81.0,27.0,158.0,712.0,22.21,1541.48,8.6,No,No,Autumn,Sunny,1443.69,0.0,0.0,345.14,0.073,19
ORD100746,2023-03-22,P-GRO-010,Grocery,Masala Mix 200g,North,Delhi,SUP-026,4.0,WH-NO-01,458.0,44.0,338.0,1030.0,35.0,584.05,31.8,No,No,Spring,Cloudy,607.47,0.0,0.0,256.69,0.103,34
ORD100747,2024-04-05,P-CLO-005,Clothing,Track Pants,Central,Indore,SUP-025,,WH-CE-03,269.0,13.0,106.0,369.0,13.36,513.1,,Yes,No,Summer,Cloudy,561.32,0.0,0.0,288.92,0.133,17
ORD100748,2021-02-10,P-BEA-013,Beauty,Lipstick Set,Central,Indore,SUP-008,,WH-CE-04,194.0,21.0,105.0,441.0,15.33,994.41,3.7,Yes,No,Winter,Cloudy,994.62,0.0,1.0,346.63,0.067,15
ORD100749,2022-05-09,P-BEA-012,Beauty,Moisturizer Cream,Central,Gwalior,SUP-005,4.0,WH-CE-04,543.0,30.0,217.0,690.0,,534.95,3.9,,No,Summer,Cloudy,634.37,0.0,0.0,220.08,0.027,40
ORD100750,2022-03-14,P-GRO-005,Grocery,Toor Dal 1kg,North,Kanpur,SUP-027,6.0,WH-NO-05,703.0,43.0,319.0,1231.0,34.55,525.92,9.3,No,No,Spring,Cloudy,511.48,0.0,3.0,522.81,0.188,43
ORD100751,2024-04-03,P-GRO-005,Grocery,Toor Dal 1kg,South,Coimbatore,SUP-004,5.0,WH-SO-02,442.0,18.0,187.0,832.0,29.63,286.63,23.3,No,No,Summer,Sunny,302.22,0.0,0.0,226.33,0.063,38
ORD100752,2022-11-10,P-GRO-015,Grocery,Instant Noodles Pack,West,Surat,SUP-005,8.0,WH-WE-04,305.0,24.0,211.0,1021.0,28.88,414.37,9.5,Yes,No,Autumn,Rainy,425.68,0.0,2.0,326.93,0.056,30
ORD100753,2021-06-21,P-CLO-015,Clothing,Track Pants,West,Ahmedabad,SUP-003,4.0,WH-WE-05,153.0,19.0,153.0,692.0,23.22,448.28,15.4,No,No,Summer,Rainy,435.99,0.0,1.0,400.75,0.108,15
ORD100754,2023-06-18,P-FUR-011,Furniture,Office Chair,North,Lucknow,SUP-025,13.0,WH-NO-01,131.0,6.0,29.0,152.0,5.33,8000.96,3.8,No,No,Autumn,Rainy,8840.35,0.0,5.0,619.77,0.024,7
ORD100755,2021-08-20,P-GRO-001,Grocery,Sunflower Oil 1L,East,Patna,SUP-038,11.0,WH-EA-04,360.0,46.0,259.0,997.0,36.04,515.1,8.8,No,No,Autumn,Rainy,478.41,0.0,4.0,,0.099,34
ORD100756,2022-10-15,P-GRO-004,Grocery,Tea Powder 500g,North,Kanpur,SUP-020,19.0,WH-NO-01,647.0,70.0,,2008.0,76.0,162.13,19.9,No,No,Autumn,Rainy,135.21,0.0,3.0,512.11,0.075,40
ORD100757,2024-12-20,P-SPO-006,Sports,Running Shoes,East,Bhubaneswar,SUP-007,18.0,WH-EA-03,192.0,14.0,107.0,441.0,15.16,3800.59,1.5,No,No,Winter,Sunny,3762.24,0.0,0.0,558.86,0.012,15
ORD100758,2022-09-27,P-ELE-009,Electronics,Laptop Stand,North,Chandigarh,SUP-021,,WH-NO-05,120.0,15.0,63.0,269.0,9.13,3748.44,14.4,No,No,Autumn,Cloudy,3671.41,0.0,1.0,103.57,0.068,10
ORD100759,2022-09-19,P-CLO-014,Clothing,Denim Jeans,North,Delhi,SUP-020,,WH-NO-03,337.0,14.0,94.0,404.0,13.62,1923.85,6.4,Yes,No,Autumn,Cloudy,2087.43,0.0,3.0,392.77,,22
ORD100760,2021-02-28,P-FUR-013,Furniture,Plastic Storage Rack,North,Chandigarh,SUP-024,11.0,WH-NO-03,40.0,9.0,53.0,285.0,7.87,18195.36,35.0,No,No,Spring,Cloudy,16376.18,0.0,0.0,468.32,0.005,4
ORD100761,2022-11-04,P-ELE-005,Electronics,Wireless Earbuds,Central,Gwalior,SUP-018,18.0,WH-CE-04,167.0,7.0,50.0,257.0,7.6,8350.05,10.5,No,No,Autumn,Rainy,8699.89,0.0,1.0,590.7,0.159,7
ORD100762,2024-10-31,P-ELE-002,Electronics,Bluetooth Speaker,West,Ahmedabad,SUP-022,8.0,WH-WE-03,105.0,26.0,97.0,,18.61,14714.01,22.9,Yes,No,Autumn,Sunny,15187.98,0.0,1.0,412.32,0.057,25
ORD100763,2024-10-21,P-ELE-005,Electronics,Laptop Stand,Central,,SUP-013,12.0,WH-CE-04,90.0,7.0,34.0,173.0,6.09,1417.78,8.5,No,No,Autumn,Sunny,1454.39,0.0,0.0,478.3,0.123,8
ORD100764,2024-11-08,P-SPO-004,Sports,Yoga Mat,South,Kochi,SUP-037,11.0,WH-SO-05,222.0,11.0,73.0,267.0,10.5,2383.92,26.3,No,No,Autumn,Sunny,2583.04,0.0,0.0,358.38,0.081,14
ORD100765,2022-06-13,P-ELE-014,Electronics,LED TV 43in,South,Bengaluru,SUP-022,9.0,WH-SO-01,281.0,14.0,92.0,402.0,13.21,7948.9,13.4,Yes,No,Summer,Sunny,7933.99,0.0,3.0,383.95,0.169,13
ORD100766,2021-04-06,P-ELE-001,Electronics,Bluetooth Speaker,South,Kochi,SUP-013,15.0,WH-SO-03,247.0,,78.0,320.0,9.82,2763.69,6.9,No,No,Summer,Sunny,2775.23,0.0,1.0,437.48,0.027,10
ORD100767,2021-12-13,P-ELE-013,Electronics,Power Bank 10000mAh,East,Ranchi,SUP-001,4.0,WH-EA-05,196.0,8.0,73.0,379.0,11.29,9070.1,27.5,No,No,Winter,Sunny,9396.83,0.0,0.0,182.17,0.32,10
ORD100768,2021-11-05,P-ELE-010,Electronics,Smartwatch,South,Hyderabad,SUP-028,6.0,WH-SO-02,134.0,7.0,42.0,199.0,7.12,4220.25,4.4,No,No,Autumn,Sunny,4185.83,0.0,0.0,276.31,0.029,9
ORD100769,2021-04-24,P-FUR-002,Furniture,TV Unit,West,Surat,SUP-016,5.0,WH-WE-03,104.0,,30.0,113.0,4.43,17871.35,14.8,No,No,Summer,Cloudy,15936.56,0.0,4.0,,,5
ORD100770,2023-11-03,P-GRO-011,Grocery,Basmati Rice 5kg,West,Mumbai,SUP-010,12.0,WH-WE-04,411.0,31.0,160.0,1015.0,34.22,55.3,3.0,No,No,Autumn,Cloudy,53.48,1.0,2.0,513.8,0.035,29
ORD100771,2023-02-03,P-CLO-009,Clothing,Track Pants,West,Pune,SUP-020,3.0,WH-WE-05,141.0,16.0,85.0,369.0,11.88,2034.66,6.4,Yes,No,Winter,Cloudy,1992.51,0.0,0.0,134.05,0.106,13
ORD100772,2023-11-21,P-CLO-001,Clothing,Men's Cotton T-Shirt,South,Bengaluru,SUP-020,5.0,WH-SO-02,326.0,17.0,145.0,,19.11,957.77,7.3,,No,Autumn,Sunny,914.68,0.0,1.0,290.81,0.194,20
ORD100773,2021-10-19,P-BEA-004,Beauty,Moisturizer Cream,East,Guwahati,SUP-033,3.0,WH-EA-05,294.0,6.0,114.0,424.0,13.64,627.17,12.0,No,No,Autumn,Stormy,611.29,0.0,0.0,204.24,0.118,14
ORD100774,2023-10-14,P-ELE-006,Electronics,Bluetooth Speaker,North,Kanpur,SUP-022,6.0,WH-NO-04,80.0,8.0,69.0,276.0,9.42,13615.63,3.2,No,No,Autumn,Sunny,13811.26,0.0,1.0,308.53,0.159,6
ORD100775,2021-04-05,P-BEA-004,Beauty,Herbal Shampoo 200ml,North,Jaipur,SUP-029,6.0,WH-NO-01,477.0,12.0,138.0,713.0,23.68,730.61,6.2,Yes,,,Cloudy,714.6,0.0,0.0,275.45,0.152,18
ORD100776,2023-11-21,P-FUR-009,Furniture,TV Unit,West,Surat,SUP-026,11.0,WH-WE-05,101.0,6.0,32.0,154.0,5.06,17473.94,21.2,Yes,No,Autumn,Rainy,18667.72,0.0,1.0,498.84,0.225,9
ORD100777,2024-04-02,P-ELE-010,Electronics,Home Router,East,Kolkata,SUP-034,14.0,WH-EA-02,140.0,4.0,58.0,253.0,8.59,5315.47,17.3,Yes,No,Summer,Rainy,5685.25,0.0,2.0,463.95,0.086,10
ORD100778,2022-01-06,P-BEA-003,Beauty,Sunscreen Lotion,West,Nagpur,SUP-001,7.0,WH-WE-02,231.0,31.0,190.0,781.0,30.27,,5.3,No,No,Winter,Cloudy,251.82,0.0,,356.49,0.162,21
ORD100779,2022-04-26,P-BEA-002,Beauty,Lipstick Set,North,Delhi,SUP-016,2.0,WH-NO-03,695.0,26.0,195.0,1125.0,33.81,498.51,18.3,No,No,Summer,Sunny,441.35,0.0,1.0,296.45,0.051,29
ORD100780,2022-09-29,P-GRO-010,Grocery,Instant Noodles Pack,Central,Raipur,SUP-029,9.0,WH-CE-03,1195.0,42.0,330.0,1447.0,51.93,219.17,12.3,No,No,Autumn,Rainy,177.01,0.0,,368.68,0.137,45
ORD100781,2023-04-27,P-SPO-008,Sports,Running Shoes,Central,Gwalior,SUP-006,5.0,WH-CE-03,116.0,14.0,89.0,250.0,11.07,2397.71,19.7,Yes,No,Summer,Cloudy,2345.19,0.0,0.0,266.23,0.023,14
ORD100782,2023-02-12,P-CLO-004,Clothing,Formal Shirt,South,Kochi,SUP-018,4.0,WH-SO-01,177.0,24.0,187.0,742.0,25.37,1558.29,9.4,No,No,Winter,Rainy,1516.4,,0.0,239.43,,22
ORD100783,2021-06-02,P-FUR-004,Furniture,Dining Chair,West,Nagpur,SUP-017,15.0,WH-WE-05,173.0,7.0,58.0,225.0,7.32,5419.56,19.1,No,No,Autumn,Sunny,5485.02,1.0,1.0,442.92,0.094,11
ORD100784,2022-07-08,P-SPO-001,Sports,Football,South,Hyderabad,SUP-033,7.0,WH-SO-02,78.0,23.0,145.0,762.0,23.51,3133.64,5.6,Yes,No,,Rainy,3344.85,0.0,0.0,312.12,0.092,22
ORD100785,2023-01-09,P-GRO-013,Grocery,Wheat Flour 5kg,West,Ahmedabad,SUP-039,5.0,WH-WE-01,751.0,29.0,275.0,982.0,32.54,290.6,16.6,Yes,No,,Rainy,289.61,0.0,0.0,227.73,0.045,63
ORD100786,2023-06-16,P-BEA-013,Beauty,Face Wash 100ml,West,Ahmedabad,SUP-005,7.0,WH-WE-03,300.0,18.0,178.0,719.0,24.14,640.24,,Yes,No,Autumn,Cloudy,609.36,0.0,0.0,349.34,0.053,30
ORD100787,2023-07-13,P-GRO-009,Grocery,Basmati Rice 5kg,West,Ahmedabad,SUP-009,7.0,WH-WE-04,,15.0,222.0,898.0,29.93,393.51,3.8,No,No,Summer,Rainy,393.37,0.0,1.0,487.32,0.137,30
ORD100788,2023-08-31,P-BEA-006,Beauty,Herbal Shampoo 200ml,West,Surat,SUP-031,16.0,WH-WE-01,256.0,27.0,165.0,653.0,23.78,837.41,3.8,No,No,Autumn,Cloudy,804.32,0.0,1.0,441.62,0.03,23
ORD100789,2022-10-20,P-FUR-004,Furniture,Foldable Bed,South,Coimbatore,SUP-007,4.0,WH-SO-05,60.0,6.0,24.0,157.0,5.49,7834.27,10.4,No,No,Autumn,Sunny,6908.36,2.0,2.0,332.63,0.128,2
ORD100790,2023-01-05,P-GRO-005,Grocery,Instant Noodles Pack,West,Ahmedabad,SUP-020,4.0,WH-WE-04,209.0,50.0,,1197.0,37.17,194.88,0.4,No,No,,Cloudy,209.81,0.0,3.0,410.43,0.111,41
ORD100791,2022-05-09,P-GRO-014,Grocery,Tea Powder 500g,West,Ahmedabad,SUP-038,13.0,WH-WE-05,754.0,53.0,343.0,1315.0,,,5.0,No,No,Summer,Cloudy,303.09,0.0,2.0,524.96,0.097,62
ORD100792,2022-02-01,P-GRO-002,Grocery,Toor Dal 1kg,North,Delhi,SUP-040,20.0,WH-NO-04,900.0,41.0,284.0,1437.0,47.92,406.77,12.3,No,No,Winter,Cloudy,453.92,0.0,2.0,612.78,0.091,59
ORD100793,2022-03-31,P-ELE-013,Electronics,LED TV 43in,North,Delhi,SUP-038,6.0,WH-NO-01,54.0,8.0,77.0,237.0,8.38,14408.04,20.1,No,No,Spring,Sunny,12982.18,2.0,1.0,272.66,0.039,7
ORD100794,2022-10-03,P-ELE-005,Electronics,Wireless Earbuds,West,Ahmedabad,SUP-006,3.0,WH-WE-02,287.0,16.0,96.0,379.0,13.71,858.71,39.1,No,Yes,Autumn,Cloudy,747.78,0.0,2.0,224.24,0.058,18
ORD100795,2021-06-09,P-GRO-004,Grocery,Tea Powder 500g,East,Patna,SUP-006,7.0,WH-EA-05,534.0,90.0,446.0,1958.0,67.49,503.43,7.5,No,Yes,Autumn,Sunny,465.73,0.0,1.0,256.14,0.018,103
ORD100796,2021-11-16,P-ELE-013,Electronics,Smartphone Charger,East,Guwahati,SUP-008,15.0,WH-EA-03,89.0,8.0,52.0,252.0,8.66,12616.03,18.0,No,No,Autumn,Rainy,13018.59,0.0,1.0,509.97,0.192,9
ORD100797,2021-06-19,P-ELE-015,Electronics,Power Bank 10000mAh,Central,Jabalpur,SUP-031,6.0,WH-CE-01,25.0,7.0,34.0,156.0,5.36,4515.91,19.3,,No,Autumn,Rainy,4826.23,0.0,2.0,344.88,0.024,7
ORD100798,2022-08-21,P-BEA-015,Beauty,Lipstick Set,East,Guwahati,SUP-008,9.0,WH-EA-01,340.0,17.0,,518.0,17.05,594.45,7.0,No,No,Summer,Sunny,608.06,0.0,3.0,412.64,0.14,16
ORD100799,2022-12-26,P-FUR-005,Furniture,Wooden Bookshelf,South,Kochi,SUP-018,9.0,WH-SO-03,34.0,4.0,33.0,121.0,5.09,10164.1,5.8,Yes,No,Winter,Rainy,10280.88,1.0,0.0,311.6,0.022,6
ORD100800,2021-08-27,P-BEA-009,Beauty,Face Wash 100ml,South,Hyderabad,SUP-033,6.0,WH-SO-03,2362.0,31.0,260.0,1074.0,37.92,270.06,1.3,No,No,Autumn,Sunny,288.52,0.0,0.0,323.88,0.002,42
ORD100801,2021-07-22,P-GRO-005,Grocery,Sunflower Oil 1L,East,Ranchi,SUP-020,,WH-EA-02,161.0,28.0,232.0,954.0,30.55,174.81,8.1,No,No,Autumn,Cloudy,168.38,0.0,6.0,611.47,0.105,21
ORD100802,2023-02-08,P-SPO-003,Sports,Cricket Bat,West,Nagpur,SUP-038,10.0,WH-WE-01,249.0,11.0,,360.0,10.67,4685.63,6.0,Yes,No,Spring,Rainy,5081.64,1.0,,307.74,0.059,10
ORD100803,2021-11-23,P-CLO-006,Clothing,Cotton Saree,East,Kolkata,SUP-020,5.0,WH-EA-04,231.0,18.0,82.0,348.0,13.39,1920.34,12.9,No,No,Autumn,Sunny,2225.29,0.0,2.0,291.49,0.029,18
ORD100804,2024-06-22,P-ELE-001,Electronics,Bluetooth Speaker,East,Guwahati,SUP-016,2.0,WH-EA-03,128.0,11.0,39.0,180.0,6.86,3663.04,23.7,No,No,Autumn,Sunny,3351.61,0.0,0.0,250.59,0.063,8
ORD100805,2021-08-29,P-ELE-003,Electronics,Power Bank 10000mAh,West,Ahmedabad,SUP-039,25.0,WH-WE-01,200.0,8.0,66.0,250.0,8.28,13354.87,1.6,Yes,No,Summer,Stormy,13083.44,0.0,3.0,713.67,0.043,10
ORD100806,2022-12-05,P-FUR-009,Furniture,Foldable Bed,West,Nagpur,SUP-022,6.0,WH-WE-01,72.0,3.0,42.0,178.0,5.46,9484.47,9.9,Yes,No,Winter,Sunny,8429.92,0.0,1.0,298.52,0.17,4
ORD100807,2024-03-18,P-ELE-011,Electronics,Home Router,West,Ahmedabad,SUP-008,4.0,WH-WE-02,170.0,10.0,60.0,328.0,12.02,5122.11,11.5,Yes,No,Summer,,4726.61,0.0,1.0,341.87,0.061,15
ORD100808,2021-06-01,P-CLO-005,Clothing,Track Pants,North,Delhi,SUP-026,11.0,WH-NO-03,143.0,18.0,130.0,466.0,19.32,360.15,17.3,No,No,Autumn,Cloudy,371.46,0.0,1.0,425.61,0.144,27
ORD100809,2022-10-20,P-SPO-009,Sports,Football,West,Pune,SUP-031,16.0,WH-WE-02,210.0,16.0,126.0,450.0,14.88,1005.29,11.6,No,No,Autumn,Sunny,869.73,0.0,0.0,380.2,0.103,18
ORD100810,2022-11-21,P-ELE-012,Electronics,Wireless Earbuds,East,Kolkata,SUP-034,7.0,WH-EA-01,168.0,4.0,74.0,258.0,9.55,9091.07,24.6,No,No,Autumn,Sunny,8524.09,0.0,1.0,331.14,0.039,7
ORD100811,2023-03-19,P-ELE-014,Electronics,Home Router,North,Lucknow,SUP-001,13.0,WH-NO-05,70.0,14.0,72.0,371.0,10.83,11262.27,26.1,No,No,Summer,Rainy,12211.57,0.0,1.0,500.53,0.089,16
ORD100812,2024-07-18,P-SPO-009,Sports,Yoga Mat,West,Mumbai,SUP-005,6.0,WH-WE-04,53.0,10.0,97.0,381.0,13.03,2203.09,11.7,No,No,Autumn,Cloudy,2242.47,0.0,2.0,427.4,0.096,10
ORD100813,2023-05-02,P-CLO-004,Clothing,Track Pants,West,Surat,SUP-026,2.0,WH-WE-03,256.0,,,765.0,29.38,1678.08,17.8,Yes,No,Summer,Sunny,1781.18,0.0,0.0,242.02,0.09,44
ORD100814,2022-07-05,P-ELE-011,Electronics,Laptop Stand,East,Bhubaneswar,SUP-030,9.0,WH-EA-02,40.0,7.0,67.0,202.0,7.52,6752.66,5.5,Yes,No,Summer,Cloudy,,0.0,0.0,,0.065,6
ORD100815,2022-08-03,P-SPO-003,Sports,Running Shoes,West,Surat,SUP-027,8.0,WH-WE-04,250.0,10.0,82.0,375.0,12.5,4556.7,4.5,No,No,Summer,Sunny,4581.39,1.0,1.0,380.74,0.156,15
ORD100816,2023-07-01,P-SPO-003,Sports,Yoga Mat,South,Kochi,SUP-016,3.0,WH-SO-05,380.0,24.0,147.0,497.0,17.41,2878.92,1.4,No,No,,Sunny,3313.46,0.0,0.0,264.74,0.133,23
ORD100817,2022-03-13,P-CLO-006,Clothing,Denim Jeans,North,Jaipur,SUP-031,3.0,WH-NO-04,180.0,18.0,134.0,622.0,20.85,893.94,10.6,Yes,No,Spring,Stormy,846.6,0.0,0.0,227.25,0.012,13
ORD100818,2023-09-28,P-FUR-005,Furniture,Foldable Bed,South,Hyderabad,SUP-024,6.0,WH-SO-02,50.0,5.0,41.0,249.0,6.51,2978.15,10.5,No,No,Autumn,Rainy,2861.88,0.0,2.0,359.06,0.071,6
ORD100819,2022-07-13,P-GRO-003,Grocery,Basmati Rice 5kg,South,Chennai,SUP-038,12.0,WH-SO-02,683.0,45.0,263.0,1021.0,,489.95,21.4,No,No,Autumn,Cloudy,512.75,,1.0,450.18,0.134,52
ORD100820,2021-03-30,P-ELE-001,Electronics,LED TV 43in,West,Surat,SUP-015,6.0,WH-WE-05,196.0,,69.0,307.0,9.66,2239.0,15.2,Yes,No,Summer,Cloudy,2077.82,0.0,0.0,253.8,0.027,12
ORD100821,2023-02-21,P-CLO-015,Clothing,Kids Winter Jacket,West,,SUP-031,9.0,WH-WE-01,354.0,19.0,155.0,665.0,19.83,1170.51,17.1,No,No,Winter,Rainy,1237.67,0.0,2.0,458.06,0.017,30
ORD100822,2022-01-03,P-GRO-011,Grocery,Sunflower Oil 1L,West,Surat,SUP-006,14.0,WH-WE-02,709.0,,303.0,1454.0,43.9,566.56,14.2,No,No,Winter,Cloudy,485.13,0.0,1.0,494.13,0.029,48
ORD100823,2022-06-08,P-FUR-011,Furniture,Wooden Bookshelf,North,Delhi,SUP-030,13.0,WH-NO-01,,7.0,34.0,138.0,5.2,5919.44,1.5,No,No,Autumn,Sunny,4770.76,0.0,1.0,350.47,0.091,4
ORD100824,2022-04-19,P-BEA-001,Beauty,Talcum Powder,South,Bengaluru,SUP-030,12.0,WH-SO-04,482.0,25.0,165.0,806.0,27.01,567.62,4.6,No,No,Summer,Sunny,581.9,0.0,0.0,290.07,0.04,31
ORD100825,2021-07-19,P-ELE-012,Electronics,LED TV 43in,North,Delhi,SUP-011,23.0,WH-NO-03,229.0,12.0,99.0,327.0,12.96,13897.19,5.5,,No,Summer,Sunny,12807.84,0.0,1.0,567.78,0.053,8
ORD100826,2022-02-27,P-CLO-006,Clothing,Woolen Sweater,West,Surat,SUP-003,,WH-WE-01,160.0,24.0,139.0,632.0,19.81,1051.51,,No,No,Spring,Stormy,1003.92,0.0,0.0,441.3,0.067,19
ORD100827,2024-08-27,P-GRO-012,Grocery,Masala Mix 200g,South,Hyderabad,SUP-040,23.0,WH-SO-05,187.0,,377.0,1451.0,51.53,275.26,18.7,Yes,No,Autumn,Cloudy,294.56,0.0,4.0,816.38,0.073,59
ORD100828,2022-04-13,P-SPO-008,Sports,Running Shoes,East,Patna,SUP-004,5.0,WH-EA-03,211.0,9.0,87.0,358.0,11.72,4026.63,7.6,No,No,Summer,Sunny,4227.71,0.0,0.0,50.0,0.108,11
ORD100829,2023-12-07,P-GRO-004,Grocery,Sunflower Oil 1L,West,Pune,SUP-019,3.0,WH-WE-02,636.0,62.0,522.0,2075.0,61.67,353.59,15.8,No,No,Winter,Sunny,318.87,1.0,5.0,459.66,0.06,75
ORD100830,2022-08-21,P-FUR-004,Furniture,Office Chair,West,Surat,SUP-001,5.0,WH-WE-05,34.0,7.0,79.0,293.0,9.68,12974.02,22.0,No,No,Autumn,Rainy,13513.46,0.0,0.0,276.96,0.172,7
ORD100831,2021-04-07,P-CLO-003,Clothing,Woolen Sweater,South,Kochi,SUP-017,12.0,WH-SO-04,66.0,18.0,142.0,553.0,18.29,1866.27,5.8,No,No,Summer,Sunny,1821.45,0.0,2.0,403.08,0.047,15
ORD100832,2024-05-08,P-GRO-013,Grocery,Basmati Rice 5kg,South,Kochi,SUP-033,15.0,WH-SO-01,151.0,34.0,180.0,762.0,26.38,55.49,20.5,Yes,No,Summer,Rainy,57.34,0.0,,455.36,0.095,27
ORD100833,2024-08-16,P-FUR-007,Furniture,Foldable Bed,East,Bhubaneswar,SUP-021,3.0,WH-EA-05,21.0,2.0,20.0,,3.46,14015.99,22.1,No,No,Summer,Rainy,13993.38,1.0,2.0,284.2,0.054,4
ORD100834,2021-12-11,P-BEA-012,Beauty,Sunscreen Lotion,East,Guwahati,SUP-010,9.0,WH-EA-01,671.0,36.0,237.0,1016.0,36.41,684.51,19.0,No,,Winter,Rainy,602.18,,0.0,321.78,0.086,42
ORD100835,2021-09-07,P-CLO-013,Clothing,Track Pants,North,Delhi,SUP-016,7.0,WH-NO-05,532.0,27.0,155.0,694.0,22.51,1304.75,18.7,No,No,Autumn,Sunny,1230.31,0.0,1.0,334.53,0.045,18
ORD100836,2024-09-21,P-BEA-003,Beauty,Talcum Powder,West,Nagpur,SUP-004,2.0,WH-WE-02,129.0,21.0,137.0,682.0,21.8,815.85,3.8,Yes,No,Autumn,Rainy,658.42,0.0,0.0,163.53,0.196,18
ORD100837,2021-05-23,P-SPO-005,Sports,Yoga Mat,East,Kolkata,SUP-024,6.0,WH-EA-02,307.0,24.0,129.0,539.0,16.93,2474.36,11.3,No,No,Summer,,2511.01,0.0,2.0,355.99,0.024,22
ORD100838,2024-07-22,P-GRO-002,Grocery,Tea Powder 500g,South,Chennai,SUP-001,8.0,WH-SO-01,537.0,38.0,264.0,1140.0,37.33,440.62,25.4,Yes,No,Summer,Rainy,454.61,0.0,2.0,384.01,0.058,53
ORD100839,2021-09-11,P-CLO-001,Clothing,Cotton Saree,North,Jaipur,SUP-014,4.0,WH-NO-05,348.0,21.0,115.0,506.0,19.01,1960.15,5.8,No,No,Autumn,Sunny,1849.69,0.0,0.0,301.18,0.168,20
ORD100840,2024-06-20,P-ELE-015,Electronics,Home Router,South,Kochi,SUP-003,11.0,WH-SO-03,67.0,13.0,76.0,266.0,9.0,9994.51,5.9,No,No,Autumn,Cloudy,9901.99,0.0,1.0,415.23,0.219,7
ORD100841,2024-09-25,P-BEA-010,Beauty,Sunscreen Lotion,South,Bengaluru,SUP-010,9.0,WH-SO-04,213.0,42.0,273.0,899.0,36.53,1039.19,25.9,Yes,No,Autumn,Cloudy,958.21,0.0,0.0,382.24,0.038,43
ORD100842,2021-12-17,P-CLO-007,Clothing,Men's Cotton T-Shirt,South,Coimbatore,SUP-003,8.0,WH-SO-05,490.0,23.0,167.0,679.0,23.51,958.76,,Yes,Yes,Winter,Rainy,1055.13,0.0,1.0,388.34,0.174,27
ORD100843,2021-11-20,P-GRO-004,Grocery,Masala Mix 200g,East,Kolkata,SUP-038,4.0,WH-EA-03,986.0,,389.0,1506.0,47.73,529.61,23.9,Yes,No,Autumn,Sunny,475.13,0.0,1.0,383.5,,69
ORD100844,2021-06-05,P-ELE-009,Electronics,Smartwatch,South,,SUP-031,8.0,WH-SO-02,258.0,11.0,69.0,363.0,11.14,13472.04,19.1,No,No,Autumn,Sunny,13136.82,0.0,0.0,301.79,0.038,14
ORD100845,2024-02-24,P-SPO-009,Sports,Football,West,Ahmedabad,SUP-038,4.0,WH-WE-04,,21.0,123.0,538.0,19.42,4628.94,21.5,Yes,No,Spring,Rainy,4148.17,0.0,0.0,315.19,0.024,16
ORD100846,2022-05-26,P-GRO-004,Grocery,Sunflower Oil 1L,Central,Raipur,SUP-028,5.0,WH-CE-03,553.0,29.0,251.0,1354.0,37.83,60.99,18.1,,No,Summer,Sunny,62.14,0.0,0.0,279.52,0.04,52
ORD100847,2023-07-29,P-FUR-001,Furniture,Office Chair,North,Lucknow,SUP-020,10.0,WH-NO-02,76.0,9.0,48.0,158.0,6.31,8246.11,10.2,No,No,Autumn,Sunny,8931.0,0.0,1.0,481.57,0.077,9
ORD100848,2023-06-17,P-ELE-008,Electronics,Laptop Stand,North,Kanpur,SUP-007,22.0,WH-NO-05,248.0,19.0,81.0,341.0,11.0,11701.72,24.0,No,No,,Sunny,9758.31,1.0,2.0,631.97,0.028,14
ORD100849,2023-01-28,P-SPO-008,Sports,Cycling Helmet,West,Surat,SUP-039,3.0,WH-WE-05,241.0,16.0,167.0,509.0,16.25,4484.25,28.2,No,No,Winter,Rainy,4718.87,0.0,1.0,227.59,0.101,27
ORD100850,2021-12-21,P-ELE-012,Electronics,Bluetooth Speaker,Central,Raipur,SUP-037,,WH-CE-02,41.0,3.0,39.0,206.0,6.56,11790.54,25.1,No,No,Winter,Cloudy,13329.49,1.0,0.0,,0.074,6
ORD100851,2022-06-19,P-ELE-006,Electronics,Wireless Earbuds,West,Ahmedabad,SUP-017,7.0,WH-WE-04,109.0,14.0,81.0,352.0,11.4,9176.33,7.4,Yes,No,Summer,Cloudy,9271.0,0.0,1.0,333.13,0.114,15
ORD100852,2023-01-02,P-BEA-002,Beauty,Talcum Powder,North,Chandigarh,SUP-010,8.0,WH-NO-05,421.0,27.0,175.0,781.0,26.09,355.75,9.9,Yes,No,Winter,Rainy,336.55,0.0,1.0,310.75,0.121,29
ORD100853,2021-05-16,P-SPO-014,Sports,Running Shoes,South,Bengaluru,SUP-016,10.0,WH-SO-04,293.0,23.0,142.0,661.0,19.01,2395.97,12.4,No,No,Summer,Rainy,2388.67,0.0,0.0,321.96,0.1,23
ORD100854,2022-08-13,P-GRO-007,Grocery,Tea Powder 500g,North,Jaipur,SUP-016,6.0,WH-NO-01,1077.0,54.0,435.0,1460.0,54.95,514.02,0.6,No,No,Autumn,Cloudy,491.58,0.0,0.0,164.54,,61
ORD100855,2023-11-05,P-CLO-011,Clothing,Men's Cotton T-Shirt,West,Surat,SUP-037,13.0,WH-WE-05,826.0,42.0,239.0,946.0,32.94,1467.87,13.6,No,Yes,Autumn,Sunny,1698.54,0.0,0.0,359.63,0.139,59
ORD100856,2022-09-09,P-BEA-001,Beauty,Talcum Powder,East,Bhubaneswar,SUP-003,8.0,WH-EA-01,344.0,22.0,206.0,838.0,27.91,715.7,15.7,No,No,Autumn,Cloudy,763.51,0.0,0.0,360.96,0.129,30
ORD100857,2022-07-31,P-SPO-001,Sports,Cricket Bat,East,Bhubaneswar,SUP-026,6.0,WH-EA-04,179.0,14.0,85.0,376.0,12.83,323.55,11.8,,No,Summer,Cloudy,346.86,0.0,0.0,323.39,0.112,22
ORD100858,2024-05-12,P-GRO-001,Grocery,Tea Powder 500g,East,Ranchi,SUP-031,13.0,WH-EA-03,576.0,41.0,327.0,1009.0,37.5,131.96,11.1,Yes,No,Summer,Sunny,154.71,0.0,0.0,364.2,0.048,70
ORD100859,2023-02-21,P-CLO-012,Clothing,Kids Winter Jacket,South,Coimbatore,SUP-031,7.0,WH-SO-01,350.0,22.0,126.0,613.0,19.44,2290.73,9.3,No,No,Winter,Rainy,2537.13,0.0,,366.94,0.011,17
ORD100860,2023-12-14,P-BEA-004,Beauty,Sunscreen Lotion,East,Patna,SUP-008,12.0,WH-EA-04,210.0,30.0,90.0,739.0,24.26,559.11,9.5,Yes,No,Winter,Sunny,553.68,0.0,3.0,576.08,0.122,31
ORD100861,2021-03-17,P-BEA-012,Beauty,Sunscreen Lotion,North,Delhi,SUP-017,13.0,WH-NO-02,412.0,33.0,165.0,897.0,25.82,855.64,15.3,No,No,Spring,Sunny,857.38,0.0,1.0,390.85,0.082,26
ORD100862,2024-09-18,P-BEA-015,Beauty,Lipstick Set,East,Ranchi,SUP-014,7.0,WH-EA-05,205.0,16.0,227.0,768.0,23.88,1061.7,2.2,No,No,Autumn,Cloudy,1262.13,0.0,0.0,217.55,0.059,33
ORD100863,2024-02-08,P-CLO-010,Clothing,Kids Winter Jacket,West,Surat,SUP-017,2.0,WH-WE-05,317.0,32.0,,,25.49,1235.67,0.9,No,No,Winter,Rainy,1162.59,0.0,0.0,231.22,0.034,28
ORD100864,2024-04-23,P-ELE-015,Electronics,LED TV 43in,West,Surat,SUP-004,9.0,WH-WE-03,177.0,13.0,96.0,418.0,12.73,887.95,7.0,,Yes,Summer,Sunny,875.76,0.0,1.0,455.27,0.036,17
ORD100865,2023-10-09,P-SPO-014,Sports,Badminton Racket,South,Chennai,SUP-004,15.0,WH-SO-04,318.0,23.0,151.0,652.0,24.43,2960.95,31.8,No,No,Autumn,Sunny,,0.0,0.0,,0.033,26
ORD100866,2023-02-26,P-SPO-011,Sports,Running Shoes,West,Mumbai,SUP-001,9.0,WH-WE-01,220.0,16.0,107.0,410.0,14.28,1258.42,,No,No,Spring,Cloudy,1075.37,0.0,1.0,363.31,0.123,16
ORD100867,2023-02-13,P-BEA-013,Beauty,Hair Oil 250ml,West,Ahmedabad,SUP-039,11.0,WH-WE-05,306.0,33.0,249.0,878.0,30.47,624.8,25.6,No,No,Spring,Stormy,580.83,0.0,1.0,449.68,0.015,18
ORD100868,2023-07-02,P-ELE-010,Electronics,Smartphone Charger,North,Jaipur,SUP-017,6.0,WH-NO-04,216.0,9.0,58.0,295.0,8.89,13333.75,12.2,Yes,No,Summer,Sunny,12416.25,0.0,0.0,288.82,0.048,11
ORD100869,2022-12-27,P-GRO-004,Grocery,Masala Mix 200g,North,Lucknow,SUP-010,8.0,WH-NO-02,773.0,22.0,384.0,1395.0,46.03,513.15,17.9,Yes,No,Winter,Sunny,487.49,,0.0,438.98,0.087,75
ORD100870,2023-12-02,P-BEA-002,Beauty,Face Wash 100ml,East,Bhubaneswar,SUP-032,8.0,WH-EA-01,124.0,19.0,150.0,551.0,18.44,1028.59,11.1,No,No,Winter,Rainy,1078.97,0.0,1.0,392.91,0.018,16
ORD100871,2022-05-08,P-ELE-006,Electronics,LED TV 43in,South,Kochi,SUP-020,,WH-SO-03,158.0,8.0,59.0,238.0,8.01,12599.12,14.0,Yes,No,Summer,Cloudy,12587.13,0.0,2.0,307.04,0.047,9
ORD100872,2024-01-30,P-SPO-008,Sports,Yoga Mat,North,Lucknow,SUP-015,12.0,WH-NO-05,143.0,14.0,89.0,426.0,12.88,1430.61,,Yes,No,Winter,Sunny,1546.32,1.0,2.0,436.63,0.095,24
ORD100873,2022-05-16,P-GRO-006,Grocery,Wheat Flour 5kg,North,Lucknow,SUP-005,2.0,WH-NO-05,270.0,27.0,185.0,736.0,27.32,348.05,3.5,No,No,Summer,,352.25,0.0,2.0,314.55,0.105,38
ORD100874,2022-11-27,P-FUR-002,Furniture,Wooden Bookshelf,North,Lucknow,SUP-016,4.0,WH-NO-01,128.0,10.0,37.0,180.0,5.98,6994.42,9.9,No,No,Autumn,Cloudy,7094.61,0.0,0.0,201.75,0.039,8
ORD100875,2021-04-11,P-SPO-008,Sports,Yoga Mat,South,Kochi,SUP-026,14.0,WH-SO-04,160.0,10.0,65.0,383.0,11.14,2319.77,6.1,No,No,Summer,Cloudy,2265.7,0.0,0.0,424.59,0.019,9
ORD100876,2024-08-08,P-GRO-008,Grocery,Toor Dal 1kg,East,Bhubaneswar,SUP-025,9.0,WH-EA-01,101.0,14.0,203.0,837.0,26.61,253.59,10.2,No,No,Autumn,Sunny,293.09,0.0,1.0,344.56,0.042,18
ORD100877,2023-10-01,P-GRO-015,Grocery,Instant Noodles Pack,North,,SUP-016,13.0,WH-NO-02,1200.0,379.0,513.0,2006.0,69.62,567.69,2.4,No,No,Autumn,Sunny,548.46,0.0,2.0,514.41,0.024,78
ORD100878,2021-12-31,P-FUR-015,Furniture,Dining Chair,West,Nagpur,SUP-025,7.0,WH-WE-03,50.0,8.0,66.0,273.0,8.88,12342.22,8.3,No,No,Winter,,13247.33,0.0,1.0,284.24,0.059,9
ORD100879,2021-03-07,P-CLO-010,Clothing,Denim Jeans,South,Hyderabad,SUP-031,9.0,WH-SO-01,601.0,35.0,268.0,852.0,33.31,1546.68,14.2,No,No,Spring,Cloudy,1400.4,0.0,2.0,399.15,0.06,37
ORD100880,2024-05-29,P-GRO-013,Grocery,Wheat Flour 5kg,South,Bengaluru,SUP-038,9.0,WH-SO-01,607.0,35.0,280.0,1119.0,40.09,386.8,17.0,Yes,No,Summer,Cloudy,379.27,,0.0,407.6,0.008,53
ORD100881,2021-01-03,P-FUR-005,Furniture,Sofa Cushion Set,North,Lucknow,SUP-022,13.0,WH-NO-05,58.0,7.0,47.0,164.0,5.65,13774.14,15.5,No,No,Winter,Sunny,15986.34,2.0,2.0,480.84,0.031,10
ORD100882,2022-12-06,P-SPO-015,Sports,Cricket Bat,West,Ahmedabad,SUP-010,5.0,WH-WE-04,405.0,18.0,94.0,,17.72,2414.95,14.7,No,No,Winter,Sunny,2547.3,2.0,0.0,288.82,0.184,18
ORD100883,2021-02-15,P-CLO-015,Clothing,Formal Shirt,Central,Indore,SUP-006,13.0,WH-CE-04,138.0,19.0,151.0,545.0,17.04,1758.64,16.2,No,No,Spring,Stormy,1561.71,0.0,1.0,,0.267,17
ORD100884,2023-10-11,P-ELE-002,Electronics,Smartphone Charger,East,,SUP-007,4.0,WH-EA-03,69.0,11.0,51.0,195.0,7.37,11123.53,8.7,No,No,Autumn,Cloudy,10205.3,0.0,0.0,241.37,0.063,4
ORD100885,2021-10-25,P-GRO-011,Grocery,Tea Powder 500g,North,Kanpur,SUP-001,18.0,WH-NO-03,,35.0,212.0,1136.0,33.92,71.26,15.7,No,No,Autumn,Sunny,80.39,0.0,2.0,517.96,0.119,34
ORD100886,2022-09-16,P-GRO-007,Grocery,Basmati Rice 5kg,South,Chennai,SUP-023,5.0,WH-SO-01,731.0,,343.0,1573.0,49.88,471.3,7.2,No,No,Autumn,Cloudy,474.63,0.0,0.0,266.83,0.192,51
ORD100887,2023-04-14,P-ELE-004,Electronics,Power Bank 10000mAh,North,Jaipur,SUP-009,13.0,WH-NO-03,77.0,5.0,52.0,169.0,6.03,13269.86,42.6,No,No,Summer,Sunny,12977.67,0.0,0.0,535.72,0.106,5
ORD100888,2022-06-26,P-ELE-007,Electronics,LED TV 43in,West,Nagpur,SUP-010,9.0,WH-WE-04,120.0,7.0,72.0,322.0,11.34,3415.75,9.9,No,No,Summer,Sunny,3202.87,0.0,0.0,377.13,0.275,12
ORD100889,2023-09-23,P-FUR-014,Furniture,Foldable Bed,North,,SUP-029,17.0,WH-NO-02,112.0,4.0,39.0,163.0,,14653.21,12.7,No,No,Autumn,Sunny,14281.13,0.0,4.0,632.64,0.077,6
ORD100890,2023-01-13,P-GRO-014,Grocery,Tea Powder 500g,Central,Gwalior,SUP-013,8.0,WH-CE-03,1033.0,0.0,249.0,1376.0,42.19,150.32,9.1,No,No,Winter,Rainy,167.32,0.0,1.0,335.37,0.096,52
ORD100891,2022-09-07,P-SPO-006,Sports,Badminton Racket,East,Kolkata,SUP-034,7.0,WH-EA-03,210.0,20.0,117.0,469.0,15.77,4345.1,15.3,No,No,Autumn,Cloudy,4101.77,0.0,0.0,272.93,0.071,20
ORD100892,2022-04-16,P-GRO-007,Grocery,Toor Dal 1kg,East,Guwahati,SUP-006,7.0,WH-EA-05,672.0,21.0,322.0,1276.0,38.75,557.8,6.3,No,No,Summer,Cloudy,530.94,0.0,0.0,312.56,0.064,45
ORD100893,2022-08-21,P-ELE-008,Electronics,LED TV 43in,West,Nagpur,SUP-014,7.0,WH-WE-01,140.0,9.0,56.0,229.0,7.67,,2.8,No,No,Autumn,Sunny,5032.73,1.0,2.0,420.05,0.031,12
ORD100894,2022-04-15,P-BEA-012,Beauty,Body Lotion 400ml,North,Kanpur,SUP-003,9.0,WH-NO-01,318.0,,112.0,539.0,,102.22,22.3,No,No,Summer,Rainy,93.72,0.0,0.0,341.74,0.132,16
ORD100895,2023-04-23,P-SPO-008,Sports,Gym Dumbbells 5kg,West,Mumbai,SUP-022,15.0,WH-WE-02,207.0,9.0,65.0,339.0,9.9,447.06,14.1,No,No,Summer,Sunny,,0.0,2.0,465.3,0.043,15
ORD100896,2024-01-22,P-GRO-006,Grocery,Sunflower Oil 1L,North,Lucknow,SUP-005,11.0,WH-NO-01,706.0,56.0,269.0,1156.0,37.79,,3.6,Yes,No,Winter,Sunny,141.62,0.0,1.0,414.0,0.037,55
ORD100897,2023-05-22,P-GRO-014,Grocery,Wheat Flour 5kg,West,Mumbai,SUP-010,9.0,WH-WE-05,726.0,27.0,224.0,791.0,29.54,318.21,8.6,No,No,Summer,Rainy,319.01,0.0,0.0,378.82,0.18,31
ORD100898,2021-02-16,P-ELE-006,Electronics,Bluetooth Speaker,East,Ranchi,SUP-030,8.0,WH-EA-02,194.0,6.0,65.0,242.0,8.25,3031.12,9.4,No,No,Winter,Rainy,2834.89,0.0,0.0,393.89,0.05,12
ORD100899,2024-05-19,P-CLO-004,Clothing,Track Pants,North,Lucknow,SUP-036,15.0,WH-NO-02,263.0,14.0,94.0,571.0,15.97,2302.7,2.2,No,No,Summer,Sunny,2389.87,0.0,1.0,531.21,0.051,19
ORD100900,2024-02-23,P-CLO-005,Clothing,Woolen Sweater,West,Ahmedabad,SUP-022,11.0,WH-WE-02,210.0,11.0,117.0,513.0,18.05,1681.3,3.7,Yes,No,,Sunny,1710.73,0.0,2.0,420.88,0.004,22
ORD100901,2024-04-11,P-GRO-005,Grocery,Toor Dal 1kg,North,Chandigarh,SUP-039,11.0,WH-NO-05,1189.0,,412.0,1182.0,48.37,337.42,1.8,,Yes,Summer,Cloudy,284.15,1.0,4.0,366.63,0.105,44
ORD100902,2021-03-14,P-ELE-009,Electronics,Bluetooth Speaker,North,Jaipur,SUP-031,13.0,WH-NO-04,109.0,,73.0,265.0,9.77,9981.99,6.9,No,No,Summer,Sunny,10605.26,0.0,0.0,322.83,0.179,12
ORD100903,2024-04-18,P-CLO-010,Clothing,Women's Kurti,West,Nagpur,SUP-031,10.0,WH-WE-03,168.0,16.0,128.0,522.0,17.86,1627.89,24.0,No,No,Summer,Cloudy,1553.71,0.0,1.0,315.95,0.062,16
ORD100904,2022-11-14,P-SPO-003,Sports,Gym Dumbbells 5kg,South,Chennai,SUP-040,6.0,WH-SO-04,51.0,16.0,102.0,411.0,13.09,1686.88,3.4,Yes,No,Autumn,Cloudy,1795.66,0.0,1.0,341.0,0.184,16
ORD100905,2024-05-18,P-FUR-014,Furniture,Office Chair,West,Surat,SUP-004,8.0,WH-WE-01,161.0,8.0,,220.0,6.61,16502.79,,No,No,Summer,Cloudy,19248.45,0.0,0.0,258.33,0.084,6
ORD100906,2024-02-16,P-CLO-004,Clothing,Track Pants,East,Patna,SUP-010,22.0,WH-EA-04,347.0,14.0,121.0,433.0,15.75,2125.43,1.1,No,No,Spring,Sunny,2114.02,0.0,3.0,607.21,0.064,13
ORD100907,2024-07-09,P-ELE-002,Electronics,Smartwatch,East,Kolkata,SUP-018,6.0,WH-EA-02,60.0,8.0,70.0,247.0,7.29,7025.17,18.5,Yes,,Summer,Rainy,6662.75,0.0,0.0,267.53,0.072,9
ORD100908,2021-06-28,P-GRO-011,Grocery,Sunflower Oil 1L,South,Bengaluru,SUP-025,6.0,WH-SO-02,566.0,45.0,340.0,1542.0,48.05,360.08,3.9,No,No,Summer,Rainy,399.8,0.0,0.0,479.57,0.048,55
ORD100909,2023-03-23,P-GRO-004,Grocery,Masala Mix 200g,North,Lucknow,SUP-040,5.0,WH-NO-01,226.0,24.0,215.0,974.0,29.42,343.31,9.7,No,No,Spring,Cloudy,320.26,1.0,2.0,448.61,0.044,31
ORD100910,2023-12-01,P-BEA-012,Beauty,Body Lotion 400ml,Central,Raipur,SUP-004,6.0,WH-CE-01,647.0,6.0,176.0,872.0,26.51,1103.45,24.0,Yes,No,Winter,Sunny,1270.51,0.0,0.0,267.38,0.064,34
ORD100911,2023-05-20,P-SPO-015,Sports,Yoga Mat,North,Jaipur,SUP-010,15.0,WH-NO-04,80.0,21.0,141.0,675.0,23.46,3271.9,11.7,No,No,Summer,Stormy,,1.0,1.0,575.36,0.049,13
ORD100912,2024-03-31,P-SPO-011,Sports,Cricket Bat,East,Ranchi,SUP-012,6.0,WH-EA-05,42.0,12.0,79.0,430.0,12.18,3223.31,13.5,No,No,Summer,Sunny,3061.65,0.0,1.0,337.64,0.059,13
ORD100913,2023-11-29,P-SPO-012,Sports,Yoga Mat,South,Hyderabad,SUP-027,19.0,WH-SO-05,238.0,8.0,103.0,440.0,13.0,1793.5,5.1,No,No,Autumn,Sunny,2132.96,0.0,3.0,560.82,0.01,20
ORD100914,2021-02-22,P-SPO-008,Sports,Badminton Racket,South,Hyderabad,SUP-039,9.0,WH-SO-02,90.0,17.0,100.0,400.0,13.23,1136.34,13.9,No,Yes,Winter,Sunny,1169.34,0.0,3.0,481.61,0.018,17
ORD100915,2021-10-18,P-SPO-006,Sports,Badminton Racket,East,Kolkata,SUP-038,13.0,WH-EA-04,41.0,10.0,64.0,359.0,10.5,1601.98,2.7,No,No,Autumn,Sunny,1809.85,,1.0,377.98,0.067,14
ORD100916,2023-07-16,P-ELE-010,Electronics,Power Bank 10000mAh,West,Nagpur,SUP-030,3.0,WH-WE-01,185.0,12.0,70.0,420.0,11.09,2257.55,17.2,No,No,Autumn,Sunny,2252.81,0.0,0.0,127.27,0.018,17
ORD100917,2022-06-11,P-ELE-006,Electronics,Home Router,West,Pune,SUP-031,4.0,WH-WE-04,123.0,10.0,60.0,309.0,9.39,8974.05,10.9,No,No,Summer,Rainy,8904.15,0.0,0.0,135.3,0.02,11
ORD100918,2022-06-06,P-GRO-014,Grocery,Sugar 1kg,West,Surat,SUP-017,16.0,WH-WE-03,605.0,53.0,392.0,1323.0,54.63,291.48,27.2,No,Yes,Autumn,Sunny,223.27,0.0,0.0,507.23,0.065,57
ORD100919,2024-08-26,P-CLO-008,Clothing,Track Pants,South,Coimbatore,SUP-025,5.0,WH-SO-05,65.0,17.0,137.0,509.0,20.24,2481.62,27.0,No,No,Summer,Sunny,2682.47,0.0,1.0,305.8,,22
ORD100920,2021-05-11,P-ELE-008,Electronics,Smartphone Charger,South,Kochi,SUP-007,5.0,WH-SO-01,37.0,6.0,,252.0,8.16,5613.6,6.1,No,No,Summer,Rainy,5786.61,0.0,,249.46,0.031,5
ORD100921,2023-02-03,P-BEA-011,Beauty,Herbal Shampoo 200ml,North,Kanpur,SUP-021,17.0,WH-NO-04,,11.0,134.0,622.0,22.78,967.34,3.5,No,No,Spring,Sunny,958.69,0.0,1.0,516.65,0.094,25
ORD100922,2022-04-01,P-FUR-003,Furniture,TV Unit,West,Surat,SUP-012,14.0,WH-WE-03,110.0,7.0,43.0,137.0,4.93,12301.7,25.8,No,No,Summer,Cloudy,12884.22,0.0,0.0,320.56,0.028,3
ORD100923,2021-03-17,P-CLO-009,Clothing,Kids Winter Jacket,South,Coimbatore,SUP-038,10.0,WH-SO-03,217.0,23.0,156.0,655.0,21.31,2272.6,12.3,Yes,No,Summer,Rainy,2279.56,0.0,1.0,324.39,0.11,34
ORD100924,2022-07-02,P-ELE-012,Electronics,Smartphone Charger,East,Kolkata,SUP-015,7.0,WH-EA-03,171.0,6.0,51.0,227.0,7.86,7765.21,10.5,No,No,Summer,Sunny,7179.16,0.0,1.0,371.45,0.053,8
ORD100925,2022-08-16,P-GRO-012,Grocery,Instant Noodles Pack,North,Delhi,SUP-016,17.0,WH-NO-04,1209.0,64.0,337.0,1784.0,54.73,442.06,15.4,No,No,Summer,Sunny,454.88,0.0,1.0,607.73,0.195,64
ORD100926,2022-10-27,P-ELE-004,Electronics,Smartphone Charger,West,Ahmedabad,SUP-017,10.0,WH-WE-03,176.0,5.0,55.0,275.0,8.35,4511.62,3.6,No,No,Autumn,Sunny,4442.79,0.0,3.0,389.34,0.091,7
ORD100927,2021-08-23,P-BEA-001,Beauty,Body Lotion 400ml,West,Surat,SUP-037,11.0,WH-WE-03,745.0,37.0,263.0,860.0,31.91,247.22,14.1,Yes,No,Summer,Cloudy,261.88,0.0,1.0,338.25,,57
ORD100928,2023-11-30,P-CLO-003,Clothing,Woolen Sweater,West,Surat,SUP-038,7.0,WH-WE-03,5327.0,32.0,242.0,869.0,28.14,530.98,15.6,No,No,Autumn,,519.07,1.0,0.0,293.31,0.093,40
ORD100929,2022-06-05,P-BEA-013,Beauty,Lipstick Set,North,Lucknow,SUP-018,9.0,WH-NO-01,216.0,19.0,151.0,681.0,23.87,842.83,23.1,Yes,No,Autumn,Rainy,811.23,0.0,3.0,492.85,0.115,26
ORD100930,2023-04-18,P-GRO-004,Grocery,Sugar 1kg,Central,Raipur,SUP-040,7.0,WH-CE-04,83.0,14.0,173.0,851.0,26.44,135.56,28.9,No,No,Summer,Cloudy,129.66,0.0,,323.78,0.09,18
ORD100931,2023-03-08,P-GRO-001,Grocery,Sugar 1kg,South,Kochi,SUP-031,10.0,WH-SO-04,800.0,57.0,353.0,1975.0,67.22,483.0,32.9,No,Yes,Spring,Cloudy,448.84,0.0,3.0,442.02,0.084,77
ORD100932,2023-04-05,P-GRO-009,Grocery,Masala Mix 200g,South,,SUP-034,20.0,WH-SO-03,532.0,30.0,155.0,959.0,29.2,70.6,14.6,No,No,Summer,Rainy,67.65,0.0,2.0,570.49,0.305,27
ORD100933,2023-01-09,P-BEA-014,Beauty,Sunscreen Lotion,South,Chennai,SUP-037,7.0,WH-SO-04,304.0,15.0,203.0,846.0,28.39,665.65,12.2,Yes,Yes,,Sunny,688.65,0.0,0.0,317.91,0.032,42
ORD100934,2022-03-17,P-BEA-004,Beauty,Moisturizer Cream,South,Kochi,SUP-014,7.0,WH-SO-02,281.0,15.0,130.0,675.0,19.44,1167.77,7.5,No,No,Summer,Rainy,1097.73,0.0,0.0,409.38,0.071,20
ORD100935,2022-12-18,P-GRO-001,Grocery,Sunflower Oil 1L,East,Kolkata,SUP-023,8.0,WH-EA-02,315.0,42.0,,943.0,30.6,513.15,23.3,Yes,No,Winter,Cloudy,464.9,0.0,2.0,452.91,0.126,45
ORD100936,2023-02-14,P-SPO-003,Sports,Yoga Mat,North,Lucknow,SUP-012,7.0,WH-NO-05,140.0,12.0,77.0,302.0,11.88,4493.97,8.3,No,No,Spring,Cloudy,,0.0,1.0,294.94,0.063,17
ORD100937,2021-01-27,P-ELE-002,Electronics,Wireless Earbuds,South,Hyderabad,SUP-013,7.0,WH-SO-05,195.0,26.0,108.0,,14.66,3088.31,6.3,Yes,No,Winter,Cloudy,3054.18,,0.0,213.64,0.046,25
ORD100938,2023-11-24,P-SPO-004,Sports,Running Shoes,East,,SUP-019,6.0,WH-EA-05,232.0,12.0,76.0,311.0,10.69,1535.45,,Yes,No,Autumn,Sunny,1629.79,0.0,0.0,328.47,0.142,26
ORD100939,2022-10-13,P-ELE-003,Electronics,LED TV 43in,West,Pune,SUP-003,10.0,WH-WE-01,361.0,16.0,139.0,410.0,17.12,7201.56,27.9,No,No,Autumn,Rainy,7074.65,0.0,0.0,273.62,0.115,21
ORD100940,2022-03-04,P-GRO-010,Grocery,Sugar 1kg,West,Surat,SUP-009,,WH-WE-03,1274.0,38.0,515.0,1536.0,52.93,462.41,11.0,Yes,No,Summer,Cloudy,441.26,0.0,1.0,354.65,0.103,81
ORD100941,2021-02-12,P-BEA-004,Beauty,Face Wash 100ml,East,Patna,SUP-033,14.0,WH-EA-04,146.0,11.0,103.0,553.0,17.46,434.78,10.0,No,No,Spring,Rainy,374.15,1.0,2.0,534.32,0.118,10
ORD100942,2022-03-22,P-ELE-009,Electronics,LED TV 43in,North,Lucknow,SUP-007,4.0,WH-NO-01,96.0,8.0,42.0,240.0,7.43,4011.31,31.3,Yes,No,Spring,Rainy,3648.71,1.0,5.0,521.99,0.179,6
ORD100943,2022-08-15,P-GRO-007,Grocery,Toor Dal 1kg,West,Ahmedabad,SUP-025,6.0,WH-WE-05,995.0,47.0,482.0,1775.0,55.48,487.47,8.9,No,Yes,Summer,Cloudy,453.44,0.0,0.0,224.0,0.019,81
ORD100944,2024-05-07,P-CLO-010,Clothing,Men's Cotton T-Shirt,North,Delhi,SUP-031,6.0,WH-NO-04,277.0,18.0,140.0,606.0,20.23,1772.01,10.0,Yes,No,Summer,Stormy,1811.84,0.0,2.0,418.38,0.055,22
ORD100945,2023-08-04,P-GRO-010,Grocery,Instant Noodles Pack,South,Coimbatore,SUP-011,6.0,WH-SO-02,365.0,32.0,237.0,873.0,30.22,213.31,17.1,,No,Summer,Sunny,211.45,0.0,0.0,355.44,0.107,31
ORD100946,2022-09-04,P-FUR-009,Furniture,Foldable Bed,North,Jaipur,SUP-019,10.0,WH-NO-03,41.0,4.0,28.0,131.0,4.81,8509.17,7.5,Yes,No,Autumn,Sunny,7811.07,0.0,2.0,414.98,0.102,5
ORD100947,2021-07-03,P-BEA-014,Beauty,Body Lotion 400ml,West,Nagpur,SUP-036,7.0,WH-WE-05,293.0,24.0,111.0,615.0,18.9,769.91,11.2,No,No,Autumn,Sunny,598.64,0.0,1.0,290.76,0.038,18
ORD100948,2022-02-06,P-SPO-003,Sports,Skipping Rope,South,Chennai,SUP-034,8.0,WH-SO-05,558.0,25.0,186.0,756.0,23.56,2611.24,6.8,Yes,No,Winter,Sunny,2707.88,0.0,0.0,318.9,0.034,38
ORD100949,2024-09-01,P-GRO-008,Grocery,Basmati Rice 5kg,East,Patna,SUP-037,5.0,WH-EA-05,702.0,29.0,204.0,1013.0,35.88,517.34,11.5,No,No,Autumn,Cloudy,553.65,0.0,0.0,280.49,0.101,41
ORD100950,2021-07-06,P-CLO-006,Clothing,Track Pants,South,Kochi,SUP-026,8.0,WH-SO-05,259.0,20.0,164.0,662.0,19.23,989.3,22.7,No,,,Sunny,1065.65,0.0,2.0,456.36,0.079,29
ORD100951,2023-07-11,P-GRO-008,Grocery,Basmati Rice 5kg,South,Bengaluru,SUP-036,10.0,WH-SO-04,569.0,11.0,282.0,1172.0,35.82,430.14,8.1,No,No,Autumn,Cloudy,396.94,0.0,2.0,433.77,0.105,35
ORD100952,2023-01-26,P-GRO-003,Grocery,Instant Noodles Pack,South,Hyderabad,SUP-016,10.0,WH-SO-05,312.0,53.0,302.0,1577.0,48.14,582.7,5.4,No,Yes,Winter,Rainy,630.57,0.0,1.0,408.21,0.005,68
ORD100953,2021-11-14,P-ELE-005,Electronics,Laptop Stand,North,Chandigarh,SUP-025,12.0,WH-NO-05,118.0,7.0,55.0,,,6551.19,5.5,No,No,Autumn,,6847.84,0.0,1.0,460.55,0.001,7
ORD100954,2024-06-30,P-SPO-015,Sports,Skipping Rope,South,Hyderabad,SUP-027,12.0,WH-SO-01,243.0,5.0,109.0,520.0,14.44,4728.88,8.0,No,No,Summer,Sunny,4941.19,0.0,1.0,409.49,0.081,13
ORD100955,2022-07-30,P-SPO-013,Sports,Badminton Racket,East,Bhubaneswar,SUP-040,6.0,WH-EA-04,148.0,6.0,98.0,398.0,14.42,856.57,3.2,Yes,No,Autumn,,814.81,0.0,0.0,296.7,0.029,12
ORD100956,2023-08-25,P-BEA-007,Beauty,Herbal Shampoo 200ml,East,Guwahati,SUP-015,7.0,WH-EA-02,790.0,29.0,229.0,761.0,32.23,675.14,15.5,No,No,Autumn,,667.97,0.0,1.0,291.73,0.161,38
ORD100957,2021-05-22,P-CLO-002,Clothing,Women's Kurti,North,Delhi,SUP-035,12.0,WH-NO-03,195.0,19.0,120.0,792.0,24.2,1182.55,10.6,No,No,Summer,Rainy,1355.82,,1.0,420.5,0.129,30
ORD100958,2024-11-11,P-CLO-010,Clothing,Men's Cotton T-Shirt,West,Nagpur,SUP-021,3.0,WH-WE-01,299.0,27.0,154.0,903.0,27.45,1702.03,10.1,No,No,Autumn,Sunny,1930.42,0.0,0.0,232.35,,35
ORD100959,2021-02-02,P-CLO-005,Clothing,Track Pants,South,Kochi,SUP-005,10.0,WH-SO-04,428.0,31.0,238.0,993.0,30.48,576.5,9.4,No,No,Winter,Cloudy,574.27,0.0,1.0,382.34,0.112,34
ORD100960,2022-03-30,P-CLO-005,Clothing,Kids Winter Jacket,North,Delhi,SUP-027,19.0,WH-NO-05,433.0,26.0,131.0,613.0,18.18,1808.53,0.6,,No,Spring,Sunny,1836.26,0.0,4.0,578.24,0.053,23
ORD100961,2024-08-31,P-CLO-002,Clothing,Women's Kurti,North,Kanpur,SUP-040,5.0,WH-NO-03,160.0,13.0,127.0,498.0,14.87,910.38,20.2,No,No,Autumn,Sunny,750.52,0.0,0.0,272.84,0.148,18
ORD100962,2023-07-21,P-ELE-005,Electronics,Wireless Earbuds,East,Patna,SUP-019,9.0,WH-EA-04,148.0,11.0,71.0,324.0,9.62,6228.31,6.2,Yes,No,Autumn,Sunny,6828.2,0.0,1.0,333.81,0.02,16
ORD100963,2023-09-14,P-ELE-004,Electronics,Wireless Earbuds,South,Bengaluru,SUP-022,3.0,WH-SO-02,77.0,7.0,47.0,253.0,8.1,14154.04,18.9,No,No,Autumn,,14998.33,0.0,1.0,278.99,,7
ORD100964,2022-04-05,P-SPO-001,Sports,Yoga Mat,West,Pune,SUP-038,14.0,WH-WE-04,76.0,16.0,84.0,442.0,14.17,4392.45,18.0,Yes,No,Summer,Sunny,,0.0,1.0,455.11,0.041,15
ORD100965,2024-02-14,P-CLO-009,Clothing,Cotton Saree,South,Coimbatore,SUP-037,6.0,WH-SO-01,208.0,15.0,109.0,539.0,17.68,2093.27,2.0,No,No,Winter,Sunny,1992.39,0.0,2.0,474.67,0.031,23
ORD100966,2024-09-23,P-SPO-015,Sports,Cycling Helmet,West,Nagpur,SUP-017,14.0,WH-WE-05,426.0,12.0,129.0,674.0,20.25,3793.87,10.8,No,No,Autumn,Cloudy,3814.03,0.0,5.0,574.74,0.064,19
ORD100967,2023-06-28,P-ELE-002,Electronics,Smartwatch,South,Coimbatore,SUP-031,9.0,WH-SO-02,127.0,9.0,82.0,320.0,11.43,3453.19,24.5,Yes,,Summer,Sunny,3858.11,0.0,1.0,329.25,0.098,13
ORD100968,2021-11-16,P-CLO-001,Clothing,Woolen Sweater,East,Ranchi,SUP-026,12.0,WH-EA-03,193.0,14.0,104.0,372.0,12.55,1086.32,4.1,No,No,Autumn,Sunny,1117.78,0.0,,,0.033,14
ORD100969,2024-08-17,P-GRO-002,Grocery,Toor Dal 1kg,West,Pune,SUP-026,3.0,WH-WE-05,860.0,29.0,348.0,1220.0,45.41,61.01,9.4,Yes,No,Autumn,Rainy,73.85,0.0,8.0,508.02,0.027,84
ORD100970,2021-01-07,P-GRO-009,Grocery,Wheat Flour 5kg,South,Kochi,SUP-029,10.0,WH-SO-01,845.0,59.0,478.0,1837.0,57.43,484.79,8.9,No,No,Winter,Rainy,516.26,0.0,3.0,342.37,0.137,90
ORD100971,2024-08-01,P-ELE-013,Electronics,Laptop Stand,North,Jaipur,SUP-014,6.0,WH-NO-05,90.0,9.0,63.0,299.0,8.54,4867.48,19.7,No,No,Summer,Rainy,4509.71,0.0,0.0,270.03,0.004,8
ORD100972,2021-01-14,P-ELE-005,Electronics,Smartphone Charger,East,Kolkata,SUP-013,14.0,WH-EA-04,218.0,9.0,54.0,228.0,8.25,12044.47,22.6,No,No,Winter,Cloudy,11648.64,0.0,2.0,482.73,0.025,8
ORD100973,2021-03-26,P-SPO-002,Sports,Cycling Helmet,Central,Bhopal,SUP-002,8.0,WH-CE-05,114.0,17.0,76.0,342.0,13.64,2581.48,3.3,No,No,Summer,Sunny,2434.89,0.0,0.0,328.38,0.089,15
ORD100974,2021-03-03,P-GRO-002,Grocery,Instant Noodles Pack,Central,Indore,SUP-035,11.0,WH-CE-03,190.0,45.0,213.0,831.0,27.84,392.82,0.8,No,No,Spring,Sunny,419.77,0.0,2.0,429.27,0.168,34
ORD100975,2021-10-04,P-FUR-010,Furniture,Study Table,North,Delhi,SUP-012,3.0,WH-NO-02,111.0,3.0,39.0,175.0,5.65,7935.95,10.6,Yes,No,Autumn,Cloudy,8668.31,2.0,0.0,199.56,0.078,8
ORD100976,2023-11-29,P-CLO-006,Clothing,Women's Kurti,West,Pune,SUP-027,2.0,WH-WE-03,83.0,24.0,217.0,819.0,27.71,362.41,11.0,Yes,No,Autumn,Rainy,412.17,0.0,0.0,248.57,0.084,19
ORD100977,2022-08-02,P-GRO-006,Grocery,Sugar 1kg,South,Kochi,SUP-028,12.0,WH-SO-03,442.0,32.0,210.0,870.0,32.92,593.97,6.3,No,,Autumn,,578.18,0.0,0.0,352.46,0.036,35
ORD100978,2021-04-26,P-CLO-004,Clothing,Cotton Saree,North,Lucknow,SUP-029,11.0,WH-NO-05,188.0,,146.0,557.0,16.73,1597.26,20.3,No,No,Summer,,1657.06,0.0,0.0,331.54,0.225,21
ORD100979,2022-05-14,P-ELE-014,Electronics,Smartphone Charger,West,Surat,SUP-035,5.0,WH-WE-03,48.0,8.0,55.0,195.0,,5001.25,4.0,Yes,No,Summer,Rainy,5513.55,0.0,1.0,,0.027,8
ORD100980,2024-12-28,P-SPO-006,Sports,Running Shoes,East,Ranchi,SUP-035,8.0,WH-EA-03,269.0,28.0,125.0,727.0,20.52,4760.04,9.0,No,No,Winter,Cloudy,5350.22,1.0,0.0,312.29,0.12,25
ORD100981,2023-02-07,P-BEA-011,Beauty,Lipstick Set,East,Patna,SUP-001,11.0,WH-EA-01,338.0,39.0,172.0,772.0,23.45,343.24,19.2,No,No,Winter,Sunny,309.45,,3.0,563.59,0.058,24
ORD100982,2023-12-02,P-BEA-012,Beauty,Hair Oil 250ml,West,Surat,SUP-034,13.0,WH-WE-02,463.0,36.0,202.0,1040.0,37.83,995.04,7.0,No,No,Winter,Rainy,1044.4,0.0,1.0,371.97,0.08,38
ORD100983,2022-01-25,P-CLO-001,Clothing,Formal Shirt,South,Hyderabad,SUP-009,9.0,WH-SO-03,395.0,11.0,104.0,532.0,16.9,,11.2,No,No,Winter,Cloudy,,0.0,,440.57,0.123,14
ORD100984,2023-01-31,P-ELE-004,Electronics,Bluetooth Speaker,West,Pune,SUP-026,10.0,WH-WE-02,355.0,13.0,88.0,458.0,14.42,7619.73,26.1,Yes,No,Winter,Rainy,7252.91,0.0,1.0,418.4,0.038,21
ORD100985,2024-03-11,P-SPO-014,Sports,Badminton Racket,South,Kochi,SUP-027,16.0,WH-SO-02,61.0,9.0,78.0,428.0,12.26,649.73,14.3,No,No,Spring,Sunny,581.81,0.0,0.0,376.6,0.132,7
ORD100986,2023-09-13,P-GRO-014,Grocery,Sunflower Oil 1L,North,Jaipur,SUP-003,4.0,WH-NO-01,1268.0,71.0,383.0,1613.0,57.03,293.67,1.3,No,No,Autumn,Sunny,279.08,0.0,0.0,245.8,0.046,58
ORD100987,2021-01-11,P-ELE-007,Electronics,Smartphone Charger,South,Hyderabad,SUP-012,6.0,WH-SO-05,141.0,12.0,59.0,253.0,9.62,11619.65,4.1,Yes,No,Winter,Sunny,10272.05,0.0,0.0,254.52,0.211,9
ORD100988,2023-06-06,P-GRO-003,Grocery,Sunflower Oil 1L,Central,Jabalpur,SUP-037,12.0,WH-CE-05,311.0,29.0,171.0,717.0,23.82,203.81,1.5,No,No,Summer,Sunny,184.54,0.0,1.0,453.47,0.091,19
ORD100989,2024-03-02,P-BEA-005,Beauty,Body Lotion 400ml,East,Ranchi,SUP-006,4.0,WH-EA-02,531.0,44.0,,802.0,27.28,917.32,11.7,,No,Summer,Sunny,850.94,0.0,1.0,264.41,0.104,25
ORD100990,2021-07-17,P-FUR-015,Furniture,Plastic Storage Rack,North,Jaipur,SUP-010,11.0,WH-NO-01,116.0,6.0,47.0,172.0,5.86,2135.3,11.3,No,No,Autumn,Sunny,2187.08,1.0,1.0,353.38,0.082,10
ORD100991,2022-07-29,P-BEA-011,Beauty,Lipstick Set,West,Nagpur,SUP-004,11.0,WH-WE-05,431.0,,122.0,644.0,20.76,698.55,6.0,No,No,Autumn,Sunny,700.44,0.0,0.0,393.61,0.03,24
ORD100992,2023-08-01,P-BEA-002,Beauty,Body Lotion 400ml,Central,Indore,SUP-007,3.0,WH-CE-05,74.0,13.0,89.0,281.0,13.01,1138.45,28.1,No,No,Summer,Cloudy,988.72,0.0,2.0,313.27,0.042,9
ORD100993,2021-01-08,P-GRO-011,Grocery,Masala Mix 200g,Central,Indore,SUP-026,4.0,WH-CE-05,160.0,27.0,249.0,1010.0,37.95,533.86,8.5,No,No,Winter,Sunny,650.94,0.0,1.0,168.31,0.047,44
ORD100994,2023-11-05,P-SPO-003,Sports,Football,East,Patna,SUP-034,10.0,WH-EA-03,216.0,9.0,95.0,358.0,11.8,4316.58,21.7,No,No,Autumn,Sunny,4147.88,0.0,1.0,458.63,0.035,14
ORD100995,2024-05-22,P-CLO-005,Clothing,Denim Jeans,South,Coimbatore,SUP-024,5.0,WH-SO-04,,22.0,146.0,651.0,21.89,1637.58,7.1,No,No,Summer,,1463.44,0.0,1.0,304.55,0.075,23
ORD100996,2023-02-08,P-FUR-008,Furniture,Plastic Storage Rack,East,Ranchi,SUP-012,10.0,WH-EA-04,108.0,5.0,41.0,172.0,4.77,9202.65,23.0,No,No,Spring,Sunny,9631.53,0.0,2.0,420.15,0.283,3
ORD100997,2022-10-15,P-ELE-006,Electronics,Power Bank 10000mAh,West,Surat,SUP-035,18.0,WH-WE-02,211.0,7.0,72.0,293.0,9.77,862.3,15.0,No,No,Autumn,Sunny,861.98,0.0,4.0,688.86,0.125,10
ORD100998,2021-05-15,P-SPO-011,Sports,Running Shoes,West,Ahmedabad,SUP-015,9.0,WH-WE-03,220.0,10.0,96.0,413.0,15.93,1229.11,6.0,No,No,Summer,Stormy,1149.2,0.0,1.0,407.8,0.324,10
ORD100999,2023-11-25,P-GRO-003,Grocery,Tea Powder 500g,West,Surat,SUP-013,7.0,WH-WE-02,572.0,64.0,359.0,1480.0,53.02,229.13,29.5,No,No,Autumn,,236.29,0.0,0.0,437.39,0.026,80
ORD101000,2024-10-10,P-ELE-014,Electronics,Smartphone Charger,South,Bengaluru,SUP-021,9.0,WH-SO-04,123.0,7.0,65.0,308.0,9.33,14383.14,8.4,Yes,No,Autumn,Rainy,13609.43,0.0,0.0,295.17,0.08,10
ORD101001,2024-07-07,P-CLO-009,Clothing,Formal Shirt,North,Lucknow,SUP-006,7.0,WH-NO-05,192.0,25.0,184.0,692.0,23.67,2002.26,18.0,No,No,Autumn,Sunny,1954.9,0.0,0.0,352.39,,24
ORD101002,2023-03-15,P-ELE-005,Electronics,Wireless Earbuds,East,Guwahati,SUP-015,7.0,WH-EA-01,58.0,12.0,63.0,208.0,8.72,7372.23,16.1,No,No,Summer,Cloudy,8236.62,0.0,0.0,265.81,0.081,9
ORD101003,2021-02-20,P-ELE-015,Electronics,Laptop Stand,North,Delhi,SUP-032,9.0,WH-NO-01,257.0,16.0,85.0,404.0,12.62,11584.19,12.3,Yes,No,Winter,,11698.68,0.0,1.0,399.04,0.015,17
ORD101004,2022-02-22,P-FUR-008,Furniture,TV Unit,North,Kanpur,SUP-025,28.0,WH-NO-02,32.0,4.0,21.0,116.0,3.46,17572.44,3.9,No,No,Winter,Sunny,18435.77,0.0,1.0,725.03,0.059,6
ORD101005,2022-01-19,P-GRO-007,Grocery,Instant Noodles Pack,East,Kolkata,SUP-040,14.0,WH-EA-01,238.0,43.0,244.0,965.0,32.53,436.53,22.0,No,No,Winter,Rainy,418.3,0.0,2.0,460.12,0.017,47
ORD101006,2021-01-11,P-SPO-001,Sports,Yoga Mat,East,Guwahati,SUP-032,10.0,WH-EA-01,83.0,15.0,94.0,404.0,14.25,1964.74,10.1,No,No,Winter,Rainy,1988.82,0.0,0.0,495.78,0.034,17
ORD101007,2021-06-23,P-GRO-015,Grocery,Toor Dal 1kg,West,Surat,SUP-015,10.0,WH-WE-05,650.0,48.0,446.0,2323.0,71.37,232.52,9.7,No,No,Summer,Cloudy,218.18,0.0,2.0,466.52,0.165,47
ORD101008,2023-04-20,P-BEA-013,Beauty,Talcum Powder,West,Nagpur,SUP-031,6.0,WH-WE-03,128.0,62.0,211.0,857.0,35.69,1119.33,10.5,No,No,Summer,Sunny,1046.34,0.0,0.0,,0.17,34
ORD101009,2021-05-24,P-CLO-003,Clothing,Formal Shirt,West,Surat,SUP-035,3.0,WH-WE-04,155.0,33.0,237.0,948.0,29.36,2059.29,15.9,No,No,Summer,Cloudy,1991.35,0.0,1.0,,0.139,28
ORD101010,2021-02-26,P-FUR-015,Furniture,Dining Chair,West,Ahmedabad,SUP-026,9.0,WH-WE-03,182.0,15.0,70.0,387.0,12.85,13111.76,0.7,No,No,Winter,,12383.26,,0.0,339.28,0.025,11
ORD101011,2024-10-13,P-CLO-012,Clothing,Kids Winter Jacket,West,Surat,SUP-031,6.0,WH-WE-04,487.0,23.0,167.0,728.0,22.29,345.08,8.3,Yes,No,Autumn,Cloudy,373.74,0.0,0.0,380.27,0.093,38
ORD101012,2023-06-03,P-CLO-007,Clothing,Formal Shirt,North,Lucknow,SUP-021,11.0,WH-NO-04,839.0,17.0,245.0,,34.89,254.16,13.0,No,No,Autumn,Cloudy,265.94,,1.0,427.57,0.078,34
ORD101013,2024-03-22,P-SPO-014,Sports,Gym Dumbbells 5kg,East,Bhubaneswar,SUP-037,11.0,WH-EA-01,125.0,9.0,82.0,382.0,12.81,875.06,17.1,Yes,No,Spring,Cloudy,714.59,0.0,2.0,485.83,0.053,16
ORD101014,2021-12-30,P-GRO-009,Grocery,Sunflower Oil 1L,North,Kanpur,SUP-010,3.0,WH-NO-01,390.0,49.0,207.0,1089.0,33.08,570.15,13.3,No,No,Winter,Sunny,648.79,0.0,0.0,236.71,0.028,55
ORD101015,2022-06-17,P-ELE-011,Electronics,Bluetooth Speaker,North,Delhi,SUP-017,6.0,WH-NO-03,50.0,3.0,42.0,191.0,6.03,13875.46,1.5,No,,Autumn,,14587.14,0.0,1.0,,0.28,5
ORD101016,2023-06-11,P-FUR-003,Furniture,Wooden Bookshelf,North,Lucknow,SUP-011,14.0,WH-NO-02,67.0,5.0,34.0,117.0,5.21,12471.7,8.0,Yes,No,Summer,Sunny,13613.71,0.0,,448.0,0.029,7
ORD101017,2023-10-02,P-BEA-002,Beauty,Body Lotion 400ml,West,Mumbai,SUP-005,7.0,WH-WE-05,713.0,44.0,262.0,1336.0,41.04,999.79,20.4,Yes,Yes,Autumn,Cloudy,986.12,0.0,0.0,280.59,0.038,48
ORD101018,2022-06-22,P-ELE-008,Electronics,Smartwatch,West,Ahmedabad,SUP-025,4.0,WH-WE-02,191.0,8.0,73.0,300.0,9.04,13250.62,7.4,No,No,Summer,Cloudy,11666.85,0.0,0.0,,0.073,8
ORD101019,2024-09-05,P-CLO-005,Clothing,Formal Shirt,Central,Gwalior,SUP-005,10.0,WH-CE-02,152.0,28.0,119.0,542.0,17.33,754.7,2.3,Yes,No,Autumn,Sunny,674.76,0.0,1.0,384.7,0.103,25
ORD101020,2023-10-25,P-SPO-015,Sports,Skipping Rope,Central,Bhopal,SUP-010,16.0,WH-CE-03,392.0,10.0,127.0,547.0,18.12,2627.86,1.5,No,No,Autumn,Sunny,2986.77,0.0,8.0,,0.074,24
ORD101021,2021-11-19,P-BEA-002,Beauty,Lipstick Set,West,Ahmedabad,SUP-031,22.0,WH-WE-01,480.0,22.0,173.0,929.0,28.15,267.62,9.2,No,No,,Cloudy,232.78,0.0,4.0,684.71,0.272,23
ORD101022,2021-05-24,P-SPO-012,Sports,Cycling Helmet,North,Chandigarh,SUP-010,11.0,WH-NO-05,490.0,24.0,174.0,657.0,21.62,1094.72,5.7,No,No,Summer,Cloudy,968.12,0.0,0.0,426.05,0.023,21
ORD101023,2021-01-21,P-CLO-010,Clothing,Kids Winter Jacket,West,Surat,SUP-035,7.0,WH-WE-01,233.0,32.0,239.0,712.0,28.88,755.6,16.5,No,No,Winter,Sunny,729.44,0.0,1.0,473.67,0.103,33
ORD101024,2024-05-18,P-FUR-014,Furniture,TV Unit,West,Pune,SUP-002,5.0,WH-WE-05,77.0,8.0,57.0,219.0,7.88,5640.55,2.8,Yes,No,Summer,Sunny,5015.68,0.0,0.0,251.03,0.069,9
ORD101025,2024-04-19,P-GRO-015,Grocery,Masala Mix 200g,West,Mumbai,SUP-019,5.0,WH-WE-04,144.0,43.0,340.0,1384.0,39.95,339.36,32.2,No,No,Summer,Sunny,353.83,0.0,0.0,378.24,0.151,34
ORD101026,2022-12-01,P-SPO-014,Sports,Yoga Mat,North,Delhi,SUP-003,10.0,WH-NO-05,238.0,14.0,114.0,521.0,17.78,1498.99,6.4,No,Yes,Winter,,1572.24,2.0,0.0,389.74,0.083,28
ORD101027,2023-11-22,P-GRO-006,Grocery,Wheat Flour 5kg,North,Chandigarh,SUP-003,6.0,WH-NO-02,577.0,46.0,404.0,1558.0,50.75,225.89,31.1,Yes,Yes,Autumn,Cloudy,233.37,0.0,0.0,258.4,0.051,91
ORD101028,2024-07-14,P-BEA-011,Beauty,Body Lotion 400ml,Central,Raipur,SUP-032,3.0,WH-CE-05,459.0,13.0,127.0,480.0,19.21,1083.57,16.1,No,No,Summer,Sunny,1030.33,0.0,3.0,451.47,0.074,19
ORD101029,2021-08-23,P-GRO-003,Grocery,Sunflower Oil 1L,North,Kanpur,SUP-003,18.0,WH-NO-05,923.0,51.0,295.0,1436.0,45.41,502.33,8.3,Yes,No,Summer,Sunny,513.93,0.0,1.0,548.65,0.094,67
ORD101030,2024-12-03,P-CLO-008,Clothing,Track Pants,South,Hyderabad,SUP-036,4.0,WH-SO-03,,15.0,266.0,1000.0,31.44,1516.63,12.6,No,No,Winter,Sunny,1733.03,0.0,1.0,345.38,0.144,44
ORD101031,2022-12-17,P-FUR-005,Furniture,Office Chair,South,Bengaluru,SUP-024,8.0,WH-SO-02,234.0,7.0,78.0,432.0,11.71,12527.44,7.0,No,No,Winter,Sunny,11090.3,,0.0,181.79,0.079,13
ORD101032,2022-10-03,P-CLO-004,Clothing,Track Pants,North,Jaipur,SUP-020,,WH-NO-01,179.0,22.0,105.0,566.0,17.46,765.47,9.6,No,No,Autumn,Sunny,833.85,0.0,1.0,354.8,,18
ORD101033,2021-08-23,P-SPO-009,Sports,Running Shoes,North,,SUP-037,11.0,WH-NO-01,214.0,11.0,71.0,456.0,13.86,580.24,17.6,Yes,No,Autumn,Stormy,617.75,,1.0,401.85,0.325,15
ORD101034,2023-09-10,P-GRO-002,Grocery,Tea Powder 500g,Central,Indore,SUP-016,6.0,WH-CE-03,758.0,72.0,294.0,1030.0,41.96,84.36,10.0,Yes,No,Autumn,Cloudy,83.65,,0.0,315.11,0.224,60
ORD101035,2023-05-31,P-FUR-009,Furniture,Plastic Storage Rack,West,Surat,SUP-016,5.0,WH-WE-05,116.0,5.0,36.0,174.0,6.13,4837.61,12.6,Yes,No,Summer,,4902.0,0.0,0.0,312.61,0.21,11
ORD101036,2021-02-13,P-GRO-007,Grocery,Sugar 1kg,Central,Indore,SUP-017,5.0,WH-CE-03,385.0,19.0,195.0,782.0,21.52,101.57,19.9,No,No,Spring,Sunny,104.47,0.0,0.0,300.84,0.077,35
ORD101037,2023-08-05,P-GRO-004,Grocery,Toor Dal 1kg,South,Hyderabad,SUP-027,12.0,WH-SO-05,308.0,69.0,435.0,1613.0,49.31,510.19,14.3,No,No,Summer,Rainy,470.33,0.0,4.0,569.17,0.185,40
ORD101038,2021-07-26,P-CLO-009,Clothing,Formal Shirt,North,Chandigarh,SUP-034,9.0,WH-NO-04,187.0,21.0,62.0,510.0,16.23,1070.91,2.7,No,No,Summer,Cloudy,931.07,0.0,0.0,383.14,0.017,13
ORD101039,2022-02-09,P-ELE-012,Electronics,Smartphone Charger,South,Kochi,SUP-022,14.0,WH-SO-04,37.0,,81.0,328.0,9.24,3929.38,29.9,Yes,No,Spring,Sunny,,0.0,0.0,394.46,0.198,10
ORD101040,2023-06-13,P-ELE-010,Electronics,Smartphone Charger,South,Chennai,SUP-012,4.0,WH-SO-04,138.0,14.0,88.0,391.0,14.21,8683.66,14.2,No,No,Summer,Cloudy,7818.83,0.0,1.0,,0.23,13
ORD101041,2024-02-15,P-FUR-002,Furniture,TV Unit,North,Kanpur,SUP-036,,WH-NO-05,148.0,9.0,60.0,224.0,7.2,7808.93,2.4,No,No,Winter,Sunny,7126.02,0.0,2.0,,0.048,8
ORD101042,2021-07-16,P-FUR-009,Furniture,Sofa Cushion Set,West,Surat,SUP-024,15.0,WH-WE-05,84.0,8.0,60.0,233.0,7.4,12313.05,3.1,No,No,Autumn,Rainy,11805.19,0.0,1.0,421.03,0.212,7
ORD101043,2022-11-23,P-FUR-010,Furniture,Plastic Storage Rack,Central,Gwalior,SUP-034,,WH-CE-01,27.0,6.0,57.0,201.0,6.79,2339.58,2.6,No,No,Autumn,Sunny,2392.83,0.0,1.0,381.35,0.022,6
ORD101044,2022-02-21,P-ELE-011,Electronics,Power Bank 10000mAh,East,Kolkata,SUP-018,15.0,WH-EA-03,201.0,8.0,71.0,207.0,8.03,6631.3,22.5,Yes,No,Winter,Rainy,6366.39,0.0,0.0,363.01,0.17,12
ORD101045,2023-10-29,P-GRO-007,Grocery,Tea Powder 500g,South,Bengaluru,SUP-008,4.0,WH-SO-03,334.0,73.0,267.0,,46.13,227.88,0.3,,No,Autumn,Stormy,214.68,0.0,1.0,348.41,0.003,46
ORD101046,2024-04-24,P-ELE-002,Electronics,Smartwatch,South,Coimbatore,SUP-038,15.0,WH-SO-05,86.0,8.0,52.0,268.0,8.84,8359.55,16.1,No,No,Summer,Cloudy,8996.72,0.0,1.0,404.23,0.166,9
ORD101047,2023-07-24,P-BEA-002,Beauty,Face Wash 100ml,North,Chandigarh,SUP-028,7.0,WH-NO-02,133.0,28.0,243.0,970.0,30.93,436.39,19.3,No,No,Autumn,Rainy,424.76,0.0,1.0,335.4,0.092,28
ORD101048,2024-03-07,P-SPO-005,Sports,Gym Dumbbells 5kg,South,Chennai,SUP-013,10.0,WH-SO-05,226.0,10.0,71.0,278.0,9.94,1733.96,5.7,No,No,Summer,Sunny,1623.19,0.0,1.0,372.44,0.062,12
ORD101049,2022-10-21,P-GRO-010,Grocery,Basmati Rice 5kg,East,Ranchi,SUP-034,9.0,WH-EA-03,284.0,28.0,214.0,773.0,27.76,147.11,27.0,,No,Autumn,,151.75,0.0,0.0,384.71,0.088,29
ORD101050,2023-05-24,P-FUR-012,Furniture,Sofa Cushion Set,South,Chennai,SUP-001,3.0,WH-SO-05,63.0,5.0,39.0,169.0,5.82,7261.15,9.4,No,No,Summer,Sunny,7295.18,0.0,1.0,239.06,0.038,7
ORD101051,2022-03-04,P-ELE-011,Electronics,Wireless Earbuds,East,Bhubaneswar,SUP-038,3.0,WH-EA-04,183.0,13.0,70.0,258.0,8.79,11870.76,10.2,Yes,No,Summer,Sunny,11898.03,0.0,1.0,311.03,0.031,13
ORD101052,2024-12-15,P-GRO-005,Grocery,Tea Powder 500g,West,Surat,SUP-024,2.0,WH-WE-02,1145.0,66.0,420.0,2486.0,74.5,372.93,21.4,No,,Winter,Cloudy,386.16,0.0,2.0,229.38,0.004,100
ORD101053,2021-10-26,P-ELE-007,Electronics,LED TV 43in,North,Kanpur,SUP-024,4.0,WH-NO-05,176.0,9.0,67.0,230.0,7.39,5833.6,4.5,,No,Autumn,Cloudy,5769.45,0.0,12.0,803.85,0.031,10
ORD101054,2024-09-07,P-GRO-001,Grocery,Sunflower Oil 1L,North,Kanpur,SUP-001,7.0,WH-NO-01,787.0,,382.0,,39.78,190.02,19.4,Yes,No,Autumn,,202.86,0.0,,1267.43,0.128,77
ORD101055,2023-12-26,P-FUR-012,Furniture,Plastic Storage Rack,North,Jaipur,SUP-008,14.0,WH-NO-01,55.0,6.0,33.0,164.0,,3137.69,4.1,No,No,Winter,Sunny,2779.14,,2.0,466.54,0.142,4
ORD101056,2024-12-12,P-SPO-006,Sports,Football,North,Delhi,SUP-029,7.0,WH-NO-03,91.0,12.0,94.0,357.0,10.87,1070.12,23.0,No,No,Winter,Sunny,1176.39,0.0,1.0,357.78,0.015,15
ORD101057,2023-07-27,P-GRO-008,Grocery,Sunflower Oil 1L,East,Kolkata,SUP-023,5.0,WH-EA-02,384.0,17.0,142.0,909.0,27.43,592.95,22.3,No,No,Summer,Sunny,549.63,0.0,1.0,332.44,0.14,27
ORD101058,2022-05-30,P-CLO-007,Clothing,Woolen Sweater,West,Surat,SUP-006,15.0,WH-WE-01,205.0,11.0,106.0,403.0,13.87,1270.74,3.5,No,No,Summer,Cloudy,1104.36,0.0,1.0,435.86,0.105,16
ORD101059,2022-02-15,P-FUR-005,Furniture,Wooden Bookshelf,West,Ahmedabad,SUP-027,19.0,WH-WE-05,98.0,8.0,46.0,213.0,7.59,4533.1,4.9,No,No,,,4247.22,0.0,1.0,621.45,0.236,8
ORD101060,2021-09-20,P-SPO-003,Sports,Badminton Racket,East,Kolkata,SUP-030,9.0,WH-EA-01,152.0,9.0,73.0,293.0,9.71,3521.13,10.4,Yes,No,Autumn,Sunny,3422.67,0.0,2.0,479.12,0.047,14
ORD101061,2024-11-13,P-FUR-015,Furniture,Study Table,South,Coimbatore,SUP-011,,WH-SO-03,,13.0,58.0,310.0,10.28,8014.71,23.3,No,Yes,Autumn,Stormy,7543.45,0.0,1.0,322.83,0.014,11
ORD101062,2021-06-05,P-GRO-002,Grocery,Wheat Flour 5kg,North,Kanpur,SUP-028,2.0,WH-NO-02,681.0,48.0,417.0,1731.0,56.11,501.33,25.6,Yes,Yes,Autumn,Stormy,462.62,0.0,1.0,275.05,0.163,66
ORD101063,2024-03-29,P-FUR-015,Furniture,Wooden Bookshelf,South,Bengaluru,SUP-039,8.0,WH-SO-02,62.0,5.0,36.0,174.0,5.24,14317.18,1.3,No,No,Spring,Cloudy,15474.67,0.0,2.0,385.24,0.028,5
ORD101064,2023-10-18,P-GRO-002,Grocery,Sugar 1kg,South,Kochi,SUP-020,5.0,WH-SO-02,720.0,29.0,236.0,1157.0,35.11,539.05,14.6,No,No,Autumn,Sunny,501.5,0.0,0.0,111.91,0.071,31
ORD101065,2021-07-05,P-SPO-002,Sports,Cricket Bat,West,Pune,SUP-010,6.0,WH-WE-02,355.0,21.0,118.0,520.0,15.95,3299.43,17.9,Yes,No,Summer,Cloudy,2703.48,0.0,2.0,379.41,0.065,18
ORD101066,2024-08-30,P-GRO-014,Grocery,Masala Mix 200g,East,Patna,SUP-039,6.0,WH-EA-04,293.0,29.0,162.0,837.0,31.04,508.47,4.8,No,No,Summer,Cloudy,494.21,0.0,0.0,243.72,0.055,24
ORD101067,2021-08-26,P-FUR-015,Furniture,Office Chair,North,Jaipur,SUP-037,10.0,WH-NO-02,148.0,5.0,51.0,209.0,6.61,6447.37,16.4,No,No,Autumn,Sunny,7502.36,,1.0,382.12,0.095,10
ORD101068,2021-08-23,P-ELE-014,Electronics,Laptop Stand,South,Chennai,SUP-019,10.0,WH-SO-04,271.0,9.0,82.0,382.0,12.33,7576.38,18.6,No,No,Summer,Stormy,6931.46,0.0,0.0,372.5,0.059,13
ORD101069,2023-03-06,P-GRO-012,Grocery,Basmati Rice 5kg,North,Delhi,SUP-018,10.0,WH-NO-03,283.0,21.0,163.0,795.0,30.4,537.22,4.9,Yes,No,Spring,Sunny,498.56,0.0,2.0,474.54,0.068,32
ORD101070,2021-05-31,P-SPO-008,Sports,Skipping Rope,Central,Jabalpur,SUP-034,8.0,WH-CE-04,85.0,12.0,74.0,278.0,9.61,3427.67,24.5,No,No,Summer,Sunny,3316.98,0.0,0.0,339.23,0.109,6
ORD101071,2021-05-30,P-FUR-002,Furniture,Sofa Cushion Set,North,Lucknow,SUP-001,15.0,WH-NO-03,135.0,7.0,48.0,239.0,7.59,1871.49,1.9,No,No,Summer,Cloudy,2102.69,0.0,2.0,372.01,0.074,11
ORD101072,2023-07-02,P-CLO-009,Clothing,Track Pants,North,Delhi,SUP-013,3.0,WH-NO-02,532.0,53.0,195.0,724.0,28.1,1601.86,13.0,No,No,Summer,Rainy,1555.79,0.0,0.0,244.4,0.24,34
ORD101073,2024-11-09,P-SPO-008,Sports,Cycling Helmet,North,Jaipur,SUP-022,15.0,WH-NO-03,212.0,9.0,80.0,307.0,10.89,3477.26,12.5,No,No,Autumn,Rainy,3192.59,0.0,1.0,359.17,0.137,11
ORD101074,2021-03-19,P-BEA-012,Beauty,Body Lotion 400ml,West,Pune,SUP-027,8.0,WH-WE-04,72.0,11.0,142.0,621.0,20.51,727.09,9.9,Yes,No,Spring,Sunny,748.21,0.0,0.0,256.29,0.109,18
ORD101075,2023-07-22,P-GRO-001,Grocery,Tea Powder 500g,East,Guwahati,SUP-026,6.0,WH-EA-03,481.0,25.0,186.0,769.0,26.75,235.89,12.5,No,No,Summer,Cloudy,241.34,0.0,3.0,524.97,0.053,23
ORD101076,2023-05-30,P-CLO-002,Clothing,Track Pants,East,Kolkata,SUP-015,7.0,WH-EA-05,425.0,30.0,138.0,600.0,18.05,2492.67,2.3,No,No,Summer,Rainy,2589.71,0.0,1.0,353.15,0.07,22
ORD101077,2021-04-07,P-CLO-009,Clothing,Men's Cotton T-Shirt,South,Hyderabad,SUP-035,2.0,WH-SO-03,154.0,16.0,,473.0,14.68,1799.14,20.5,Yes,No,Summer,Cloudy,1646.24,0.0,0.0,124.37,0.033,15
ORD101078,2021-08-07,P-FUR-013,Furniture,Sofa Cushion Set,North,Chandigarh,SUP-026,12.0,WH-NO-02,32.0,5.0,45.0,145.0,5.56,8882.43,9.5,No,No,Summer,Sunny,8481.31,0.0,2.0,449.66,0.077,5
ORD101079,2022-10-10,P-GRO-014,Grocery,Masala Mix 200g,West,Nagpur,SUP-022,22.0,WH-WE-01,717.0,37.0,360.0,1202.0,43.83,420.38,8.8,No,No,Autumn,Cloudy,458.24,0.0,2.0,741.13,0.06,62
ORD101080,2023-10-10,P-GRO-009,Grocery,Toor Dal 1kg,North,Chandigarh,SUP-038,9.0,WH-NO-02,239.0,,221.0,1159.0,34.67,548.84,11.3,No,No,Autumn,Rainy,566.8,0.0,1.0,343.39,0.091,29
ORD101081,2021-11-21,P-SPO-006,Sports,Cycling Helmet,North,Kanpur,SUP-004,6.0,WH-NO-01,102.0,19.0,91.0,450.0,14.18,784.86,3.0,No,No,Autumn,,835.64,0.0,1.0,209.57,0.107,11
ORD101082,2022-09-27,P-SPO-008,Sports,Gym Dumbbells 5kg,East,Patna,SUP-029,3.0,WH-EA-01,,9.0,93.0,259.0,12.15,1305.0,21.8,Yes,No,,Cloudy,1299.35,0.0,1.0,280.04,0.017,15
ORD101083,2022-12-18,P-BEA-008,Beauty,Lipstick Set,North,Chandigarh,SUP-038,11.0,WH-NO-02,218.0,25.0,213.0,833.0,24.3,1172.22,4.3,No,No,Winter,Cloudy,1271.28,0.0,1.0,537.73,,24
ORD101084,2023-11-06,P-SPO-010,Sports,Yoga Mat,North,Kanpur,SUP-027,7.0,WH-NO-02,370.0,22.0,172.0,634.0,21.1,3766.13,12.8,Yes,No,Autumn,Cloudy,3854.45,0.0,4.0,437.62,0.177,36
ORD101085,2021-12-27,P-BEA-004,Beauty,Face Wash 100ml,West,Mumbai,SUP-023,16.0,WH-WE-05,207.0,26.0,159.0,785.0,26.28,354.06,10.9,No,No,Winter,Sunny,339.23,0.0,3.0,653.6,0.128,33
ORD101086,2023-10-04,P-BEA-006,Beauty,Talcum Powder,East,Ranchi,SUP-015,18.0,WH-EA-04,330.0,20.0,147.0,602.0,22.01,319.73,11.9,No,No,Autumn,Sunny,338.8,0.0,2.0,548.68,0.178,22
ORD101087,2024-04-30,P-BEA-009,Beauty,Hair Oil 250ml,South,Coimbatore,SUP-011,3.0,WH-SO-04,444.0,12.0,134.0,739.0,,1037.13,10.5,No,No,Summer,Cloudy,964.53,0.0,2.0,470.49,0.119,22
ORD101088,2023-05-02,P-CLO-013,Clothing,Formal Shirt,South,Coimbatore,SUP-022,7.0,WH-SO-03,344.0,28.0,226.0,836.0,26.5,848.03,5.7,No,No,Summer,Sunny,952.75,0.0,0.0,295.08,0.052,33
ORD101089,2023-11-20,P-CLO-013,Clothing,Woolen Sweater,West,,SUP-036,6.0,WH-WE-01,384.0,16.0,128.0,508.0,17.15,1039.3,2.7,No,No,Autumn,Sunny,1123.12,0.0,0.0,276.83,0.05,28
ORD101090,2021-09-02,P-GRO-012,Grocery,Sunflower Oil 1L,North,Kanpur,SUP-019,11.0,WH-NO-05,319.0,57.0,250.0,914.0,41.95,427.27,0.6,Yes,No,Autumn,Sunny,417.26,0.0,0.0,402.11,0.12,36
ORD101091,2024-08-17,P-FUR-004,Furniture,Dining Chair,North,Kanpur,SUP-005,7.0,WH-NO-03,117.0,4.0,30.0,131.0,4.6,5588.85,1.5,Yes,No,Autumn,Sunny,5506.15,0.0,1.0,307.11,0.18,7
ORD101092,2022-03-17,P-GRO-007,Grocery,Toor Dal 1kg,East,Patna,SUP-020,7.0,WH-EA-03,172.0,21.0,129.0,576.0,21.54,598.44,17.1,No,No,,Cloudy,604.78,0.0,1.0,321.57,0.079,22
ORD101093,2021-10-17,P-GRO-009,Grocery,Tea Powder 500g,East,Bhubaneswar,SUP-004,6.0,WH-EA-04,507.0,31.0,193.0,,29.31,526.04,22.2,No,No,Autumn,Stormy,518.77,0.0,0.0,,0.077,38
ORD101094,2023-03-13,P-CLO-015,Clothing,Men's Cotton T-Shirt,Central,Bhopal,SUP-038,8.0,WH-CE-01,200.0,16.0,104.0,375.0,13.71,348.23,3.1,Yes,,Summer,Sunny,384.98,2.0,2.0,502.75,0.067,17
ORD101095,2022-07-18,P-GRO-006,Grocery,Tea Powder 500g,South,Chennai,SUP-022,10.0,WH-SO-03,440.0,22.0,308.0,1569.0,48.44,89.02,3.5,No,No,Autumn,Sunny,85.18,0.0,1.0,277.83,0.121,36
ORD101096,2022-11-05,P-GRO-014,Grocery,Sugar 1kg,North,Delhi,SUP-009,6.0,WH-NO-04,241.0,36.0,232.0,1134.0,32.72,325.92,14.6,No,No,Autumn,Sunny,286.74,0.0,1.0,258.88,0.032,24
ORD101097,2024-03-22,P-BEA-012,Beauty,Talcum Powder,East,Bhubaneswar,SUP-025,21.0,WH-EA-04,57.0,6.0,91.0,369.0,12.38,114.36,12.3,,No,Summer,,111.99,0.0,1.0,651.16,0.054,9
ORD101098,2023-02-22,P-SPO-010,Sports,Yoga Mat,East,Bhubaneswar,SUP-022,14.0,WH-EA-03,,6.0,33.0,174.0,6.57,2566.27,14.2,No,No,Spring,Cloudy,2720.77,0.0,1.0,454.5,0.095,5
ORD101099,2022-07-01,P-ELE-011,Electronics,Wireless Earbuds,North,Chandigarh,SUP-021,9.0,WH-NO-05,58.0,11.0,48.0,266.0,,9433.3,10.3,No,No,Summer,Rainy,10199.04,1.0,0.0,270.25,0.023,12
ORD101100,2024-03-15,P-ELE-012,Electronics,Wireless Earbuds,East,Guwahati,SUP-024,3.0,WH-EA-05,145.0,14.0,55.0,244.0,8.5,4642.0,11.2,No,No,Summer,Cloudy,4684.27,0.0,0.0,946.97,0.027,12
ORD101101,2022-07-08,P-GRO-011,Grocery,Sunflower Oil 1L,North,Kanpur,SUP-038,5.0,WH-NO-01,306.0,30.0,256.0,1467.0,42.24,201.55,19.4,No,No,Autumn,Sunny,191.33,,0.0,269.84,0.027,39
ORD101102,2024-11-01,P-BEA-011,Beauty,Moisturizer Cream,West,Mumbai,SUP-035,10.0,WH-WE-01,377.0,19.0,186.0,754.0,25.02,291.65,,No,,Autumn,Sunny,290.62,0.0,3.0,434.57,0.139,24
ORD101103,2024-12-11,P-BEA-006,Beauty,Body Lotion 400ml,West,Pune,SUP-011,5.0,WH-WE-03,162.0,16.0,209.0,1082.0,31.49,460.06,34.2,Yes,No,Winter,Cloudy,435.95,0.0,1.0,258.51,0.235,27
ORD101104,2022-11-17,P-ELE-007,Electronics,Smartphone Charger,South,Chennai,SUP-010,14.0,WH-SO-05,74.0,5.0,47.0,157.0,6.1,9413.79,7.1,No,No,Autumn,Sunny,7677.68,0.0,0.0,387.48,0.113,3
ORD101105,2024-02-01,P-BEA-009,Beauty,Herbal Shampoo 200ml,Central,Jabalpur,SUP-040,7.0,WH-CE-03,199.0,19.0,85.0,339.0,11.3,912.11,2.0,,No,Spring,Sunny,849.94,0.0,1.0,211.18,0.09,12
ORD101106,2023-11-01,P-ELE-013,Electronics,Wireless Earbuds,Central,Bhopal,SUP-026,10.0,WH-CE-02,135.0,3.0,51.0,174.0,6.49,2914.56,0.8,No,Yes,Autumn,Sunny,3033.57,0.0,4.0,476.27,,6
ORD101107,2024-06-11,P-GRO-010,Grocery,Toor Dal 1kg,North,Delhi,SUP-001,6.0,WH-NO-03,869.0,2.0,238.0,1093.0,36.89,531.28,6.2,No,No,Summer,Cloudy,519.78,0.0,0.0,351.17,0.091,33
ORD101108,2022-11-05,P-SPO-015,Sports,Gym Dumbbells 5kg,South,Bengaluru,SUP-022,11.0,WH-SO-05,396.0,22.0,119.0,556.0,17.65,3261.46,2.6,No,No,Autumn,Cloudy,3180.95,0.0,1.0,443.84,0.041,17
ORD101109,2022-08-18,P-ELE-011,Electronics,LED TV 43in,East,Guwahati,SUP-005,13.0,WH-EA-01,47.0,7.0,54.0,150.0,5.88,9627.38,8.7,Yes,No,Summer,Rainy,10479.85,0.0,1.0,408.62,0.131,10
ORD101110,2022-02-09,P-ELE-007,Electronics,Bluetooth Speaker,North,Chandigarh,SUP-002,13.0,WH-NO-03,,8.0,,219.0,7.73,2833.89,5.0,No,,Winter,Sunny,2615.35,2.0,0.0,312.1,0.074,3
ORD101111,2023-05-07,P-CLO-009,Clothing,Women's Kurti,South,Kochi,SUP-008,14.0,WH-SO-04,202.0,25.0,187.0,716.0,24.34,1193.93,30.9,No,No,Summer,Rainy,1111.19,1.0,1.0,,0.043,29
ORD101112,2023-06-19,P-FUR-010,Furniture,Dining Chair,South,Chennai,SUP-011,8.0,WH-SO-02,986.0,7.0,44.0,167.0,5.45,15898.21,37.4,No,No,,,16319.12,0.0,0.0,178.86,0.145,6
ORD101113,2022-10-21,P-SPO-014,Sports,Cricket Bat,Central,Indore,SUP-004,14.0,WH-CE-01,284.0,15.0,88.0,298.0,11.74,,8.7,Yes,No,Autumn,,533.81,0.0,1.0,473.92,0.031,15
ORD101114,2022-03-30,P-SPO-004,Sports,Football,South,Hyderabad,SUP-034,13.0,WH-SO-04,351.0,10.0,113.0,444.0,14.21,2115.66,12.7,No,No,Summer,,1994.33,0.0,0.0,425.12,,17
ORD101115,2022-10-20,P-ELE-004,Electronics,Smartwatch,West,Mumbai,SUP-018,3.0,WH-WE-04,126.0,5.0,52.0,232.0,7.41,11814.37,2.1,No,No,Autumn,Rainy,13278.63,0.0,2.0,369.88,0.084,6
ORD101116,2023-01-04,P-ELE-004,Electronics,Power Bank 10000mAh,South,Kochi,SUP-023,10.0,WH-SO-04,196.0,11.0,119.0,523.0,15.85,3555.1,10.3,Yes,No,Winter,Cloudy,3250.2,0.0,0.0,410.5,0.05,27
ORD101117,2021-07-06,P-BEA-001,Beauty,Lipstick Set,North,,SUP-035,6.0,WH-NO-04,408.0,15.0,141.0,491.0,19.45,628.51,30.7,No,No,Summer,Sunny,591.68,0.0,0.0,336.72,,20
ORD101118,2023-08-23,P-GRO-011,Grocery,Basmati Rice 5kg,West,Mumbai,SUP-034,14.0,WH-WE-04,1576.0,87.0,393.0,2066.0,71.16,565.49,17.8,Yes,No,Autumn,Sunny,585.35,0.0,2.0,492.75,0.054,91
ORD101119,2024-05-15,P-SPO-015,Sports,Gym Dumbbells 5kg,North,Kanpur,SUP-033,15.0,WH-NO-02,141.0,20.0,103.0,454.0,15.17,2358.62,16.3,No,No,Summer,Rainy,2349.39,0.0,2.0,473.27,0.053,20
ORD101120,2022-04-16,P-FUR-010,Furniture,Wooden Bookshelf,North,Chandigarh,SUP-008,13.0,WH-NO-01,60.0,5.0,32.0,180.0,5.9,16706.38,14.0,No,No,Summer,Cloudy,14870.73,0.0,1.0,400.11,0.051,5
ORD101121,2022-07-25,P-ELE-001,Electronics,LED TV 43in,South,Chennai,SUP-030,11.0,WH-SO-05,157.0,7.0,49.0,192.0,6.37,9974.88,11.9,Yes,No,Summer,Rainy,11398.51,0.0,1.0,398.82,0.066,12
ORD101122,2021-05-16,P-BEA-006,Beauty,Talcum Powder,West,Nagpur,SUP-040,6.0,WH-WE-02,586.0,35.0,262.0,1025.0,36.17,532.66,43.4,No,Yes,,Rainy,498.81,0.0,1.0,373.29,0.017,36
ORD101123,2023-05-01,P-ELE-014,Electronics,Home Router,South,Hyderabad,SUP-001,6.0,WH-SO-05,220.0,7.0,72.0,274.0,9.06,9053.01,23.2,No,No,Summer,Sunny,8875.19,0.0,1.0,270.75,0.085,11
ORD101124,2022-09-17,P-CLO-001,Clothing,Denim Jeans,North,Lucknow,SUP-035,6.0,WH-NO-03,330.0,14.0,114.0,758.0,19.64,1575.56,30.0,No,No,Autumn,Rainy,1630.62,,1.0,343.4,0.032,27
ORD101125,2024-06-06,P-CLO-010,Clothing,Kids Winter Jacket,South,Kochi,SUP-035,5.0,WH-SO-03,380.0,15.0,107.0,476.0,15.01,2386.22,12.3,No,No,Summer,Sunny,2799.01,1.0,3.0,332.16,0.059,18
ORD101126,2024-08-18,P-CLO-007,Clothing,Kids Winter Jacket,South,Coimbatore,SUP-034,8.0,WH-SO-01,391.0,33.0,194.0,687.0,27.11,852.87,16.9,Yes,No,Autumn,Sunny,824.91,0.0,0.0,345.71,0.049,49
ORD101127,2024-02-05,P-FUR-014,Furniture,TV Unit,North,Delhi,SUP-016,9.0,WH-NO-05,155.0,,69.0,263.0,7.6,13912.97,5.5,Yes,No,Winter,Cloudy,12889.63,0.0,0.0,290.8,0.134,12
ORD101128,2021-11-03,P-FUR-008,Furniture,TV Unit,East,Guwahati,SUP-008,24.0,WH-EA-03,47.0,3.0,22.0,113.0,3.23,12840.36,17.2,No,No,Autumn,Rainy,13351.63,0.0,,711.77,0.03,1
ORD101129,2021-10-17,P-SPO-009,Sports,Yoga Mat,North,Jaipur,SUP-030,3.0,WH-NO-05,273.0,17.0,77.0,388.0,11.93,3554.05,8.3,Yes,No,Autumn,Cloudy,4147.76,0.0,0.0,223.82,0.016,15
ORD101130,2022-12-11,P-SPO-011,Sports,Cricket Bat,South,Chennai,SUP-025,12.0,WH-SO-04,146.0,21.0,99.0,479.0,14.13,4586.69,25.0,No,No,Winter,Sunny,4636.58,0.0,1.0,431.01,0.016,15
ORD101131,2023-06-23,P-CLO-013,Clothing,Men's Cotton T-Shirt,East,Bhubaneswar,SUP-030,4.0,WH-EA-01,281.0,11.0,169.0,718.0,19.4,797.88,21.6,No,No,Autumn,Cloudy,779.66,0.0,1.0,221.53,,19
ORD101132,2021-02-16,P-ELE-008,Electronics,Wireless Earbuds,West,Nagpur,SUP-011,7.0,WH-WE-05,71.0,6.0,75.0,294.0,9.54,6839.71,9.4,Yes,No,Spring,Cloudy,7053.82,0.0,1.0,373.95,0.073,13
ORD101133,2022-12-26,P-BEA-011,Beauty,Body Lotion 400ml,South,Bengaluru,SUP-008,8.0,WH-SO-03,567.0,15.0,210.0,907.0,27.34,1110.62,7.1,No,No,Winter,Cloudy,926.22,0.0,0.0,380.01,0.115,20
ORD101134,2021-05-07,P-SPO-013,Sports,Running Shoes,South,Coimbatore,SUP-037,6.0,WH-SO-01,160.0,20.0,106.0,541.0,15.65,3000.31,12.2,No,,Summer,Sunny,2852.69,0.0,1.0,277.77,0.207,13
ORD101135,2022-01-16,P-GRO-008,Grocery,Instant Noodles Pack,South,Kochi,SUP-021,8.0,WH-SO-03,224.0,65.0,478.0,1955.0,70.61,361.64,18.6,No,No,Winter,Sunny,308.83,0.0,0.0,312.89,0.039,53
ORD101136,2022-06-09,P-CLO-011,Clothing,Women's Kurti,Central,Jabalpur,SUP-035,3.0,WH-CE-04,111.0,15.0,128.0,515.0,14.92,288.78,0.5,No,No,Summer,Cloudy,280.46,0.0,1.0,226.21,0.085,13
ORD101137,2021-03-01,P-CLO-006,Clothing,Men's Cotton T-Shirt,North,Lucknow,SUP-038,7.0,WH-NO-04,596.0,30.0,169.0,786.0,25.69,1542.99,3.5,No,No,Summer,Sunny,1479.67,0.0,1.0,331.78,0.102,32
ORD101138,2022-01-19,P-ELE-006,Electronics,Smartphone Charger,North,Lucknow,SUP-019,13.0,WH-NO-02,182.0,15.0,97.0,493.0,14.97,9965.52,13.6,Yes,No,Winter,Rainy,7862.77,0.0,1.0,488.47,0.292,15
ORD101139,2023-07-10,P-FUR-001,Furniture,Sofa Cushion Set,South,Kochi,SUP-011,26.0,WH-SO-05,50.0,7.0,46.0,290.0,8.86,15016.56,8.3,No,No,Autumn,Sunny,15231.89,0.0,2.0,790.28,0.085,6
ORD101140,2024-12-28,P-GRO-011,Grocery,Basmati Rice 5kg,North,Chandigarh,SUP-036,13.0,WH-NO-02,827.0,33.0,267.0,1394.0,,81.98,,Yes,No,Winter,Cloudy,86.03,0.0,5.0,638.8,0.088,55
ORD101141,2024-02-14,P-BEA-004,Beauty,Hair Oil 250ml,North,Chandigarh,SUP-029,7.0,WH-NO-03,642.0,25.0,223.0,928.0,27.21,931.5,18.1,No,No,Spring,Rainy,917.09,,3.0,349.74,0.008,36
ORD101142,2022-03-24,P-BEA-013,Beauty,Talcum Powder,North,Chandigarh,SUP-027,14.0,WH-NO-05,503.0,32.0,125.0,738.0,25.72,796.11,12.2,No,No,Spring,Cloudy,698.77,0.0,3.0,523.34,0.016,25
ORD101143,2024-10-07,P-BEA-015,Beauty,Herbal Shampoo 200ml,East,Bhubaneswar,SUP-039,13.0,WH-EA-01,563.0,16.0,289.0,1025.0,33.24,474.04,12.0,No,No,Autumn,Rainy,522.02,0.0,2.0,519.25,0.057,37
ORD101144,2022-10-05,P-GRO-014,Grocery,Sugar 1kg,East,Guwahati,SUP-010,8.0,WH-EA-03,526.0,27.0,212.0,1022.0,31.45,240.67,10.7,No,No,Autumn,Sunny,277.2,1.0,1.0,174.8,0.132,38
ORD101145,2022-06-03,P-GRO-005,Grocery,Tea Powder 500g,East,Bhubaneswar,SUP-015,5.0,WH-EA-03,435.0,13.0,222.0,955.0,30.12,153.72,0.8,Yes,No,Summer,Sunny,158.64,,1.0,333.66,0.04,33
ORD101146,2024-05-22,P-BEA-010,Beauty,Talcum Powder,West,Pune,SUP-002,14.0,WH-WE-04,277.0,29.0,183.0,638.0,22.53,1044.77,3.7,No,No,Summer,Cloudy,1015.17,0.0,0.0,420.22,0.083,23
ORD101147,2022-08-07,P-BEA-012,Beauty,Herbal Shampoo 200ml,South,,SUP-016,7.0,WH-SO-04,425.0,23.0,298.0,1223.0,46.76,378.4,5.3,No,No,Summer,Rainy,368.07,0.0,0.0,432.83,0.129,33
ORD101148,2023-12-16,P-CLO-008,Clothing,Women's Kurti,Central,Gwalior,SUP-018,4.0,WH-CE-04,390.0,13.0,197.0,711.0,25.82,2490.71,18.6,No,No,Winter,Cloudy,2577.06,0.0,2.0,339.91,0.029,26
ORD101149,2021-08-27,P-SPO-008,Sports,Cricket Bat,West,Nagpur,SUP-019,,WH-WE-02,53.0,16.0,77.0,420.0,13.05,3877.23,4.4,No,No,Autumn,Sunny,3905.15,1.0,2.0,548.95,0.085,13
ORD101150,2022-05-01,P-ELE-007,Electronics,Laptop Stand,West,Ahmedabad,SUP-007,4.0,WH-WE-03,32.0,6.0,45.0,226.0,7.15,12820.53,6.5,No,No,Summer,Sunny,13267.23,1.0,0.0,244.72,0.142,5
ORD101151,2024-12-09,P-SPO-005,Sports,Skipping Rope,West,Surat,SUP-033,6.0,WH-WE-01,245.0,7.0,113.0,444.0,15.1,3324.44,6.4,,No,Winter,Rainy,3444.11,0.0,1.0,370.03,0.049,13
ORD101152,2021-12-23,P-ELE-009,Electronics,Wireless Earbuds,South,Hyderabad,SUP-020,19.0,WH-SO-05,107.0,12.0,77.0,302.0,10.3,2506.4,2.0,,No,Winter,Cloudy,2358.39,0.0,2.0,585.13,0.031,12
ORD101153,2024-05-26,P-ELE-015,Electronics,Bluetooth Speaker,South,Coimbatore,SUP-018,6.0,WH-SO-02,203.0,10.0,73.0,286.0,9.85,10405.29,8.3,Yes,No,Summer,Sunny,9720.32,0.0,1.0,432.22,0.028,13
ORD101154,2022-11-13,P-CLO-004,Clothing,Cotton Saree,South,Chennai,SUP-035,5.0,WH-SO-03,360.0,29.0,158.0,,18.53,1084.96,23.2,No,Yes,Autumn,Cloudy,1060.62,0.0,2.0,439.1,0.081,37
ORD101155,2024-10-31,P-ELE-001,Electronics,Power Bank 10000mAh,North,Chandigarh,SUP-020,3.0,WH-NO-04,173.0,5.0,53.0,252.0,7.68,6623.76,2.8,No,No,Autumn,Sunny,6871.5,0.0,0.0,217.89,0.063,5
ORD101156,2022-08-31,P-ELE-001,Electronics,Home Router,South,Bengaluru,SUP-036,7.0,WH-SO-04,181.0,9.0,114.0,350.0,13.12,10369.73,8.9,Yes,,Autumn,Sunny,9076.08,0.0,2.0,292.71,0.05,12
ORD101157,2022-12-25,P-ELE-009,Electronics,Laptop Stand,North,Lucknow,SUP-009,10.0,WH-NO-01,301.0,11.0,99.0,427.0,14.07,13225.54,6.7,No,Yes,Winter,Rainy,12983.61,0.0,1.0,442.66,0.026,19
ORD101158,2022-07-31,P-CLO-005,Clothing,Woolen Sweater,North,,SUP-035,7.0,WH-NO-04,294.0,22.0,127.0,563.0,16.66,1370.16,17.6,Yes,No,Summer,Cloudy,1366.22,0.0,1.0,448.05,0.036,27
ORD101159,2021-11-03,P-BEA-007,Beauty,Talcum Powder,Central,Bhopal,SUP-040,13.0,WH-CE-02,613.0,11.0,204.0,783.0,26.2,1140.51,16.4,No,No,Autumn,Sunny,1096.1,0.0,1.0,343.27,0.081,28
ORD101160,2024-05-17,P-ELE-015,Electronics,Home Router,West,Pune,SUP-031,4.0,WH-WE-03,161.0,11.0,80.0,428.0,12.33,10070.29,16.2,Yes,No,Summer,Rainy,11200.35,0.0,0.0,365.81,0.067,18
ORD101161,2023-04-18,P-FUR-002,Furniture,Plastic Storage Rack,East,Guwahati,SUP-036,6.0,WH-EA-01,153.0,9.0,59.0,221.0,8.24,8455.8,20.1,Yes,No,Summer,Stormy,9289.23,1.0,1.0,279.96,0.042,10
ORD101162,2023-01-08,P-BEA-003,Beauty,Lipstick Set,South,Kochi,SUP-030,10.0,WH-SO-04,279.0,44.0,180.0,857.0,32.96,386.52,18.5,Yes,Yes,Winter,Rainy,399.37,0.0,0.0,432.69,0.128,43
ORD101163,2022-06-28,P-ELE-004,Electronics,Bluetooth Speaker,East,Bhubaneswar,SUP-025,10.0,WH-EA-03,137.0,5.0,48.0,154.0,6.69,3069.55,14.0,No,No,Autumn,Cloudy,3504.3,0.0,,387.81,0.03,10
ORD101164,2024-02-03,P-ELE-007,Electronics,Home Router,West,Ahmedabad,SUP-031,6.0,WH-WE-01,173.0,10.0,63.0,286.0,8.86,6709.1,13.0,Yes,No,Spring,Stormy,7180.53,0.0,0.0,366.45,0.076,12
ORD101165,2022-05-24,P-SPO-011,Sports,Yoga Mat,East,Bhubaneswar,SUP-039,4.0,WH-EA-01,241.0,11.0,108.0,344.0,14.29,4576.55,11.1,No,No,Summer,Sunny,4625.65,,1.0,325.56,0.092,15
ORD101166,2021-12-14,P-BEA-003,Beauty,Body Lotion 400ml,East,Guwahati,SUP-025,13.0,WH-EA-04,102.0,10.0,114.0,579.0,16.64,1002.09,29.2,Yes,No,Winter,Rainy,963.86,0.0,1.0,500.15,0.095,14
ORD101167,2021-05-01,P-CLO-002,Clothing,Cotton Saree,South,Hyderabad,SUP-028,5.0,WH-SO-01,270.0,20.0,185.0,733.0,20.81,381.03,21.6,Yes,No,Summer,Sunny,368.98,0.0,0.0,255.04,0.179,21
ORD101168,2024-06-29,P-BEA-002,Beauty,Face Wash 100ml,South,Bengaluru,SUP-004,6.0,WH-SO-03,661.0,24.0,140.0,828.0,26.88,1105.63,3.4,Yes,No,Autumn,Sunny,1139.29,0.0,0.0,208.5,0.087,30
ORD101169,2021-04-17,P-ELE-013,Electronics,Bluetooth Speaker,West,Ahmedabad,SUP-039,11.0,WH-WE-04,333.0,15.0,78.0,,13.47,8602.17,7.7,Yes,No,Summer,Sunny,8346.31,0.0,,470.77,0.088,14
ORD101170,2024-05-19,P-GRO-001,Grocery,Sunflower Oil 1L,Central,Indore,SUP-032,5.0,WH-CE-05,656.0,43.0,164.0,667.0,27.31,341.1,0.5,No,No,Summer,Sunny,299.71,0.0,0.0,342.48,0.03,26
ORD101171,2022-07-08,P-BEA-010,Beauty,Hair Oil 250ml,South,Coimbatore,SUP-007,10.0,WH-SO-01,621.0,29.0,179.0,801.0,25.66,349.16,11.2,No,No,Autumn,Rainy,338.53,0.0,1.0,366.83,0.158,33
ORD101172,2021-01-04,P-GRO-009,Grocery,Toor Dal 1kg,South,Bengaluru,SUP-012,19.0,WH-SO-02,918.0,50.0,312.0,1511.0,50.46,591.66,16.8,Yes,No,Winter,Rainy,640.3,0.0,0.0,511.13,0.118,76
ORD101173,2024-09-15,P-BEA-002,Beauty,Moisturizer Cream,South,Coimbatore,SUP-010,5.0,WH-SO-01,394.0,26.0,132.0,701.0,22.83,352.37,4.7,No,No,Autumn,Sunny,279.81,1.0,0.0,241.85,0.11,19
ORD101174,2023-12-19,P-CLO-009,Clothing,Men's Cotton T-Shirt,South,Bengaluru,SUP-013,9.0,WH-SO-05,422.0,14.0,121.0,590.0,18.66,1534.95,9.8,No,No,Winter,Rainy,1707.24,0.0,0.0,250.62,0.066,32
ORD101175,2023-11-23,P-BEA-005,Beauty,Herbal Shampoo 200ml,Central,Jabalpur,SUP-036,14.0,WH-CE-03,426.0,40.0,179.0,878.0,32.85,186.46,21.8,No,No,Autumn,Rainy,195.02,0.0,0.0,432.53,0.15,38
ORD101176,2023-03-12,P-CLO-008,Clothing,Track Pants,West,Surat,SUP-019,6.0,WH-WE-05,253.0,20.0,184.0,,24.99,722.66,31.0,No,No,Summer,Sunny,709.11,0.0,0.0,328.9,0.036,26
ORD101177,2024-01-17,P-GRO-003,Grocery,Instant Noodles Pack,South,Bengaluru,SUP-017,4.0,WH-SO-01,,65.0,439.0,1827.0,60.0,238.79,12.1,Yes,No,Winter,Cloudy,244.29,0.0,2.0,,0.057,80
ORD101178,2021-07-14,P-GRO-011,Grocery,Wheat Flour 5kg,South,Kochi,SUP-032,8.0,WH-SO-04,269.0,47.0,288.0,1871.0,50.78,453.69,1.4,Yes,No,Autumn,Sunny,488.57,0.0,0.0,398.55,0.064,60
ORD101179,2021-12-09,P-GRO-012,Grocery,Instant Noodles Pack,South,Hyderabad,SUP-015,11.0,WH-SO-01,504.0,39.0,340.0,1391.0,43.0,507.08,2.1,Yes,No,Winter,Sunny,508.43,0.0,2.0,397.32,0.045,63
ORD101180,2023-03-06,P-BEA-001,Beauty,Sunscreen Lotion,North,Jaipur,SUP-036,6.0,WH-NO-01,454.0,31.0,117.0,635.0,20.85,475.47,9.9,No,No,Summer,,511.55,0.0,1.0,403.57,0.077,24
ORD101181,2023-12-10,P-ELE-008,Electronics,LED TV 43in,East,Kolkata,SUP-031,9.0,WH-EA-03,149.0,5.0,46.0,,7.19,2601.65,9.2,No,No,Winter,Rainy,2778.73,0.0,2.0,348.38,0.044,9
ORD101182,2023-05-10,P-ELE-010,Electronics,Bluetooth Speaker,West,,SUP-011,10.0,WH-WE-02,94.0,9.0,58.0,272.0,8.04,9939.28,14.8,Yes,No,Summer,Sunny,10078.56,0.0,0.0,378.67,0.131,8
ORD101183,2022-08-17,P-ELE-001,Electronics,Laptop Stand,West,Nagpur,SUP-026,7.0,WH-WE-02,95.0,7.0,57.0,282.0,,10928.04,11.0,,No,Summer,Sunny,9957.01,0.0,1.0,351.7,0.06,9
ORD101184,2023-09-09,P-ELE-011,Electronics,Home Router,North,Chandigarh,SUP-020,2.0,WH-NO-01,88.0,10.0,41.0,194.0,7.6,11627.72,15.0,No,No,Autumn,Cloudy,11536.79,0.0,2.0,369.79,0.092,7
ORD101185,2021-03-28,P-BEA-009,Beauty,Lipstick Set,West,Surat,SUP-014,4.0,WH-WE-03,804.0,24.0,301.0,987.0,40.36,650.28,14.9,Yes,Yes,,Cloudy,544.09,0.0,2.0,365.07,0.183,49
ORD101186,2023-01-13,P-GRO-005,Grocery,Wheat Flour 5kg,West,Nagpur,SUP-037,11.0,WH-WE-02,339.0,32.0,253.0,1099.0,36.41,506.6,13.7,No,No,Winter,Rainy,524.66,0.0,0.0,391.37,0.033,29
ORD101187,2022-07-31,P-SPO-008,Sports,Skipping Rope,South,Hyderabad,SUP-016,7.0,WH-SO-05,262.0,14.0,176.0,578.0,19.63,4110.69,12.2,No,No,Summer,Cloudy,3972.67,0.0,0.0,304.03,0.189,19
ORD101188,2022-12-29,P-ELE-011,Electronics,Smartwatch,East,Patna,SUP-005,4.0,WH-EA-04,83.0,15.0,76.0,343.0,10.0,2502.61,15.1,No,No,Winter,Rainy,2379.43,0.0,1.0,333.93,0.063,13
ORD101189,2021-07-11,P-FUR-010,Furniture,Plastic Storage Rack,East,Ranchi,SUP-017,7.0,WH-EA-03,118.0,8.0,50.0,156.0,5.86,13546.23,7.7,No,No,Autumn,Cloudy,14256.6,0.0,0.0,230.54,0.078,9
ORD101190,2024-08-12,P-CLO-012,Clothing,Formal Shirt,West,Mumbai,SUP-021,5.0,WH-WE-04,558.0,18.0,139.0,627.0,23.07,284.78,40.6,No,No,Summer,Sunny,255.84,0.0,3.0,253.85,0.04,24
ORD101191,2024-06-01,P-GRO-001,Grocery,Tea Powder 500g,North,Chandigarh,SUP-006,10.0,WH-NO-03,218.0,29.0,240.0,1140.0,44.86,132.24,7.7,No,No,Autumn,Cloudy,133.43,0.0,1.0,509.45,0.086,23
ORD101192,2024-10-09,P-SPO-012,Sports,Football,North,Kanpur,SUP-030,9.0,WH-NO-03,155.0,11.0,105.0,337.0,12.47,1462.34,17.5,No,,Autumn,Sunny,1422.59,0.0,2.0,315.06,0.265,16
ORD101193,2024-05-12,P-SPO-001,Sports,Cricket Bat,East,Patna,SUP-010,6.0,WH-EA-05,159.0,11.0,68.0,280.0,9.18,1344.83,16.7,No,No,Summer,Cloudy,1325.42,2.0,1.0,438.1,0.114,6
ORD101194,2023-08-29,P-SPO-010,Sports,Running Shoes,North,Lucknow,SUP-004,4.0,WH-NO-03,123.0,13.0,111.0,315.0,12.4,4585.9,22.4,No,No,Autumn,,4690.2,1.0,1.0,257.14,,18
ORD101195,2022-02-24,P-ELE-006,Electronics,Smartphone Charger,South,Hyderabad,SUP-022,6.0,WH-SO-03,52.0,6.0,,290.0,7.29,10813.04,27.1,No,No,Winter,Sunny,12390.39,0.0,0.0,380.37,,8
ORD101196,2021-06-16,P-GRO-001,Grocery,Tea Powder 500g,West,Mumbai,SUP-007,9.0,WH-WE-03,220.0,66.0,403.0,1114.0,49.65,180.59,22.3,No,No,Autumn,Rainy,186.35,0.0,1.0,460.12,0.051,36
ORD101197,2023-06-14,P-FUR-011,Furniture,Dining Chair,North,Delhi,SUP-032,4.0,WH-NO-04,64.0,5.0,32.0,122.0,4.29,9264.95,12.7,Yes,No,Summer,Rainy,10271.7,0.0,1.0,293.2,0.147,5
ORD101198,2024-10-14,P-GRO-009,Grocery,Sunflower Oil 1L,South,Chennai,SUP-003,,WH-SO-04,517.0,37.0,304.0,1530.0,49.85,172.8,13.3,No,No,Autumn,Cloudy,192.09,0.0,0.0,298.72,0.048,42
ORD101199,2022-06-16,P-BEA-010,Beauty,Lipstick Set,Central,Jabalpur,SUP-017,4.0,WH-CE-03,84.0,9.0,138.0,788.0,23.27,194.55,11.8,No,No,Summer,Rainy,206.53,0.0,4.0,379.47,0.072,15
ORD101200,2024-12-21,P-CLO-006,Clothing,Woolen Sweater,East,Patna,SUP-003,8.0,WH-EA-01,298.0,32.0,97.0,536.0,19.88,1788.65,24.0,No,No,Winter,Stormy,1524.8,0.0,2.0,402.68,0.006,21
ORD101201,2021-08-14,P-CLO-005,Clothing,Men's Cotton T-Shirt,East,Guwahati,SUP-016,12.0,WH-EA-04,261.0,14.0,97.0,367.0,14.99,582.42,12.6,No,No,Summer,Sunny,571.25,0.0,2.0,480.43,0.131,17
ORD101202,2022-02-18,P-BEA-010,Beauty,Body Lotion 400ml,East,Bhubaneswar,SUP-038,6.0,WH-EA-03,448.0,5.0,129.0,496.0,18.43,260.96,20.4,No,No,Winter,Cloudy,238.19,0.0,0.0,419.12,0.082,15
ORD101203,2023-08-07,P-FUR-004,Furniture,Office Chair,North,Jaipur,SUP-027,10.0,WH-NO-05,54.0,5.0,32.0,163.0,4.6,9451.83,19.5,No,No,Summer,Sunny,11617.17,0.0,0.0,241.75,0.111,6
ORD101204,2022-12-21,P-ELE-013,Electronics,Home Router,North,Lucknow,SUP-022,13.0,WH-NO-05,83.0,4.0,54.0,183.0,7.67,5999.81,15.0,No,No,Winter,Rainy,5518.01,0.0,,,0.269,6
ORD101205,2024-01-16,P-ELE-011,Electronics,Bluetooth Speaker,West,Nagpur,SUP-007,5.0,WH-WE-01,74.0,15.0,50.0,350.0,10.55,3799.44,6.3,No,No,Winter,Sunny,3344.34,0.0,3.0,440.18,0.037,9
ORD101206,2022-05-19,P-FUR-015,Furniture,Study Table,South,Chennai,SUP-013,8.0,WH-SO-05,105.0,8.0,41.0,173.0,5.62,16091.53,20.8,No,No,Summer,Rainy,12525.17,0.0,24.0,322.38,,4
ORD101207,2024-02-06,P-CLO-001,Clothing,Cotton Saree,South,Coimbatore,SUP-016,8.0,WH-SO-05,101.0,30.0,274.0,995.0,31.89,477.59,3.4,No,No,Spring,Sunny,438.0,0.0,5.0,590.56,0.075,25
ORD101208,2022-03-16,P-GRO-009,Grocery,Sunflower Oil 1L,North,Kanpur,SUP-024,3.0,WH-NO-05,1376.0,39.0,360.0,1965.0,58.48,,10.7,No,No,Spring,Cloudy,215.6,0.0,3.0,442.19,0.031,56
ORD101209,2021-08-07,P-GRO-009,Grocery,Wheat Flour 5kg,West,Ahmedabad,SUP-009,12.0,WH-WE-03,550.0,74.0,356.0,1801.0,64.86,75.74,19.6,No,No,Autumn,Rainy,82.33,0.0,1.0,471.46,0.089,72
ORD101210,2023-04-11,P-BEA-013,Beauty,Sunscreen Lotion,North,Jaipur,SUP-040,16.0,WH-NO-02,138.0,31.0,123.0,760.0,23.08,564.37,7.1,No,No,Summer,Sunny,516.05,0.0,1.0,1535.97,0.078,20
ORD101211,2023-01-19,P-BEA-007,Beauty,Hair Oil 250ml,West,Mumbai,SUP-027,7.0,WH-WE-04,307.0,20.0,129.0,623.0,20.43,298.15,24.4,No,No,Winter,Rainy,326.09,0.0,2.0,,0.069,24
ORD101212,2023-04-09,P-CLO-015,Clothing,Formal Shirt,South,Hyderabad,SUP-013,10.0,WH-SO-05,354.0,19.0,144.0,567.0,21.77,763.39,41.1,Yes,No,Summer,Sunny,759.5,0.0,0.0,342.06,0.014,31
ORD101213,2021-02-04,P-GRO-004,Grocery,Instant Noodles Pack,East,Patna,SUP-005,8.0,WH-EA-03,576.0,26.0,245.0,1012.0,34.05,346.66,4.9,No,No,Winter,Cloudy,333.2,0.0,0.0,297.58,0.131,37
ORD101214,2022-08-24,P-GRO-013,Grocery,Toor Dal 1kg,South,Kochi,SUP-024,5.0,WH-SO-05,341.0,38.0,334.0,1277.0,42.76,457.51,4.4,No,No,Autumn,Cloudy,463.84,0.0,24.0,364.03,0.177,45
ORD101215,2021-05-12,P-CLO-008,Clothing,Denim Jeans,North,Kanpur,SUP-018,10.0,WH-NO-02,471.0,21.0,132.0,501.0,22.11,559.46,8.8,No,No,Summer,Sunny,622.91,0.0,0.0,321.19,0.114,26
ORD101216,2024-03-21,P-GRO-015,Grocery,Wheat Flour 5kg,East,Guwahati,SUP-027,5.0,WH-EA-05,177.0,,242.0,1016.0,37.56,193.45,11.9,Yes,No,Spring,Cloudy,194.24,0.0,3.0,451.78,0.143,45
ORD101217,2021-04-29,P-CLO-004,Clothing,Track Pants,West,Nagpur,SUP-024,9.0,WH-WE-01,349.0,10.0,,438.0,13.93,1651.44,5.9,No,No,Summer,Cloudy,1505.02,0.0,0.0,390.84,,9
ORD101218,2024-09-23,P-FUR-004,Furniture,Sofa Cushion Set,North,Kanpur,SUP-026,16.0,WH-NO-05,117.0,12.0,61.0,243.0,,16134.93,23.8,No,No,Autumn,Cloudy,16682.41,0.0,8.0,827.23,0.019,6
ORD101219,2021-03-25,P-ELE-009,Electronics,Smartphone Charger,South,Coimbatore,SUP-034,34.0,WH-SO-05,116.0,14.0,97.0,486.0,14.67,8245.71,11.6,No,Yes,Summer,Cloudy,8514.94,,6.0,906.27,0.07,14
ORD101220,2023-06-12,P-ELE-009,Electronics,Power Bank 10000mAh,South,Hyderabad,SUP-022,6.0,WH-SO-04,127.0,7.0,57.0,284.0,8.39,,,No,No,Autumn,Sunny,8796.64,0.0,1.0,366.28,0.049,11
ORD101221,2022-05-03,P-GRO-003,Grocery,Toor Dal 1kg,North,Lucknow,SUP-029,12.0,WH-NO-04,562.0,51.0,403.0,1317.0,48.2,401.91,8.2,No,No,Summer,Sunny,434.76,0.0,,403.49,0.261,60
ORD101222,2021-06-11,P-SPO-010,Sports,Yoga Mat,East,Ranchi,SUP-015,11.0,WH-EA-03,54.0,11.0,76.0,296.0,10.65,3108.01,8.2,No,No,Summer,Sunny,2538.84,0.0,1.0,533.16,0.018,7
ORD101223,2022-06-07,P-FUR-007,Furniture,Study Table,North,Delhi,SUP-038,14.0,WH-NO-05,41.0,5.0,49.0,141.0,5.56,,8.3,No,No,,Rainy,9162.77,0.0,1.0,372.05,0.051,6
ORD101224,2021-02-28,P-ELE-003,Electronics,Home Router,East,Kolkata,SUP-017,10.0,WH-EA-01,124.0,5.0,54.0,219.0,6.94,7286.05,8.4,No,No,Spring,Sunny,7743.23,0.0,1.0,399.67,0.02,8
ORD101225,2023-10-17,P-SPO-008,Sports,Cricket Bat,North,Kanpur,SUP-028,12.0,WH-NO-02,,12.0,76.0,328.0,11.57,2413.2,31.7,No,No,Autumn,Sunny,2133.5,0.0,2.0,455.91,0.163,12
ORD101226,2024-06-26,P-CLO-011,Clothing,Woolen Sweater,East,Kolkata,SUP-040,9.0,WH-EA-01,172.0,14.0,76.0,436.0,13.02,850.9,10.0,No,No,Autumn,Sunny,749.93,0.0,1.0,377.88,0.085,12
ORD101227,2022-04-27,P-CLO-001,Clothing,Men's Cotton T-Shirt,South,Bengaluru,SUP-014,4.0,WH-SO-02,617.0,45.0,281.0,1364.0,41.18,1759.73,10.4,No,No,Summer,Rainy,1900.24,0.0,,184.09,0.096,58
ORD101228,2022-10-04,P-SPO-014,Sports,Gym Dumbbells 5kg,South,Hyderabad,SUP-005,6.0,WH-SO-03,217.0,18.0,137.0,535.0,16.99,3590.66,20.8,Yes,No,Autumn,Cloudy,3928.03,0.0,0.0,245.6,0.141,24
ORD101229,2021-07-25,P-ELE-010,Electronics,Wireless Earbuds,South,Hyderabad,SUP-010,18.0,WH-SO-02,,11.0,55.0,287.0,10.02,12740.0,13.7,No,No,Autumn,Sunny,14125.88,0.0,2.0,467.58,0.053,12
ORD101230,2022-12-06,P-GRO-004,Grocery,Toor Dal 1kg,Central,Bhopal,SUP-010,9.0,WH-CE-03,680.0,36.0,342.0,1791.0,53.82,350.07,2.3,No,No,Winter,Rainy,330.66,0.0,0.0,250.24,0.059,56
ORD101231,2024-10-15,P-CLO-012,Clothing,Track Pants,East,Patna,SUP-003,11.0,WH-EA-02,161.0,21.0,72.0,351.0,11.7,1478.44,1.1,Yes,No,Autumn,Rainy,1502.22,0.0,1.0,385.27,0.089,18
ORD101232,2023-02-26,P-ELE-013,Electronics,Smartwatch,West,Pune,SUP-022,3.0,WH-WE-02,195.0,11.0,65.0,306.0,,3012.32,8.5,Yes,No,Winter,Rainy,3092.63,0.0,0.0,385.53,0.038,10
ORD101233,2024-07-03,P-FUR-015,Furniture,Foldable Bed,North,Lucknow,SUP-012,10.0,WH-NO-03,19.0,6.0,37.0,120.0,4.95,18837.29,16.1,No,No,Autumn,Cloudy,16264.56,0.0,0.0,403.23,0.051,5
ORD101234,2024-02-14,P-GRO-012,Grocery,Basmati Rice 5kg,South,Bengaluru,SUP-004,14.0,WH-SO-02,282.0,40.0,245.0,1060.0,34.03,104.54,2.9,No,No,Spring,Sunny,105.86,1.0,2.0,451.71,0.13,32
ORD101235,2021-07-01,P-ELE-004,Electronics,Home Router,North,Jaipur,SUP-006,9.0,WH-NO-05,,9.0,64.0,268.0,,6581.58,4.4,Yes,No,Summer,Sunny,6654.61,0.0,0.0,326.7,0.07,16
ORD101236,2021-03-19,P-GRO-003,Grocery,Toor Dal 1kg,South,Hyderabad,SUP-011,2.0,WH-SO-05,263.0,24.0,191.0,1023.0,34.51,181.88,1.8,No,No,Spring,Sunny,192.72,0.0,0.0,161.05,0.06,26
ORD101237,2022-06-15,P-CLO-004,Clothing,Kids Winter Jacket,West,Nagpur,SUP-015,5.0,WH-WE-05,189.0,14.0,113.0,412.0,14.59,1045.67,12.6,Yes,No,Autumn,Cloudy,997.86,0.0,2.0,196.42,0.025,21
ORD101238,2024-10-05,P-ELE-014,Electronics,Home Router,West,Mumbai,SUP-039,7.0,WH-WE-01,117.0,6.0,63.0,199.0,7.85,,22.1,No,No,Autumn,Sunny,,0.0,2.0,388.25,0.097,10
ORD101239,2021-09-03,P-ELE-005,Electronics,Laptop Stand,East,Guwahati,SUP-029,11.0,WH-EA-03,36.0,3.0,42.0,188.0,6.29,,22.3,No,No,Autumn,Cloudy,1502.56,0.0,3.0,472.53,0.017,6
ORD101240,2021-03-06,P-SPO-005,Sports,Running Shoes,East,Ranchi,SUP-029,4.0,WH-EA-04,97.0,17.0,61.0,238.0,10.15,1624.07,12.4,No,,Summer,Cloudy,1846.21,0.0,0.0,249.62,0.055,10
ORD101241,2024-11-02,P-GRO-014,Grocery,Sunflower Oil 1L,North,Chandigarh,SUP-028,4.0,WH-NO-02,513.0,40.0,250.0,933.0,31.85,182.82,15.5,No,No,Autumn,Cloudy,193.74,0.0,2.0,314.42,0.017,65
ORD101242,2021-10-17,P-GRO-004,Grocery,Toor Dal 1kg,North,Jaipur,SUP-033,14.0,WH-NO-02,767.0,40.0,325.0,1094.0,38.67,318.77,8.7,No,No,Autumn,Sunny,325.85,2.0,1.0,421.06,0.066,56
ORD101243,2022-06-05,P-ELE-007,Electronics,Smartwatch,West,Ahmedabad,SUP-013,2.0,WH-WE-04,122.0,10.0,72.0,331.0,9.76,5614.71,18.0,No,No,Autumn,Rainy,5083.83,0.0,2.0,340.58,0.038,9
ORD101244,2024-02-14,P-GRO-005,Grocery,Sunflower Oil 1L,North,Chandigarh,SUP-004,14.0,WH-NO-01,76.0,25.0,,764.0,21.45,395.32,21.7,Yes,No,Spring,Cloudy,353.57,1.0,0.0,344.26,0.125,22
ORD101245,2021-05-24,P-GRO-005,Grocery,Toor Dal 1kg,North,Kanpur,SUP-021,6.0,WH-NO-04,517.0,28.0,174.0,750.0,29.51,215.76,15.9,No,No,Summer,Cloudy,243.39,0.0,0.0,295.7,0.053,43
ORD101246,2021-09-07,P-FUR-009,Furniture,Dining Chair,Central,Raipur,SUP-001,13.0,WH-CE-03,54.0,4.0,37.0,159.0,4.93,11518.51,19.7,Yes,No,Autumn,Rainy,12327.32,0.0,0.0,291.52,0.101,8
ORD101247,2023-11-28,P-GRO-012,Grocery,Masala Mix 200g,Central,Raipur,SUP-009,10.0,WH-CE-04,414.0,45.0,170.0,891.0,31.83,119.92,12.5,Yes,No,Autumn,Sunny,117.19,0.0,1.0,505.0,0.088,29
ORD101248,2021-01-10,P-SPO-004,Sports,Skipping Rope,East,Ranchi,SUP-031,10.0,WH-EA-04,182.0,6.0,44.0,229.0,8.0,4100.4,6.8,No,No,Winter,Rainy,3963.67,0.0,1.0,436.08,0.048,8
ORD101249,2023-11-06,P-SPO-001,Sports,Cycling Helmet,South,Hyderabad,SUP-021,14.0,WH-SO-03,221.0,24.0,128.0,506.0,17.76,2780.39,29.9,No,,Autumn,Rainy,2829.74,0.0,1.0,411.2,0.091,20
ORD101250,2023-03-04,P-ELE-010,Electronics,Home Router,West,Mumbai,SUP-028,12.0,WH-WE-03,240.0,11.0,93.0,363.0,10.71,10996.67,3.5,Yes,No,Spring,Stormy,9813.26,0.0,2.0,439.46,0.043,8
ORD101251,2021-12-19,P-ELE-009,Electronics,Smartphone Charger,North,Jaipur,SUP-021,6.0,WH-NO-01,157.0,19.0,142.0,513.0,17.3,8230.14,15.3,No,No,Winter,Sunny,7922.22,1.0,0.0,337.9,0.049,23
ORD101252,2023-06-16,P-ELE-010,Electronics,Power Bank 10000mAh,South,Coimbatore,SUP-022,15.0,WH-SO-05,258.0,13.0,106.0,449.0,14.36,6746.2,2.1,No,No,Summer,Sunny,7076.78,0.0,1.0,521.21,0.034,13
ORD101253,2022-04-15,P-FUR-007,Furniture,Foldable Bed,South,Chennai,SUP-013,7.0,WH-SO-01,59.0,3.0,22.0,117.0,4.67,10512.7,41.4,No,No,Summer,,11140.36,0.0,3.0,392.5,0.292,6
ORD101254,2024-10-18,P-ELE-012,Electronics,Power Bank 10000mAh,Central,Gwalior,SUP-009,21.0,WH-CE-05,167.0,6.0,32.0,192.0,7.25,7540.81,,No,No,Autumn,Rainy,7318.75,0.0,3.0,602.16,0.105,8
ORD101255,2022-08-30,P-BEA-010,Beauty,Hair Oil 250ml,Central,Bhopal,SUP-011,19.0,WH-CE-05,382.0,21.0,135.0,561.0,19.79,950.84,3.7,No,No,Summer,Sunny,1072.57,0.0,1.0,489.15,0.039,22
ORD101256,2023-12-30,P-BEA-012,Beauty,Face Wash 100ml,East,Patna,SUP-032,9.0,WH-EA-04,273.0,23.0,277.0,939.0,31.32,454.7,2.4,No,No,Winter,Sunny,492.71,0.0,0.0,379.01,0.045,47
ORD101257,2022-01-27,P-BEA-011,Beauty,Sunscreen Lotion,North,Kanpur,SUP-040,3.0,WH-NO-04,322.0,18.0,150.0,791.0,24.73,150.97,23.3,No,No,Winter,Stormy,141.69,0.0,0.0,228.73,0.175,28
ORD101258,2024-05-02,P-CLO-008,Clothing,Track Pants,East,Guwahati,SUP-004,7.0,WH-EA-01,551.0,29.0,188.0,672.0,23.81,685.32,6.5,Yes,No,Summer,Sunny,615.37,0.0,1.0,377.48,0.29,30
ORD101259,2022-02-27,P-SPO-005,Sports,Cricket Bat,South,Coimbatore,SUP-022,5.0,WH-SO-05,246.0,16.0,104.0,485.0,14.17,4393.61,4.7,Yes,No,Spring,Sunny,4602.59,0.0,0.0,298.72,0.168,19
ORD101260,2023-01-13,P-ELE-009,Electronics,Smartwatch,West,Surat,SUP-019,7.0,WH-WE-03,191.0,5.0,55.0,253.0,8.67,5237.53,1.6,No,No,Winter,Rainy,5048.95,0.0,0.0,280.29,0.215,7
ORD101261,2024-03-17,P-GRO-010,Grocery,Sugar 1kg,North,Delhi,SUP-023,11.0,WH-NO-02,278.0,37.0,180.0,764.0,27.37,198.07,13.7,No,No,Spring,Sunny,187.93,,4.0,446.13,0.002,26
ORD101262,2024-09-15,P-GRO-009,Grocery,Toor Dal 1kg,North,Kanpur,SUP-010,8.0,WH-NO-04,1287.0,90.0,341.0,2123.0,65.17,72.1,30.7,No,Yes,Autumn,Cloudy,73.39,0.0,0.0,383.4,0.053,105
ORD101263,2024-01-04,P-SPO-008,Sports,Skipping Rope,West,Pune,SUP-001,13.0,WH-WE-03,128.0,19.0,151.0,649.0,20.21,3325.39,11.8,No,No,Winter,Sunny,3516.77,0.0,3.0,523.56,0.188,30
ORD101264,2023-09-03,P-CLO-006,Clothing,Women's Kurti,South,Coimbatore,SUP-009,9.0,WH-SO-02,622.0,14.0,181.0,704.0,28.63,1763.66,24.5,Yes,No,Autumn,Cloudy,1875.39,0.0,0.0,346.88,0.032,35
ORD101265,2023-10-09,P-BEA-003,Beauty,Moisturizer Cream,West,Nagpur,SUP-008,12.0,WH-WE-02,229.0,8.0,115.0,507.0,14.6,269.98,2.2,No,No,Autumn,Sunny,271.17,0.0,1.0,419.17,0.068,16
ORD101266,2022-08-17,P-ELE-007,Electronics,Home Router,North,Lucknow,SUP-003,6.0,WH-NO-01,,7.0,60.0,253.0,8.94,2534.72,9.2,No,No,Autumn,Rainy,2069.57,0.0,0.0,215.75,0.043,6
ORD101267,2023-10-01,P-SPO-014,Sports,Gym Dumbbells 5kg,West,Surat,SUP-015,13.0,WH-WE-05,183.0,28.0,139.0,609.0,20.77,1523.03,25.8,Yes,No,Autumn,Sunny,1639.32,0.0,1.0,410.98,0.075,27
ORD101268,2023-04-20,P-CLO-011,Clothing,Women's Kurti,North,Delhi,SUP-028,15.0,WH-NO-04,189.0,14.0,66.0,380.0,13.88,1429.97,24.8,No,No,Summer,Sunny,1337.76,0.0,2.0,521.21,0.076,14
ORD101269,2023-02-02,P-CLO-012,Clothing,Men's Cotton T-Shirt,North,Jaipur,SUP-039,4.0,WH-NO-02,312.0,14.0,159.0,625.0,21.79,1871.91,16.4,No,No,Spring,Stormy,1918.09,0.0,,268.52,0.145,19
ORD101270,2022-04-03,P-SPO-012,Sports,Gym Dumbbells 5kg,South,Hyderabad,SUP-027,3.0,WH-SO-04,236.0,17.0,91.0,300.0,12.07,4837.66,18.7,No,No,Summer,Rainy,4790.38,0.0,2.0,347.46,0.076,16
ORD101271,2022-05-28,P-GRO-014,Grocery,Masala Mix 200g,North,Delhi,SUP-008,9.0,WH-NO-04,475.0,30.0,254.0,941.0,30.5,461.77,7.2,No,No,Summer,Cloudy,544.67,0.0,1.0,367.46,0.061,38
ORD101272,2021-06-30,P-GRO-004,Grocery,Basmati Rice 5kg,East,Guwahati,SUP-015,7.0,WH-EA-01,560.0,34.0,169.0,774.0,27.58,434.62,7.6,,No,Summer,Rainy,506.17,0.0,0.0,222.45,0.149,41
ORD101273,2023-11-19,P-CLO-011,Clothing,Men's Cotton T-Shirt,North,Kanpur,SUP-013,10.0,WH-NO-01,649.0,28.0,225.0,896.0,30.86,1388.78,32.9,Yes,No,,Sunny,1337.73,0.0,0.0,239.54,0.075,35
ORD101274,2021-02-02,P-ELE-002,Electronics,Bluetooth Speaker,North,Delhi,SUP-009,7.0,WH-NO-02,168.0,4.0,78.0,346.0,10.51,9184.1,10.7,No,No,Spring,Cloudy,8196.16,0.0,0.0,329.28,0.202,7
ORD101275,2021-06-20,P-GRO-004,Grocery,Sunflower Oil 1L,West,Nagpur,SUP-040,12.0,WH-WE-01,332.0,20.0,243.0,1347.0,42.99,418.86,13.2,No,No,Autumn,Rainy,376.42,0.0,1.0,1531.86,0.056,37
ORD101276,2022-03-04,P-ELE-001,Electronics,Wireless Earbuds,North,Kanpur,SUP-027,5.0,WH-NO-05,270.0,11.0,97.0,458.0,,12378.57,12.1,Yes,No,,Cloudy,12647.5,0.0,0.0,257.45,0.035,17
ORD101277,2021-07-26,P-ELE-007,Electronics,LED TV 43in,East,Bhubaneswar,SUP-020,5.0,WH-EA-01,53.0,5.0,28.0,173.0,4.83,12004.56,0.7,No,No,Summer,Sunny,11486.2,2.0,0.0,224.84,0.032,2
ORD101278,2024-01-01,P-SPO-003,Sports,Running Shoes,West,Nagpur,SUP-018,2.0,WH-WE-05,58.0,15.0,79.0,357.0,13.52,2191.43,13.1,Yes,No,Winter,Rainy,1996.63,0.0,2.0,372.2,0.109,19
ORD101279,2021-07-04,P-CLO-006,Clothing,Track Pants,North,Lucknow,SUP-013,6.0,WH-NO-03,400.0,46.0,195.0,892.0,29.6,2054.65,4.0,No,No,Summer,Sunny,1968.57,0.0,1.0,248.74,0.092,31
ORD101280,2022-10-29,P-GRO-003,Grocery,Wheat Flour 5kg,West,Surat,SUP-017,7.0,WH-WE-01,881.0,42.0,266.0,1429.0,42.33,389.78,19.7,No,No,,Sunny,403.85,0.0,2.0,439.97,0.111,50
ORD101281,2023-12-07,P-GRO-001,Grocery,Sugar 1kg,South,Coimbatore,SUP-026,6.0,WH-SO-05,530.0,41.0,294.0,1451.0,42.04,213.73,16.8,Yes,No,Winter,Cloudy,212.39,0.0,0.0,205.58,0.062,63
ORD101282,2023-05-11,P-CLO-008,Clothing,Track Pants,South,Hyderabad,SUP-038,17.0,WH-SO-01,214.0,14.0,154.0,515.0,20.17,1486.92,1.6,No,No,Summer,Sunny,1429.54,0.0,1.0,529.21,0.177,14
ORD101283,2023-05-15,P-FUR-007,Furniture,Study Table,North,Kanpur,SUP-020,15.0,WH-NO-05,34.0,6.0,37.0,137.0,4.92,10778.63,15.1,Yes,No,Summer,Sunny,10470.89,0.0,2.0,495.51,0.053,5
ORD101284,2022-05-18,P-SPO-007,Sports,Skipping Rope,West,Nagpur,SUP-008,14.0,WH-WE-01,,26.0,143.0,610.0,18.28,3899.89,9.5,No,No,Summer,Sunny,3849.37,0.0,1.0,455.37,0.088,27
ORD101285,2022-10-20,P-SPO-006,Sports,Football,East,Guwahati,SUP-039,12.0,WH-EA-04,84.0,8.0,65.0,276.0,9.66,1501.01,22.6,Yes,No,Autumn,Sunny,1527.74,0.0,0.0,397.13,0.01,13
ORD101286,2024-01-26,P-GRO-007,Grocery,Sugar 1kg,East,Bhubaneswar,SUP-013,14.0,WH-EA-02,1480.0,85.0,573.0,2672.0,88.69,113.52,21.3,No,Yes,Winter,Cloudy,116.07,0.0,0.0,399.48,0.041,131
ORD101287,2022-11-27,P-GRO-001,Grocery,Instant Noodles Pack,Central,Jabalpur,SUP-004,7.0,WH-CE-03,72.0,25.0,131.0,655.0,22.98,379.46,15.9,No,No,Autumn,Cloudy,329.42,0.0,1.0,385.97,0.14,12
ORD101288,2023-10-20,P-CLO-008,Clothing,Track Pants,South,Hyderabad,SUP-022,18.0,WH-SO-05,,25.0,257.0,995.0,33.25,2080.02,2.9,Yes,No,Autumn,Cloudy,2107.76,0.0,0.0,444.34,0.158,45
ORD101289,2024-04-24,P-CLO-013,Clothing,Formal Shirt,West,Surat,SUP-032,9.0,WH-WE-04,528.0,12.0,214.0,523.0,26.72,1486.87,12.7,No,No,Summer,Cloudy,1443.8,0.0,,422.54,0.079,30
ORD101290,2021-12-24,P-CLO-003,Clothing,Cotton Saree,West,Mumbai,SUP-011,8.0,WH-WE-02,82.0,26.0,209.0,723.0,25.09,2413.92,13.1,No,Yes,Winter,Sunny,2218.14,0.0,1.0,331.59,0.084,18
ORD101291,2021-06-27,P-FUR-003,Furniture,Study Table,Central,Indore,SUP-012,8.0,WH-CE-01,25.0,6.0,35.0,142.0,4.76,15918.25,14.5,No,No,Summer,Sunny,15443.62,0.0,5.0,,0.082,5
ORD101292,2022-11-08,P-CLO-012,Clothing,Formal Shirt,Central,Jabalpur,SUP-012,10.0,WH-CE-02,508.0,15.0,135.0,595.0,20.79,2169.68,6.6,No,No,Autumn,Stormy,2370.36,0.0,0.0,363.79,0.125,25
ORD101293,2022-07-14,P-GRO-008,Grocery,Masala Mix 200g,Central,Raipur,SUP-033,10.0,WH-CE-05,116.0,36.0,,1108.0,36.53,452.92,1.8,No,No,Summer,Sunny,482.22,0.0,1.0,321.53,0.073,29
ORD101294,2021-08-07,P-GRO-004,Grocery,Sunflower Oil 1L,North,Chandigarh,SUP-039,5.0,WH-NO-03,500.0,41.0,141.0,654.0,25.13,495.96,21.1,No,No,Autumn,Sunny,499.82,0.0,0.0,330.49,0.012,35
ORD101295,2024-01-16,P-GRO-012,Grocery,Sunflower Oil 1L,West,Nagpur,SUP-034,5.0,WH-WE-04,550.0,68.0,252.0,1571.0,50.98,449.59,12.2,No,No,Winter,Stormy,417.32,0.0,0.0,354.38,0.068,60
ORD101296,2023-07-01,P-ELE-005,Electronics,Laptop Stand,West,Pune,SUP-010,11.0,WH-WE-03,78.0,8.0,58.0,250.0,7.15,4113.45,16.3,No,No,Autumn,Sunny,3666.03,0.0,0.0,347.39,0.053,9
ORD101297,2023-08-20,P-ELE-010,Electronics,Smartwatch,East,Patna,SUP-034,15.0,WH-EA-03,179.0,8.0,73.0,333.0,9.82,6966.88,23.3,No,No,Summer,Cloudy,6441.96,0.0,3.0,578.84,0.061,11
ORD101298,2023-11-03,P-BEA-009,Beauty,Lipstick Set,South,Bengaluru,SUP-013,9.0,WH-SO-01,739.0,41.0,329.0,1117.0,34.78,437.96,24.9,No,No,Autumn,Sunny,438.39,1.0,0.0,460.77,0.039,41
ORD101299,2022-09-28,P-GRO-003,Grocery,Sunflower Oil 1L,Central,Indore,SUP-035,8.0,WH-CE-01,286.0,12.0,160.0,715.0,23.24,412.27,10.0,No,No,Autumn,Cloudy,413.37,0.0,0.0,329.79,0.264,21
ORD101300,2023-01-16,P-GRO-012,Grocery,Sunflower Oil 1L,North,Chandigarh,SUP-040,12.0,WH-NO-04,92.0,25.0,182.0,719.0,25.79,503.42,9.1,Yes,No,Winter,Sunny,477.19,0.0,1.0,344.44,0.054,25
ORD101301,2021-11-24,P-CLO-010,Clothing,Cotton Saree,East,Guwahati,SUP-029,20.0,WH-EA-02,376.0,14.0,122.0,471.0,16.51,821.76,13.4,No,No,Autumn,Cloudy,879.47,0.0,2.0,560.28,0.159,16
ORD101302,2023-12-05,P-BEA-004,Beauty,Moisturizer Cream,East,Patna,SUP-039,17.0,WH-EA-02,482.0,26.0,164.0,699.0,21.44,260.37,13.6,No,No,Winter,Rainy,268.38,0.0,1.0,456.05,0.151,32
ORD101303,2024-10-14,P-GRO-012,Grocery,Instant Noodles Pack,North,Chandigarh,SUP-006,9.0,WH-NO-02,655.0,14.0,255.0,1197.0,40.5,468.98,18.8,,No,Autumn,Cloudy,369.51,0.0,1.0,388.54,0.141,31
ORD101304,2024-06-30,P-BEA-010,Beauty,Lipstick Set,West,Pune,SUP-027,18.0,WH-WE-04,251.0,52.0,205.0,1073.0,29.52,337.11,1.3,No,No,Summer,Sunny,340.05,0.0,5.0,741.79,0.184,40
ORD101305,2022-08-19,P-SPO-013,Sports,Badminton Racket,North,Kanpur,SUP-003,7.0,WH-NO-05,398.0,14.0,130.0,413.0,16.67,2260.27,,Yes,Yes,Autumn,Sunny,2396.88,0.0,0.0,198.34,0.066,22
ORD101306,2021-03-14,P-CLO-013,Clothing,Women's Kurti,West,Ahmedabad,SUP-027,12.0,WH-WE-04,287.0,33.0,193.0,655.0,22.31,1888.32,20.0,No,No,Summer,Rainy,1918.9,0.0,2.0,540.44,0.245,40
ORD101307,2024-07-06,P-FUR-005,Furniture,Sofa Cushion Set,West,Mumbai,SUP-014,9.0,WH-WE-04,116.0,6.0,31.0,146.0,5.14,19399.53,20.4,No,No,Autumn,Rainy,20302.01,0.0,0.0,350.14,0.066,4
ORD101308,2023-04-20,P-ELE-015,Electronics,LED TV 43in,South,Coimbatore,SUP-039,6.0,WH-SO-05,63.0,8.0,52.0,231.0,7.15,,24.9,Yes,No,Summer,Sunny,8458.02,0.0,2.0,412.23,0.094,6
ORD101309,2024-02-11,P-SPO-001,Sports,Cycling Helmet,West,Pune,SUP-020,8.0,WH-WE-03,431.0,20.0,131.0,608.0,18.45,,7.5,No,No,Winter,Sunny,3750.26,1.0,3.0,465.92,0.045,28
ORD101310,2022-03-16,P-GRO-006,Grocery,Toor Dal 1kg,North,Kanpur,SUP-031,7.0,WH-NO-01,863.0,45.0,295.0,1148.0,43.94,569.7,16.9,No,No,Summer,Cloudy,567.68,0.0,1.0,307.14,0.063,42
ORD101311,2024-06-12,P-SPO-010,Sports,Skipping Rope,West,Pune,SUP-013,10.0,WH-WE-03,168.0,11.0,107.0,344.0,13.25,3572.42,11.4,No,No,Summer,Rainy,3625.03,0.0,1.0,418.91,0.179,16
ORD101312,2024-05-09,P-CLO-009,Clothing,Formal Shirt,Central,Jabalpur,SUP-003,20.0,WH-CE-05,45.0,14.0,116.0,342.0,12.35,546.97,10.5,Yes,No,Summer,Rainy,521.63,0.0,1.0,601.48,0.124,12
ORD101313,2021-01-25,P-ELE-004,Electronics,Bluetooth Speaker,North,Jaipur,SUP-030,6.0,WH-NO-04,205.0,93.0,131.0,563.0,17.8,12194.82,29.8,No,Yes,Winter,Cloudy,13260.63,0.0,0.0,363.67,0.141,24
ORD101314,2023-04-06,P-ELE-003,Electronics,Bluetooth Speaker,West,Mumbai,SUP-009,11.0,WH-WE-02,330.0,17.0,92.0,464.0,14.82,3590.4,2.3,No,No,Summer,Sunny,3999.07,0.0,2.0,,0.184,12
ORD101315,2022-11-29,P-FUR-012,Furniture,Plastic Storage Rack,East,Guwahati,SUP-029,15.0,WH-EA-02,120.0,7.0,36.0,165.0,6.58,14266.05,18.5,No,No,Autumn,Rainy,13660.0,0.0,3.0,515.45,0.048,5
ORD101316,2023-08-20,P-CLO-014,Clothing,Formal Shirt,East,Guwahati,SUP-019,10.0,WH-EA-05,199.0,18.0,145.0,645.0,20.88,2299.96,19.6,No,No,Autumn,Rainy,2084.92,0.0,0.0,429.61,0.036,20
ORD101317,2022-01-15,P-ELE-011,Electronics,Home Router,West,Ahmedabad,SUP-039,13.0,WH-WE-01,167.0,9.0,80.0,307.0,10.07,2677.69,5.5,,Yes,Winter,Sunny,2389.52,0.0,0.0,458.53,0.069,12
ORD101318,2021-05-24,P-BEA-008,Beauty,Hair Oil 250ml,East,Kolkata,SUP-015,12.0,WH-EA-05,,31.0,194.0,854.0,28.64,327.25,3.0,No,No,Summer,Cloudy,337.85,0.0,2.0,515.59,0.136,31
ORD101319,2022-02-05,P-BEA-012,Beauty,Face Wash 100ml,East,Bhubaneswar,SUP-017,8.0,WH-EA-04,272.0,26.0,166.0,727.0,22.88,560.55,1.1,Yes,No,Spring,Sunny,586.91,0.0,2.0,329.22,0.106,31
ORD101320,2023-02-07,P-CLO-004,Clothing,Men's Cotton T-Shirt,North,Jaipur,SUP-030,10.0,WH-NO-05,133.0,14.0,152.0,516.0,16.82,1027.48,10.6,Yes,No,Winter,Sunny,1061.11,0.0,1.0,358.32,0.093,18
ORD101321,2022-01-30,P-CLO-015,Clothing,Men's Cotton T-Shirt,South,Bengaluru,SUP-032,3.0,WH-SO-02,593.0,19.0,209.0,821.0,27.16,1324.21,8.6,No,No,Winter,Rainy,1376.67,0.0,0.0,253.75,0.036,31
ORD101322,2022-11-10,P-ELE-002,Electronics,Laptop Stand,West,Pune,SUP-006,5.0,WH-WE-04,133.0,10.0,63.0,298.0,8.91,14029.05,3.3,No,No,Autumn,Sunny,13391.15,0.0,0.0,326.61,0.005,14
ORD101323,2022-07-23,P-BEA-009,Beauty,Herbal Shampoo 200ml,North,Jaipur,SUP-030,6.0,WH-NO-02,468.0,,167.0,1032.0,29.84,676.49,22.4,Yes,No,,Rainy,568.78,0.0,0.0,203.38,0.048,29
ORD101324,2023-10-12,P-GRO-006,Grocery,Toor Dal 1kg,East,Bhubaneswar,SUP-020,28.0,WH-EA-01,1080.0,48.0,362.0,1327.0,46.13,53.33,23.8,No,No,Autumn,Sunny,51.21,0.0,1.0,591.96,0.042,59
ORD101325,2022-08-24,P-SPO-014,Sports,Skipping Rope,North,Kanpur,SUP-040,13.0,WH-NO-03,177.0,15.0,114.0,449.0,15.07,4713.27,1.8,No,No,Summer,Sunny,5336.88,0.0,1.0,441.56,0.063,17
ORD101326,2021-07-31,P-GRO-004,Grocery,Sunflower Oil 1L,West,Pune,SUP-026,2.0,WH-WE-05,652.0,42.0,270.0,1098.0,34.3,130.67,4.3,No,No,Summer,Cloudy,133.44,0.0,0.0,166.13,0.275,39
ORD101327,2023-07-16,P-CLO-010,Clothing,Women's Kurti,East,Guwahati,SUP-031,,WH-EA-02,442.0,14.0,113.0,584.0,19.85,296.28,27.3,,No,Summer,,306.34,0.0,1.0,1046.41,0.048,21
ORD101328,2021-11-07,P-GRO-003,Grocery,Basmati Rice 5kg,South,Hyderabad,SUP-014,3.0,WH-SO-01,985.0,46.0,424.0,1955.0,60.92,368.86,11.6,No,Yes,Autumn,Cloudy,395.56,0.0,4.0,398.39,0.045,66
ORD101329,2022-03-15,P-ELE-003,Electronics,LED TV 43in,South,Chennai,SUP-012,8.0,WH-SO-05,122.0,6.0,56.0,224.0,7.38,2869.22,7.0,No,No,Spring,Sunny,2676.39,1.0,1.0,239.0,0.093,10
ORD101330,2023-10-30,P-BEA-007,Beauty,Face Wash 100ml,South,Kochi,SUP-032,8.0,WH-SO-05,344.0,24.0,133.0,790.0,24.44,784.83,11.4,No,No,Autumn,Cloudy,798.86,0.0,2.0,413.74,0.104,30
ORD101331,2022-02-03,P-CLO-012,Clothing,Cotton Saree,Central,Gwalior,SUP-001,2.0,WH-CE-05,144.0,23.0,202.0,907.0,28.33,2202.16,10.6,Yes,No,Winter,Stormy,2292.4,0.0,0.0,219.21,0.027,36
ORD101332,2021-04-01,P-CLO-005,Clothing,Cotton Saree,East,Bhubaneswar,SUP-024,14.0,WH-EA-05,245.0,21.0,210.0,766.0,25.74,2383.03,25.1,No,No,Summer,Sunny,2205.25,0.0,4.0,476.89,0.012,22
ORD101333,2022-06-11,P-SPO-011,Sports,Football,South,Chennai,SUP-039,3.0,WH-SO-05,143.0,16.0,80.0,414.0,12.66,4049.76,0.4,Yes,No,Autumn,Sunny,4167.64,0.0,1.0,248.86,0.109,13
ORD101334,2022-07-21,P-SPO-009,Sports,Gym Dumbbells 5kg,West,Nagpur,SUP-040,9.0,WH-WE-05,81.0,9.0,74.0,294.0,9.16,1823.66,20.0,No,No,Autumn,Rainy,2012.64,0.0,1.0,420.47,0.268,9
ORD101335,2023-09-30,P-BEA-015,Beauty,Moisturizer Cream,South,Bengaluru,SUP-029,11.0,WH-SO-05,354.0,282.0,271.0,1425.0,38.56,1100.32,25.1,No,No,Autumn,Sunny,1065.05,0.0,0.0,342.84,0.045,50
ORD101336,2023-11-02,P-ELE-005,Electronics,Wireless Earbuds,South,Bengaluru,SUP-020,5.0,WH-SO-04,362.0,16.0,117.0,403.0,16.45,14845.36,9.4,Yes,No,Autumn,Sunny,12799.83,0.0,0.0,274.06,0.047,21
ORD101337,2021-01-01,P-CLO-004,Clothing,Formal Shirt,South,Bengaluru,SUP-033,6.0,WH-SO-02,535.0,27.0,271.0,1080.0,33.75,1308.63,21.4,Yes,No,Winter,Rainy,1326.7,0.0,1.0,344.82,0.233,48
ORD101338,2024-01-11,P-SPO-014,Sports,Running Shoes,North,Jaipur,SUP-001,,WH-NO-03,314.0,18.0,83.0,439.0,13.26,4357.48,20.0,No,No,Winter,Sunny,4128.61,0.0,1.0,245.33,0.196,17
ORD101339,2023-12-28,P-GRO-005,Grocery,Sunflower Oil 1L,West,Mumbai,SUP-032,7.0,WH-WE-02,710.0,48.0,309.0,2008.0,54.74,270.58,6.5,No,No,Winter,Cloudy,274.5,0.0,0.0,388.7,0.059,73
ORD101340,2021-09-11,P-ELE-004,Electronics,Power Bank 10000mAh,West,Surat,SUP-008,5.0,WH-WE-03,136.0,9.0,54.0,228.0,8.03,9305.42,25.5,Yes,No,Autumn,Sunny,8678.5,0.0,1.0,340.85,0.07,8
ORD101341,2022-05-11,P-BEA-013,Beauty,Talcum Powder,Central,Bhopal,SUP-030,4.0,WH-CE-04,405.0,31.0,189.0,780.0,25.73,856.88,15.3,No,No,Summer,Cloudy,861.06,0.0,3.0,403.38,0.091,29
ORD101342,2024-01-26,P-CLO-013,Clothing,Men's Cotton T-Shirt,West,Surat,SUP-014,6.0,WH-WE-02,613.0,24.0,190.0,736.0,25.73,672.79,5.5,Yes,Yes,Winter,Cloudy,738.84,0.0,0.0,327.11,0.031,47
ORD101343,2023-04-22,P-CLO-001,Clothing,Women's Kurti,South,Coimbatore,SUP-031,10.0,WH-SO-01,,16.0,130.0,627.0,17.74,1811.04,2.3,Yes,No,Summer,Cloudy,1807.01,0.0,2.0,423.56,0.041,18
ORD101344,2022-05-12,P-SPO-013,Sports,Yoga Mat,South,Kochi,SUP-025,13.0,WH-SO-04,140.0,10.0,84.0,376.0,13.57,4629.03,26.6,No,No,Summer,Cloudy,4018.31,0.0,0.0,392.53,0.028,11
ORD101345,2024-01-18,P-FUR-010,Furniture,Dining Chair,East,Patna,SUP-038,9.0,WH-EA-05,85.0,5.0,34.0,128.0,,7813.86,19.1,Yes,No,Winter,Sunny,8048.73,0.0,0.0,470.38,0.147,10
ORD101346,2023-07-12,P-CLO-005,Clothing,Women's Kurti,Central,Bhopal,SUP-032,,WH-CE-05,391.0,15.0,133.0,495.0,19.3,918.16,17.2,,No,Summer,Sunny,919.62,1.0,0.0,217.41,0.018,24
ORD101347,2023-01-17,P-GRO-009,Grocery,Toor Dal 1kg,West,,SUP-037,9.0,WH-WE-01,202.0,34.0,322.0,808.0,37.39,237.28,14.4,Yes,No,Winter,Rainy,241.33,0.0,3.0,490.72,0.095,42
ORD101348,2021-01-09,P-GRO-004,Grocery,Tea Powder 500g,East,Bhubaneswar,SUP-007,6.0,WH-EA-03,1054.0,62.0,549.0,2077.0,69.17,1593.41,17.7,Yes,No,Winter,Rainy,496.08,0.0,3.0,346.47,0.05,93
ORD101349,2023-08-04,P-ELE-003,Electronics,Smartphone Charger,West,Nagpur,SUP-016,5.0,WH-WE-03,95.0,9.0,84.0,329.0,11.09,7885.78,11.2,No,No,Summer,Rainy,7554.53,0.0,1.0,397.78,0.016,8
ORD101350,2021-09-20,P-BEA-002,Beauty,Face Wash 100ml,West,Mumbai,SUP-018,13.0,WH-WE-03,543.0,27.0,174.0,747.0,25.5,318.45,0.4,Yes,No,Autumn,Cloudy,311.11,0.0,4.0,559.32,0.293,29
ORD101351,2024-09-06,P-BEA-003,Beauty,Face Wash 100ml,Central,Raipur,SUP-002,7.0,WH-CE-04,314.0,22.0,107.0,513.0,16.11,594.11,14.3,Yes,No,Autumn,Cloudy,545.18,0.0,1.0,,0.148,24
ORD101352,2021-10-04,P-GRO-009,Grocery,Basmati Rice 5kg,West,Mumbai,SUP-001,6.0,WH-WE-03,625.0,50.0,277.0,1324.0,40.97,344.6,14.1,No,No,Autumn,Cloudy,349.93,0.0,1.0,,0.11,41
ORD101353,2021-02-13,P-GRO-013,Grocery,Tea Powder 500g,South,Hyderabad,SUP-002,6.0,WH-SO-05,710.0,17.0,306.0,1174.0,42.03,339.57,19.3,Yes,No,Winter,Cloudy,344.11,0.0,2.0,433.14,0.162,56
ORD101354,2022-07-04,P-SPO-008,Sports,Cycling Helmet,South,Bengaluru,SUP-031,9.0,WH-SO-05,297.0,,104.0,391.0,12.95,4784.25,4.1,No,No,Summer,Sunny,4684.84,0.0,0.0,354.85,0.122,16
ORD101355,2022-05-26,P-ELE-001,Electronics,LED TV 43in,East,Guwahati,SUP-018,6.0,WH-EA-04,27.0,11.0,36.0,198.0,6.68,3482.94,1.3,No,,,Sunny,3691.1,0.0,0.0,342.47,0.145,6
ORD101356,2022-05-30,P-CLO-007,Clothing,Denim Jeans,South,Coimbatore,SUP-031,8.0,WH-SO-03,290.0,17.0,110.0,508.0,16.92,2410.01,26.2,No,No,Summer,Sunny,2210.13,0.0,2.0,485.12,0.105,17
ORD101357,2024-09-16,P-CLO-012,Clothing,Women's Kurti,Central,Bhopal,SUP-034,3.0,WH-CE-03,92.0,19.0,175.0,728.0,21.11,950.1,19.3,Yes,No,Autumn,Sunny,959.75,1.0,2.0,371.85,,25
ORD101358,2022-02-06,P-FUR-013,Furniture,TV Unit,East,Bhubaneswar,SUP-002,10.0,WH-EA-05,153.0,9.0,41.0,200.0,6.41,11060.84,11.9,Yes,No,Spring,Cloudy,11592.74,0.0,2.0,403.83,0.131,8
ORD101359,2024-05-08,P-ELE-011,Electronics,Home Router,South,Hyderabad,SUP-034,6.0,WH-SO-02,86.0,7.0,46.0,247.0,7.45,13019.19,16.9,No,No,Summer,Sunny,12454.62,0.0,1.0,411.14,0.136,6
ORD101360,2021-08-26,P-FUR-006,Furniture,Sofa Cushion Set,South,Coimbatore,SUP-010,10.0,WH-SO-05,56.0,41.0,46.0,167.0,5.7,7183.26,3.5,No,No,Summer,Cloudy,6393.94,0.0,0.0,377.73,0.291,5
ORD101361,2023-06-21,P-GRO-010,Grocery,Toor Dal 1kg,East,Bhubaneswar,SUP-017,22.0,WH-EA-03,59.0,20.0,159.0,561.0,21.09,77.41,10.3,No,No,Summer,Stormy,66.91,0.0,2.0,580.32,0.126,13
ORD101362,2021-07-11,P-FUR-002,Furniture,Office Chair,East,Bhubaneswar,SUP-039,11.0,WH-EA-01,,5.0,30.0,137.0,4.12,13593.02,33.7,Yes,No,Summer,Rainy,13761.92,0.0,1.0,431.24,0.013,4
ORD101363,2021-12-02,P-ELE-007,Electronics,Home Router,North,Kanpur,SUP-013,12.0,WH-NO-04,390.0,13.0,121.0,509.0,15.8,3244.74,19.9,No,No,Winter,Rainy,3684.47,0.0,1.0,444.13,0.096,21
ORD101364,2021-08-05,P-CLO-009,Clothing,Men's Cotton T-Shirt,West,Ahmedabad,SUP-038,20.0,WH-WE-02,613.0,40.0,206.0,878.0,30.74,1545.38,11.1,Yes,No,Autumn,Rainy,1470.0,,1.0,548.03,0.15,53
ORD101365,2022-04-28,P-CLO-001,Clothing,Women's Kurti,South,Kochi,SUP-021,9.0,WH-SO-03,578.0,24.0,171.0,715.0,24.27,361.25,6.1,No,No,Summer,Sunny,374.29,0.0,3.0,374.73,0.048,29
ORD101366,2022-11-03,P-GRO-001,Grocery,Sugar 1kg,South,Kochi,SUP-001,9.0,WH-SO-05,366.0,33.0,225.0,1004.0,31.72,303.71,7.6,No,No,Autumn,,244.78,0.0,1.0,446.52,0.13,27
ORD101367,2024-06-07,P-ELE-013,Electronics,Smartphone Charger,North,Kanpur,SUP-034,,WH-NO-04,71.0,9.0,49.0,230.0,7.41,6498.0,16.6,No,No,Summer,Cloudy,6692.04,0.0,1.0,420.19,0.069,9
ORD101368,2024-01-10,P-ELE-004,Electronics,Wireless Earbuds,East,Ranchi,SUP-002,16.0,WH-EA-04,128.0,8.0,48.0,216.0,7.28,1482.09,16.9,Yes,No,Winter,Stormy,1353.04,1.0,1.0,444.46,0.051,9
ORD101369,2023-10-18,P-GRO-002,Grocery,Tea Powder 500g,West,Surat,SUP-026,11.0,WH-WE-01,1299.0,68.0,434.0,1909.0,71.45,384.41,12.2,Yes,Yes,Autumn,Cloudy,372.31,0.0,22.0,395.4,0.027,148
ORD101370,2022-12-16,P-ELE-009,Electronics,Wireless Earbuds,West,Ahmedabad,SUP-019,5.0,WH-WE-05,347.0,9.0,95.0,523.0,14.65,1120.18,16.7,No,,,Sunny,1127.25,0.0,0.0,295.38,0.083,17
ORD101371,2022-02-22,P-SPO-005,Sports,Yoga Mat,North,Chandigarh,SUP-006,10.0,WH-NO-02,109.0,14.0,95.0,435.0,14.52,4532.16,5.8,No,No,Winter,Rainy,3930.0,1.0,1.0,296.62,0.048,13
ORD101372,2022-03-10,P-GRO-015,Grocery,Sugar 1kg,Central,Indore,SUP-021,8.0,WH-CE-01,611.0,35.0,,1312.0,39.21,204.05,15.0,Yes,No,Summer,Cloudy,255.4,0.0,0.0,,0.161,52
ORD101373,2021-07-13,P-BEA-015,Beauty,Herbal Shampoo 200ml,West,Nagpur,SUP-015,13.0,WH-WE-05,370.0,23.0,177.0,526.0,23.21,902.46,11.5,Yes,No,Autumn,Sunny,858.76,0.0,2.0,494.32,0.13,33
ORD101374,2023-08-30,P-SPO-013,Sports,Skipping Rope,South,Coimbatore,SUP-004,8.0,WH-SO-01,294.0,15.0,115.0,415.0,15.77,3568.23,0.7,No,No,Autumn,Cloudy,3741.51,0.0,2.0,499.29,0.094,14
ORD101375,2024-02-15,P-ELE-005,Electronics,Wireless Earbuds,North,Kanpur,SUP-023,18.0,WH-NO-02,305.0,17.0,108.0,419.0,12.59,11159.99,12.6,No,No,Winter,Cloudy,12492.64,0.0,1.0,515.76,0.108,16
ORD101376,2023-03-12,P-FUR-014,Furniture,Foldable Bed,South,Coimbatore,SUP-002,7.0,WH-SO-01,198.0,10.0,48.0,254.0,8.63,19985.56,20.9,No,No,Summer,Cloudy,20454.33,0.0,1.0,447.14,0.054,10
ORD101377,2023-04-22,P-SPO-004,Sports,Cricket Bat,West,Ahmedabad,SUP-022,6.0,WH-WE-04,260.0,12.0,81.0,451.0,13.59,4040.33,30.6,No,Yes,Summer,Rainy,3643.5,0.0,0.0,274.1,0.045,13
ORD101378,2022-06-29,P-FUR-004,Furniture,Sofa Cushion Set,South,Chennai,SUP-010,5.0,WH-SO-05,103.0,,70.0,246.0,8.72,17501.35,15.1,Yes,No,Autumn,Cloudy,17645.15,0.0,1.0,1170.95,0.046,13
ORD101379,2024-11-08,P-CLO-015,Clothing,Track Pants,South,Kochi,SUP-034,12.0,WH-SO-03,446.0,57.0,229.0,1182.0,39.93,2477.07,3.4,No,No,Autumn,Rainy,2112.91,0.0,1.0,321.97,0.076,35
ORD101380,2024-07-20,P-CLO-011,Clothing,Track Pants,West,Surat,SUP-039,,WH-WE-05,270.0,12.0,106.0,424.0,15.3,1546.36,5.2,Yes,No,,Sunny,1505.41,0.0,0.0,272.17,0.17,18
ORD101381,2022-08-17,P-ELE-002,Electronics,LED TV 43in,West,Nagpur,SUP-038,8.0,WH-WE-05,73.0,6.0,44.0,215.0,6.53,3749.95,10.6,No,No,Summer,Sunny,4253.01,0.0,2.0,377.15,0.089,8
ORD101382,2024-01-09,P-CLO-014,Clothing,Women's Kurti,East,Bhubaneswar,SUP-038,6.0,WH-EA-05,550.0,22.0,242.0,816.0,28.13,2444.46,11.9,No,No,Winter,Sunny,2168.49,0.0,2.0,337.36,0.033,30
ORD101383,2022-05-25,P-SPO-003,Sports,Cycling Helmet,West,Ahmedabad,SUP-005,8.0,WH-WE-01,309.0,15.0,92.0,431.0,13.27,3344.91,5.8,No,No,Summer,Cloudy,3124.37,0.0,0.0,,0.124,17
ORD101384,2021-06-30,P-SPO-011,Sports,Running Shoes,North,Delhi,SUP-021,13.0,WH-NO-02,215.0,22.0,93.0,461.0,,1802.66,12.0,Yes,No,Autumn,Rainy,2069.97,0.0,1.0,378.43,0.107,15
ORD101385,2022-03-01,P-ELE-007,Electronics,Smartphone Charger,West,Mumbai,SUP-009,5.0,WH-WE-02,230.0,18.0,96.0,389.0,13.23,9331.23,16.0,No,No,Summer,Cloudy,9201.16,0.0,0.0,221.38,0.012,19
ORD101386,2024-05-04,P-FUR-001,Furniture,Study Table,South,Coimbatore,SUP-004,12.0,WH-SO-04,,4.0,29.0,140.0,4.71,10245.79,,No,No,Summer,Sunny,9513.26,0.0,0.0,381.34,0.158,3
ORD101387,2022-12-06,P-GRO-012,Grocery,Wheat Flour 5kg,North,Lucknow,SUP-016,3.0,WH-NO-05,759.0,55.0,298.0,1310.0,46.06,181.44,8.2,Yes,No,Winter,Cloudy,187.09,0.0,0.0,282.95,0.028,67
ORD101388,2024-06-18,P-SPO-011,Sports,Running Shoes,Central,Bhopal,SUP-018,2.0,WH-CE-02,105.0,11.0,48.0,293.0,,4135.65,4.7,No,No,Autumn,Stormy,3980.55,0.0,4.0,473.07,0.082,8
ORD101389,2022-04-17,P-ELE-014,Electronics,LED TV 43in,North,Jaipur,SUP-012,12.0,WH-NO-04,239.0,,86.0,332.0,11.19,11072.34,9.1,No,No,Summer,Sunny,8666.57,0.0,2.0,483.29,,10
ORD101390,2022-11-04,P-SPO-010,Sports,Skipping Rope,North,Jaipur,SUP-005,7.0,WH-NO-01,86.0,12.0,136.0,514.0,17.56,1369.57,9.2,No,No,Autumn,Sunny,1220.51,0.0,1.0,250.75,0.094,12
ORD101391,2021-04-17,P-BEA-012,Beauty,Sunscreen Lotion,East,,SUP-017,12.0,WH-EA-03,404.0,28.0,136.0,592.0,22.19,710.64,1.7,Yes,No,Summer,Cloudy,827.58,0.0,1.0,439.0,0.102,35
ORD101392,2024-02-15,P-ELE-014,Electronics,Home Router,South,Hyderabad,SUP-007,10.0,WH-SO-04,61.0,5.0,61.0,256.0,9.03,7783.37,10.7,Yes,No,Spring,Cloudy,7987.7,0.0,1.0,470.06,0.293,5
ORD101393,2022-04-02,P-ELE-015,Electronics,Power Bank 10000mAh,North,Chandigarh,SUP-002,7.0,WH-NO-02,185.0,9.0,64.0,258.0,8.99,10121.32,11.0,Yes,No,Summer,Sunny,11306.48,1.0,1.0,362.4,0.042,13
ORD101394,2021-05-14,P-BEA-009,Beauty,Lipstick Set,East,Kolkata,SUP-019,6.0,WH-EA-01,336.0,25.0,113.0,678.0,20.37,286.29,2.1,Yes,,Summer,Sunny,262.72,0.0,0.0,363.74,0.183,26
ORD101395,2021-11-16,P-ELE-001,Electronics,Power Bank 10000mAh,West,Surat,SUP-003,11.0,WH-WE-03,115.0,77.0,77.0,296.0,10.16,4224.31,32.5,No,No,Autumn,Cloudy,4205.71,0.0,0.0,345.69,0.153,10
ORD101396,2023-08-31,P-CLO-006,Clothing,Formal Shirt,West,Pune,SUP-039,7.0,WH-WE-04,363.0,28.0,170.0,838.0,28.96,,11.1,Yes,No,Autumn,Sunny,914.1,1.0,1.0,310.88,0.058,43
ORD101397,2024-04-06,P-SPO-010,Sports,Cricket Bat,North,Kanpur,SUP-034,9.0,WH-NO-05,73.0,12.0,45.0,280.0,8.66,2327.13,13.3,Yes,No,Summer,Sunny,2225.24,0.0,2.0,383.48,0.142,10
ORD101398,2024-10-26,P-CLO-002,Clothing,Denim Jeans,East,Kolkata,SUP-038,2.0,WH-EA-04,299.0,229.0,204.0,867.0,28.83,1436.11,39.6,Yes,,Autumn,Sunny,1460.26,0.0,1.0,301.53,0.008,51
ORD101399,2021-12-11,P-GRO-002,Grocery,Toor Dal 1kg,West,Nagpur,SUP-005,8.0,WH-WE-04,322.0,82.0,379.0,1327.0,49.62,352.84,23.2,No,No,Winter,Sunny,321.37,,0.0,265.85,0.088,49
ORD101400,2023-05-13,P-CLO-006,Clothing,Woolen Sweater,North,Delhi,SUP-019,9.0,WH-NO-03,365.0,24.0,283.0,1235.0,35.64,291.37,21.9,No,No,Summer,Sunny,319.56,0.0,2.0,397.41,0.054,49
ORD101401,2022-11-02,P-ELE-014,Electronics,Power Bank 10000mAh,North,Jaipur,SUP-033,7.0,WH-NO-05,126.0,8.0,75.0,285.0,10.06,12413.64,23.7,No,No,Autumn,Rainy,12877.67,0.0,3.0,448.85,0.045,10
ORD101402,2023-11-12,P-SPO-005,Sports,Football,North,Jaipur,SUP-024,10.0,WH-NO-05,136.0,17.0,112.0,548.0,17.77,1914.46,2.8,No,Yes,Autumn,Sunny,1887.79,0.0,1.0,470.84,0.024,22
ORD101403,2023-09-10,P-GRO-015,Grocery,Basmati Rice 5kg,East,Bhubaneswar,SUP-013,15.0,WH-EA-05,135.0,58.0,370.0,1299.0,41.44,551.58,10.5,No,,Autumn,Cloudy,557.46,0.0,2.0,455.04,0.133,43
ORD101404,2021-04-13,P-ELE-013,Electronics,Smartwatch,North,Lucknow,SUP-034,4.0,WH-NO-05,133.0,8.0,47.0,154.0,6.6,3728.52,2.8,Yes,No,Summer,Cloudy,3638.33,0.0,0.0,345.74,0.065,9
ORD101405,2021-08-07,P-GRO-005,Grocery,Tea Powder 500g,West,Mumbai,SUP-013,14.0,WH-WE-03,717.0,30.0,209.0,1006.0,34.67,114.01,12.7,No,No,Autumn,,98.29,0.0,1.0,539.73,0.06,42
ORD101406,2023-05-13,P-SPO-004,Sports,Running Shoes,Central,Indore,SUP-039,9.0,WH-CE-05,232.0,7.0,84.0,294.0,10.42,1109.1,3.4,,No,Summer,Cloudy,1021.2,0.0,1.0,311.46,0.017,10
ORD101407,2023-02-16,P-ELE-013,Electronics,LED TV 43in,North,Jaipur,SUP-005,4.0,WH-NO-04,60.0,6.0,64.0,231.0,8.75,9186.71,34.8,,No,Spring,Sunny,9054.37,1.0,4.0,391.89,0.131,7
ORD101408,2024-07-18,P-SPO-012,Sports,Skipping Rope,East,Guwahati,SUP-029,,WH-EA-04,91.0,24.0,144.0,466.0,15.72,4054.87,35.3,No,No,Autumn,Rainy,3940.42,0.0,1.0,401.36,0.095,17
ORD101409,2024-05-22,P-FUR-010,Furniture,Plastic Storage Rack,North,Delhi,SUP-001,18.0,WH-NO-04,47.0,6.0,50.0,174.0,5.75,7830.41,15.0,No,No,Summer,Cloudy,8236.08,0.0,2.0,490.72,0.066,8
ORD101410,2021-03-27,P-BEA-015,Beauty,Moisturizer Cream,North,Delhi,SUP-037,3.0,WH-NO-01,158.0,38.0,235.0,1127.0,35.66,966.25,,No,No,Summer,Sunny,1009.57,0.0,1.0,300.56,0.044,26
ORD101411,2023-05-04,P-SPO-002,Sports,Badminton Racket,West,Ahmedabad,SUP-015,4.0,WH-WE-05,141.0,5.0,43.0,230.0,7.59,2518.05,12.4,No,No,Summer,Rainy,2405.27,0.0,0.0,312.16,0.074,3
ORD101412,2022-08-18,P-BEA-006,Beauty,Talcum Powder,South,Hyderabad,SUP-001,13.0,WH-SO-02,771.0,43.0,277.0,1277.0,42.77,316.31,10.0,No,No,Autumn,Sunny,292.09,0.0,1.0,439.49,0.147,41
ORD101413,2022-12-06,P-SPO-010,Sports,Badminton Racket,Central,Jabalpur,SUP-034,12.0,WH-CE-04,83.0,8.0,49.0,377.0,10.82,2776.84,10.9,No,,Winter,Sunny,2944.52,0.0,3.0,497.05,0.064,10
ORD101414,2021-04-05,P-ELE-002,Electronics,Smartwatch,East,Guwahati,SUP-039,5.0,WH-EA-05,177.0,10.0,65.0,265.0,9.17,12669.26,7.3,No,No,Summer,Sunny,12861.12,0.0,0.0,371.57,0.169,9
ORD101415,2024-05-10,P-BEA-015,Beauty,Talcum Powder,North,Chandigarh,SUP-037,9.0,WH-NO-01,309.0,30.0,269.0,835.0,33.47,478.74,11.7,,No,Summer,Cloudy,454.93,0.0,0.0,304.46,0.151,32
ORD101416,2021-08-30,P-CLO-009,Clothing,Men's Cotton T-Shirt,South,Hyderabad,SUP-020,7.0,WH-SO-02,307.0,12.0,107.0,422.0,15.3,1984.35,5.4,No,No,Summer,Cloudy,1803.06,0.0,0.0,313.39,0.221,16
ORD101417,2024-10-15,P-CLO-005,Clothing,Kids Winter Jacket,North,Jaipur,SUP-003,4.0,WH-NO-05,300.0,41.0,229.0,1018.0,30.51,,16.2,No,No,Autumn,Cloudy,590.86,0.0,0.0,254.29,0.131,38
ORD101418,2024-09-22,P-SPO-004,Sports,Running Shoes,West,Ahmedabad,SUP-010,6.0,WH-WE-02,240.0,26.0,146.0,551.0,18.74,,11.5,No,No,Autumn,Rainy,2742.98,0.0,,287.83,0.08,22
ORD101419,2024-04-14,P-SPO-001,Sports,Cycling Helmet,West,Surat,SUP-002,3.0,WH-WE-04,514.0,27.0,198.0,632.0,23.09,3540.03,9.6,Yes,No,Summer,Stormy,4017.74,2.0,0.0,197.99,0.064,36
ORD101420,2021-06-21,P-FUR-009,Furniture,Study Table,South,,SUP-002,16.0,WH-SO-03,,3.0,43.0,194.0,6.02,9875.6,9.4,,No,Summer,Sunny,9708.18,0.0,1.0,499.32,0.119,5
ORD101421,2022-08-20,P-CLO-015,Clothing,Cotton Saree,East,Ranchi,SUP-007,9.0,WH-EA-05,110.0,12.0,123.0,631.0,18.2,1206.99,10.5,No,No,Autumn,Rainy,1126.56,0.0,0.0,431.81,0.009,15
ORD101422,2021-02-04,P-CLO-001,Clothing,Track Pants,West,Nagpur,SUP-023,,WH-WE-03,225.0,14.0,129.0,595.0,20.22,1757.58,26.7,Yes,No,Winter,Sunny,2060.9,0.0,9.0,692.12,0.037,27
ORD101423,2023-06-13,P-GRO-007,Grocery,Wheat Flour 5kg,West,Ahmedabad,SUP-031,8.0,WH-WE-03,336.0,57.0,315.0,1158.0,36.23,220.01,29.1,No,No,Summer,Stormy,213.46,0.0,0.0,259.39,0.021,37
ORD101424,2024-06-16,P-GRO-010,Grocery,Sugar 1kg,North,Chandigarh,SUP-024,6.0,WH-NO-01,491.0,51.0,248.0,1337.0,38.82,81.98,10.5,No,No,Summer,Sunny,76.77,0.0,1.0,288.61,0.063,52
ORD101425,2023-02-09,P-GRO-007,Grocery,Toor Dal 1kg,North,Chandigarh,SUP-009,7.0,WH-NO-03,353.0,61.0,389.0,1576.0,43.48,228.96,14.0,No,No,Spring,Sunny,221.5,0.0,0.0,317.05,0.19,59
ORD101426,2021-02-03,P-ELE-010,Electronics,Laptop Stand,North,Kanpur,SUP-025,7.0,WH-NO-03,43.0,9.0,79.0,378.0,11.92,12063.45,21.3,No,No,Winter,Sunny,11622.3,0.0,0.0,266.0,0.05,14
ORD101427,2022-03-20,P-ELE-011,Electronics,Bluetooth Speaker,South,Bengaluru,SUP-010,12.0,WH-SO-04,168.0,4.0,43.0,209.0,6.99,1528.03,4.2,No,No,Spring,Sunny,1683.35,1.0,,440.28,0.258,6
ORD101428,2021-09-06,P-BEA-015,Beauty,Herbal Shampoo 200ml,South,Chennai,SUP-019,5.0,WH-SO-04,629.0,35.0,198.0,791.0,26.53,907.03,12.0,No,No,Autumn,Rainy,785.58,,2.0,388.18,0.072,26
ORD101429,2022-09-29,P-CLO-010,Clothing,Track Pants,North,Jaipur,SUP-036,15.0,WH-NO-04,241.0,7.0,163.0,,22.49,434.77,27.2,No,No,,Sunny,455.45,1.0,0.0,403.91,0.013,27
ORD101430,2022-06-28,P-SPO-011,Sports,Football,South,Coimbatore,SUP-006,5.0,WH-SO-03,124.0,9.0,46.0,227.0,8.66,1126.71,0.9,No,No,Autumn,Sunny,1125.72,0.0,1.0,182.78,0.063,10
ORD101431,2024-04-26,P-FUR-005,Furniture,Office Chair,South,Chennai,SUP-035,19.0,WH-SO-01,120.0,9.0,57.0,231.0,7.32,7350.43,12.6,No,No,Summer,Rainy,7023.07,0.0,1.0,522.88,0.127,5
ORD101432,2021-11-20,P-ELE-003,Electronics,Home Router,North,Delhi,SUP-011,13.0,WH-NO-02,64.0,6.0,45.0,335.0,8.85,6013.99,5.2,No,No,Autumn,,5852.37,0.0,11.0,894.93,0.06,6
ORD101433,2022-03-16,P-ELE-002,Electronics,Home Router,Central,Raipur,SUP-027,7.0,WH-CE-03,154.0,10.0,62.0,197.0,6.97,12906.62,8.7,No,No,Spring,Cloudy,12647.79,0.0,4.0,489.83,0.027,9
ORD101434,2021-12-14,P-GRO-002,Grocery,Tea Powder 500g,East,Guwahati,SUP-011,9.0,WH-EA-05,440.0,49.0,293.0,1562.0,53.23,432.16,14.7,Yes,No,Winter,Stormy,435.21,0.0,1.0,468.96,0.244,62
ORD101435,2024-07-23,P-SPO-013,Sports,Gym Dumbbells 5kg,South,Coimbatore,SUP-007,9.0,WH-SO-04,141.0,15.0,101.0,431.0,13.79,2653.79,5.1,No,Yes,Summer,,2557.97,3.0,0.0,381.61,0.202,12
ORD101436,2022-03-07,P-GRO-001,Grocery,Wheat Flour 5kg,East,Kolkata,SUP-019,6.0,WH-EA-05,153.0,30.0,196.0,898.0,25.86,225.27,10.1,No,No,Spring,Sunny,224.09,0.0,0.0,260.68,0.152,29
ORD101437,2024-12-19,P-CLO-008,Clothing,Kids Winter Jacket,South,Bengaluru,SUP-016,2.0,WH-SO-05,82.0,14.0,105.0,361.0,13.11,2013.16,4.3,No,No,Winter,Sunny,1887.97,0.0,5.0,,0.156,12
ORD101438,2023-09-01,P-SPO-010,Sports,Gym Dumbbells 5kg,West,Pune,SUP-021,6.0,WH-WE-01,237.0,13.0,83.0,436.0,15.19,1523.17,6.8,No,No,Autumn,Sunny,1789.05,0.0,2.0,354.09,0.019,19
ORD101439,2022-03-25,P-SPO-011,Sports,Gym Dumbbells 5kg,East,Bhubaneswar,SUP-010,3.0,WH-EA-01,367.0,11.0,115.0,457.0,15.18,4866.79,4.8,,No,Summer,Sunny,5259.74,0.0,3.0,341.68,0.084,16
ORD101440,2023-05-18,P-GRO-001,Grocery,Sugar 1kg,East,Kolkata,SUP-040,9.0,WH-EA-03,103.0,22.0,117.0,606.0,19.87,269.18,12.0,No,No,Summer,Cloudy,279.7,0.0,0.0,347.14,0.195,15
ORD101441,2021-06-29,P-ELE-013,Electronics,Smartwatch,Central,Bhopal,SUP-027,4.0,WH-CE-02,41.0,7.0,43.0,180.0,5.88,12883.35,17.3,No,No,Autumn,,12425.92,0.0,1.0,231.23,0.096,8
ORD101442,2024-08-13,P-ELE-007,Electronics,Home Router,West,Ahmedabad,SUP-034,,WH-WE-05,,14.0,53.0,335.0,10.73,9837.01,10.2,No,No,Autumn,Cloudy,10483.47,0.0,1.0,316.32,0.22,10
ORD101443,2024-10-30,P-ELE-001,Electronics,Laptop Stand,West,Pune,SUP-032,10.0,WH-WE-03,,9.0,69.0,292.0,9.17,2341.14,1.0,Yes,No,Autumn,Cloudy,2397.19,0.0,0.0,331.48,0.068,10
ORD101444,2022-03-06,P-ELE-002,Electronics,Bluetooth Speaker,North,Jaipur,SUP-029,8.0,WH-NO-01,82.0,8.0,64.0,237.0,7.63,6540.6,12.4,,No,Spring,Sunny,6602.89,0.0,0.0,321.24,0.011,7
ORD101445,2021-09-07,P-CLO-013,Clothing,Cotton Saree,North,Delhi,SUP-006,8.0,WH-NO-02,124.0,16.0,,662.0,21.97,2063.04,13.2,Yes,No,Autumn,Cloudy,1975.07,0.0,1.0,407.68,0.072,26
ORD101446,2022-09-19,P-SPO-015,Sports,Football,West,Nagpur,SUP-024,6.0,WH-WE-02,545.0,32.0,173.0,635.0,24.43,582.83,17.8,No,No,Autumn,Sunny,595.63,0.0,0.0,262.94,0.241,28
ORD101447,2024-02-02,P-CLO-012,Clothing,Women's Kurti,South,Bengaluru,SUP-036,5.0,WH-SO-01,349.0,,156.0,533.0,20.34,1445.42,33.0,No,No,Spring,Rainy,,0.0,0.0,147.23,0.075,21
ORD101448,2023-07-05,P-FUR-006,Furniture,Dining Chair,West,Ahmedabad,SUP-004,8.0,WH-WE-02,154.0,8.0,48.0,,6.52,19845.27,5.9,Yes,No,Summer,Sunny,19973.35,0.0,1.0,419.73,0.014,8
ORD101449,2021-02-27,P-GRO-015,Grocery,Tea Powder 500g,West,Nagpur,SUP-019,34.0,WH-WE-03,882.0,69.0,283.0,1780.0,53.1,564.52,3.1,No,No,Winter,,552.61,0.0,2.0,,,65
ORD101450,2021-01-13,P-BEA-005,Beauty,Face Wash 100ml,South,Coimbatore,SUP-008,9.0,WH-SO-05,221.0,23.0,99.0,598.0,17.39,,13.8,No,No,Winter,Cloudy,1175.55,0.0,1.0,361.68,0.181,20
ORD101451,2021-12-11,P-FUR-004,Furniture,Wooden Bookshelf,South,Kochi,SUP-032,8.0,WH-SO-04,94.0,4.0,46.0,182.0,6.98,5235.31,9.9,No,No,Winter,Cloudy,,0.0,1.0,406.32,0.135,3
ORD101452,2024-01-08,P-SPO-012,Sports,Cycling Helmet,East,Kolkata,SUP-038,5.0,WH-EA-01,146.0,5.0,61.0,283.0,8.59,4663.49,0.6,Yes,No,Winter,Sunny,4459.37,0.0,0.0,341.04,0.099,15
ORD101453,2022-01-16,P-SPO-005,Sports,Running Shoes,South,Coimbatore,SUP-003,5.0,WH-SO-03,72.0,11.0,101.0,395.0,15.54,581.6,7.4,No,No,Winter,Sunny,,0.0,0.0,300.14,0.063,12
ORD101454,2024-07-30,P-GRO-008,Grocery,Instant Noodles Pack,West,Mumbai,SUP-033,12.0,WH-WE-04,514.0,39.0,401.0,1808.0,56.5,240.89,9.6,Yes,No,Summer,Sunny,256.18,0.0,1.0,421.48,0.015,64
ORD101455,2022-03-11,P-ELE-010,Electronics,Smartwatch,West,Surat,SUP-015,10.0,WH-WE-02,197.0,14.0,71.0,255.0,8.85,14448.36,10.0,No,No,Summer,Cloudy,15841.58,0.0,0.0,335.18,0.041,7
ORD101456,2024-07-28,P-GRO-003,Grocery,Basmati Rice 5kg,South,Chennai,SUP-039,13.0,WH-SO-03,1403.0,63.0,373.0,1337.0,56.33,346.75,14.0,No,No,Autumn,Cloudy,409.6,1.0,2.0,413.39,0.101,78
ORD101457,2024-09-05,P-CLO-014,Clothing,Women's Kurti,West,Surat,SUP-001,13.0,WH-WE-05,227.0,9.0,88.0,408.0,15.04,1611.16,28.1,No,No,Autumn,Rainy,1670.23,,0.0,410.56,0.141,17
ORD101458,2023-11-30,P-SPO-003,Sports,Cricket Bat,East,Kolkata,SUP-008,5.0,WH-EA-01,210.0,9.0,97.0,368.0,12.95,813.55,6.4,No,No,Autumn,Sunny,821.15,0.0,,284.56,0.156,13
ORD101459,2021-09-14,P-GRO-015,Grocery,Sugar 1kg,West,Nagpur,SUP-029,4.0,WH-WE-03,973.0,71.0,401.0,1525.0,48.44,563.49,21.4,Yes,No,Autumn,Rainy,604.14,,4.0,417.73,0.069,88
ORD101460,2021-04-16,P-BEA-005,Beauty,Body Lotion 400ml,North,Chandigarh,SUP-032,8.0,WH-NO-04,303.0,17.0,92.0,377.0,12.57,1079.41,11.6,Yes,No,Summer,Rainy,1001.0,0.0,0.0,434.09,0.073,21
ORD101461,2021-09-11,P-CLO-007,Clothing,Formal Shirt,West,Ahmedabad,SUP-004,7.0,WH-WE-04,82.0,16.0,171.0,784.0,26.32,461.98,14.9,No,No,Autumn,Sunny,485.73,2.0,0.0,220.25,0.005,29
ORD101462,2023-07-14,P-ELE-004,Electronics,Laptop Stand,West,Ahmedabad,SUP-007,10.0,WH-WE-05,84.0,6.0,32.0,136.0,4.65,2312.85,0.5,No,No,Summer,Sunny,2505.05,0.0,1.0,415.29,0.008,5
ORD101463,2023-10-08,P-GRO-009,Grocery,Tea Powder 500g,South,Bengaluru,SUP-014,11.0,WH-SO-02,679.0,41.0,292.0,1488.0,44.91,329.68,1.7,No,No,Autumn,Cloudy,356.69,0.0,2.0,421.38,0.174,58
ORD101464,2024-12-10,P-FUR-001,Furniture,Sofa Cushion Set,East,Patna,SUP-002,11.0,WH-EA-03,44.0,6.0,43.0,160.0,5.88,16480.57,15.3,No,No,Winter,Sunny,18678.79,0.0,1.0,359.34,0.15,5
ORD101465,2024-10-23,P-FUR-003,Furniture,Sofa Cushion Set,West,Surat,SUP-032,12.0,WH-WE-05,142.0,3.0,28.0,183.0,5.77,9165.4,13.0,No,No,Autumn,Sunny,8726.63,0.0,4.0,511.08,0.082,8
ORD101466,2022-03-26,P-CLO-008,Clothing,Formal Shirt,South,Kochi,SUP-027,13.0,WH-SO-05,381.0,18.0,149.0,783.0,20.97,1259.83,10.0,No,No,Spring,Cloudy,1210.21,0.0,2.0,481.62,0.046,22
ORD101467,2022-07-23,P-GRO-011,Grocery,Sugar 1kg,West,Nagpur,SUP-030,4.0,WH-WE-05,903.0,,540.0,2517.0,79.21,417.32,15.8,Yes,No,Autumn,Cloudy,141.11,1.0,0.0,398.87,0.074,107
ORD101468,2024-02-03,P-BEA-015,Beauty,Moisturizer Cream,Central,Raipur,SUP-019,21.0,WH-CE-04,71.0,26.0,151.0,603.0,19.04,1166.8,7.3,No,No,Winter,Sunny,1062.67,1.0,1.0,604.4,0.057,19
ORD101469,2024-02-04,P-ELE-013,Electronics,Laptop Stand,West,Pune,SUP-026,11.0,WH-WE-02,109.0,6.0,44.0,226.0,8.02,12179.93,24.2,Yes,No,Winter,Rainy,12704.55,0.0,1.0,442.44,0.123,9
ORD101470,2022-04-04,P-SPO-014,Sports,Cycling Helmet,South,Hyderabad,SUP-023,19.0,WH-SO-02,507.0,32.0,136.0,850.0,23.45,4559.44,4.3,No,No,Summer,Sunny,4805.7,0.0,4.0,613.69,0.027,23
ORD101471,2021-02-15,P-ELE-012,Electronics,Smartphone Charger,East,Bhubaneswar,SUP-028,9.0,WH-EA-04,198.0,8.0,65.0,245.0,8.82,6733.06,6.3,Yes,No,Winter,Sunny,7035.54,0.0,1.0,311.52,0.1,14
ORD101472,2021-05-21,P-ELE-012,Electronics,Laptop Stand,Central,Indore,SUP-019,8.0,WH-CE-02,241.0,,81.0,289.0,9.67,11375.32,4.8,No,No,Summer,Sunny,11511.26,0.0,0.0,275.67,0.035,7
ORD101473,2024-04-18,P-CLO-006,Clothing,Men's Cotton T-Shirt,East,Patna,SUP-027,,WH-EA-04,82.0,9.0,78.0,270.0,11.44,2142.58,29.0,Yes,No,Summer,Rainy,2314.98,0.0,0.0,,0.098,14
ORD101474,2022-05-25,P-CLO-014,Clothing,Formal Shirt,North,Kanpur,SUP-026,10.0,WH-NO-03,217.0,7.0,,305.0,10.82,450.95,24.2,No,No,Summer,Rainy,471.7,0.0,1.0,,0.096,11
ORD101475,2023-11-23,P-CLO-015,Clothing,Cotton Saree,North,Lucknow,SUP-026,8.0,WH-NO-03,347.0,19.0,104.0,547.0,16.88,2474.59,21.6,No,No,Autumn,Sunny,2355.31,0.0,1.0,374.86,0.025,15
ORD101476,2024-03-16,P-CLO-008,Clothing,Denim Jeans,West,Mumbai,SUP-035,11.0,WH-WE-02,397.0,13.0,141.0,593.0,19.96,1343.31,18.7,No,No,Spring,Cloudy,1026.29,0.0,1.0,,0.15,18
ORD101477,2024-08-02,P-SPO-002,Sports,Football,South,Coimbatore,SUP-014,5.0,WH-SO-04,141.0,11.0,77.0,427.0,12.84,3344.91,8.1,,No,Autumn,Sunny,3256.38,0.0,0.0,284.02,0.052,15
ORD101478,2022-12-20,P-CLO-001,Clothing,Formal Shirt,South,Coimbatore,SUP-036,11.0,WH-SO-03,309.0,22.0,113.0,,20.13,278.78,10.0,No,No,Winter,Sunny,279.65,0.0,0.0,358.83,0.226,22
ORD101479,2023-07-21,P-CLO-008,Clothing,Men's Cotton T-Shirt,South,Chennai,SUP-002,4.0,WH-SO-02,264.0,9.0,104.0,434.0,13.74,1014.79,3.0,No,No,Autumn,Sunny,1018.63,0.0,0.0,290.66,0.089,16
ORD101480,2021-10-13,P-CLO-010,Clothing,Cotton Saree,West,Surat,SUP-020,8.0,WH-WE-02,114.0,34.0,147.0,802.0,24.23,1376.38,1.7,No,No,Autumn,Rainy,1356.65,0.0,2.0,356.1,0.058,21
ORD101481,2024-10-07,P-ELE-009,Electronics,Smartphone Charger,South,Kochi,SUP-018,13.0,WH-SO-03,142.0,9.0,70.0,231.0,9.13,1571.22,11.9,No,No,Autumn,Sunny,1503.74,0.0,0.0,433.37,0.122,7
ORD101482,2024-07-14,P-CLO-014,Clothing,Denim Jeans,West,Nagpur,SUP-035,21.0,WH-WE-04,237.0,13.0,92.0,431.0,13.22,2407.72,15.0,No,No,Autumn,Cloudy,2244.61,0.0,2.0,716.68,0.054,17
ORD101483,2022-07-24,P-GRO-009,Grocery,Wheat Flour 5kg,West,Surat,SUP-002,8.0,WH-WE-05,539.0,21.0,316.0,1140.0,39.36,128.7,29.2,Yes,No,Summer,Sunny,118.06,0.0,2.0,402.54,0.024,44
ORD101484,2022-06-21,P-FUR-010,Furniture,TV Unit,Central,Raipur,SUP-009,5.0,WH-CE-02,103.0,4.0,25.0,124.0,4.34,13556.09,1.7,No,No,Summer,Rainy,14027.8,0.0,0.0,255.8,0.057,2
ORD101485,2023-12-07,P-ELE-012,Electronics,Home Router,West,Mumbai,SUP-019,6.0,WH-WE-01,300.0,12.0,109.0,372.0,13.87,946.47,11.6,Yes,No,Winter,Stormy,1028.87,0.0,0.0,281.3,0.024,18
ORD101486,2022-08-29,P-SPO-014,Sports,Cricket Bat,South,Hyderabad,SUP-033,7.0,WH-SO-05,,8.0,90.0,401.0,12.77,1824.75,3.6,Yes,No,Autumn,Sunny,1642.09,0.0,0.0,351.03,0.103,15
ORD101487,2023-11-27,P-CLO-010,Clothing,Women's Kurti,East,Ranchi,SUP-019,7.0,WH-EA-01,473.0,28.0,125.0,,22.86,1836.77,7.6,No,No,Autumn,Cloudy,1827.76,0.0,3.0,353.64,0.193,27
ORD101488,2021-05-12,P-SPO-009,Sports,Running Shoes,North,Kanpur,SUP-026,15.0,WH-NO-05,299.0,16.0,103.0,538.0,16.5,3065.31,11.5,No,No,Summer,Cloudy,3258.72,0.0,3.0,619.05,0.045,22
ORD101489,2022-01-28,P-CLO-002,Clothing,Denim Jeans,Central,Gwalior,SUP-008,8.0,WH-CE-01,343.0,10.0,90.0,366.0,14.4,1557.33,13.9,No,No,Winter,Stormy,,0.0,1.0,367.33,0.164,12
ORD101490,2024-02-15,P-ELE-010,Electronics,Laptop Stand,South,Kochi,SUP-038,10.0,WH-SO-02,113.0,10.0,89.0,400.0,12.04,5068.92,5.0,No,No,Winter,Cloudy,5359.27,0.0,0.0,372.6,0.136,15
ORD101491,2024-09-06,P-BEA-003,Beauty,Talcum Powder,West,Ahmedabad,SUP-032,2.0,WH-WE-05,910.0,37.0,223.0,1176.0,37.23,536.42,15.3,No,No,Autumn,Sunny,582.7,0.0,2.0,304.81,0.01,44
ORD101492,2021-02-08,P-FUR-006,Furniture,Office Chair,West,Mumbai,SUP-002,8.0,WH-WE-01,82.0,14.0,50.0,240.0,8.74,18572.34,12.9,No,No,Winter,Sunny,19158.34,1.0,,320.73,,14
ORD101493,2024-02-13,P-BEA-008,Beauty,Talcum Powder,North,Chandigarh,SUP-029,7.0,WH-NO-01,179.0,28.0,167.0,838.0,25.34,579.43,10.1,No,No,Spring,,556.45,0.0,1.0,291.4,0.1,17
ORD101494,2021-04-12,P-CLO-002,Clothing,Men's Cotton T-Shirt,West,Pune,SUP-006,8.0,WH-WE-04,478.0,15.0,169.0,664.0,21.25,2424.66,5.3,Yes,No,Summer,Cloudy,2679.75,0.0,1.0,306.21,0.032,37
ORD101495,2024-06-19,P-FUR-011,Furniture,Office Chair,North,Kanpur,SUP-023,15.0,WH-NO-01,92.0,3.0,29.0,108.0,4.12,12453.61,6.1,No,No,Autumn,Sunny,12187.14,0.0,0.0,350.71,0.017,3
ORD101496,2022-01-06,P-BEA-005,Beauty,Sunscreen Lotion,South,Coimbatore,SUP-029,7.0,WH-SO-01,323.0,32.0,252.0,1148.0,37.57,279.16,9.7,No,No,,Rainy,273.19,0.0,5.0,420.49,0.058,29
ORD101497,2022-06-14,P-FUR-008,Furniture,TV Unit,South,Hyderabad,SUP-038,4.0,WH-SO-04,41.0,5.0,32.0,95.0,4.21,12911.36,8.8,No,No,Autumn,Rainy,13443.19,0.0,3.0,454.33,0.076,8
ORD101498,2023-11-14,P-GRO-006,Grocery,Tea Powder 500g,South,Chennai,SUP-003,6.0,WH-SO-05,,44.0,244.0,1307.0,40.75,544.39,9.7,Yes,No,Autumn,Cloudy,531.26,0.0,3.0,401.27,0.091,39
ORD101499,2024-05-14,P-FUR-006,Furniture,Office Chair,East,Kolkata,SUP-012,16.0,WH-EA-04,42.0,7.0,55.0,174.0,6.21,2166.15,11.2,No,No,Summer,Cloudy,2127.37,0.0,1.0,503.22,0.072,7
ORD101500,2022-08-29,P-FUR-006,Furniture,Office Chair,Central,Bhopal,SUP-028,14.0,WH-CE-05,47.0,3.0,32.0,91.0,3.65,3883.28,5.7,No,No,Autumn,Cloudy,3767.17,0.0,4.0,594.57,,5
ORD101501,2022-04-06,P-SPO-001,Sports,Skipping Rope,South,Chennai,SUP-011,7.0,WH-SO-03,91.0,7.0,90.0,318.0,13.86,1080.92,13.3,No,No,Summer,Cloudy,1065.3,0.0,1.0,353.36,0.055,10
ORD101502,2024-12-02,P-GRO-003,Grocery,Tea Powder 500g,East,Patna,SUP-029,7.0,WH-EA-04,150.0,28.0,173.0,756.0,24.46,537.1,9.8,No,No,Winter,Sunny,545.56,,0.0,348.91,0.119,29
ORD101503,2024-11-09,P-CLO-012,Clothing,Men's Cotton T-Shirt,West,Pune,SUP-008,4.0,WH-WE-05,223.0,15.0,143.0,617.0,20.83,913.7,10.4,No,No,Autumn,Sunny,769.5,0.0,1.0,380.94,0.058,19
ORD101504,2023-02-05,P-BEA-002,Beauty,Sunscreen Lotion,West,Nagpur,SUP-007,8.0,WH-WE-03,401.0,22.0,,573.0,19.74,619.88,5.9,No,No,Spring,Sunny,615.02,0.0,1.0,368.09,0.019,20
ORD101505,2021-02-04,P-CLO-008,Clothing,Formal Shirt,North,Jaipur,SUP-022,6.0,WH-NO-01,399.0,11.0,142.0,550.0,17.88,1104.33,5.7,No,No,Winter,Stormy,948.4,0.0,1.0,289.82,0.309,16
ORD101506,2024-11-16,P-BEA-003,Beauty,Face Wash 100ml,Central,Raipur,SUP-028,4.0,WH-CE-02,217.0,23.0,129.0,714.0,23.76,958.48,,No,No,Autumn,Sunny,927.3,1.0,0.0,332.34,0.061,34
ORD101507,2023-06-24,P-CLO-009,Clothing,Women's Kurti,North,Delhi,SUP-009,8.0,WH-NO-04,555.0,28.0,155.0,755.0,23.44,1978.48,24.8,No,No,Summer,Sunny,2032.0,0.0,0.0,233.74,0.154,37
ORD101508,2023-03-19,P-GRO-010,Grocery,Masala Mix 200g,East,Ranchi,SUP-035,11.0,WH-EA-05,95.0,45.0,216.0,860.0,28.69,188.07,4.0,No,No,Summer,Cloudy,183.14,,1.0,444.67,0.109,23
ORD101509,2021-06-13,P-BEA-008,Beauty,Hair Oil 250ml,East,Guwahati,SUP-035,4.0,WH-EA-04,221.0,19.0,201.0,668.0,23.36,175.82,4.9,No,No,Autumn,Rainy,185.71,0.0,1.0,309.08,0.155,23
ORD101510,2024-12-22,P-ELE-012,Electronics,Wireless Earbuds,West,Ahmedabad,SUP-004,18.0,WH-WE-03,159.0,13.0,,271.0,9.45,13156.55,26.4,No,No,Winter,Cloudy,13522.43,0.0,3.0,628.82,0.058,14
ORD101511,2023-11-17,P-ELE-004,Electronics,Wireless Earbuds,North,Chandigarh,SUP-013,6.0,WH-NO-02,193.0,,53.0,260.0,8.47,10453.16,8.3,Yes,No,Autumn,Sunny,8650.14,0.0,1.0,265.48,0.162,9
ORD101512,2021-11-15,P-FUR-009,Furniture,Wooden Bookshelf,North,Chandigarh,SUP-023,5.0,WH-NO-04,100.0,4.0,27.0,136.0,4.33,11499.54,18.7,No,No,Autumn,Cloudy,12601.61,0.0,1.0,356.35,0.106,7
ORD101513,2022-06-16,P-BEA-005,Beauty,Lipstick Set,West,Nagpur,SUP-020,8.0,WH-WE-05,471.0,23.0,153.0,659.0,23.36,,8.3,No,No,Summer,Sunny,459.92,0.0,0.0,302.1,0.012,24
ORD101514,2022-05-18,P-SPO-008,Sports,Badminton Racket,North,Jaipur,SUP-011,3.0,WH-NO-02,108.0,7.0,69.0,,8.1,604.88,19.7,Yes,No,Summer,Cloudy,577.33,0.0,1.0,252.48,0.032,10
ORD101515,2024-06-26,P-GRO-001,Grocery,Sugar 1kg,South,Hyderabad,SUP-022,4.0,WH-SO-03,1541.0,52.0,508.0,2112.0,68.57,392.76,,No,No,Summer,Cloudy,378.0,0.0,0.0,353.08,0.024,111
ORD101516,2022-11-26,P-ELE-005,Electronics,Smartphone Charger,West,Surat,SUP-039,9.0,WH-WE-03,51.0,7.0,136.0,424.0,13.69,9487.9,12.6,No,No,Autumn,Cloudy,7905.58,,1.0,436.63,0.016,8
ORD101517,2024-06-29,P-SPO-011,Sports,Cricket Bat,East,Ranchi,SUP-013,6.0,WH-EA-02,93.0,14.0,160.0,570.0,20.96,531.37,11.5,No,No,Summer,Cloudy,540.63,0.0,2.0,398.07,0.028,16
ORD101518,2023-10-03,P-ELE-012,Electronics,Laptop Stand,North,Lucknow,SUP-009,2.0,WH-NO-03,216.0,3.0,107.0,322.0,,14967.05,,No,No,Autumn,Sunny,15746.78,0.0,1.0,287.42,0.187,17
ORD101519,2022-06-22,P-ELE-005,Electronics,Home Router,South,Kochi,SUP-030,7.0,WH-SO-01,67.0,10.0,69.0,302.0,10.0,5731.6,24.8,No,No,Summer,Cloudy,5419.8,0.0,0.0,256.18,0.024,13
ORD101520,2022-08-16,P-GRO-004,Grocery,Sunflower Oil 1L,Central,Gwalior,SUP-023,6.0,WH-CE-03,474.0,27.0,116.0,597.0,18.99,141.59,10.1,No,No,Autumn,Stormy,131.34,,1.0,285.02,0.031,16
ORD101521,2024-03-29,P-CLO-005,Clothing,Denim Jeans,South,Bengaluru,SUP-028,10.0,WH-SO-01,383.0,27.0,245.0,793.0,25.74,1587.59,4.0,Yes,No,Spring,Cloudy,1605.44,0.0,0.0,382.49,0.114,38
ORD101522,2022-12-31,P-SPO-005,Sports,Running Shoes,North,,SUP-026,9.0,WH-NO-03,127.0,20.0,114.0,526.0,20.36,1569.11,32.0,Yes,No,Winter,,1719.07,0.0,2.0,345.66,0.095,25
ORD101523,2023-09-23,P-BEA-015,Beauty,Herbal Shampoo 200ml,North,Jaipur,SUP-031,13.0,WH-NO-05,459.0,15.0,139.0,595.0,19.18,1118.13,1.3,No,No,Autumn,Cloudy,,1.0,3.0,581.58,0.09,16
ORD101524,2021-06-29,P-FUR-010,Furniture,Dining Chair,South,Chennai,SUP-030,3.0,WH-SO-01,65.0,10.0,47.0,217.0,6.66,8356.9,15.2,Yes,No,Summer,Cloudy,8911.08,0.0,0.0,319.99,0.012,9
ORD101525,2022-09-16,P-ELE-006,Electronics,Smartphone Charger,Central,Indore,SUP-025,10.0,WH-CE-02,70.0,10.0,50.0,224.0,7.8,12873.58,8.7,No,No,Autumn,Sunny,14954.09,0.0,8.0,733.82,0.188,8
ORD101526,2023-04-23,P-GRO-007,Grocery,Tea Powder 500g,South,Kochi,SUP-019,5.0,WH-SO-04,233.0,24.0,293.0,1117.0,39.86,177.32,10.5,Yes,No,Summer,Stormy,190.43,0.0,1.0,352.26,0.095,35
ORD101527,2022-05-17,P-CLO-008,Clothing,Denim Jeans,North,Kanpur,SUP-019,5.0,WH-NO-05,513.0,37.0,,766.0,22.85,742.74,5.0,Yes,No,Summer,Sunny,811.47,0.0,0.0,222.61,0.095,29
ORD101528,2024-05-23,P-ELE-009,Electronics,Laptop Stand,East,Kolkata,SUP-011,7.0,WH-EA-05,180.0,12.0,52.0,283.0,8.53,2357.25,10.3,Yes,No,Summer,Sunny,2373.67,0.0,0.0,250.04,0.033,11
ORD101529,2021-11-04,P-GRO-006,Grocery,Sunflower Oil 1L,North,Jaipur,SUP-018,,WH-NO-01,646.0,21.0,178.0,860.0,31.63,556.36,13.7,Yes,No,,Sunny,540.93,0.0,1.0,498.93,0.046,47
ORD101530,2024-05-26,P-GRO-015,Grocery,Basmati Rice 5kg,South,Bengaluru,SUP-025,10.0,WH-SO-02,611.0,63.0,,1581.0,51.69,270.97,17.8,No,No,Summer,Cloudy,295.57,0.0,1.0,413.4,0.009,44
ORD101531,2021-04-03,P-ELE-005,Electronics,Smartwatch,Central,Indore,SUP-029,7.0,WH-CE-05,89.0,5.0,31.0,133.0,4.97,3224.32,22.9,Yes,No,,Cloudy,2971.26,0.0,1.0,389.73,0.091,7
ORD101532,2022-09-17,P-CLO-007,Clothing,Track Pants,West,Ahmedabad,SUP-031,10.0,WH-WE-03,460.0,,166.0,808.0,25.81,1939.9,6.9,No,No,Autumn,Cloudy,2005.67,0.0,1.0,466.3,0.067,28
ORD101533,2023-01-26,P-FUR-001,Furniture,Sofa Cushion Set,North,Lucknow,SUP-016,12.0,WH-NO-05,195.0,6.0,50.0,233.0,8.15,12769.05,35.0,No,Yes,Winter,Sunny,12148.04,0.0,2.0,583.38,0.056,10
ORD101534,2022-01-06,P-ELE-008,Electronics,Power Bank 10000mAh,South,Hyderabad,SUP-030,21.0,WH-SO-01,129.0,10.0,52.0,227.0,8.41,7588.97,18.3,No,No,Winter,Cloudy,7794.94,0.0,1.0,506.99,0.103,8
ORD101535,2023-02-28,P-CLO-013,Clothing,Formal Shirt,North,Chandigarh,SUP-018,3.0,WH-NO-01,232.0,31.0,177.0,666.0,25.9,851.22,7.8,No,No,Spring,,869.46,0.0,0.0,321.76,0.05,23
ORD101536,2024-08-09,P-BEA-015,Beauty,Herbal Shampoo 200ml,North,Chandigarh,SUP-015,18.0,WH-NO-02,92.0,29.0,90.0,536.0,15.88,300.81,16.3,No,No,Autumn,Rainy,304.73,0.0,1.0,412.04,0.044,12
ORD101537,2022-10-11,P-BEA-008,Beauty,Lipstick Set,East,,SUP-007,9.0,WH-EA-01,190.0,24.0,155.0,668.0,23.37,426.84,1.2,No,,Autumn,Sunny,426.23,0.0,1.0,356.68,0.031,31
ORD101538,2023-02-27,P-BEA-003,Beauty,Talcum Powder,East,Kolkata,SUP-011,4.0,WH-EA-05,72.0,9.0,158.0,824.0,20.85,1128.57,12.9,No,No,Spring,Sunny,1176.65,0.0,0.0,189.13,0.049,15
ORD101539,2024-10-20,P-CLO-011,Clothing,Track Pants,West,Surat,SUP-028,14.0,WH-WE-05,208.0,24.0,258.0,1162.0,33.91,1507.48,28.0,Yes,No,Autumn,Sunny,1591.03,0.0,2.0,521.55,0.01,46
ORD101540,2024-09-11,P-BEA-010,Beauty,Hair Oil 250ml,West,Pune,SUP-009,2.0,WH-WE-02,465.0,,212.0,1115.0,32.9,479.28,2.7,No,No,Autumn,Sunny,425.64,0.0,1.0,377.4,0.104,27
ORD101541,2021-01-21,P-GRO-015,Grocery,Wheat Flour 5kg,South,Bengaluru,SUP-004,7.0,WH-SO-01,74.0,23.0,158.0,608.0,25.46,164.69,8.5,No,No,Winter,Cloudy,164.09,0.0,1.0,302.57,0.102,20
ORD101542,2023-11-27,P-GRO-008,Grocery,Tea Powder 500g,Central,Raipur,SUP-011,6.0,WH-CE-01,157.0,26.0,240.0,865.0,29.2,338.27,21.3,No,No,Autumn,Stormy,326.96,0.0,0.0,187.84,0.051,23
ORD101543,2024-05-27,P-ELE-001,Electronics,Smartwatch,East,Patna,SUP-040,5.0,WH-EA-02,41.0,12.0,84.0,269.0,11.35,50145.94,4.2,Yes,No,Summer,Cloudy,14648.63,0.0,3.0,336.58,0.272,8
ORD101544,2024-10-08,P-CLO-014,Clothing,Cotton Saree,South,Bengaluru,SUP-006,12.0,WH-SO-04,305.0,30.0,157.0,659.0,20.96,2176.54,5.5,Yes,No,Autumn,Sunny,2104.08,0.0,2.0,387.89,0.015,36
ORD101545,2024-03-16,P-GRO-011,Grocery,Masala Mix 200g,West,Ahmedabad,SUP-006,12.0,WH-WE-05,103.0,34.0,253.0,,30.5,518.05,8.6,Yes,No,Spring,Sunny,570.9,0.0,1.0,269.77,0.184,28
ORD101546,2021-05-01,P-GRO-013,Grocery,Sugar 1kg,North,Kanpur,SUP-017,6.0,WH-NO-03,537.0,15.0,308.0,1313.0,38.11,508.12,2.6,No,No,Summer,Cloudy,505.35,0.0,2.0,401.21,0.113,28
ORD101547,2024-01-14,P-BEA-002,Beauty,Herbal Shampoo 200ml,East,Bhubaneswar,SUP-016,5.0,WH-EA-05,563.0,38.0,274.0,930.0,34.64,1014.0,21.8,No,No,Winter,Cloudy,1094.03,0.0,1.0,,0.089,43
ORD101548,2024-05-18,P-GRO-007,Grocery,Sunflower Oil 1L,West,Surat,SUP-037,3.0,WH-WE-05,265.0,15.0,175.0,1074.0,34.19,414.11,5.6,No,No,Summer,Rainy,382.57,0.0,0.0,209.66,0.025,22
ORD101549,2023-02-06,P-GRO-007,Grocery,Tea Powder 500g,South,Bengaluru,SUP-010,7.0,WH-SO-04,688.0,23.0,189.0,892.0,29.63,497.4,12.5,No,No,Spring,Cloudy,486.23,0.0,0.0,333.47,0.023,33
ORD101550,2021-01-31,P-ELE-005,Electronics,Power Bank 10000mAh,West,Mumbai,SUP-017,10.0,WH-WE-01,243.0,15.0,55.0,299.0,9.99,10788.32,1.6,No,No,Winter,Sunny,10257.79,0.0,0.0,389.55,0.081,10
ORD101551,2021-10-06,P-CLO-013,Clothing,Woolen Sweater,South,Chennai,SUP-012,10.0,WH-SO-05,433.0,7.0,155.0,599.0,18.52,868.98,13.8,No,No,Autumn,Stormy,896.35,0.0,0.0,444.58,0.091,18
ORD101552,2022-02-06,P-GRO-003,Grocery,Tea Powder 500g,West,Surat,SUP-010,10.0,WH-WE-05,8898.0,87.0,368.0,1751.0,55.66,478.75,4.3,No,No,Winter,Sunny,433.37,0.0,3.0,488.37,0.026,52
ORD101553,2024-06-14,P-GRO-002,Grocery,Tea Powder 500g,North,Kanpur,SUP-013,7.0,WH-NO-03,170.0,40.0,218.0,1152.0,,580.01,32.6,No,No,Summer,Cloudy,500.72,0.0,1.0,282.91,,17
ORD101554,2021-07-03,P-GRO-004,Grocery,Instant Noodles Pack,North,Delhi,SUP-011,15.0,WH-NO-03,426.0,45.0,308.0,1332.0,42.13,410.71,6.4,Yes,No,Summer,Sunny,390.15,0.0,4.0,629.7,0.092,63
ORD101555,2023-12-24,P-BEA-015,Beauty,Talcum Powder,South,Hyderabad,SUP-029,16.0,WH-SO-04,352.0,24.0,319.0,1301.0,41.82,415.81,19.8,No,No,Winter,Sunny,434.48,0.0,2.0,459.7,0.093,44
ORD101556,2021-09-19,P-SPO-002,Sports,Cricket Bat,West,Pune,SUP-032,12.0,WH-WE-03,81.0,12.0,90.0,333.0,11.98,1143.18,6.9,No,No,Autumn,Sunny,1069.13,0.0,0.0,400.87,0.078,9
ORD101557,2024-05-01,P-CLO-009,Clothing,Denim Jeans,North,Jaipur,SUP-008,8.0,WH-NO-02,2420.0,21.0,180.0,748.0,25.72,1962.62,18.4,No,No,Summer,Cloudy,2004.32,0.0,0.0,419.29,0.082,25
ORD101558,2021-01-17,P-FUR-003,Furniture,Wooden Bookshelf,West,Pune,SUP-020,12.0,WH-WE-04,181.0,6.0,68.0,223.0,8.29,8608.54,14.6,Yes,No,Winter,Sunny,8162.74,0.0,1.0,,0.091,11
ORD101559,2021-12-11,P-SPO-006,Sports,Gym Dumbbells 5kg,North,,SUP-011,5.0,WH-NO-04,235.0,10.0,70.0,309.0,10.62,2195.6,2.3,No,No,Winter,Rainy,1887.72,0.0,0.0,318.6,0.051,8
ORD101560,2021-05-29,P-SPO-009,Sports,Yoga Mat,South,Kochi,SUP-035,11.0,WH-SO-01,157.0,33.0,106.0,613.0,19.55,4420.34,5.2,Yes,No,Summer,Sunny,4721.61,0.0,2.0,355.11,0.076,27
ORD101561,2023-03-21,P-FUR-001,Furniture,Wooden Bookshelf,South,Hyderabad,SUP-005,13.0,WH-SO-04,42.0,5.0,28.0,109.0,4.25,4736.79,4.4,No,No,Summer,Sunny,4982.86,0.0,0.0,476.09,0.114,3
ORD101562,2024-02-16,P-SPO-004,Sports,Cricket Bat,North,Jaipur,SUP-017,10.0,WH-NO-01,209.0,9.0,66.0,326.0,10.07,2079.21,6.7,No,No,Winter,Cloudy,2072.59,2.0,1.0,229.14,0.18,12
ORD101563,2022-08-31,P-SPO-009,Sports,Cricket Bat,Central,Gwalior,SUP-014,7.0,WH-CE-03,172.0,9.0,66.0,254.0,8.68,2173.25,10.0,No,No,Summer,Sunny,2180.71,0.0,0.0,409.59,0.121,6
ORD101564,2023-02-19,P-BEA-001,Beauty,Lipstick Set,South,Hyderabad,SUP-015,8.0,WH-SO-01,510.0,19.0,181.0,673.0,22.76,382.71,13.5,Yes,No,Winter,Sunny,376.36,0.0,1.0,485.35,0.107,31
ORD101565,2023-07-24,P-CLO-008,Clothing,Woolen Sweater,West,Pune,SUP-038,8.0,WH-WE-05,101.0,24.0,123.0,597.0,19.93,2188.0,19.1,No,No,Summer,Sunny,2007.26,0.0,1.0,342.96,0.012,15
ORD101566,2022-10-27,P-ELE-010,Electronics,LED TV 43in,East,Ranchi,SUP-022,3.0,WH-EA-04,37.0,5.0,35.0,229.0,7.5,2397.93,26.7,Yes,Yes,Autumn,Cloudy,2648.47,0.0,4.0,,0.007,10
ORD101567,2024-01-05,P-ELE-004,Electronics,Smartphone Charger,East,Patna,SUP-016,5.0,WH-EA-03,190.0,12.0,86.0,216.0,9.55,14359.68,12.0,No,No,Winter,Sunny,14244.1,0.0,0.0,267.0,0.03,13
ORD101568,2022-02-19,P-CLO-003,Clothing,Denim Jeans,East,Ranchi,SUP-033,8.0,WH-EA-03,295.0,8.0,113.0,466.0,15.68,963.58,17.1,No,No,Spring,Cloudy,991.46,0.0,1.0,430.53,0.113,12
ORD101569,2021-09-11,P-CLO-008,Clothing,Woolen Sweater,West,Nagpur,SUP-032,7.0,WH-WE-04,508.0,21.0,115.0,665.0,23.84,692.37,7.3,No,No,Autumn,Cloudy,664.74,0.0,0.0,210.97,0.015,25
ORD101570,2021-10-01,P-GRO-011,Grocery,Sugar 1kg,West,Ahmedabad,SUP-006,5.0,WH-WE-01,1250.0,69.0,277.0,1533.0,52.46,378.85,15.4,,No,Autumn,Rainy,392.27,0.0,0.0,262.65,0.136,86
ORD101571,2021-09-12,P-CLO-001,Clothing,Cotton Saree,East,Ranchi,SUP-019,12.0,WH-EA-03,,,189.0,,26.08,2197.96,16.8,No,No,Autumn,Sunny,2399.32,0.0,1.0,440.82,0.081,42
ORD101572,2021-02-25,P-CLO-006,Clothing,Women's Kurti,East,Guwahati,SUP-017,12.0,WH-EA-04,230.0,5.0,108.0,477.0,16.72,1299.4,11.2,No,No,Winter,Rainy,1316.72,0.0,2.0,556.12,0.176,14
ORD101573,2021-03-05,P-BEA-015,Beauty,Talcum Powder,East,Guwahati,SUP-018,4.0,WH-EA-02,384.0,,148.0,494.0,17.83,305.8,15.4,No,No,Summer,Sunny,314.62,0.0,0.0,201.05,0.062,23
ORD101574,2021-03-19,P-ELE-006,Electronics,Smartphone Charger,South,Bengaluru,SUP-014,6.0,WH-SO-03,126.0,11.0,69.0,333.0,10.75,11673.2,9.7,Yes,No,Spring,Cloudy,12493.13,0.0,1.0,365.87,0.03,15
ORD101575,2021-08-18,P-GRO-005,Grocery,Masala Mix 200g,East,Kolkata,SUP-033,6.0,WH-EA-02,1032.0,313.0,328.0,1255.0,47.42,548.12,3.5,No,No,Autumn,Sunny,579.14,,1.0,346.46,0.08,57
ORD101576,2023-07-16,P-BEA-012,Beauty,Talcum Powder,South,Bengaluru,SUP-040,6.0,WH-SO-01,500.0,21.0,165.0,870.0,25.92,168.93,8.2,No,No,Summer,Cloudy,183.04,0.0,3.0,471.07,0.09,34
ORD101577,2021-12-17,P-BEA-008,Beauty,Sunscreen Lotion,West,Mumbai,SUP-002,16.0,WH-WE-05,450.0,29.0,203.0,1061.0,29.61,556.9,8.5,No,No,Winter,Sunny,571.2,0.0,2.0,576.93,0.063,41
ORD101578,2023-05-05,P-SPO-006,Sports,Skipping Rope,Central,Jabalpur,SUP-035,8.0,WH-CE-03,113.0,10.0,72.0,263.0,10.16,867.63,12.7,No,No,Summer,Sunny,889.86,0.0,1.0,322.15,0.074,13
ORD101579,2021-04-16,P-SPO-012,Sports,Cycling Helmet,Central,Bhopal,SUP-035,8.0,WH-CE-02,199.0,9.0,77.0,293.0,9.18,4946.9,7.7,No,No,Summer,Sunny,5041.63,0.0,0.0,504.61,0.15,11
ORD101580,2024-03-15,P-SPO-001,Sports,Gym Dumbbells 5kg,West,Mumbai,SUP-015,6.0,WH-WE-02,1826.0,12.0,91.0,431.0,12.5,982.66,24.7,Yes,No,Spring,Sunny,1050.64,0.0,0.0,381.25,0.052,21
ORD101581,2022-06-04,P-GRO-011,Grocery,Instant Noodles Pack,East,Ranchi,SUP-020,6.0,WH-EA-04,523.0,193.0,230.0,,32.41,248.85,14.6,Yes,No,Summer,Sunny,240.25,0.0,0.0,224.66,0.062,35
ORD101582,2022-10-07,P-GRO-006,Grocery,Tea Powder 500g,West,Pune,SUP-005,18.0,WH-WE-01,822.0,77.0,406.0,1475.0,52.24,321.09,32.6,No,No,Autumn,Cloudy,334.72,0.0,1.0,467.62,0.078,81
ORD101583,2023-09-14,P-GRO-014,Grocery,Tea Powder 500g,North,Kanpur,SUP-015,30.0,WH-NO-03,322.0,46.0,417.0,1405.0,49.85,522.52,17.9,No,No,Autumn,Sunny,618.56,1.0,3.0,815.23,0.053,58
ORD101584,2024-12-28,P-FUR-011,Furniture,Wooden Bookshelf,South,Kochi,SUP-010,15.0,WH-SO-02,72.0,7.0,28.0,170.0,5.03,16240.01,6.2,No,No,Winter,Cloudy,,0.0,1.0,436.41,0.171,8
ORD101585,2024-03-04,P-SPO-015,Sports,Running Shoes,South,Hyderabad,SUP-037,11.0,WH-SO-05,91.0,13.0,85.0,456.0,13.41,1890.05,3.4,Yes,No,Spring,Sunny,1709.04,0.0,1.0,397.01,0.076,9
ORD101586,2022-08-10,P-GRO-002,Grocery,Wheat Flour 5kg,North,Kanpur,SUP-005,22.0,WH-NO-04,231.0,26.0,,987.0,33.79,588.43,7.7,No,No,Autumn,Sunny,574.77,0.0,1.0,673.68,0.021,26
ORD101587,2022-05-21,P-CLO-003,Clothing,Women's Kurti,Central,Jabalpur,SUP-014,6.0,WH-CE-04,178.0,14.0,105.0,521.0,15.07,950.55,14.0,No,No,Summer,Sunny,997.76,1.0,0.0,359.01,,15
ORD101588,2022-05-10,P-GRO-014,Grocery,Wheat Flour 5kg,West,Mumbai,SUP-020,6.0,WH-WE-01,1259.0,26.0,347.0,1440.0,54.57,281.7,9.8,No,Yes,Summer,Cloudy,,0.0,6.0,509.67,0.068,42
ORD101589,2021-05-03,P-ELE-006,Electronics,Wireless Earbuds,East,Kolkata,SUP-040,10.0,WH-EA-01,138.0,6.0,48.0,303.0,9.61,,5.1,No,No,Summer,Cloudy,10378.94,0.0,1.0,376.78,0.163,11
ORD101590,2022-05-09,P-ELE-013,Electronics,Home Router,South,Chennai,SUP-033,9.0,WH-SO-03,148.0,7.0,60.0,244.0,8.92,8631.15,16.0,No,No,Summer,Rainy,7678.78,0.0,0.0,212.32,0.058,10
ORD101591,2024-01-15,P-ELE-011,Electronics,LED TV 43in,West,Ahmedabad,SUP-038,10.0,WH-WE-02,175.0,12.0,87.0,360.0,11.82,6388.17,3.3,No,No,Winter,Sunny,6281.72,1.0,1.0,417.57,0.098,17
ORD101592,2022-02-08,P-SPO-008,Sports,Skipping Rope,South,Coimbatore,SUP-013,12.0,WH-SO-04,96.0,15.0,86.0,293.0,10.11,4744.99,19.4,Yes,No,Spring,Cloudy,5356.79,0.0,0.0,252.0,0.152,15
ORD101593,2022-07-26,P-GRO-001,Grocery,Toor Dal 1kg,West,Mumbai,SUP-011,6.0,WH-WE-04,228.0,30.0,234.0,895.0,33.34,374.39,7.3,No,No,Autumn,Cloudy,358.48,0.0,0.0,228.04,0.101,37
ORD101594,2021-04-12,P-BEA-002,Beauty,Moisturizer Cream,Central,Bhopal,SUP-023,7.0,WH-CE-02,440.0,13.0,129.0,570.0,18.4,884.76,7.5,No,No,Summer,Rainy,946.75,0.0,1.0,272.75,0.072,30
ORD101595,2022-01-03,P-FUR-011,Furniture,Office Chair,South,Chennai,SUP-014,3.0,WH-SO-01,164.0,18.0,90.0,384.0,14.57,17135.12,29.1,No,No,Winter,Cloudy,16752.6,0.0,1.0,347.18,0.121,17
ORD101596,2021-04-11,P-ELE-002,Electronics,Power Bank 10000mAh,South,Chennai,SUP-001,7.0,WH-SO-02,109.0,8.0,53.0,244.0,7.59,2360.55,3.5,No,No,Summer,Sunny,2287.42,0.0,1.0,365.43,0.196,8
ORD101597,2022-11-19,P-ELE-001,Electronics,Smartwatch,South,Kochi,SUP-033,16.0,WH-SO-03,105.0,14.0,65.0,324.0,10.06,9601.06,10.7,Yes,No,Autumn,Stormy,9998.12,0.0,,556.49,0.105,13
ORD101598,2022-03-10,P-BEA-004,Beauty,Lipstick Set,North,Lucknow,SUP-004,3.0,WH-NO-02,374.0,33.0,194.0,776.0,25.58,655.88,9.9,No,No,Spring,Sunny,575.41,0.0,1.0,201.52,0.107,22
ORD101599,2024-11-17,P-GRO-014,Grocery,Sugar 1kg,South,Kochi,SUP-008,8.0,WH-SO-02,1006.0,50.0,319.0,1242.0,42.69,510.75,9.4,No,No,Autumn,Stormy,578.96,0.0,3.0,517.96,0.099,39
ORD101600,2023-05-12,P-SPO-010,Sports,Skipping Rope,North,Delhi,SUP-038,13.0,WH-NO-02,,13.0,97.0,366.0,11.39,2438.15,23.6,No,No,Summer,,,0.0,0.0,397.38,0.067,14
ORD101601,2022-06-29,P-ELE-011,Electronics,Laptop Stand,North,Delhi,SUP-030,20.0,WH-NO-01,209.0,14.0,77.0,345.0,10.62,2613.21,3.8,No,No,Autumn,Cloudy,2833.02,0.0,2.0,504.31,0.036,16
ORD101602,2023-02-25,P-FUR-010,Furniture,Plastic Storage Rack,South,Kochi,SUP-026,4.0,WH-SO-04,115.0,6.0,38.0,144.0,,19408.6,13.5,Yes,No,Winter,Cloudy,19008.2,0.0,0.0,235.24,0.053,8
ORD101603,2024-11-02,P-BEA-009,Beauty,Talcum Powder,North,Lucknow,SUP-006,4.0,WH-NO-05,645.0,36.0,155.0,853.0,27.94,548.06,16.1,No,No,Autumn,Sunny,569.82,0.0,2.0,445.9,0.183,32
ORD101604,2021-09-21,P-GRO-004,Grocery,Masala Mix 200g,West,Mumbai,SUP-011,7.0,WH-WE-05,763.0,49.0,281.0,1102.0,38.27,335.31,37.7,No,No,Autumn,Cloudy,360.33,0.0,3.0,381.1,0.188,61
ORD101605,2022-01-05,P-GRO-007,Grocery,Masala Mix 200g,North,Chandigarh,SUP-009,5.0,WH-NO-05,1020.0,53.0,422.0,1701.0,54.21,272.49,7.9,Yes,No,Winter,Sunny,270.51,0.0,7.0,576.07,0.078,78
ORD101606,2023-03-08,P-SPO-009,Sports,Cricket Bat,West,Mumbai,SUP-026,10.0,WH-WE-04,267.0,8.0,79.0,306.0,11.03,1889.08,6.7,No,Yes,Spring,Sunny,1757.12,0.0,1.0,394.03,0.187,22
ORD101607,2021-06-04,P-GRO-015,Grocery,Masala Mix 200g,North,Delhi,SUP-021,13.0,WH-NO-04,335.0,40.0,273.0,1204.0,39.33,85.68,,No,No,Autumn,Sunny,79.22,0.0,2.0,434.37,0.055,44
ORD101608,2023-01-30,P-CLO-014,Clothing,Women's Kurti,North,Chandigarh,SUP-015,7.0,WH-NO-01,281.0,14.0,112.0,488.0,16.43,273.36,27.6,No,No,Winter,Stormy,264.11,0.0,0.0,339.28,0.032,18
ORD101609,2021-08-18,P-CLO-012,Clothing,Kids Winter Jacket,North,Chandigarh,SUP-030,7.0,WH-NO-02,240.0,18.0,213.0,797.0,24.4,686.51,4.0,No,No,Summer,Stormy,698.98,0.0,0.0,334.04,0.092,22
ORD101610,2024-06-16,P-GRO-013,Grocery,Sugar 1kg,West,Ahmedabad,SUP-032,7.0,WH-WE-04,413.0,77.0,276.0,1479.0,52.14,166.63,12.4,Yes,No,Summer,Cloudy,164.46,0.0,1.0,337.6,0.173,69
ORD101611,2024-02-05,P-BEA-013,Beauty,Herbal Shampoo 200ml,South,Hyderabad,SUP-030,7.0,WH-SO-05,84.0,14.0,120.0,445.0,14.43,324.88,13.7,No,No,Winter,Cloudy,312.16,0.0,2.0,375.09,0.064,13
ORD101612,2021-03-13,P-BEA-011,Beauty,Face Wash 100ml,East,,SUP-005,7.0,WH-EA-05,211.0,10.0,108.0,417.0,14.51,851.86,9.8,No,No,Spring,Sunny,898.07,,0.0,246.63,0.109,15
ORD101613,2023-02-25,P-GRO-013,Grocery,Masala Mix 200g,North,Lucknow,SUP-025,9.0,WH-NO-04,840.0,65.0,301.0,1179.0,46.39,232.29,18.8,No,No,Spring,Sunny,223.72,0.0,1.0,279.07,0.097,49
ORD101614,2021-11-03,P-BEA-002,Beauty,Talcum Powder,Central,Indore,SUP-009,11.0,WH-CE-01,228.0,21.0,150.0,582.0,19.89,378.14,16.0,No,No,Autumn,Stormy,360.06,0.0,1.0,456.32,0.046,19
ORD101615,2023-05-01,P-GRO-001,Grocery,Sunflower Oil 1L,North,Lucknow,SUP-011,4.0,WH-NO-05,371.0,58.0,334.0,1433.0,44.95,270.9,11.1,No,No,Summer,Rainy,,0.0,1.0,259.91,0.032,51
ORD101616,2023-03-07,P-ELE-007,Electronics,Smartwatch,South,Hyderabad,SUP-040,11.0,WH-SO-02,132.0,8.0,52.0,,8.76,9177.23,18.0,Yes,No,Spring,Cloudy,9581.44,,1.0,433.29,0.035,9
ORD101617,2024-11-14,P-CLO-001,Clothing,Women's Kurti,West,Pune,SUP-017,10.0,WH-WE-01,246.0,28.0,192.0,667.0,23.7,1403.59,35.5,No,No,Autumn,Sunny,1266.04,0.0,0.0,369.95,0.068,32
ORD101618,2021-09-17,P-SPO-006,Sports,Gym Dumbbells 5kg,South,Coimbatore,SUP-032,4.0,WH-SO-04,128.0,22.0,134.0,612.0,18.59,3661.26,9.8,No,No,Autumn,Rainy,3271.46,0.0,3.0,386.69,0.049,19
ORD101619,2023-01-08,P-ELE-003,Electronics,LED TV 43in,South,Kochi,SUP-010,11.0,WH-SO-01,52.0,8.0,46.0,254.0,7.51,8463.01,8.6,No,No,Winter,Stormy,7713.03,,1.0,525.54,0.084,7
ORD101620,2024-11-11,P-GRO-015,Grocery,Instant Noodles Pack,West,Surat,SUP-039,6.0,WH-WE-02,542.0,32.0,342.0,1079.0,,476.91,8.1,Yes,No,Autumn,Stormy,475.74,1.0,0.0,210.62,0.086,53
ORD101621,2021-06-20,P-CLO-010,Clothing,Kids Winter Jacket,South,Chennai,SUP-012,9.0,WH-SO-04,207.0,19.0,128.0,511.0,16.81,2115.19,0.5,No,No,Autumn,Cloudy,2314.6,0.0,0.0,319.66,0.073,22
ORD101622,2022-01-07,P-BEA-001,Beauty,Lipstick Set,North,Chandigarh,SUP-008,12.0,WH-NO-05,259.0,34.0,211.0,944.0,28.43,135.29,17.2,Yes,No,Winter,Sunny,150.96,0.0,0.0,377.92,0.046,53
ORD101623,2023-11-16,P-ELE-010,Electronics,Laptop Stand,South,Hyderabad,SUP-013,11.0,WH-SO-05,66.0,4.0,57.0,237.0,6.98,9270.65,12.6,No,,Autumn,Stormy,9827.25,0.0,1.0,,0.079,8
ORD101624,2021-06-07,P-GRO-011,Grocery,Toor Dal 1kg,North,Jaipur,SUP-007,7.0,WH-NO-01,629.0,84.0,342.0,1489.0,48.6,141.75,3.7,No,No,Summer,Cloudy,163.44,0.0,3.0,417.93,0.025,73
ORD101625,2021-10-31,P-BEA-005,Beauty,Face Wash 100ml,Central,Indore,SUP-024,14.0,WH-CE-01,,27.0,142.0,600.0,18.0,1160.99,32.0,No,No,Autumn,Sunny,1179.72,0.0,1.0,404.42,0.093,20
ORD101626,2024-10-30,P-GRO-014,Grocery,Tea Powder 500g,East,Kolkata,SUP-006,8.0,WH-EA-05,489.0,41.0,309.0,1335.0,39.38,,19.8,Yes,No,Autumn,Sunny,97.79,0.0,0.0,234.87,0.038,66
ORD101627,2023-04-30,P-ELE-015,Electronics,Power Bank 10000mAh,East,Guwahati,SUP-009,10.0,WH-EA-02,50.0,8.0,40.0,199.0,6.28,12540.34,3.1,No,No,Summer,Cloudy,11967.29,0.0,1.0,370.92,0.145,8
ORD101628,2021-03-23,P-ELE-015,Electronics,Bluetooth Speaker,North,Jaipur,SUP-029,,WH-NO-01,,10.0,70.0,300.0,10.28,6638.72,17.7,No,No,Spring,Rainy,5812.28,0.0,1.0,257.28,0.066,11
ORD101629,2024-06-02,P-GRO-002,Grocery,Sunflower Oil 1L,West,Mumbai,SUP-002,8.0,WH-WE-03,1328.0,48.0,388.0,1854.0,59.58,373.28,16.0,No,No,Autumn,Rainy,364.06,,4.0,526.83,0.157,69
ORD101630,2023-02-04,P-CLO-007,Clothing,Men's Cotton T-Shirt,West,Surat,SUP-018,7.0,WH-WE-04,417.0,37.0,244.0,806.0,28.8,1380.18,15.0,Yes,No,Winter,Rainy,1366.36,0.0,1.0,261.43,0.156,46
ORD101631,2022-11-29,P-SPO-012,Sports,Yoga Mat,North,Delhi,SUP-028,10.0,WH-NO-05,315.0,10.0,76.0,,13.9,455.23,7.1,No,Yes,Autumn,Cloudy,549.37,0.0,0.0,362.96,0.111,20
ORD101632,2024-12-20,P-FUR-007,Furniture,Dining Chair,West,Surat,SUP-018,,WH-WE-03,233.0,11.0,70.0,242.0,9.52,5213.4,,No,No,Winter,Stormy,5213.22,0.0,1.0,452.3,0.051,10
ORD101633,2022-04-05,P-FUR-008,Furniture,Wooden Bookshelf,East,Guwahati,SUP-001,6.0,WH-EA-04,84.0,5.0,47.0,183.0,5.62,7262.14,4.8,No,No,Summer,,6670.82,0.0,1.0,403.12,0.015,5
ORD101634,2022-07-08,P-SPO-005,Sports,Cycling Helmet,West,Mumbai,SUP-007,5.0,WH-WE-03,88.0,9.0,71.0,410.0,12.36,1809.63,2.2,No,No,Summer,Sunny,1949.28,0.0,1.0,331.92,0.026,11
ORD101635,2023-04-21,P-GRO-007,Grocery,Wheat Flour 5kg,South,Coimbatore,SUP-039,7.0,WH-SO-05,483.0,45.0,306.0,1055.0,43.34,54.46,5.8,Yes,No,Summer,Sunny,51.15,0.0,1.0,335.71,0.131,52
ORD101636,2021-12-20,P-GRO-011,Grocery,Toor Dal 1kg,North,Delhi,SUP-031,6.0,WH-NO-03,450.0,81.0,514.0,1774.0,62.06,561.98,18.4,No,No,Winter,Rainy,568.43,0.0,6.0,581.29,,52
ORD101637,2021-07-05,P-SPO-001,Sports,Skipping Rope,West,Pune,SUP-015,5.0,WH-WE-04,45.0,13.0,80.0,342.0,12.13,3027.09,10.9,No,No,Autumn,Rainy,3239.54,0.0,1.0,417.05,0.048,11
ORD101638,2021-07-21,P-GRO-012,Grocery,Tea Powder 500g,West,Surat,SUP-035,3.0,WH-WE-05,211.0,36.0,251.0,1108.0,35.14,190.81,,No,No,Autumn,Rainy,176.59,0.0,0.0,186.5,0.064,28
ORD101639,2022-03-26,P-BEA-011,Beauty,Face Wash 100ml,South,Chennai,SUP-001,14.0,WH-SO-05,439.0,11.0,167.0,737.0,24.6,1136.74,13.6,No,No,Summer,Rainy,1274.74,1.0,1.0,365.95,0.242,19
ORD101640,2021-04-27,P-BEA-003,Beauty,Face Wash 100ml,North,Kanpur,SUP-002,4.0,WH-NO-03,360.0,16.0,103.0,546.0,17.09,335.91,5.0,Yes,No,Summer,Cloudy,366.19,0.0,0.0,196.97,0.084,19
ORD101641,2023-01-07,P-ELE-012,Electronics,Smartphone Charger,West,Nagpur,SUP-036,13.0,WH-WE-03,185.0,6.0,72.0,327.0,10.87,6999.69,16.2,Yes,No,Winter,,7197.52,0.0,2.0,444.85,0.094,11
ORD101642,2024-12-22,P-CLO-008,Clothing,Track Pants,North,Kanpur,SUP-027,,WH-NO-03,269.0,27.0,165.0,804.0,26.09,872.05,9.7,Yes,No,Winter,Sunny,994.25,0.0,1.0,360.46,0.04,37
ORD101643,2022-01-07,P-GRO-005,Grocery,Basmati Rice 5kg,South,Bengaluru,SUP-024,3.0,WH-SO-01,342.0,46.0,,1392.0,46.21,508.51,5.5,Yes,No,Winter,Rainy,492.96,0.0,2.0,429.97,0.144,51
ORD101644,2021-03-01,P-ELE-007,Electronics,Wireless Earbuds,East,Kolkata,SUP-014,8.0,WH-EA-02,73.0,6.0,54.0,211.0,6.31,1651.71,11.9,No,No,Summer,Rainy,1756.65,0.0,1.0,371.48,0.1,8
ORD101645,2021-02-27,P-CLO-008,Clothing,Track Pants,North,Delhi,SUP-033,6.0,WH-NO-04,1916.0,23.0,177.0,641.0,23.72,2340.55,12.1,Yes,No,Spring,Sunny,2392.76,0.0,1.0,303.01,0.09,28
ORD101646,2021-08-31,P-GRO-004,Grocery,Tea Powder 500g,North,Chandigarh,SUP-025,13.0,WH-NO-01,849.0,43.0,244.0,,36.97,258.74,4.1,No,No,Summer,Sunny,245.54,0.0,1.0,535.65,0.045,28
ORD101647,2023-05-05,P-BEA-010,Beauty,Talcum Powder,North,Chandigarh,SUP-018,16.0,WH-NO-04,419.0,23.0,129.0,,19.91,362.45,19.5,Yes,No,Summer,Sunny,344.83,0.0,1.0,471.28,0.093,22
ORD101648,2022-11-19,P-SPO-010,Sports,Football,Central,Gwalior,SUP-016,10.0,WH-CE-03,71.0,13.0,78.0,375.0,11.97,4957.74,28.9,No,No,Autumn,Rainy,,0.0,1.0,443.58,0.128,15
ORD101649,2022-08-10,P-BEA-006,Beauty,Hair Oil 250ml,South,,SUP-015,15.0,WH-SO-03,587.0,44.0,213.0,862.0,34.34,738.11,3.9,No,No,Summer,Cloudy,800.66,0.0,2.0,449.48,,32
ORD101650,2024-01-08,P-GRO-007,Grocery,Sunflower Oil 1L,West,Mumbai,SUP-024,,WH-WE-05,522.0,11.0,264.0,969.0,40.04,599.37,,No,No,Winter,Sunny,642.02,0.0,2.0,535.23,0.043,42
ORD101651,2022-07-25,P-GRO-010,Grocery,Tea Powder 500g,Central,,SUP-027,7.0,WH-CE-02,761.0,33.0,282.0,1494.0,46.6,325.7,6.7,No,No,Summer,Rainy,309.41,0.0,1.0,332.45,0.044,35
ORD101652,2023-06-20,P-GRO-008,Grocery,Basmati Rice 5kg,West,Surat,SUP-033,8.0,WH-WE-04,623.0,51.0,349.0,1167.0,45.14,579.57,11.4,No,No,Autumn,Sunny,612.39,0.0,5.0,502.84,0.013,50
ORD101653,2024-12-27,P-ELE-007,Electronics,Home Router,East,Guwahati,SUP-017,7.0,WH-EA-04,69.0,9.0,43.0,233.0,8.55,4885.91,11.6,Yes,No,Winter,Sunny,4742.06,0.0,,195.44,0.323,13
ORD101654,2021-09-05,P-SPO-015,Sports,Badminton Racket,East,Patna,SUP-011,11.0,WH-EA-05,154.0,9.0,88.0,317.0,12.23,4847.46,5.3,Yes,No,Autumn,Rainy,5505.95,0.0,0.0,,0.043,15
ORD101655,2021-06-13,P-GRO-014,Grocery,Wheat Flour 5kg,South,Hyderabad,SUP-023,10.0,WH-SO-05,884.0,42.0,224.0,1027.0,36.88,307.88,15.8,No,No,Autumn,Sunny,337.75,0.0,1.0,309.94,0.083,45
ORD101656,2021-11-14,P-GRO-006,Grocery,Masala Mix 200g,East,Ranchi,SUP-024,6.0,WH-EA-03,469.0,31.0,201.0,979.0,25.24,442.84,33.7,No,No,Autumn,Sunny,475.41,0.0,0.0,301.1,0.045,31
ORD101657,2021-08-14,P-BEA-011,Beauty,Face Wash 100ml,Central,Gwalior,SUP-012,1.0,WH-CE-02,157.0,26.0,229.0,972.0,33.54,570.16,7.2,Yes,No,Autumn,Cloudy,607.46,0.0,0.0,155.17,0.058,44
ORD101658,2024-04-26,P-GRO-013,Grocery,Instant Noodles Pack,West,Nagpur,SUP-003,21.0,WH-WE-04,491.0,25.0,232.0,942.0,31.47,85.0,6.4,No,No,Summer,Sunny,84.4,0.0,3.0,534.11,0.047,29
ORD101659,2024-07-04,P-ELE-002,Electronics,Smartwatch,South,Hyderabad,SUP-014,6.0,WH-SO-05,104.0,7.0,84.0,356.0,13.21,1950.51,13.6,Yes,No,Autumn,Sunny,2026.53,0.0,0.0,325.18,0.071,18
ORD101660,2023-03-29,P-ELE-009,Electronics,Laptop Stand,South,Bengaluru,SUP-003,4.0,WH-SO-02,252.0,,113.0,402.0,13.56,2812.97,9.0,No,No,Spring,,3159.83,0.0,0.0,214.91,0.081,17
ORD101661,2021-07-10,P-FUR-012,Furniture,Wooden Bookshelf,West,Surat,SUP-004,11.0,WH-WE-02,46.0,5.0,29.0,166.0,5.05,6694.71,8.3,No,No,Summer,Rainy,6944.64,2.0,1.0,356.99,0.111,6
ORD101662,2024-05-28,P-BEA-001,Beauty,Talcum Powder,North,Chandigarh,SUP-039,4.0,WH-NO-03,643.0,19.0,,858.0,28.31,1076.57,12.2,Yes,No,Summer,Cloudy,1004.16,0.0,,492.8,0.102,29
ORD101663,2024-09-02,P-GRO-006,Grocery,Toor Dal 1kg,West,Mumbai,SUP-032,10.0,WH-WE-01,364.0,44.0,314.0,1895.0,52.62,294.73,20.9,Yes,No,Autumn,Rainy,324.32,0.0,1.0,351.11,0.016,64
ORD101664,2022-08-19,P-SPO-012,Sports,Badminton Racket,South,Bengaluru,SUP-002,7.0,WH-SO-02,432.0,20.0,143.0,570.0,20.6,3243.08,5.7,No,Yes,Summer,Cloudy,3066.8,0.0,1.0,404.35,0.116,20
ORD101665,2023-09-09,P-BEA-015,Beauty,Lipstick Set,West,Pune,SUP-014,6.0,WH-WE-01,114.0,30.0,169.0,560.0,23.77,569.6,7.3,No,No,Autumn,Sunny,568.25,0.0,2.0,297.6,,21
ORD101666,2023-06-08,P-BEA-015,Beauty,Moisturizer Cream,West,Mumbai,SUP-011,8.0,WH-WE-04,299.0,21.0,137.0,752.0,24.11,249.41,16.8,No,No,Summer,Sunny,239.96,0.0,1.0,377.52,0.165,24
ORD101667,2023-02-11,P-GRO-010,Grocery,Wheat Flour 5kg,South,Coimbatore,SUP-039,8.0,WH-SO-03,924.0,39.0,319.0,1692.0,54.14,198.93,1.0,Yes,No,Winter,Sunny,157.41,0.0,2.0,435.73,0.037,43
ORD101668,2022-06-01,P-ELE-001,Electronics,Smartphone Charger,North,Jaipur,SUP-018,19.0,WH-NO-04,79.0,8.0,34.0,177.0,5.85,6860.51,5.5,No,No,Summer,Cloudy,6956.71,0.0,1.0,416.3,0.054,7
ORD101669,2022-02-11,P-SPO-001,Sports,Badminton Racket,West,Pune,SUP-011,12.0,WH-WE-01,88.0,12.0,53.0,249.0,9.62,1898.53,3.5,No,No,Winter,Cloudy,2228.54,0.0,0.0,299.88,0.172,15
ORD101670,2022-02-07,P-GRO-013,Grocery,Toor Dal 1kg,South,Bengaluru,SUP-026,3.0,WH-SO-03,380.0,28.0,285.0,1288.0,45.44,486.25,5.5,No,No,Winter,Cloudy,498.7,0.0,0.0,316.32,0.104,57
ORD101671,2022-06-10,P-FUR-012,Furniture,Plastic Storage Rack,South,Bengaluru,SUP-020,3.0,WH-SO-04,148.0,7.0,52.0,179.0,5.86,18707.05,19.7,No,No,Autumn,Rainy,23141.82,0.0,0.0,219.4,0.029,9
ORD101672,2024-01-16,P-BEA-003,Beauty,Talcum Powder,East,Ranchi,SUP-008,8.0,WH-EA-04,271.0,20.0,169.0,728.0,23.68,701.32,16.7,Yes,No,Winter,Sunny,692.72,,2.0,404.21,0.154,30
ORD101673,2024-04-21,P-ELE-002,Electronics,Wireless Earbuds,South,,SUP-013,5.0,WH-SO-04,125.0,10.0,49.0,247.0,7.71,6582.15,16.6,No,No,Summer,Rainy,6698.76,0.0,0.0,339.17,0.038,6
ORD101674,2021-06-15,P-BEA-003,Beauty,Talcum Powder,West,Mumbai,SUP-006,7.0,WH-WE-01,1009.0,37.0,284.0,1144.0,42.33,224.58,17.0,No,Yes,Autumn,Cloudy,222.71,0.0,1.0,422.93,0.047,52
ORD101675,2021-03-26,P-SPO-014,Sports,Skipping Rope,North,Jaipur,SUP-028,7.0,WH-NO-03,108.0,8.0,88.0,398.0,16.36,2885.25,1.9,Yes,No,Summer,Cloudy,2899.18,0.0,,267.14,0.107,14
ORD101676,2022-11-30,P-BEA-012,Beauty,Face Wash 100ml,South,Kochi,SUP-039,10.0,WH-SO-03,408.0,23.0,150.0,817.0,27.73,591.93,26.9,No,No,Autumn,Sunny,609.45,0.0,,348.38,0.08,32
ORD101677,2024-01-28,P-CLO-015,Clothing,Cotton Saree,West,Mumbai,SUP-033,8.0,WH-WE-05,363.0,13.0,104.0,545.0,17.1,1080.79,24.2,No,No,Winter,Sunny,1211.38,0.0,1.0,328.23,0.106,16
ORD101678,2023-03-31,P-SPO-002,Sports,Football,North,Kanpur,SUP-016,6.0,WH-NO-04,270.0,13.0,93.0,426.0,16.35,4689.19,6.1,No,No,Spring,Cloudy,4374.51,0.0,2.0,357.67,0.072,12
ORD101679,2024-04-24,P-CLO-011,Clothing,Men's Cotton T-Shirt,South,Coimbatore,SUP-020,9.0,WH-SO-05,137.0,4.0,106.0,466.0,13.4,616.48,21.9,No,,Summer,Sunny,616.91,0.0,0.0,,0.101,14
ORD101680,2023-11-09,P-BEA-014,Beauty,Body Lotion 400ml,West,Pune,SUP-003,7.0,WH-WE-01,440.0,20.0,182.0,588.0,20.3,735.01,1.8,No,No,Autumn,Rainy,771.22,0.0,2.0,359.09,0.023,25
ORD101681,2023-10-29,P-BEA-008,Beauty,Face Wash 100ml,West,Surat,SUP-015,8.0,WH-WE-03,672.0,13.0,266.0,1124.0,33.65,1139.88,16.6,No,No,Autumn,Cloudy,1256.61,0.0,0.0,438.66,0.105,52
ORD101682,2023-02-26,P-BEA-012,Beauty,Moisturizer Cream,East,Bhubaneswar,SUP-002,3.0,WH-EA-04,154.0,14.0,92.0,528.0,14.94,422.69,,Yes,No,,Cloudy,349.72,0.0,4.0,373.12,0.017,14
ORD101683,2021-03-21,P-GRO-010,Grocery,Basmati Rice 5kg,West,Surat,SUP-030,9.0,WH-WE-01,166.0,9.0,235.0,840.0,33.48,342.84,25.5,No,No,Spring,Sunny,304.49,0.0,1.0,212.6,0.077,21
ORD101684,2021-09-20,P-ELE-001,Electronics,Smartphone Charger,North,Delhi,SUP-037,12.0,WH-NO-04,170.0,6.0,72.0,301.0,9.55,14089.18,14.0,Yes,No,Autumn,Rainy,14134.96,0.0,4.0,523.94,0.088,10
ORD101685,2023-12-22,P-GRO-007,Grocery,Basmati Rice 5kg,South,Chennai,SUP-008,5.0,WH-SO-02,1338.0,65.0,413.0,1975.0,,402.0,30.3,Yes,No,Winter,Rainy,438.0,0.0,0.0,167.83,0.093,85
ORD101686,2022-03-28,P-CLO-004,Clothing,Track Pants,Central,Gwalior,SUP-027,9.0,WH-CE-01,444.0,22.0,159.0,532.0,18.58,2377.03,10.1,,No,Summer,Sunny,2285.63,,1.0,394.53,0.105,25
ORD101687,2023-11-23,P-CLO-002,Clothing,Men's Cotton T-Shirt,West,Nagpur,SUP-024,4.0,WH-WE-04,691.0,24.0,182.0,1136.0,31.68,1141.97,22.0,No,No,Autumn,Cloudy,1203.08,0.0,0.0,248.27,0.064,38
ORD101688,2022-05-11,P-CLO-009,Clothing,Track Pants,East,Kolkata,SUP-017,4.0,WH-EA-03,195.0,18.0,109.0,501.0,15.2,1335.42,2.2,Yes,No,Summer,Rainy,1546.72,0.0,0.0,386.37,0.039,22
ORD101689,2021-01-20,P-GRO-014,Grocery,Sunflower Oil 1L,South,Chennai,SUP-030,11.0,WH-SO-03,567.0,16.0,248.0,1034.0,35.65,189.6,11.6,No,No,Winter,Sunny,189.76,,1.0,464.64,0.224,36
ORD101690,2023-09-16,P-BEA-001,Beauty,Talcum Powder,South,Coimbatore,SUP-028,15.0,WH-SO-02,340.0,,128.0,577.0,19.32,814.37,11.9,No,No,Autumn,Sunny,,,1.0,335.53,0.038,17
ORD101691,2024-07-27,P-SPO-005,Sports,Skipping Rope,North,Kanpur,SUP-011,7.0,WH-NO-04,65.0,,73.0,344.0,13.6,3435.71,8.6,Yes,No,Summer,Stormy,3565.4,0.0,2.0,305.63,0.101,13
ORD101692,2022-10-14,P-GRO-011,Grocery,Sugar 1kg,West,Surat,SUP-032,6.0,WH-WE-04,665.0,44.0,259.0,1326.0,47.42,114.26,7.4,No,No,Autumn,Cloudy,115.91,0.0,1.0,310.58,0.16,54
ORD101693,2021-07-13,P-BEA-005,Beauty,Body Lotion 400ml,West,Surat,SUP-027,6.0,WH-WE-04,325.0,45.0,429.0,1642.0,51.33,100.2,17.0,No,No,Autumn,Stormy,102.25,0.0,0.0,304.35,0.084,56
ORD101694,2022-08-29,P-FUR-002,Furniture,Wooden Bookshelf,South,Chennai,SUP-013,7.0,WH-SO-04,155.0,2.0,56.0,206.0,7.05,12552.03,19.9,No,No,Autumn,Sunny,12370.41,0.0,1.0,399.94,0.138,7
ORD101695,2024-11-04,P-CLO-003,Clothing,Track Pants,South,Bengaluru,SUP-030,10.0,WH-SO-04,269.0,14.0,82.0,440.0,14.19,2117.1,21.1,No,No,Autumn,Cloudy,2073.55,0.0,2.0,463.69,0.046,17
ORD101696,2022-04-11,P-ELE-001,Electronics,Smartphone Charger,South,Coimbatore,SUP-026,5.0,WH-SO-01,56.0,15.0,63.0,412.0,12.32,2494.34,6.5,Yes,No,Summer,Cloudy,2293.91,0.0,1.0,345.7,0.165,13
ORD101697,2021-04-14,P-BEA-015,Beauty,Sunscreen Lotion,North,Jaipur,SUP-005,10.0,WH-NO-01,125.0,22.0,138.0,655.0,19.64,1058.59,5.7,No,No,Summer,Cloudy,1110.53,0.0,3.0,,,18
ORD101698,2024-01-27,P-SPO-008,Sports,Cycling Helmet,West,Ahmedabad,SUP-007,8.0,WH-WE-05,199.0,12.0,79.0,356.0,11.43,1001.26,1.2,No,No,Winter,Rainy,917.97,0.0,0.0,297.91,0.036,9
ORD101699,2021-12-14,P-BEA-015,Beauty,Hair Oil 250ml,East,,SUP-013,6.0,WH-EA-02,646.0,17.0,156.0,836.0,29.49,448.81,24.3,No,No,Winter,Cloudy,419.47,0.0,0.0,309.12,0.002,32
ORD101700,2021-02-24,P-SPO-011,Sports,Yoga Mat,North,Lucknow,SUP-002,7.0,WH-NO-03,,16.0,142.0,475.0,15.55,4866.26,19.4,No,No,Spring,Rainy,4399.93,0.0,0.0,323.87,0.079,16
ORD101701,2023-10-06,P-SPO-006,Sports,Running Shoes,East,Bhubaneswar,SUP-017,8.0,WH-EA-02,353.0,12.0,130.0,479.0,15.6,4540.37,4.9,No,No,Autumn,Sunny,4421.9,0.0,1.0,387.03,0.077,16
ORD101702,2022-05-10,P-GRO-015,Grocery,Masala Mix 200g,Central,Indore,SUP-019,4.0,WH-CE-05,276.0,38.0,157.0,750.0,26.72,424.31,4.3,No,No,Summer,Stormy,425.19,0.0,0.0,206.42,0.085,20
ORD101703,2021-07-20,P-FUR-004,Furniture,TV Unit,North,Chandigarh,SUP-032,6.0,WH-NO-05,74.0,11.0,81.0,299.0,9.61,18565.0,21.2,Yes,No,Summer,Cloudy,16931.72,0.0,2.0,365.85,0.096,10
ORD101704,2021-03-20,P-CLO-003,Clothing,Cotton Saree,South,Bengaluru,SUP-007,5.0,WH-SO-03,594.0,27.0,180.0,687.0,24.9,897.42,10.8,Yes,No,Spring,Sunny,878.3,0.0,1.0,372.73,0.051,25
ORD101705,2021-09-28,P-SPO-013,Sports,Running Shoes,East,Guwahati,SUP-023,21.0,WH-EA-04,64.0,9.0,73.0,281.0,9.37,1318.86,10.9,No,No,Autumn,Sunny,1335.92,0.0,1.0,518.38,0.073,10
ORD101706,2021-08-07,P-ELE-009,Electronics,Power Bank 10000mAh,North,Lucknow,SUP-027,7.0,WH-NO-03,151.0,11.0,,433.0,15.36,2920.1,13.1,No,No,Summer,Sunny,2553.49,0.0,1.0,374.5,0.01,10
ORD101707,2021-01-17,P-GRO-007,Grocery,Sugar 1kg,East,Guwahati,SUP-018,,WH-EA-04,470.0,32.0,320.0,1196.0,41.85,293.25,21.2,No,No,Winter,Sunny,275.43,0.0,1.0,291.01,0.07,47
ORD101708,2022-06-26,P-SPO-009,Sports,Football,East,Bhubaneswar,SUP-037,10.0,WH-EA-05,160.0,19.0,110.0,387.0,11.83,3387.17,9.5,No,No,Autumn,Rainy,3876.18,0.0,1.0,385.75,0.03,20
ORD101709,2024-04-22,P-GRO-015,Grocery,Instant Noodles Pack,North,Kanpur,SUP-013,12.0,WH-NO-04,323.0,25.0,277.0,1099.0,33.56,279.37,4.2,Yes,No,Summer,Stormy,263.53,0.0,,456.84,0.157,31
ORD101710,2022-08-02,P-BEA-005,Beauty,Herbal Shampoo 200ml,North,Lucknow,SUP-017,3.0,WH-NO-01,95.0,11.0,84.0,320.0,10.86,364.9,9.4,No,No,Summer,Sunny,385.58,0.0,0.0,293.59,0.038,12
ORD101711,2021-02-24,P-GRO-014,Grocery,Tea Powder 500g,West,Pune,SUP-001,7.0,WH-WE-03,409.0,50.0,246.0,1647.0,48.73,580.17,13.4,Yes,No,Spring,Sunny,556.61,0.0,0.0,252.16,0.123,55
ORD101712,2024-07-12,P-SPO-014,Sports,Yoga Mat,South,Chennai,SUP-017,8.0,WH-SO-05,205.0,16.0,123.0,501.0,15.54,4427.66,7.3,No,Yes,Autumn,Sunny,4498.54,0.0,0.0,132.43,0.028,24
ORD101713,2023-07-14,P-SPO-012,Sports,Football,East,Guwahati,SUP-001,6.0,WH-EA-01,263.0,12.0,84.0,356.0,11.2,1336.44,10.0,No,No,Autumn,Rainy,1251.2,0.0,1.0,411.34,0.102,10
ORD101714,2024-11-09,P-GRO-003,Grocery,Wheat Flour 5kg,East,Kolkata,SUP-040,5.0,WH-EA-02,829.0,53.0,208.0,1007.0,33.81,115.04,11.5,Yes,No,,Cloudy,97.54,0.0,1.0,391.06,0.226,45
ORD101715,2023-05-01,P-BEA-002,Beauty,Face Wash 100ml,West,Surat,SUP-010,3.0,WH-WE-02,314.0,22.0,143.0,685.0,21.41,212.75,15.4,No,,Summer,Cloudy,205.24,0.0,0.0,127.39,0.091,29
ORD101716,2022-11-28,P-GRO-002,Grocery,Toor Dal 1kg,West,Nagpur,SUP-033,13.0,WH-WE-04,312.0,58.0,348.0,1447.0,50.39,404.11,29.3,No,No,Autumn,Cloudy,418.39,0.0,2.0,504.3,0.224,53
ORD101717,2023-01-17,P-FUR-011,Furniture,Plastic Storage Rack,West,Surat,SUP-005,6.0,WH-WE-01,104.0,5.0,41.0,164.0,5.36,17971.16,11.2,Yes,No,,Stormy,18946.31,0.0,3.0,415.69,0.01,8
ORD101718,2021-01-10,P-FUR-006,Furniture,Plastic Storage Rack,East,Kolkata,SUP-011,13.0,WH-EA-04,47.0,4.0,24.0,146.0,4.33,6037.74,3.2,No,Yes,Winter,Sunny,6106.83,0.0,1.0,517.28,0.165,6
ORD101719,2022-07-03,P-BEA-015,Beauty,Face Wash 100ml,South,Hyderabad,SUP-005,11.0,WH-SO-01,164.0,31.0,191.0,887.0,27.06,963.77,29.5,No,No,Autumn,Sunny,903.83,0.0,2.0,521.49,0.026,23
ORD101720,2022-10-08,P-ELE-001,Electronics,Smartwatch,South,Hyderabad,SUP-015,3.0,WH-SO-05,185.0,12.0,,237.0,8.37,11462.3,3.5,No,No,Autumn,Cloudy,12306.16,0.0,2.0,380.9,0.09,10
ORD101721,2022-03-14,P-GRO-006,Grocery,Sunflower Oil 1L,South,Chennai,SUP-025,6.0,WH-SO-02,78.0,33.0,178.0,786.0,23.59,83.14,20.8,No,No,Spring,Stormy,78.34,,2.0,350.64,0.062,17
ORD101722,2024-05-08,P-FUR-004,Furniture,Dining Chair,South,Hyderabad,SUP-017,10.0,WH-SO-03,18.0,0.0,25.0,112.0,4.25,9414.76,10.3,No,,Summer,Cloudy,8917.12,0.0,1.0,245.67,0.147,3
ORD101723,2024-10-30,P-CLO-014,Clothing,Men's Cotton T-Shirt,North,Jaipur,SUP-025,7.0,WH-NO-04,236.0,11.0,158.0,649.0,21.68,1439.62,18.2,No,No,Autumn,Rainy,1326.73,0.0,1.0,371.23,0.049,19
ORD101724,2022-11-30,P-CLO-002,Clothing,Men's Cotton T-Shirt,South,,SUP-033,4.0,WH-SO-02,164.0,37.0,169.0,754.0,22.55,2199.14,31.9,No,No,Autumn,Rainy,2124.71,0.0,0.0,191.95,0.06,30
ORD101725,2024-02-22,P-ELE-007,Electronics,LED TV 43in,South,Chennai,SUP-002,11.0,WH-SO-01,265.0,12.0,69.0,396.0,14.33,1118.06,7.7,No,No,Winter,Sunny,,0.0,1.0,296.55,0.109,15
ORD101726,2021-11-22,P-GRO-014,Grocery,Toor Dal 1kg,North,Lucknow,SUP-017,2.0,WH-NO-05,1344.0,48.0,397.0,1680.0,54.22,426.7,8.5,No,No,Autumn,Cloudy,436.71,0.0,2.0,483.59,0.041,54
ORD101727,2024-09-10,P-SPO-015,Sports,Cycling Helmet,South,Chennai,SUP-024,5.0,WH-SO-01,225.0,13.0,,509.0,16.21,4641.12,8.1,No,,Autumn,Rainy,4138.8,0.0,0.0,231.96,0.104,15
ORD101728,2023-10-25,P-ELE-014,Electronics,Smartwatch,West,Ahmedabad,SUP-021,5.0,WH-WE-03,,5.0,45.0,,8.48,10043.44,33.5,No,No,Autumn,Sunny,9673.55,0.0,2.0,386.74,0.075,6
ORD101729,2023-12-09,P-GRO-010,Grocery,Toor Dal 1kg,East,Bhubaneswar,SUP-006,7.0,WH-EA-01,558.0,24.0,285.0,902.0,31.6,357.8,14.2,No,No,Winter,Cloudy,334.88,0.0,0.0,357.29,0.117,32
ORD101730,2023-05-19,P-SPO-003,Sports,Skipping Rope,West,Surat,SUP-009,11.0,WH-WE-04,97.0,14.0,118.0,526.0,16.17,1146.23,4.2,No,No,Summer,Sunny,1185.44,0.0,1.0,,0.069,13
ORD101731,2024-04-26,P-ELE-002,Electronics,Smartphone Charger,East,Patna,SUP-016,16.0,WH-EA-02,221.0,8.0,66.0,271.0,9.69,11415.37,10.7,No,No,Summer,Rainy,11691.66,0.0,0.0,268.84,0.062,12
ORD101732,2023-02-20,P-BEA-007,Beauty,Talcum Powder,West,Pune,SUP-027,7.0,WH-WE-05,587.0,20.0,177.0,839.0,28.99,162.23,7.5,Yes,No,Spring,Sunny,148.87,0.0,0.0,394.68,0.404,35
ORD101733,2024-11-09,P-GRO-008,Grocery,Toor Dal 1kg,West,Mumbai,SUP-040,7.0,WH-WE-02,387.0,50.0,280.0,1183.0,39.38,449.8,3.8,Yes,No,Autumn,Sunny,467.51,3.0,0.0,302.27,0.123,42
ORD101734,2023-08-26,P-SPO-008,Sports,Yoga Mat,North,Delhi,SUP-015,16.0,WH-NO-04,213.0,14.0,109.0,433.0,14.6,1978.7,27.9,No,No,Autumn,Cloudy,1970.41,0.0,1.0,506.92,0.265,18
ORD101735,2022-10-25,P-BEA-001,Beauty,Moisturizer Cream,Central,Bhopal,SUP-021,9.0,WH-CE-01,139.0,20.0,162.0,635.0,19.29,779.66,20.6,No,No,Autumn,Cloudy,829.13,0.0,0.0,291.12,0.079,29
ORD101736,2021-11-01,P-SPO-011,Sports,Cricket Bat,North,Lucknow,SUP-013,18.0,WH-NO-01,36.0,8.0,56.0,305.0,8.17,4732.68,1.3,No,No,Autumn,Sunny,4488.04,0.0,1.0,455.56,0.028,4
ORD101737,2024-08-17,P-GRO-006,Grocery,Sugar 1kg,East,Guwahati,SUP-002,9.0,WH-EA-02,302.0,,183.0,986.0,32.86,462.95,9.9,No,No,Autumn,Sunny,484.82,0.0,0.0,283.84,0.015,33
ORD101738,2021-03-23,P-CLO-002,Clothing,Kids Winter Jacket,West,Surat,SUP-016,12.0,WH-WE-05,370.0,15.0,136.0,591.0,19.61,826.25,7.5,No,No,Summer,Rainy,883.43,,5.0,531.96,0.028,14
ORD101739,2021-03-04,P-BEA-014,Beauty,Hair Oil 250ml,South,Kochi,SUP-014,3.0,WH-SO-05,120.0,17.0,214.0,1089.0,31.0,447.09,4.6,No,No,Summer,Stormy,449.56,0.0,0.0,208.17,0.312,17
ORD101740,2021-02-15,P-GRO-006,Grocery,Sugar 1kg,East,Bhubaneswar,SUP-007,8.0,WH-EA-04,312.0,29.0,208.0,890.0,23.9,122.62,5.6,No,No,Spring,Cloudy,143.2,0.0,1.0,433.19,0.095,30
ORD101741,2021-06-07,P-GRO-004,Grocery,Basmati Rice 5kg,South,Hyderabad,SUP-027,15.0,WH-SO-02,520.0,32.0,242.0,978.0,33.08,201.08,0.8,No,No,Autumn,Sunny,208.99,0.0,0.0,399.01,0.05,44
ORD101742,2021-12-27,P-ELE-008,Electronics,Home Router,North,Kanpur,SUP-011,,WH-NO-02,180.0,17.0,93.0,390.0,12.58,9731.62,5.4,Yes,No,Winter,Cloudy,11104.02,1.0,24.0,277.2,0.059,28
ORD101743,2022-12-18,P-SPO-015,Sports,Gym Dumbbells 5kg,North,Delhi,SUP-009,7.0,WH-NO-02,219.0,13.0,74.0,299.0,11.51,,3.3,No,No,Winter,Cloudy,5707.5,0.0,1.0,309.65,0.076,15
ORD101744,2022-02-09,P-FUR-013,Furniture,Sofa Cushion Set,North,Jaipur,SUP-016,11.0,WH-NO-02,34.0,7.0,37.0,141.0,5.08,9152.02,8.2,No,No,Winter,Sunny,7927.19,0.0,3.0,509.09,0.009,7
ORD101745,2022-10-26,P-FUR-002,Furniture,Study Table,North,Kanpur,SUP-039,9.0,WH-NO-03,159.0,6.0,40.0,164.0,6.54,10507.69,6.9,No,No,Autumn,Sunny,11475.79,0.0,1.0,372.53,0.207,6
ORD101746,2022-10-17,P-BEA-011,Beauty,Body Lotion 400ml,East,Bhubaneswar,SUP-026,11.0,WH-EA-04,360.0,18.0,187.0,758.0,26.03,882.25,14.7,Yes,No,Autumn,Sunny,918.69,0.0,0.0,,0.156,38
ORD101747,2022-10-03,P-CLO-010,Clothing,Cotton Saree,East,Patna,SUP-018,,WH-EA-02,,39.0,198.0,886.0,25.27,2262.16,24.0,No,No,Autumn,Sunny,2306.21,0.0,0.0,325.67,0.078,28
ORD101748,2021-03-28,P-CLO-014,Clothing,Denim Jeans,South,Coimbatore,SUP-033,16.0,WH-SO-01,440.0,26.0,133.0,522.0,19.03,680.83,6.0,No,No,Summer,Cloudy,644.84,0.0,0.0,462.98,0.019,18
ORD101749,2023-02-24,P-CLO-015,Clothing,Woolen Sweater,West,Nagpur,SUP-001,11.0,WH-WE-03,171.0,8.0,157.0,540.0,19.22,2172.39,8.0,Yes,No,Spring,Sunny,2017.49,0.0,1.0,345.7,0.076,15
ORD101750,2022-03-14,P-FUR-012,Furniture,Sofa Cushion Set,North,Lucknow,SUP-014,4.0,WH-NO-02,,6.0,45.0,166.0,5.29,19957.45,22.8,No,No,Summer,Cloudy,18276.01,0.0,2.0,369.64,0.026,4
ORD101751,2023-02-26,P-GRO-010,Grocery,Masala Mix 200g,South,Hyderabad,SUP-022,11.0,WH-SO-03,578.0,40.0,271.0,837.0,33.11,188.82,15.7,Yes,,Spring,Cloudy,222.4,0.0,1.0,310.3,0.084,53
ORD101752,2021-03-30,P-SPO-006,Sports,Skipping Rope,West,Mumbai,SUP-020,7.0,WH-WE-04,143.0,14.0,109.0,477.0,15.38,409.44,16.8,Yes,No,Spring,Cloudy,425.4,0.0,0.0,261.89,0.12,16
ORD101753,2024-06-25,P-BEA-014,Beauty,Herbal Shampoo 200ml,Central,Indore,SUP-028,8.0,WH-CE-05,,11.0,109.0,407.0,18.08,1162.39,23.8,No,No,Summer,Cloudy,1036.0,0.0,1.0,228.56,0.197,12
ORD101754,2023-11-22,P-GRO-015,Grocery,Masala Mix 200g,South,Coimbatore,SUP-029,8.0,WH-SO-03,288.0,29.0,186.0,912.0,31.2,384.41,15.4,No,No,Autumn,Cloudy,352.04,,0.0,258.37,0.079,25
ORD101755,2022-05-21,P-CLO-015,Clothing,Cotton Saree,North,Chandigarh,SUP-019,15.0,WH-NO-05,253.0,14.0,97.0,323.0,12.76,,3.5,No,No,Summer,Sunny,951.38,0.0,0.0,396.45,0.028,8
ORD101756,2022-06-10,P-ELE-015,Electronics,Smartphone Charger,West,Mumbai,SUP-038,13.0,WH-WE-02,193.0,7.0,68.0,260.0,9.36,4886.83,32.7,No,No,Summer,Sunny,5352.47,0.0,0.0,473.97,0.193,9
ORD101757,2022-04-08,P-SPO-010,Sports,Skipping Rope,West,Pune,SUP-038,4.0,WH-WE-04,194.0,21.0,117.0,502.0,16.92,4372.05,17.9,No,No,Summer,Cloudy,4387.89,0.0,0.0,345.6,0.073,21
ORD101758,2024-12-19,P-SPO-015,Sports,Badminton Racket,South,Bengaluru,SUP-020,8.0,WH-SO-05,243.0,7.0,82.0,380.0,12.79,3560.5,14.0,,No,Winter,Sunny,3705.53,0.0,1.0,420.33,0.047,14
ORD101759,2023-10-23,P-SPO-012,Sports,Skipping Rope,South,Coimbatore,SUP-037,7.0,WH-SO-02,83.0,11.0,74.0,308.0,10.48,4397.09,30.4,No,No,Autumn,Sunny,4397.95,0.0,1.0,378.92,0.05,13
ORD101760,2022-11-04,P-GRO-004,Grocery,Sunflower Oil 1L,North,Kanpur,SUP-026,7.0,WH-NO-04,588.0,94.0,329.0,2181.0,59.33,192.1,13.4,No,No,Autumn,Sunny,206.67,2.0,2.0,395.24,0.168,88
ORD101761,2023-08-06,P-ELE-001,Electronics,LED TV 43in,East,Kolkata,SUP-006,9.0,WH-EA-03,126.0,9.0,46.0,233.0,7.25,2270.94,7.4,,No,Autumn,Sunny,2198.84,1.0,5.0,497.13,0.084,8
ORD101762,2021-04-05,P-GRO-015,Grocery,Wheat Flour 5kg,Central,Indore,SUP-005,10.0,WH-CE-05,,56.0,266.0,977.0,39.12,333.73,3.0,No,No,Summer,Sunny,341.62,0.0,3.0,455.1,0.086,39
ORD101763,2024-04-27,P-ELE-007,Electronics,Bluetooth Speaker,West,Nagpur,SUP-004,1.0,WH-WE-02,219.0,12.0,97.0,325.0,12.57,14917.27,7.2,No,No,Summer,Cloudy,15244.32,2.0,1.0,212.99,0.024,16
ORD101764,2023-05-21,P-ELE-014,Electronics,Laptop Stand,South,Kochi,SUP-009,3.0,WH-SO-05,,14.0,108.0,459.0,13.48,13002.83,6.3,No,No,Summer,Cloudy,11795.86,0.0,0.0,308.35,0.02,14
ORD101765,2022-03-28,P-ELE-005,Electronics,Smartphone Charger,East,Guwahati,SUP-013,4.0,WH-EA-04,126.0,6.0,37.0,224.0,7.45,11175.04,17.2,Yes,No,Summer,Cloudy,10528.64,0.0,1.0,274.02,0.034,7
ORD101766,2023-10-10,P-SPO-006,Sports,Running Shoes,West,Surat,SUP-003,11.0,WH-WE-04,93.0,9.0,57.0,359.0,10.62,2471.0,20.6,No,No,Autumn,Sunny,2411.12,0.0,1.0,471.21,0.037,10
ORD101767,2021-01-10,P-ELE-013,Electronics,Wireless Earbuds,South,Kochi,SUP-025,14.0,WH-SO-01,78.0,7.0,49.0,208.0,6.27,3455.97,2.1,Yes,No,Winter,Rainy,3544.72,0.0,2.0,405.52,0.012,7
ORD101768,2022-12-18,P-ELE-008,Electronics,LED TV 43in,West,Pune,SUP-017,8.0,WH-WE-01,152.0,7.0,70.0,289.0,9.9,6918.92,5.4,No,No,Winter,Sunny,7687.43,0.0,0.0,411.01,0.018,13
ORD101769,2024-10-11,P-BEA-011,Beauty,Hair Oil 250ml,South,Kochi,SUP-025,6.0,WH-SO-04,212.0,51.0,312.0,1241.0,40.68,402.35,3.9,No,No,Autumn,Cloudy,406.08,0.0,1.0,284.89,0.121,42
ORD101770,2024-01-15,P-CLO-005,Clothing,Denim Jeans,South,Kochi,SUP-021,7.0,WH-SO-03,370.0,27.0,147.0,655.0,23.19,1483.34,18.4,No,No,Winter,Cloudy,1472.93,0.0,1.0,318.1,0.142,29
ORD101771,2021-03-06,P-BEA-010,Beauty,Lipstick Set,East,Patna,SUP-011,10.0,WH-EA-02,597.0,18.0,178.0,914.0,27.8,781.69,,Yes,No,Spring,,801.07,0.0,1.0,405.13,0.212,28
ORD101772,2023-05-12,P-FUR-008,Furniture,Foldable Bed,South,Bengaluru,SUP-025,9.0,WH-SO-05,109.0,6.0,28.0,138.0,4.53,4714.81,,No,No,Summer,Rainy,4655.57,1.0,1.0,290.96,0.177,3
ORD101773,2023-09-21,P-SPO-014,Sports,Football,Central,Raipur,SUP-039,13.0,WH-CE-03,275.0,26.0,68.0,544.0,16.13,4913.09,12.5,Yes,No,Autumn,Sunny,4904.17,0.0,1.0,433.34,0.044,23
ORD101774,2023-02-09,P-FUR-008,Furniture,TV Unit,East,Guwahati,SUP-013,3.0,WH-EA-03,108.0,7.0,31.0,149.0,5.33,15790.08,19.2,No,No,Spring,Sunny,17704.99,0.0,1.0,256.84,0.132,8
ORD101775,2022-04-16,P-CLO-002,Clothing,Track Pants,South,Kochi,SUP-013,11.0,WH-SO-02,508.0,9.0,126.0,628.0,21.48,1490.66,8.8,Yes,No,Summer,Sunny,1464.06,0.0,7.0,715.8,0.053,18
ORD101776,2023-09-19,P-FUR-012,Furniture,TV Unit,South,Bengaluru,SUP-021,13.0,WH-SO-05,179.0,13.0,46.0,217.0,7.65,5711.04,6.8,Yes,No,Autumn,,5830.72,0.0,4.0,515.69,0.027,11
ORD101777,2022-09-11,P-CLO-015,Clothing,Formal Shirt,East,Patna,SUP-033,6.0,WH-EA-02,,5.0,92.0,534.0,15.46,711.05,12.5,Yes,No,Autumn,Rainy,674.36,0.0,0.0,373.74,0.149,15
ORD101778,2024-10-18,P-GRO-014,Grocery,Wheat Flour 5kg,South,Coimbatore,SUP-022,4.0,WH-SO-02,275.0,23.0,287.0,1422.0,47.54,293.17,,No,No,Autumn,Cloudy,322.74,0.0,1.0,306.82,0.023,40
ORD101779,2024-05-09,P-CLO-002,Clothing,Woolen Sweater,West,Mumbai,SUP-034,11.0,WH-WE-04,273.0,8.0,119.0,522.0,17.59,639.24,16.1,Yes,No,Summer,Sunny,592.63,0.0,1.0,356.54,,16
ORD101780,2024-08-21,P-ELE-015,Electronics,Laptop Stand,South,Coimbatore,SUP-003,8.0,WH-SO-01,82.0,7.0,60.0,233.0,7.93,10879.44,5.0,No,No,Summer,Sunny,10816.87,1.0,,375.98,0.022,7
ORD101781,2022-09-06,P-BEA-006,Beauty,Body Lotion 400ml,South,Chennai,SUP-004,9.0,WH-SO-03,509.0,9.0,84.0,710.0,21.16,507.59,3.9,Yes,No,Autumn,Rainy,547.49,0.0,1.0,383.57,0.101,23
ORD101782,2023-09-17,P-GRO-013,Grocery,Sunflower Oil 1L,East,Kolkata,SUP-017,15.0,WH-EA-03,533.0,9.0,167.0,1079.0,27.71,372.11,31.5,No,No,Autumn,Sunny,346.33,0.0,0.0,360.84,0.049,24
ORD101783,2021-07-30,P-ELE-010,Electronics,Power Bank 10000mAh,North,Lucknow,SUP-010,10.0,WH-NO-02,98.0,,,,5.99,2240.34,,Yes,No,Autumn,Sunny,2395.89,0.0,2.0,402.12,0.035,10
ORD101784,2024-01-05,P-GRO-015,Grocery,Tea Powder 500g,East,Guwahati,SUP-001,2.0,WH-EA-04,558.0,50.0,345.0,2057.0,63.98,243.25,21.3,Yes,No,Winter,Rainy,203.37,0.0,1.0,,0.044,49
ORD101785,2024-01-08,P-BEA-006,Beauty,Body Lotion 400ml,East,Ranchi,SUP-009,7.0,WH-EA-01,176.0,15.0,138.0,458.0,16.86,660.38,2.6,No,No,Winter,Sunny,602.69,0.0,1.0,418.65,0.137,18
ORD101786,2024-02-07,P-GRO-010,Grocery,Instant Noodles Pack,South,,SUP-011,19.0,WH-SO-05,521.0,65.0,334.0,1619.0,57.33,558.72,19.6,Yes,No,Winter,Rainy,,,1.0,605.37,,59
ORD101787,2021-01-30,P-FUR-011,Furniture,Study Table,West,Ahmedabad,SUP-037,10.0,WH-WE-05,59.0,6.0,32.0,134.0,4.34,15178.7,21.3,Yes,No,Winter,Rainy,18104.72,0.0,1.0,370.03,0.105,9
ORD101788,2022-10-29,P-BEA-003,Beauty,Face Wash 100ml,West,Pune,SUP-032,14.0,WH-WE-01,304.0,24.0,149.0,555.0,24.09,191.62,3.7,No,,Autumn,Rainy,193.85,0.0,1.0,502.57,0.143,27
ORD101789,2022-02-06,P-ELE-012,Electronics,Wireless Earbuds,West,Surat,SUP-015,8.0,WH-WE-03,125.0,9.0,70.0,236.0,8.41,14394.06,9.3,Yes,No,Spring,Cloudy,14586.1,0.0,1.0,460.78,,13
ORD101790,2024-08-29,P-BEA-003,Beauty,Hair Oil 250ml,South,Coimbatore,SUP-039,9.0,WH-SO-01,231.0,34.0,232.0,1239.0,37.98,324.8,26.8,Yes,No,Autumn,Sunny,354.62,0.0,2.0,387.49,0.033,64
ORD101791,2023-02-26,P-GRO-013,Grocery,Masala Mix 200g,South,Kochi,SUP-034,5.0,WH-SO-04,532.0,56.0,252.0,1054.0,41.82,580.75,23.0,,No,Spring,Cloudy,530.28,0.0,0.0,239.23,0.059,30
ORD101792,2023-06-13,P-GRO-002,Grocery,Basmati Rice 5kg,West,Pune,SUP-011,4.0,WH-WE-02,747.0,49.0,230.0,1070.0,33.86,242.98,2.0,No,No,Autumn,Rainy,184.02,0.0,0.0,249.79,0.114,25
ORD101793,2022-10-02,P-FUR-003,Furniture,Office Chair,East,Patna,SUP-020,,WH-EA-03,36.0,5.0,50.0,,5.82,5250.17,5.5,No,Yes,Autumn,Cloudy,5978.41,0.0,2.0,441.04,0.172,8
ORD101794,2021-06-16,P-SPO-008,Sports,Badminton Racket,East,Patna,SUP-037,7.0,WH-EA-05,48.0,9.0,115.0,428.0,15.26,3816.69,28.5,No,No,Summer,Rainy,4001.31,1.0,0.0,343.94,0.018,13
ORD101795,2023-06-26,P-GRO-003,Grocery,Toor Dal 1kg,East,Guwahati,SUP-019,4.0,WH-EA-04,742.0,37.0,284.0,1430.0,45.05,552.84,13.5,Yes,No,Autumn,Stormy,533.15,0.0,0.0,253.03,0.04,64
ORD101796,2023-06-12,P-CLO-002,Clothing,Men's Cotton T-Shirt,West,Ahmedabad,SUP-015,9.0,WH-WE-05,163.0,16.0,132.0,639.0,18.39,1850.69,3.5,No,No,Summer,Cloudy,1859.18,0.0,,408.94,0.004,17
ORD101797,2022-07-12,P-GRO-001,Grocery,Tea Powder 500g,North,Delhi,SUP-037,5.0,WH-NO-04,391.0,25.0,171.0,796.0,26.72,486.17,22.1,Yes,No,Summer,Rainy,527.09,0.0,1.0,228.22,0.056,36
ORD101798,2023-07-09,P-CLO-005,Clothing,Woolen Sweater,East,Ranchi,SUP-027,9.0,WH-EA-03,93.0,14.0,124.0,494.0,14.49,2107.19,7.7,Yes,No,Summer,Sunny,2085.4,3.0,2.0,346.33,0.057,16
ORD101799,2022-07-25,P-FUR-008,Furniture,Office Chair,North,Delhi,SUP-018,3.0,WH-NO-01,163.0,6.0,53.0,212.0,6.84,11251.04,6.8,Yes,No,Autumn,Stormy,11381.45,0.0,3.0,408.41,0.105,10
ORD101800,2023-08-23,P-FUR-001,Furniture,Study Table,South,Kochi,SUP-035,6.0,WH-SO-01,62.0,2.0,27.0,104.0,3.9,13853.83,7.8,No,No,Autumn,Rainy,16109.61,0.0,2.0,250.14,0.252,6
ORD101801,2022-05-25,P-FUR-003,Furniture,Office Chair,West,Mumbai,SUP-030,24.0,WH-WE-03,62.0,5.0,42.0,192.0,5.78,9489.76,21.1,No,No,,Sunny,8545.68,0.0,1.0,555.74,0.125,4
ORD101802,2024-02-04,P-ELE-010,Electronics,Smartphone Charger,East,Bhubaneswar,SUP-014,4.0,WH-EA-03,139.0,7.0,39.0,207.0,6.1,14364.31,0.5,Yes,No,Winter,Cloudy,14958.66,0.0,0.0,330.66,0.01,6
ORD101803,2024-07-20,P-FUR-005,Furniture,Plastic Storage Rack,South,Chennai,SUP-017,7.0,WH-SO-03,115.0,8.0,38.0,167.0,5.36,19374.02,30.2,No,No,Autumn,,17479.99,0.0,2.0,402.95,0.092,5
ORD101804,2022-12-09,P-FUR-012,Furniture,Study Table,West,Surat,SUP-002,7.0,WH-WE-05,54.0,6.0,57.0,197.0,7.51,14552.67,21.3,Yes,No,Winter,Rainy,16372.59,0.0,1.0,398.54,0.106,8
ORD101805,2021-01-26,P-FUR-013,Furniture,Wooden Bookshelf,West,Ahmedabad,SUP-005,15.0,WH-WE-01,199.0,8.0,64.0,208.0,8.13,4410.58,13.7,No,Yes,Winter,Sunny,4514.0,0.0,1.0,459.97,0.091,15
ORD101806,2023-09-24,P-ELE-001,Electronics,Wireless Earbuds,East,Patna,SUP-039,5.0,WH-EA-04,47.0,9.0,62.0,296.0,9.42,2937.03,7.1,No,No,Autumn,Cloudy,2775.65,0.0,1.0,464.63,0.053,10
ORD101807,2024-10-04,P-CLO-015,Clothing,Cotton Saree,Central,Raipur,SUP-003,12.0,WH-CE-04,553.0,19.0,108.0,718.0,22.86,558.12,1.6,Yes,No,Autumn,Cloudy,491.12,0.0,1.0,528.83,0.069,23
ORD101808,2023-11-03,P-GRO-011,Grocery,Toor Dal 1kg,South,Kochi,SUP-034,7.0,WH-SO-04,798.0,91.0,832.0,3457.0,107.62,174.36,1.5,,No,Autumn,Sunny,169.48,0.0,2.0,351.8,0.09,97
ORD101809,2022-06-08,P-ELE-013,Electronics,Wireless Earbuds,West,Pune,SUP-009,14.0,WH-WE-02,56.0,6.0,80.0,298.0,12.7,3598.21,0.8,Yes,No,Autumn,Stormy,3651.64,3.0,1.0,298.36,0.021,9
ORD101810,2023-04-05,P-GRO-008,Grocery,Basmati Rice 5kg,North,Lucknow,SUP-022,10.0,WH-NO-03,695.0,51.0,353.0,1229.0,44.85,359.55,32.4,Yes,No,Summer,Cloudy,392.87,0.0,0.0,318.79,0.097,89
ORD101811,2022-06-18,P-CLO-001,Clothing,Formal Shirt,South,Bengaluru,SUP-029,,WH-SO-01,,22.0,100.0,523.0,18.49,1940.97,25.4,No,No,Autumn,Sunny,1771.16,0.0,0.0,527.59,0.012,22
ORD101812,2024-02-06,P-BEA-014,Beauty,Sunscreen Lotion,South,Coimbatore,SUP-040,7.0,WH-SO-01,409.0,30.0,255.0,1156.0,34.8,973.66,,No,No,Winter,Rainy,909.43,0.0,0.0,308.33,0.242,32
ORD101813,2023-11-27,P-GRO-009,Grocery,Sunflower Oil 1L,North,Jaipur,SUP-015,2.0,WH-NO-05,1370.0,68.0,405.0,1797.0,59.77,257.69,15.0,No,No,Autumn,Sunny,247.44,0.0,0.0,148.16,0.077,71
ORD101814,2023-07-03,P-BEA-001,Beauty,Moisturizer Cream,East,Guwahati,SUP-038,9.0,WH-EA-04,65.0,9.0,120.0,615.0,18.4,479.43,8.6,No,No,Autumn,Sunny,449.7,0.0,,432.62,0.05,13
ORD101815,2022-07-22,P-CLO-003,Clothing,Kids Winter Jacket,North,Delhi,SUP-019,18.0,WH-NO-05,159.0,25.0,147.0,466.0,17.25,985.55,4.1,Yes,No,Summer,Sunny,944.98,0.0,2.0,525.75,0.048,21
ORD101816,2021-09-10,P-BEA-004,Beauty,Lipstick Set,East,Guwahati,SUP-035,17.0,WH-EA-04,154.0,14.0,115.0,453.0,18.52,101.11,16.8,No,No,Autumn,Rainy,93.46,0.0,1.0,429.55,0.101,11
ORD101817,2023-06-20,P-CLO-006,Clothing,Men's Cotton T-Shirt,North,Kanpur,SUP-005,9.0,WH-NO-02,,13.0,120.0,464.0,14.26,1587.47,2.6,No,No,Summer,Rainy,1640.45,0.0,0.0,226.6,0.133,11
ORD101818,2022-05-08,P-CLO-007,Clothing,Formal Shirt,North,Kanpur,SUP-011,7.0,WH-NO-05,132.0,25.0,183.0,580.0,19.77,1452.93,1.7,No,No,Summer,Cloudy,1396.8,0.0,5.0,470.71,0.031,15
ORD101819,2024-08-13,P-FUR-007,Furniture,Office Chair,Central,Jabalpur,SUP-025,7.0,WH-CE-04,34.0,,18.0,96.0,3.19,8384.62,12.3,Yes,No,Summer,Sunny,8391.87,0.0,0.0,295.88,0.157,4
ORD101820,2021-04-03,P-SPO-014,Sports,Cycling Helmet,East,Patna,SUP-029,10.0,WH-EA-01,60.0,9.0,67.0,291.0,11.06,3868.99,13.6,,No,Summer,Cloudy,3963.18,0.0,0.0,411.79,0.059,10
ORD101821,2024-05-21,P-CLO-015,Clothing,Track Pants,Central,Gwalior,SUP-033,15.0,WH-CE-01,134.0,13.0,119.0,529.0,17.4,1922.61,1.9,No,No,Summer,Cloudy,1710.45,0.0,2.0,503.34,0.069,13
ORD101822,2024-02-13,P-CLO-011,Clothing,Denim Jeans,East,Bhubaneswar,SUP-015,7.0,WH-EA-04,275.0,20.0,118.0,533.0,17.39,1469.33,8.4,Yes,No,,Cloudy,1539.11,0.0,1.0,355.11,0.072,28
ORD101823,2023-01-23,P-FUR-010,Furniture,Office Chair,North,Chandigarh,SUP-025,,WH-NO-04,,4.0,43.0,160.0,5.33,7308.72,33.8,Yes,No,Winter,Sunny,7431.19,0.0,0.0,249.87,0.042,3
ORD101824,2024-12-22,P-BEA-013,Beauty,Herbal Shampoo 200ml,East,Patna,SUP-025,12.0,WH-EA-01,360.0,19.0,126.0,495.0,15.46,452.94,5.5,No,No,Winter,Sunny,460.57,0.0,1.0,390.18,0.178,21
ORD101825,2023-11-14,P-ELE-005,Electronics,Laptop Stand,East,Guwahati,SUP-040,14.0,WH-EA-03,97.0,11.0,70.0,348.0,10.74,5969.88,16.0,No,No,Autumn,Rainy,5906.21,0.0,1.0,452.81,0.096,10
ORD101826,2021-03-03,P-CLO-009,Clothing,Woolen Sweater,North,Kanpur,SUP-005,11.0,WH-NO-05,186.0,6.0,75.0,411.0,12.15,460.19,35.8,No,No,Spring,Cloudy,450.27,0.0,1.0,391.47,0.066,12
ORD101827,2022-07-28,P-CLO-010,Clothing,Denim Jeans,West,Surat,SUP-001,3.0,WH-WE-04,480.0,29.0,156.0,709.0,,878.2,10.1,No,No,Autumn,Sunny,881.98,0.0,0.0,265.66,0.06,27
ORD101828,2024-05-12,P-SPO-005,Sports,Running Shoes,East,,SUP-023,3.0,WH-EA-05,321.0,172.0,119.0,577.0,16.44,2306.61,0.2,Yes,No,Summer,Stormy,2324.27,0.0,2.0,275.93,0.075,19
ORD101829,2024-02-08,P-CLO-015,Clothing,Women's Kurti,West,,SUP-001,6.0,WH-WE-02,96.0,,141.0,637.0,24.36,1145.33,8.4,No,No,Winter,Sunny,1037.19,0.0,0.0,332.57,0.127,17
ORD101830,2021-08-23,P-CLO-004,Clothing,Woolen Sweater,East,Kolkata,SUP-008,6.0,WH-EA-01,292.0,21.0,139.0,805.0,24.53,1537.05,5.5,No,No,Autumn,Cloudy,1730.76,0.0,1.0,413.67,0.095,34
ORD101831,2021-09-06,P-SPO-001,Sports,Yoga Mat,East,Ranchi,SUP-021,5.0,WH-EA-02,277.0,8.0,84.0,407.0,13.49,2143.91,30.3,No,No,Autumn,Sunny,2024.58,0.0,1.0,201.49,0.06,14
ORD101832,2024-09-11,P-CLO-005,Clothing,Men's Cotton T-Shirt,South,Kochi,SUP-011,15.0,WH-SO-04,360.0,15.0,100.0,456.0,15.37,631.38,23.9,No,No,Autumn,Rainy,634.75,1.0,0.0,414.43,0.105,15
ORD101833,2021-03-08,P-ELE-013,Electronics,Home Router,Central,Raipur,SUP-011,8.0,WH-CE-05,218.0,16.0,82.0,355.0,12.39,7199.72,35.4,No,Yes,Summer,Sunny,7870.85,0.0,1.0,466.96,0.081,22
ORD101834,2024-10-19,P-GRO-006,Grocery,Masala Mix 200g,South,Coimbatore,SUP-014,6.0,WH-SO-04,416.0,29.0,179.0,1157.0,36.55,490.51,20.9,Yes,No,Autumn,Stormy,477.1,0.0,1.0,221.25,0.174,35
ORD101835,2023-03-02,P-ELE-004,Electronics,Bluetooth Speaker,North,Jaipur,SUP-028,13.0,WH-NO-01,120.0,5.0,49.0,269.0,7.55,7058.45,10.9,No,No,Spring,Cloudy,7192.26,0.0,3.0,466.69,0.113,6
ORD101836,2024-03-25,P-ELE-014,Electronics,Home Router,North,,SUP-015,11.0,WH-NO-03,200.0,14.0,56.0,339.0,9.97,10572.5,12.0,Yes,No,Spring,Sunny,8719.15,0.0,0.0,428.71,0.067,10
ORD101837,2021-11-11,P-CLO-003,Clothing,Women's Kurti,East,Ranchi,SUP-032,4.0,WH-EA-01,171.0,11.0,99.0,460.0,14.06,1009.22,8.7,No,No,Autumn,Sunny,849.21,0.0,1.0,310.97,0.093,13
ORD101838,2022-05-18,P-BEA-003,Beauty,Moisturizer Cream,Central,Bhopal,SUP-007,11.0,WH-CE-04,562.0,112.0,141.0,735.0,24.84,836.65,25.5,Yes,No,Summer,Rainy,834.94,0.0,0.0,362.42,0.021,22
ORD101839,2023-12-01,P-BEA-014,Beauty,Sunscreen Lotion,West,Mumbai,SUP-005,7.0,WH-WE-03,308.0,30.0,237.0,1129.0,32.33,1168.75,3.2,No,No,Winter,Sunny,1186.47,,1.0,,0.102,40
ORD101840,2021-08-26,P-ELE-005,Electronics,Smartwatch,West,Pune,SUP-007,7.0,WH-WE-03,347.0,7.0,100.0,457.0,14.61,7477.01,16.9,No,No,Summer,Sunny,8138.65,0.0,0.0,335.73,0.071,18
ORD101841,2021-05-29,P-CLO-001,Clothing,Formal Shirt,Central,Raipur,SUP-037,13.0,WH-CE-03,398.0,16.0,182.0,575.0,21.4,392.23,25.0,No,No,Summer,Cloudy,417.37,0.0,0.0,466.34,0.081,31
ORD101842,2023-06-09,P-ELE-007,Electronics,Power Bank 10000mAh,West,Nagpur,SUP-012,10.0,WH-WE-04,208.0,15.0,70.0,265.0,9.61,3416.4,24.2,No,No,Autumn,Sunny,2981.27,0.0,1.0,411.37,0.067,11
ORD101843,2021-01-13,P-SPO-012,Sports,Skipping Rope,South,Coimbatore,SUP-002,13.0,WH-SO-01,325.0,17.0,93.0,477.0,13.68,1266.12,16.5,No,No,Winter,Cloudy,1394.58,0.0,0.0,360.5,0.088,24
ORD101844,2024-10-03,P-ELE-012,Electronics,Wireless Earbuds,East,Kolkata,SUP-013,12.0,WH-EA-05,16.0,8.0,46.0,220.0,6.6,4506.52,6.1,No,No,Autumn,Cloudy,4077.3,0.0,1.0,409.5,0.125,1
ORD101845,2023-09-15,P-FUR-002,Furniture,TV Unit,North,Jaipur,SUP-028,11.0,WH-NO-03,114.0,6.0,38.0,183.0,5.42,6966.78,16.5,No,No,Autumn,Sunny,7447.64,0.0,1.0,350.7,0.063,7
ORD101846,2023-11-09,P-GRO-005,Grocery,Sunflower Oil 1L,North,Chandigarh,SUP-015,5.0,WH-NO-03,378.0,38.0,206.0,984.0,32.26,541.65,2.8,No,No,Autumn,Sunny,522.08,0.0,1.0,292.07,0.276,35
ORD101847,2023-01-02,P-FUR-010,Furniture,Foldable Bed,South,Chennai,SUP-016,17.0,WH-SO-02,50.0,5.0,39.0,,5.85,5417.42,17.2,Yes,No,Winter,Sunny,6594.43,0.0,1.0,400.91,0.075,9
ORD101848,2023-07-01,P-GRO-010,Grocery,Toor Dal 1kg,North,Jaipur,SUP-004,7.0,WH-NO-01,380.0,27.0,182.0,695.0,28.12,392.33,6.5,No,No,Summer,Stormy,373.8,0.0,2.0,356.11,0.257,22
ORD101849,2024-10-22,P-BEA-010,Beauty,Lipstick Set,Central,Indore,SUP-027,,WH-CE-04,281.0,18.0,107.0,443.0,16.12,1039.53,3.1,No,No,Autumn,Sunny,1033.37,0.0,0.0,290.8,0.03,12
ORD101850,2021-01-08,P-GRO-006,Grocery,Sunflower Oil 1L,Central,Gwalior,SUP-009,,WH-CE-02,305.0,41.0,314.0,1233.0,48.16,396.57,3.9,No,No,Winter,,401.59,0.0,1.0,437.18,0.051,41
ORD101851,2021-12-28,P-SPO-013,Sports,Yoga Mat,South,Bengaluru,SUP-004,6.0,WH-SO-05,262.0,15.0,72.0,402.0,10.86,573.74,3.8,No,No,Winter,Cloudy,562.61,0.0,1.0,318.77,0.092,15
ORD101852,2023-10-16,P-CLO-002,Clothing,Men's Cotton T-Shirt,West,Pune,SUP-029,14.0,WH-WE-04,352.0,8.0,111.0,451.0,15.93,975.77,5.4,No,No,Autumn,Rainy,897.93,0.0,1.0,396.76,0.054,13
ORD101853,2021-06-30,P-BEA-013,Beauty,Talcum Powder,South,Hyderabad,SUP-038,8.0,WH-SO-03,542.0,20.0,168.0,629.0,22.2,932.55,,No,No,Autumn,Sunny,1096.98,0.0,0.0,327.13,0.156,38
ORD101854,2021-12-25,P-BEA-015,Beauty,Herbal Shampoo 200ml,North,Jaipur,SUP-025,11.0,WH-NO-01,440.0,62.0,,1323.0,46.72,,13.2,No,Yes,Winter,Sunny,1067.42,0.0,2.0,464.33,0.015,66
ORD101855,2021-02-03,P-SPO-011,Sports,Badminton Racket,South,Kochi,SUP-038,13.0,WH-SO-03,141.0,14.0,66.0,258.0,10.43,4536.88,17.2,Yes,No,Spring,Cloudy,,0.0,1.0,388.94,0.072,10
ORD101856,2021-03-22,P-GRO-007,Grocery,Sunflower Oil 1L,North,Lucknow,SUP-017,8.0,WH-NO-05,752.0,29.0,187.0,835.0,34.02,446.69,28.4,No,No,Spring,Cloudy,442.78,0.0,1.0,327.98,0.182,31
ORD101857,2022-10-12,P-GRO-006,Grocery,Sunflower Oil 1L,South,Kochi,SUP-021,6.0,WH-SO-03,729.0,50.0,355.0,1584.0,45.43,322.29,18.8,No,No,Autumn,Rainy,327.27,0.0,1.0,236.96,0.115,58
ORD101858,2023-08-23,P-GRO-007,Grocery,Toor Dal 1kg,North,Kanpur,SUP-015,3.0,WH-NO-04,983.0,50.0,427.0,1631.0,46.1,308.86,12.1,No,No,Autumn,Sunny,,0.0,2.0,373.11,0.07,56
ORD101859,2021-05-28,P-GRO-003,Grocery,Masala Mix 200g,North,Lucknow,SUP-021,3.0,WH-NO-01,109.0,62.0,283.0,1261.0,37.54,359.76,7.7,Yes,No,Summer,Rainy,387.2,0.0,0.0,344.59,0.044,41
ORD101860,2024-12-06,P-CLO-004,Clothing,Formal Shirt,North,Delhi,SUP-036,8.0,WH-NO-03,343.0,18.0,159.0,756.0,23.95,,17.0,No,,Winter,Sunny,1419.59,0.0,1.0,328.41,0.065,34
ORD101861,2024-02-08,P-SPO-010,Sports,Cycling Helmet,Central,Indore,SUP-026,5.0,WH-CE-04,342.0,16.0,108.0,394.0,14.92,,22.2,No,No,Winter,,3081.21,0.0,5.0,512.2,0.005,14
ORD101862,2023-08-27,P-SPO-009,Sports,Skipping Rope,North,Jaipur,SUP-002,11.0,WH-NO-03,199.0,9.0,72.0,340.0,10.04,2923.14,16.2,No,No,Autumn,Cloudy,3053.65,0.0,0.0,425.26,0.046,11
ORD101863,2021-04-16,P-CLO-008,Clothing,Formal Shirt,South,Coimbatore,SUP-024,4.0,WH-SO-05,92.0,26.0,122.0,527.0,17.53,2357.01,14.3,Yes,No,Summer,,2197.0,0.0,0.0,253.77,0.114,25
ORD101864,2023-01-29,P-FUR-008,Furniture,TV Unit,East,Guwahati,SUP-016,6.0,WH-EA-03,82.0,4.0,25.0,133.0,4.19,4935.79,6.9,No,No,Winter,Stormy,4704.78,2.0,0.0,318.64,0.069,5
ORD101865,2024-09-07,P-BEA-002,Beauty,Moisturizer Cream,South,Coimbatore,SUP-022,4.0,WH-SO-05,298.0,25.0,244.0,937.0,30.33,825.37,5.8,Yes,Yes,Autumn,,823.91,0.0,2.0,290.54,0.103,41
ORD101866,2021-12-14,P-SPO-014,Sports,Gym Dumbbells 5kg,East,Kolkata,SUP-023,9.0,WH-EA-04,295.0,21.0,104.0,548.0,16.93,1888.73,7.0,No,No,Winter,Sunny,2029.24,0.0,,463.57,0.114,21
ORD101867,2023-03-02,P-GRO-015,Grocery,Sugar 1kg,North,Chandigarh,SUP-024,11.0,WH-NO-05,550.0,37.0,394.0,1621.0,49.21,500.1,9.3,No,No,Summer,Sunny,490.34,0.0,,368.7,0.116,47
ORD101868,2023-04-05,P-CLO-004,Clothing,Kids Winter Jacket,East,Ranchi,SUP-035,8.0,WH-EA-03,377.0,18.0,126.0,493.0,16.65,649.92,9.5,No,No,Summer,Rainy,633.43,0.0,3.0,456.69,0.197,17
ORD101869,2023-10-15,P-BEA-005,Beauty,Body Lotion 400ml,East,Patna,SUP-035,10.0,WH-EA-03,579.0,32.0,226.0,883.0,26.63,671.09,5.4,No,,Autumn,Rainy,557.9,0.0,0.0,384.4,0.088,28
ORD101870,2024-09-03,P-GRO-010,Grocery,Sunflower Oil 1L,West,Nagpur,SUP-039,9.0,WH-WE-02,1755.0,36.0,582.0,2190.0,75.15,406.09,5.1,No,No,Autumn,Sunny,383.56,0.0,1.0,389.64,0.06,77
ORD101871,2021-07-11,P-CLO-001,Clothing,Formal Shirt,East,Kolkata,SUP-025,4.0,WH-EA-04,236.0,12.0,74.0,539.0,16.31,312.14,14.1,No,Yes,Autumn,Sunny,270.92,0.0,3.0,430.52,0.238,12
ORD101872,2021-04-02,P-SPO-002,Sports,Running Shoes,South,Kochi,SUP-012,6.0,WH-SO-05,180.0,18.0,65.0,389.0,11.74,3776.59,20.3,Yes,No,Summer,Cloudy,3353.17,0.0,0.0,216.61,0.155,19
ORD101873,2021-05-11,P-SPO-014,Sports,Yoga Mat,South,Coimbatore,SUP-008,22.0,WH-SO-01,73.0,14.0,91.0,323.0,12.95,2212.34,11.0,No,No,,Sunny,2277.08,0.0,4.0,721.7,0.078,10
ORD101874,2022-01-26,P-SPO-003,Sports,Skipping Rope,North,Jaipur,SUP-034,3.0,WH-NO-05,337.0,,174.0,600.0,19.9,4103.81,8.4,No,Yes,Winter,Sunny,5193.41,0.0,2.0,314.02,0.072,31
ORD101875,2022-06-01,P-BEA-009,Beauty,Moisturizer Cream,East,Guwahati,SUP-037,5.0,WH-EA-05,605.0,26.0,163.0,584.0,24.78,693.55,2.9,Yes,No,Autumn,Sunny,,0.0,1.0,315.06,0.065,35
ORD101876,2024-07-07,P-GRO-014,Grocery,Wheat Flour 5kg,North,Kanpur,SUP-002,14.0,WH-NO-04,,14.0,172.0,788.0,31.0,129.19,17.5,No,No,Autumn,Cloudy,132.63,,1.0,444.56,0.114,39
ORD101877,2023-01-31,P-GRO-011,Grocery,Wheat Flour 5kg,South,Chennai,SUP-009,7.0,WH-SO-03,519.0,49.0,362.0,1399.0,46.3,,2.5,No,No,Winter,Sunny,119.48,0.0,0.0,293.96,0.122,59
ORD101878,2023-12-25,P-CLO-005,Clothing,Cotton Saree,West,Mumbai,SUP-028,6.0,WH-WE-05,307.0,41.0,320.0,1088.0,36.76,1098.69,2.6,No,Yes,Winter,Sunny,1006.54,0.0,3.0,495.24,0.074,40
ORD101879,2023-04-21,P-CLO-003,Clothing,Men's Cotton T-Shirt,North,Kanpur,SUP-007,12.0,WH-NO-02,161.0,,90.0,428.0,14.63,1617.07,4.5,No,No,Summer,Sunny,1883.06,0.0,1.0,,0.049,19
ORD101880,2024-10-23,P-CLO-011,Clothing,Women's Kurti,North,Delhi,SUP-003,6.0,WH-NO-04,450.0,17.0,139.0,691.0,21.58,1617.17,17.8,Yes,No,Autumn,Sunny,1512.98,,1.0,175.79,0.051,28
ORD101881,2022-04-27,P-FUR-007,Furniture,Dining Chair,East,,SUP-040,2.0,WH-EA-05,55.0,6.0,35.0,117.0,4.05,17597.97,4.7,No,No,Summer,Stormy,14782.46,0.0,0.0,274.88,0.136,3
ORD101882,2023-09-05,P-GRO-015,Grocery,Sunflower Oil 1L,South,Chennai,SUP-004,6.0,WH-SO-05,251.0,27.0,167.0,783.0,29.52,278.74,10.6,No,No,Autumn,Sunny,284.22,0.0,2.0,401.56,0.066,28
ORD101883,2022-02-03,P-BEA-010,Beauty,Face Wash 100ml,West,Nagpur,SUP-009,4.0,WH-WE-03,528.0,14.0,190.0,822.0,32.34,1138.66,6.4,No,No,Spring,Sunny,1099.51,0.0,1.0,,0.01,21
ORD101884,2021-12-07,P-GRO-001,Grocery,Wheat Flour 5kg,Central,Jabalpur,SUP-040,9.0,WH-CE-02,405.0,37.0,225.0,962.0,38.44,412.5,10.8,No,No,Winter,Rainy,,0.0,0.0,355.79,0.06,56
ORD101885,2024-12-04,P-GRO-004,Grocery,Toor Dal 1kg,Central,Raipur,SUP-005,13.0,WH-CE-05,450.0,37.0,196.0,748.0,27.33,265.11,5.5,No,No,Winter,Stormy,298.36,0.0,5.0,593.53,0.205,28
ORD101886,2021-02-05,P-ELE-012,Electronics,Wireless Earbuds,South,Hyderabad,SUP-032,16.0,WH-SO-04,123.0,16.0,74.0,308.0,11.07,6638.97,1.0,No,No,Spring,Rainy,6834.95,0.0,1.0,492.4,0.058,12
ORD101887,2022-02-03,P-ELE-011,Electronics,Power Bank 10000mAh,South,Hyderabad,SUP-023,4.0,WH-SO-04,338.0,3.0,109.0,589.0,17.19,8174.04,8.0,No,No,Winter,Sunny,8322.43,0.0,0.0,213.03,0.138,21
ORD101888,2022-07-19,P-BEA-012,Beauty,Face Wash 100ml,East,Bhubaneswar,SUP-022,6.0,WH-EA-04,300.0,16.0,169.0,652.0,21.35,102.35,13.7,No,No,Summer,Cloudy,107.75,1.0,2.0,284.9,0.027,24
ORD101889,2021-07-21,P-CLO-004,Clothing,Formal Shirt,East,Ranchi,SUP-034,6.0,WH-EA-05,193.0,11.0,99.0,340.0,12.61,1027.5,9.0,No,No,Autumn,Cloudy,1249.83,0.0,1.0,408.99,0.038,18
ORD101890,2024-02-02,P-GRO-004,Grocery,Sunflower Oil 1L,East,Patna,SUP-001,11.0,WH-EA-03,109.0,31.0,249.0,951.0,29.22,259.96,28.0,No,No,Spring,Rainy,307.35,1.0,3.0,455.82,0.137,25
ORD101891,2022-06-10,P-BEA-004,Beauty,Moisturizer Cream,South,Kochi,SUP-003,8.0,WH-SO-03,369.0,9.0,110.0,507.0,15.64,667.23,12.9,No,No,Summer,Sunny,650.36,0.0,3.0,400.04,0.048,16
ORD101892,2022-11-02,P-CLO-011,Clothing,Men's Cotton T-Shirt,North,Jaipur,SUP-008,7.0,WH-NO-05,78.0,24.0,158.0,580.0,20.18,334.62,7.1,No,No,Autumn,Sunny,360.05,0.0,0.0,335.13,,16
ORD101893,2022-03-20,P-ELE-001,Electronics,Home Router,North,Kanpur,SUP-020,12.0,WH-NO-03,45.0,10.0,44.0,258.0,7.63,13906.84,12.3,No,No,Spring,Sunny,15893.95,0.0,0.0,352.93,0.307,8
ORD101894,2024-07-27,P-GRO-013,Grocery,Masala Mix 200g,North,Jaipur,SUP-039,6.0,WH-NO-02,258.0,36.0,,1629.0,49.15,542.5,15.1,No,No,Autumn,Cloudy,572.59,0.0,0.0,304.58,0.08,56
ORD101895,2022-09-09,P-ELE-005,Electronics,Smartphone Charger,North,Kanpur,SUP-003,6.0,WH-NO-04,62.0,8.0,62.0,232.0,7.96,2166.22,3.2,No,No,Autumn,Sunny,2154.73,1.0,2.0,323.56,0.066,6
ORD101896,2024-02-25,P-FUR-008,Furniture,Office Chair,Central,Raipur,SUP-017,11.0,WH-CE-02,61.0,7.0,33.0,159.0,5.32,19802.68,13.3,No,No,Spring,Cloudy,19014.01,1.0,2.0,473.96,0.023,5
ORD101897,2023-07-01,P-GRO-004,Grocery,Masala Mix 200g,North,Chandigarh,SUP-018,8.0,WH-NO-01,133.0,48.0,241.0,915.0,31.59,527.52,8.0,Yes,No,Summer,Cloudy,531.68,1.0,1.0,418.91,0.041,31
ORD101898,2024-10-28,P-ELE-007,Electronics,Bluetooth Speaker,East,Patna,SUP-008,8.0,WH-EA-02,75.0,10.0,56.0,243.0,7.69,12221.59,11.3,No,No,Autumn,Rainy,11107.15,0.0,0.0,331.58,0.145,9
ORD101899,2023-06-01,P-ELE-012,Electronics,Wireless Earbuds,Central,Indore,SUP-014,11.0,WH-CE-01,102.0,4.0,39.0,,5.26,5214.16,,No,No,Autumn,Rainy,5587.63,0.0,2.0,382.84,0.111,7
ORD101900,2024-12-11,P-CLO-003,Clothing,Women's Kurti,South,Bengaluru,SUP-009,6.0,WH-SO-05,319.0,20.0,139.0,573.0,17.43,2317.55,19.4,No,No,Winter,,2575.43,,2.0,393.68,0.02,23
ORD101901,2023-10-18,P-ELE-009,Electronics,Bluetooth Speaker,East,Patna,SUP-006,15.0,WH-EA-05,41.0,9.0,69.0,248.0,9.63,11123.8,5.8,No,No,Autumn,Sunny,10770.56,1.0,1.0,420.68,0.047,8
ORD101902,2021-03-28,P-BEA-001,Beauty,Sunscreen Lotion,West,Nagpur,SUP-021,6.0,WH-WE-02,725.0,27.0,285.0,975.0,34.72,945.99,35.3,No,No,Summer,Rainy,911.89,0.0,0.0,303.28,0.187,37
ORD101903,2021-08-17,P-ELE-003,Electronics,Laptop Stand,South,Kochi,SUP-038,7.0,WH-SO-05,102.0,9.0,46.0,285.0,7.85,4467.26,13.4,Yes,No,Summer,Sunny,4089.82,0.0,0.0,189.65,0.327,9
ORD101904,2024-02-28,P-FUR-011,Furniture,Office Chair,South,Coimbatore,SUP-017,4.0,WH-SO-04,153.0,,44.0,209.0,7.2,4460.54,5.8,No,No,Winter,Sunny,4627.16,0.0,1.0,355.91,0.142,11
ORD101905,2021-03-09,P-CLO-009,Clothing,Denim Jeans,West,Pune,SUP-026,6.0,WH-WE-05,,25.0,172.0,783.0,25.16,1379.01,9.3,Yes,No,Spring,Sunny,1377.81,0.0,0.0,306.62,0.109,26
ORD101906,2021-10-05,P-CLO-010,Clothing,Denim Jeans,West,Ahmedabad,SUP-027,8.0,WH-WE-01,405.0,23.0,108.0,547.0,17.44,1997.19,16.7,No,No,Autumn,Cloudy,1766.57,0.0,0.0,332.05,0.066,17
ORD101907,2024-03-01,P-ELE-004,Electronics,Smartwatch,West,Surat,SUP-034,11.0,WH-WE-01,237.0,10.0,,337.0,10.81,6269.05,26.6,No,No,Summer,Sunny,7730.95,0.0,1.0,465.28,0.091,13
ORD101908,2022-06-03,P-BEA-004,Beauty,Moisturizer Cream,Central,Bhopal,SUP-033,8.0,WH-CE-05,203.0,20.0,137.0,595.0,20.63,141.92,8.2,No,No,Autumn,Sunny,121.73,0.0,0.0,218.72,0.111,20
ORD101909,2021-11-14,P-SPO-007,Sports,Football,South,,SUP-037,5.0,WH-SO-02,254.0,17.0,106.0,499.0,15.85,675.17,,No,No,Autumn,Sunny,597.4,0.0,0.0,226.35,0.031,17
ORD101910,2021-10-17,P-ELE-002,Electronics,Power Bank 10000mAh,West,Nagpur,SUP-033,7.0,WH-WE-03,121.0,11.0,65.0,294.0,9.82,,9.2,No,No,Autumn,Cloudy,7627.47,0.0,0.0,282.02,0.124,11
ORD101911,2022-04-07,P-ELE-014,Electronics,Smartwatch,East,Ranchi,SUP-038,4.0,WH-EA-05,56.0,3.0,32.0,,4.44,11461.0,18.6,No,No,Summer,Cloudy,12063.48,0.0,0.0,123.52,0.163,7
ORD101912,2024-05-09,P-SPO-005,Sports,Badminton Racket,West,Mumbai,SUP-039,9.0,WH-WE-02,195.0,24.0,106.0,402.0,15.11,1462.93,12.7,No,No,Summer,Cloudy,1379.33,,1.0,389.88,0.044,24
ORD101913,2022-10-28,P-CLO-011,Clothing,Women's Kurti,West,Nagpur,SUP-030,8.0,WH-WE-01,381.0,26.0,161.0,647.0,21.84,1143.03,21.2,No,No,Autumn,Sunny,1071.82,0.0,1.0,295.69,0.08,32
ORD101914,2024-10-25,P-ELE-003,Electronics,Wireless Earbuds,West,Surat,SUP-020,13.0,WH-WE-04,131.0,12.0,77.0,369.0,11.64,3160.81,22.7,No,Yes,Autumn,Rainy,3276.59,0.0,0.0,469.23,0.349,18
ORD101915,2023-11-13,P-GRO-010,Grocery,Instant Noodles Pack,West,Ahmedabad,SUP-013,4.0,WH-WE-03,637.0,37.0,186.0,1165.0,36.71,311.61,32.9,No,Yes,Autumn,Sunny,321.04,0.0,0.0,207.16,0.114,48
ORD101916,2022-01-27,P-FUR-004,Furniture,TV Unit,South,Bengaluru,SUP-023,14.0,WH-SO-01,77.0,8.0,63.0,249.0,8.12,16138.26,6.6,No,No,Winter,Sunny,15229.48,0.0,26.0,556.75,0.21,10
ORD101917,2021-08-27,P-BEA-005,Beauty,Sunscreen Lotion,East,Bhubaneswar,SUP-034,4.0,WH-EA-02,490.0,30.0,130.0,632.0,21.0,1005.5,25.7,Yes,No,Summer,Cloudy,1085.45,0.0,1.0,240.54,0.051,31
ORD101918,2024-10-10,P-CLO-007,Clothing,Men's Cotton T-Shirt,South,Chennai,SUP-031,10.0,WH-SO-03,302.0,17.0,96.0,390.0,13.14,2120.72,25.2,Yes,No,Autumn,Cloudy,2217.74,0.0,0.0,420.45,0.073,14
ORD101919,2024-08-11,P-SPO-002,Sports,Badminton Racket,East,Ranchi,SUP-021,16.0,WH-EA-05,297.0,20.0,117.0,519.0,16.69,1632.02,,No,No,Autumn,Rainy,1806.51,0.0,1.0,465.13,0.062,18
ORD101920,2021-06-29,P-CLO-002,Clothing,Denim Jeans,West,,SUP-004,5.0,WH-WE-02,384.0,42.0,225.0,657.0,,2015.55,6.8,No,No,Summer,Sunny,2007.52,0.0,4.0,393.15,0.108,27
ORD101921,2022-04-15,P-GRO-012,Grocery,Basmati Rice 5kg,West,Pune,SUP-011,7.0,WH-WE-03,912.0,,223.0,1608.0,53.21,445.06,24.5,Yes,No,Summer,Rainy,473.91,0.0,0.0,412.44,0.118,56
ORD101922,2023-12-22,P-CLO-006,Clothing,Women's Kurti,South,Kochi,SUP-024,,WH-SO-01,239.0,15.0,133.0,693.0,21.14,464.41,5.2,No,No,Winter,Cloudy,455.93,0.0,1.0,357.05,0.192,29
ORD101923,2024-12-06,P-GRO-009,Grocery,Toor Dal 1kg,East,Kolkata,SUP-016,5.0,WH-EA-02,444.0,44.0,267.0,1098.0,36.11,298.65,9.4,No,No,Winter,,311.58,0.0,0.0,265.08,,37
ORD101924,2024-08-13,P-GRO-010,Grocery,Toor Dal 1kg,South,Kochi,SUP-019,3.0,WH-SO-02,755.0,61.0,280.0,1430.0,52.75,381.73,0.1,No,No,Summer,Cloudy,392.66,0.0,0.0,143.56,0.026,50
ORD101925,2022-02-21,P-ELE-010,Electronics,Smartwatch,North,Kanpur,SUP-013,5.0,WH-NO-03,,13.0,65.0,254.0,9.37,5721.04,10.6,Yes,No,Spring,Cloudy,6109.2,0.0,1.0,256.92,0.1,11
ORD101926,2024-08-03,P-GRO-010,Grocery,Sugar 1kg,South,Chennai,SUP-004,5.0,WH-SO-04,375.0,50.0,214.0,1388.0,40.91,200.98,27.7,Yes,No,Autumn,Sunny,209.33,0.0,0.0,282.17,,66
ORD101927,2023-11-27,P-FUR-015,Furniture,Wooden Bookshelf,Central,Gwalior,SUP-019,15.0,WH-CE-01,55.0,4.0,28.0,118.0,3.99,,5.7,Yes,No,Autumn,Cloudy,4846.87,0.0,1.0,430.02,0.067,4
ORD101928,2022-11-07,P-ELE-010,Electronics,LED TV 43in,South,Coimbatore,SUP-018,5.0,WH-SO-01,105.0,8.0,45.0,164.0,6.38,8305.43,16.2,Yes,Yes,Autumn,Cloudy,7889.14,0.0,0.0,216.95,0.123,11
ORD101929,2022-07-05,P-CLO-006,Clothing,Cotton Saree,Central,Raipur,SUP-032,,WH-CE-04,289.0,10.0,164.0,571.0,21.15,365.35,15.2,Yes,No,Autumn,Rainy,367.78,0.0,1.0,425.82,0.12,29
ORD101930,2024-04-03,P-FUR-005,Furniture,Office Chair,South,Coimbatore,SUP-005,5.0,WH-SO-02,61.0,8.0,53.0,183.0,7.31,11150.89,2.9,No,No,Summer,,11566.93,1.0,1.0,367.96,0.2,5
ORD101931,2024-05-07,P-FUR-013,Furniture,Study Table,West,Mumbai,SUP-020,7.0,WH-WE-04,85.0,9.0,44.0,183.0,7.28,5147.03,21.5,No,No,Summer,Cloudy,5486.68,0.0,0.0,413.35,0.032,9
ORD101932,2024-08-28,P-BEA-007,Beauty,Body Lotion 400ml,East,Bhubaneswar,SUP-035,9.0,WH-EA-01,528.0,17.0,204.0,895.0,28.98,1028.37,3.4,No,No,Autumn,Rainy,1073.51,0.0,0.0,280.52,0.024,29
ORD101933,2022-11-07,P-BEA-009,Beauty,Herbal Shampoo 200ml,West,Ahmedabad,SUP-011,11.0,WH-WE-04,437.0,23.0,162.0,624.0,22.08,675.95,26.7,No,No,Autumn,Rainy,637.84,0.0,1.0,366.22,0.093,17
ORD101934,2022-01-25,P-FUR-013,Furniture,Study Table,East,Bhubaneswar,SUP-013,3.0,WH-EA-05,81.0,4.0,29.0,125.0,4.75,6515.54,4.2,No,No,Winter,Rainy,6994.1,0.0,0.0,308.65,0.139,4
ORD101935,2024-06-25,P-ELE-004,Electronics,Laptop Stand,West,,SUP-004,5.0,WH-WE-03,161.0,8.0,72.0,303.0,8.99,10137.82,13.6,No,No,Autumn,Sunny,9481.66,0.0,0.0,212.65,0.118,16
ORD101936,2022-03-19,P-CLO-004,Clothing,Kids Winter Jacket,Central,Jabalpur,SUP-023,12.0,WH-CE-03,78.0,13.0,75.0,287.0,9.85,586.38,22.3,No,No,Summer,Sunny,645.64,0.0,1.0,388.29,0.081,15
ORD101937,2024-01-07,P-FUR-001,Furniture,Office Chair,East,Guwahati,SUP-035,6.0,WH-EA-02,52.0,3.0,24.0,134.0,4.46,,5.0,No,No,Winter,Rainy,10065.83,0.0,0.0,298.51,0.163,2
ORD101938,2023-01-15,P-GRO-002,Grocery,Instant Noodles Pack,North,Chandigarh,SUP-020,14.0,WH-NO-02,672.0,41.0,309.0,1421.0,44.1,323.64,31.4,No,No,Winter,Cloudy,323.38,0.0,1.0,517.8,0.162,56
ORD101939,2023-05-07,P-ELE-010,Electronics,Smartphone Charger,South,Hyderabad,SUP-017,7.0,WH-SO-01,287.0,9.0,71.0,306.0,12.01,1880.19,10.6,No,No,Summer,Cloudy,1782.72,0.0,1.0,251.67,0.028,12
ORD101940,2021-11-03,P-GRO-008,Grocery,Sugar 1kg,West,Mumbai,SUP-030,16.0,WH-WE-03,348.0,54.0,248.0,,50.41,403.4,20.0,Yes,No,Autumn,Sunny,380.94,0.0,1.0,469.02,0.242,57
ORD101941,2022-01-01,P-CLO-005,Clothing,Cotton Saree,East,Bhubaneswar,SUP-018,20.0,WH-EA-05,266.0,18.0,102.0,479.0,15.92,2101.39,11.5,Yes,No,Winter,Sunny,1917.48,0.0,17.0,477.31,0.06,29
ORD101942,2023-08-12,P-GRO-004,Grocery,Instant Noodles Pack,East,Patna,SUP-016,16.0,WH-EA-01,503.0,26.0,277.0,840.0,42.02,292.98,10.2,,No,Summer,Sunny,271.36,0.0,2.0,590.61,0.103,37
ORD101943,2022-01-15,P-ELE-011,Electronics,Laptop Stand,East,Ranchi,SUP-031,8.0,WH-EA-03,114.0,8.0,82.0,323.0,8.94,2145.11,3.9,No,No,Winter,Sunny,2114.14,0.0,2.0,423.31,0.01,12
ORD101944,2023-09-05,P-BEA-002,Beauty,Hair Oil 250ml,South,Coimbatore,SUP-012,6.0,WH-SO-05,353.0,17.0,114.0,551.0,17.7,1011.66,9.8,Yes,No,Autumn,,966.38,0.0,0.0,277.47,0.088,27
ORD101945,2024-12-19,P-SPO-011,Sports,Cricket Bat,West,Nagpur,SUP-034,9.0,WH-WE-03,299.0,17.0,118.0,496.0,16.72,409.65,7.0,No,No,Winter,Cloudy,356.89,0.0,1.0,361.09,0.11,14
ORD101946,2021-05-01,P-GRO-014,Grocery,Masala Mix 200g,West,Nagpur,SUP-011,4.0,WH-WE-04,756.0,67.0,379.0,1628.0,51.82,467.66,3.5,No,No,Summer,Cloudy,449.57,0.0,5.0,489.52,0.037,58
ORD101947,2024-09-13,P-SPO-007,Sports,Football,West,Ahmedabad,SUP-021,16.0,WH-WE-02,79.0,12.0,115.0,559.0,17.48,3418.17,6.2,No,No,Autumn,Sunny,3443.57,,2.0,477.39,0.007,14
ORD101948,2021-09-08,P-ELE-008,Electronics,LED TV 43in,West,Ahmedabad,SUP-011,4.0,WH-WE-04,29.0,7.0,55.0,235.0,7.6,11002.42,27.3,No,No,Autumn,Sunny,10703.94,0.0,1.0,283.45,0.079,5
ORD101949,2021-07-22,P-SPO-009,Sports,Badminton Racket,West,Surat,SUP-026,8.0,WH-WE-05,205.0,20.0,90.0,,14.43,3597.61,35.2,No,,Summer,Cloudy,,0.0,3.0,413.09,0.12,18
ORD101950,2024-05-03,P-SPO-002,Sports,Yoga Mat,East,Bhubaneswar,SUP-018,17.0,WH-EA-03,418.0,24.0,112.0,643.0,19.19,2242.94,1.0,No,No,Summer,Sunny,1813.88,0.0,1.0,491.54,0.043,21
ORD101951,2021-10-26,P-ELE-010,Electronics,Smartwatch,Central,Indore,SUP-010,9.0,WH-CE-04,81.0,4.0,38.0,212.0,6.02,5999.31,16.9,No,No,Autumn,Rainy,6549.06,0.0,1.0,437.29,0.129,7
ORD101952,2023-08-05,P-BEA-006,Beauty,Face Wash 100ml,North,Jaipur,SUP-030,5.0,WH-NO-04,,25.0,147.0,715.0,26.01,256.9,15.3,,No,Autumn,Sunny,256.09,0.0,0.0,226.91,0.172,37
ORD101953,2021-06-06,P-SPO-008,Sports,Badminton Racket,East,Bhubaneswar,SUP-038,7.0,WH-EA-01,160.0,7.0,46.0,160.0,6.09,4038.63,,No,No,Summer,Sunny,4142.25,0.0,0.0,344.55,0.148,8
ORD101954,2021-05-07,P-SPO-001,Sports,Yoga Mat,West,Nagpur,SUP-002,7.0,WH-WE-01,169.0,26.0,140.0,533.0,20.3,4782.53,15.9,No,No,Summer,Cloudy,4851.71,0.0,0.0,317.86,0.176,27
ORD101955,2021-10-22,P-SPO-014,Sports,Running Shoes,South,Chennai,SUP-023,8.0,WH-SO-04,260.0,20.0,115.0,547.0,17.86,3762.5,13.9,No,No,Autumn,Cloudy,3912.21,0.0,0.0,307.12,0.146,21
ORD101956,2023-01-31,P-CLO-006,Clothing,Kids Winter Jacket,South,Hyderabad,SUP-029,13.0,WH-SO-02,701.0,40.0,268.0,867.0,35.4,856.42,2.7,Yes,No,Winter,Sunny,872.9,0.0,1.0,476.73,0.028,40
ORD101957,2022-03-01,P-ELE-002,Electronics,Power Bank 10000mAh,East,Bhubaneswar,SUP-029,11.0,WH-EA-03,132.0,6.0,35.0,144.0,5.59,3151.74,13.0,,No,Spring,Cloudy,3176.6,0.0,2.0,445.31,0.179,4
ORD101958,2021-11-23,P-BEA-012,Beauty,Herbal Shampoo 200ml,South,Kochi,SUP-009,3.0,WH-SO-03,768.0,37.0,139.0,1151.0,36.45,1137.37,,Yes,No,Autumn,Sunny,1206.82,0.0,1.0,307.82,,55
ORD101959,2024-05-08,P-FUR-015,Furniture,TV Unit,Central,Raipur,SUP-005,13.0,WH-CE-04,50.0,2.0,22.0,99.0,3.47,14543.32,5.7,No,No,Summer,Sunny,15681.05,0.0,3.0,583.11,0.059,3
ORD101960,2021-09-12,P-FUR-008,Furniture,Plastic Storage Rack,South,Bengaluru,SUP-021,6.0,WH-SO-05,157.0,8.0,70.0,266.0,9.0,10269.59,16.2,No,No,Autumn,Sunny,11406.06,0.0,1.0,304.36,0.036,13
ORD101961,2021-05-20,P-GRO-001,Grocery,Wheat Flour 5kg,North,Lucknow,SUP-026,3.0,WH-NO-05,443.0,29.0,171.0,742.0,21.32,197.03,16.0,Yes,,Summer,Cloudy,183.92,1.0,2.0,296.61,0.099,29
ORD101962,2021-06-11,P-CLO-015,Clothing,Kids Winter Jacket,East,Ranchi,SUP-012,12.0,WH-EA-01,241.0,28.0,126.0,736.0,22.29,1140.52,5.4,No,No,Summer,Cloudy,1163.28,0.0,0.0,410.56,0.149,20
ORD101963,2024-07-12,P-ELE-004,Electronics,Smartphone Charger,South,Chennai,SUP-015,10.0,WH-SO-04,203.0,10.0,63.0,303.0,9.86,4537.46,9.8,No,No,,Rainy,3954.71,0.0,1.0,384.93,0.277,11
ORD101964,2022-11-27,P-BEA-004,Beauty,Body Lotion 400ml,North,Lucknow,SUP-022,3.0,WH-NO-04,449.0,28.0,235.0,816.0,30.42,153.73,8.7,No,No,Autumn,Cloudy,147.81,0.0,0.0,303.73,0.025,35
ORD101965,2024-11-20,P-ELE-011,Electronics,LED TV 43in,East,Kolkata,SUP-019,7.0,WH-EA-05,92.0,,50.0,271.0,9.21,9294.65,8.9,No,No,Autumn,Sunny,9148.18,0.0,1.0,466.71,0.063,6
ORD101966,2024-03-25,P-BEA-005,Beauty,Talcum Powder,East,Guwahati,SUP-020,6.0,WH-EA-03,303.0,17.0,156.0,643.0,23.53,140.98,36.9,No,No,Summer,Cloudy,149.34,0.0,1.0,420.54,0.063,24
ORD101967,2022-02-16,P-BEA-002,Beauty,Herbal Shampoo 200ml,North,Delhi,SUP-028,5.0,WH-NO-03,1138.0,63.0,359.0,1436.0,49.27,676.42,16.3,Yes,No,Winter,Cloudy,670.05,,0.0,,0.023,109
ORD101968,2024-03-01,P-CLO-011,Clothing,Track Pants,East,Patna,SUP-040,9.0,WH-EA-03,433.0,25.0,,739.0,27.21,1551.36,12.9,No,No,Summer,Cloudy,1634.86,1.0,1.0,414.69,0.155,31
ORD101969,2022-10-29,P-CLO-004,Clothing,Formal Shirt,East,Guwahati,SUP-032,10.0,WH-EA-02,,23.0,135.0,628.0,20.82,1716.73,12.3,No,No,Autumn,Sunny,1669.33,0.0,1.0,281.35,0.084,20
ORD101970,2023-03-30,P-GRO-013,Grocery,Tea Powder 500g,West,Nagpur,SUP-001,10.0,WH-WE-02,1073.0,78.0,247.0,1306.0,45.06,57.08,,No,No,Summer,Sunny,54.44,0.0,0.0,369.03,0.213,43
ORD101971,2023-02-13,P-SPO-003,Sports,Skipping Rope,South,Chennai,SUP-014,7.0,WH-SO-04,392.0,23.0,137.0,604.0,22.27,3464.39,12.9,Yes,No,Winter,,3242.07,0.0,1.0,329.88,0.013,34
ORD101972,2024-01-13,P-BEA-014,Beauty,Herbal Shampoo 200ml,South,Chennai,SUP-001,6.0,WH-SO-01,179.0,32.0,394.0,1087.0,41.58,908.77,2.2,No,No,Winter,Cloudy,958.99,,0.0,316.99,0.075,35
ORD101973,2021-10-28,P-GRO-011,Grocery,Wheat Flour 5kg,Central,Bhopal,SUP-035,18.0,WH-CE-04,796.0,43.0,248.0,1186.0,34.12,552.84,1.7,Yes,No,Autumn,Rainy,536.1,0.0,1.0,507.29,,49
ORD101974,2021-03-28,P-ELE-004,Electronics,Home Router,East,Bhubaneswar,SUP-026,12.0,WH-EA-05,142.0,10.0,61.0,206.0,7.42,14336.81,25.5,No,No,Spring,Cloudy,11553.76,0.0,1.0,391.91,0.176,8
ORD101975,2023-12-05,P-GRO-009,Grocery,Sunflower Oil 1L,North,Kanpur,SUP-009,4.0,WH-NO-02,406.0,14.0,234.0,1115.0,33.73,248.57,9.5,No,No,Winter,Cloudy,261.21,1.0,1.0,309.75,0.047,32
ORD101976,2024-10-25,P-CLO-015,Clothing,Men's Cotton T-Shirt,West,Pune,SUP-034,4.0,WH-WE-02,319.0,34.0,153.0,737.0,24.99,1209.31,13.2,No,No,,Sunny,1119.41,0.0,0.0,327.73,0.118,31
ORD101977,2023-04-28,P-SPO-001,Sports,Gym Dumbbells 5kg,North,Lucknow,SUP-023,8.0,WH-NO-03,50.0,10.0,83.0,428.0,14.19,2413.22,23.2,No,No,Summer,Sunny,2450.52,0.0,2.0,533.61,0.074,13
ORD101978,2021-06-21,P-BEA-013,Beauty,Face Wash 100ml,West,Pune,SUP-003,8.0,WH-WE-05,771.0,51.0,223.0,1041.0,34.47,870.06,1.1,Yes,No,Summer,Sunny,791.47,0.0,0.0,396.62,0.096,48
ORD101979,2021-06-13,P-GRO-007,Grocery,Masala Mix 200g,West,Nagpur,SUP-007,13.0,WH-WE-01,1659.0,98.0,,2048.0,70.66,188.65,7.3,No,No,Autumn,Sunny,188.87,0.0,1.0,482.06,0.075,92
ORD101980,2023-03-07,P-BEA-015,Beauty,Talcum Powder,Central,Raipur,SUP-033,9.0,WH-CE-03,151.0,28.0,151.0,810.0,27.14,705.23,6.1,Yes,No,Summer,Sunny,543.29,0.0,0.0,387.91,0.131,25
ORD101981,2024-08-02,P-GRO-004,Grocery,Sunflower Oil 1L,Central,Gwalior,SUP-012,7.0,WH-CE-02,812.0,31.0,318.0,1301.0,41.27,311.83,20.0,Yes,No,Summer,Cloudy,310.99,0.0,1.0,335.03,0.08,63
ORD101982,2023-06-16,P-BEA-011,Beauty,Herbal Shampoo 200ml,South,Coimbatore,SUP-021,9.0,WH-SO-05,362.0,32.0,140.0,634.0,24.37,961.98,13.5,No,No,Summer,Sunny,894.63,0.0,2.0,410.3,0.086,22
ORD101983,2022-03-18,P-GRO-015,Grocery,Instant Noodles Pack,West,Surat,SUP-036,10.0,WH-WE-05,245.0,44.0,257.0,1135.0,38.75,187.15,29.3,No,No,Summer,Sunny,168.17,0.0,1.0,432.4,0.061,31
ORD101984,2023-06-27,P-FUR-006,Furniture,Foldable Bed,South,Hyderabad,SUP-012,11.0,WH-SO-01,163.0,7.0,64.0,277.0,9.25,16486.01,3.0,Yes,Yes,Autumn,Sunny,,0.0,2.0,345.43,0.04,15
ORD101985,2021-08-17,P-SPO-002,Sports,Skipping Rope,East,Bhubaneswar,SUP-001,7.0,WH-EA-01,276.0,15.0,101.0,424.0,13.31,2901.36,11.5,No,No,Summer,Rainy,2873.81,0.0,0.0,329.24,0.004,12
ORD101986,2022-12-02,P-GRO-006,Grocery,Masala Mix 200g,East,Bhubaneswar,SUP-004,10.0,WH-EA-01,655.0,29.0,291.0,1253.0,43.8,453.28,16.1,No,No,Winter,Sunny,444.43,0.0,2.0,421.36,,46
ORD101987,2024-12-05,P-FUR-009,Furniture,Plastic Storage Rack,North,Delhi,SUP-037,3.0,WH-NO-05,30.0,5.0,36.0,140.0,4.79,3286.96,23.3,No,No,Winter,Rainy,3096.5,0.0,0.0,230.87,0.08,4
ORD101988,2023-07-09,P-SPO-010,Sports,Yoga Mat,North,Chandigarh,SUP-024,,WH-NO-05,269.0,12.0,73.0,354.0,10.98,1654.12,21.5,Yes,No,Autumn,Rainy,1772.5,1.0,1.0,280.16,0.069,14
ORD101989,2021-05-31,P-ELE-008,Electronics,Smartwatch,North,Kanpur,SUP-014,6.0,WH-NO-02,101.0,9.0,58.0,196.0,7.86,11193.14,13.5,No,No,Summer,Rainy,10803.86,0.0,0.0,301.53,0.117,7
ORD101990,2021-10-22,P-ELE-014,Electronics,Laptop Stand,North,Delhi,SUP-004,8.0,WH-NO-01,267.0,15.0,78.0,372.0,11.19,12118.21,18.5,Yes,No,Autumn,Cloudy,,0.0,2.0,357.24,0.012,17
ORD101991,2021-03-29,P-FUR-009,Furniture,Plastic Storage Rack,South,Kochi,SUP-028,5.0,WH-SO-04,69.0,5.0,40.0,152.0,5.57,12079.22,14.6,No,No,Spring,Rainy,13267.4,0.0,3.0,407.16,0.218,7
ORD101992,2022-08-11,P-GRO-010,Grocery,Wheat Flour 5kg,Central,Raipur,SUP-002,8.0,WH-CE-05,743.0,39.0,347.0,1604.0,48.58,218.74,5.4,No,No,Autumn,,243.68,0.0,0.0,324.39,0.011,67
ORD101993,2021-12-14,P-ELE-015,Electronics,LED TV 43in,East,Patna,SUP-004,9.0,WH-EA-05,91.0,7.0,44.0,218.0,6.49,9439.97,6.8,No,No,Winter,,10171.01,0.0,2.0,376.2,0.104,8
ORD101994,2024-12-02,P-CLO-015,Clothing,Kids Winter Jacket,West,Mumbai,SUP-024,5.0,WH-WE-03,,23.0,153.0,540.0,,1260.62,5.7,No,No,Winter,Sunny,1199.48,0.0,0.0,339.83,0.104,21
ORD101995,2022-04-12,P-BEA-006,Beauty,Lipstick Set,West,Surat,SUP-026,5.0,WH-WE-04,593.0,24.0,192.0,834.0,25.38,768.49,,Yes,No,Summer,Sunny,771.71,0.0,0.0,261.33,,30
ORD101996,2021-02-20,P-GRO-005,Grocery,Toor Dal 1kg,West,Mumbai,SUP-023,6.0,WH-WE-05,685.0,21.0,290.0,1170.0,40.66,595.43,6.5,No,No,Winter,Rainy,585.76,0.0,2.0,401.13,0.021,35
ORD101997,2022-09-26,P-GRO-012,Grocery,Basmati Rice 5kg,South,Hyderabad,SUP-037,6.0,WH-SO-05,752.0,32.0,222.0,963.0,34.78,201.93,14.3,Yes,No,Autumn,Cloudy,215.47,0.0,1.0,268.01,0.053,67
ORD101998,2023-12-14,P-BEA-008,Beauty,Talcum Powder,West,Mumbai,SUP-011,13.0,WH-WE-03,118.0,31.0,283.0,926.0,29.84,1035.22,18.4,No,No,Winter,Sunny,1034.34,0.0,1.0,419.42,0.102,32
ORD101999,2023-09-29,P-CLO-007,Clothing,Cotton Saree,West,Nagpur,SUP-023,12.0,WH-WE-02,98.0,18.0,202.0,766.0,23.56,988.29,4.6,No,No,Autumn,Sunny,969.06,0.0,0.0,322.35,0.053,20
ORD102000,2024-11-28,P-BEA-011,Beauty,Talcum Powder,West,Mumbai,SUP-013,15.0,WH-WE-02,234.0,6.0,120.0,550.0,20.39,227.37,23.9,No,No,Autumn,Cloudy,257.53,0.0,0.0,426.54,0.029,17
ORD102001,2022-06-19,P-CLO-010,Clothing,Track Pants,Central,Jabalpur,SUP-015,8.0,WH-CE-02,337.0,15.0,105.0,343.0,13.9,461.57,9.6,Yes,No,Summer,,449.48,1.0,0.0,339.27,0.102,18
ORD102002,2023-02-03,P-SPO-014,Sports,Gym Dumbbells 5kg,East,Bhubaneswar,SUP-007,13.0,WH-EA-05,288.0,8.0,107.0,395.0,12.96,,5.8,No,No,Spring,Rainy,1375.02,0.0,1.0,453.74,0.014,9
ORD102003,2023-03-29,P-FUR-006,Furniture,Wooden Bookshelf,East,Kolkata,SUP-032,9.0,WH-EA-04,103.0,6.0,33.0,154.0,4.43,3474.06,8.2,Yes,No,Summer,Sunny,3362.35,0.0,3.0,554.64,0.098,7
ORD102004,2021-02-05,P-ELE-012,Electronics,Laptop Stand,West,Surat,SUP-029,10.0,WH-WE-05,169.0,15.0,60.0,258.0,8.64,6070.78,18.2,No,No,Winter,Sunny,6591.04,0.0,2.0,483.8,0.036,12
ORD102005,2021-01-09,P-SPO-004,Sports,Gym Dumbbells 5kg,South,Kochi,SUP-029,23.0,WH-SO-04,236.0,10.0,88.0,469.0,13.9,423.19,4.6,Yes,No,Winter,,429.55,,2.0,537.01,0.147,19
ORD102006,2024-03-08,P-CLO-015,Clothing,Woolen Sweater,West,Pune,SUP-006,7.0,WH-WE-03,362.0,22.0,149.0,665.0,20.04,583.71,6.6,Yes,Yes,Summer,Cloudy,605.12,0.0,0.0,353.35,0.01,31
ORD102007,2022-07-17,P-ELE-002,Electronics,Smartphone Charger,North,Kanpur,SUP-005,4.0,WH-NO-04,159.0,15.0,,449.0,13.79,14463.36,5.5,,No,Summer,Cloudy,14736.42,0.0,1.0,257.35,0.109,17
ORD102008,2023-10-03,P-ELE-012,Electronics,Wireless Earbuds,North,Jaipur,SUP-032,10.0,WH-NO-04,268.0,6.0,76.0,340.0,11.54,1954.09,9.9,No,No,Autumn,Cloudy,1611.28,0.0,0.0,396.37,0.206,8
ORD102009,2024-10-12,P-FUR-002,Furniture,Office Chair,East,Guwahati,SUP-027,6.0,WH-EA-04,110.0,2.0,59.0,,9.15,3679.34,5.8,Yes,No,Autumn,Cloudy,3364.74,0.0,1.0,228.91,0.085,9
ORD102010,2021-12-24,P-ELE-014,Electronics,Smartphone Charger,North,Lucknow,SUP-002,6.0,WH-NO-02,117.0,6.0,74.0,301.0,,12282.41,21.5,No,No,Winter,Sunny,12008.49,0.0,2.0,358.8,0.008,8
ORD102011,2024-02-07,P-GRO-015,Grocery,Sugar 1kg,Central,Bhopal,SUP-027,3.0,WH-CE-02,175.0,25.0,229.0,721.0,27.27,249.03,6.1,No,No,Spring,Sunny,255.3,0.0,0.0,265.65,0.123,32
ORD102012,2021-11-09,P-ELE-013,Electronics,Smartphone Charger,North,Chandigarh,SUP-040,7.0,WH-NO-01,34.0,13.0,48.0,242.0,7.45,4467.45,5.9,No,No,Autumn,Sunny,4115.66,0.0,1.0,288.32,0.198,8
ORD102013,2023-12-19,P-CLO-012,Clothing,Women's Kurti,West,Nagpur,SUP-031,7.0,WH-WE-02,209.0,31.0,175.0,767.0,26.7,2252.27,6.3,No,No,Winter,,2069.36,0.0,2.0,464.06,0.075,22
ORD102014,2021-08-22,P-GRO-008,Grocery,Toor Dal 1kg,South,Hyderabad,SUP-012,14.0,WH-SO-05,204.0,28.0,315.0,1116.0,37.87,346.11,0.9,No,No,Autumn,Cloudy,337.46,0.0,1.0,569.7,0.018,29
ORD102015,2022-03-21,P-CLO-004,Clothing,Track Pants,Central,Gwalior,SUP-013,8.0,WH-CE-05,185.0,9.0,81.0,371.0,12.64,2443.41,5.5,Yes,No,Summer,Rainy,2702.66,0.0,1.0,355.32,,16
ORD102016,2022-11-19,P-GRO-015,Grocery,Toor Dal 1kg,South,Coimbatore,SUP-031,5.0,WH-SO-01,574.0,47.0,236.0,,58.97,51.83,11.7,No,No,Autumn,Sunny,42.9,0.0,3.0,441.99,0.178,46
ORD102017,2022-12-15,P-ELE-008,Electronics,LED TV 43in,North,Lucknow,SUP-017,7.0,WH-NO-03,118.0,4.0,87.0,276.0,9.75,9431.59,8.4,,No,Winter,Rainy,7430.92,0.0,0.0,1511.94,0.072,11
ORD102018,2021-02-14,P-FUR-013,Furniture,Wooden Bookshelf,North,Delhi,SUP-030,7.0,WH-NO-05,83.0,5.0,52.0,200.0,6.45,7214.72,10.2,No,No,Winter,Sunny,8216.32,0.0,1.0,308.07,0.056,9
ORD102019,2024-05-18,P-GRO-011,Grocery,Instant Noodles Pack,East,Ranchi,SUP-039,9.0,WH-EA-04,346.0,40.0,273.0,927.0,34.95,52.28,3.1,No,No,Summer,Sunny,45.88,0.0,4.0,456.66,0.108,32
ORD102020,2021-01-09,P-FUR-011,Furniture,Plastic Storage Rack,Central,Gwalior,SUP-017,6.0,WH-CE-04,38.0,5.0,40.0,,5.42,3442.07,19.6,Yes,No,Winter,Sunny,3330.46,0.0,1.0,351.16,0.08,9
ORD102021,2024-07-09,P-ELE-006,Electronics,LED TV 43in,Central,Raipur,SUP-023,5.0,WH-CE-03,28.0,4.0,33.0,132.0,4.83,14749.89,0.8,No,No,Autumn,Sunny,12979.01,0.0,0.0,363.18,0.068,3
ORD102022,2021-10-29,P-ELE-007,Electronics,Power Bank 10000mAh,South,,SUP-020,13.0,WH-SO-02,156.0,9.0,36.0,219.0,7.26,12760.54,15.5,No,No,Autumn,Sunny,12451.67,0.0,2.0,535.64,0.082,11
ORD102023,2023-11-05,P-GRO-007,Grocery,Wheat Flour 5kg,East,Ranchi,SUP-021,12.0,WH-EA-05,582.0,36.0,370.0,1378.0,54.92,178.58,33.3,Yes,No,Autumn,Sunny,176.64,0.0,2.0,370.17,0.086,61
ORD102024,2023-11-06,P-CLO-010,Clothing,Denim Jeans,North,Jaipur,SUP-004,5.0,WH-NO-01,240.0,23.0,138.0,571.0,20.55,2107.27,6.7,No,No,Autumn,Cloudy,2378.8,0.0,1.0,387.06,0.294,21
ORD102025,2022-10-30,P-GRO-011,Grocery,Instant Noodles Pack,East,Guwahati,SUP-040,7.0,WH-EA-05,828.0,25.0,262.0,882.0,38.42,94.92,18.2,No,No,Autumn,Rainy,100.39,0.0,0.0,374.83,0.079,60
ORD102026,2023-02-25,P-BEA-003,Beauty,Moisturizer Cream,East,Guwahati,SUP-022,7.0,WH-EA-05,276.0,30.0,183.0,,24.17,1179.57,5.2,No,No,Spring,Cloudy,1058.49,1.0,1.0,174.16,0.016,26
ORD102027,2021-04-17,P-GRO-004,Grocery,Tea Powder 500g,South,Chennai,SUP-010,19.0,WH-SO-02,722.0,38.0,314.0,1055.0,36.81,,18.2,Yes,No,Summer,Rainy,396.6,0.0,2.0,610.21,0.007,52
ORD102028,2024-08-09,P-CLO-001,Clothing,Cotton Saree,East,Guwahati,SUP-023,3.0,WH-EA-03,105.0,14.0,94.0,421.0,13.64,938.05,15.8,Yes,No,Autumn,,975.55,0.0,2.0,327.73,0.182,17
ORD102029,2021-06-24,P-CLO-008,Clothing,Women's Kurti,West,Nagpur,SUP-016,8.0,WH-WE-05,72.0,16.0,109.0,,,651.29,12.0,Yes,No,Autumn,Stormy,624.22,0.0,0.0,398.68,0.076,14
ORD102030,2023-08-20,P-ELE-011,Electronics,Smartphone Charger,North,Lucknow,SUP-033,10.0,WH-NO-03,142.0,8.0,61.0,215.0,7.18,12872.0,22.4,No,No,Autumn,Sunny,12127.38,0.0,1.0,450.03,0.105,12
ORD102031,2021-01-01,P-CLO-004,Clothing,Track Pants,North,Chandigarh,SUP-031,5.0,WH-NO-02,351.0,17.0,140.0,646.0,22.87,1395.68,24.4,No,Yes,Winter,Stormy,1527.97,0.0,0.0,,0.12,27
ORD102032,2023-12-26,P-GRO-011,Grocery,Wheat Flour 5kg,North,Jaipur,SUP-016,12.0,WH-NO-01,219.0,46.0,242.0,1170.0,34.93,529.5,6.7,Yes,No,Winter,Sunny,455.1,0.0,2.0,470.89,0.034,51
ORD102033,2022-06-09,P-CLO-001,Clothing,Denim Jeans,North,Chandigarh,SUP-029,19.0,WH-NO-03,198.0,,105.0,430.0,15.07,462.87,11.1,No,No,Autumn,Cloudy,449.31,0.0,1.0,547.61,0.085,15
ORD102034,2022-12-05,P-ELE-013,Electronics,Smartwatch,North,Kanpur,SUP-002,5.0,WH-NO-02,255.0,14.0,74.0,311.0,12.16,12487.56,0.9,No,No,Winter,Cloudy,13117.71,0.0,0.0,183.51,0.202,20
ORD102035,2021-02-04,P-BEA-011,Beauty,Face Wash 100ml,East,Bhubaneswar,SUP-039,17.0,WH-EA-05,713.0,34.0,189.0,976.0,28.62,1068.8,6.6,Yes,No,Spring,Sunny,967.88,0.0,1.0,398.57,0.171,26
ORD102036,2021-11-16,P-SPO-011,Sports,Cricket Bat,North,Lucknow,SUP-021,2.0,WH-NO-05,116.0,8.0,73.0,299.0,10.97,2560.07,21.1,Yes,No,Autumn,Sunny,2825.93,0.0,2.0,347.05,,16
ORD102037,2022-09-28,P-ELE-011,Electronics,Bluetooth Speaker,West,Mumbai,SUP-027,8.0,WH-WE-02,82.0,8.0,51.0,192.0,6.6,7243.87,,Yes,No,Autumn,Sunny,6657.6,0.0,1.0,367.58,0.035,12
ORD102038,2023-11-15,P-FUR-006,Furniture,TV Unit,West,Nagpur,SUP-026,11.0,WH-WE-02,132.0,5.0,,211.0,6.42,15845.99,9.0,No,No,Autumn,Rainy,15756.72,0.0,0.0,,0.028,4
ORD102039,2023-05-24,P-BEA-015,Beauty,Sunscreen Lotion,Central,Gwalior,SUP-013,17.0,WH-CE-02,113.0,15.0,192.0,802.0,28.67,1084.8,29.7,Yes,No,Summer,Rainy,1024.63,0.0,2.0,508.26,,22
ORD102040,2022-01-16,P-GRO-012,Grocery,Tea Powder 500g,West,Ahmedabad,SUP-028,7.0,WH-WE-03,523.0,35.0,247.0,1105.0,33.19,277.28,7.8,No,,Winter,,216.5,0.0,1.0,302.02,0.084,33
ORD102041,2023-05-21,P-BEA-003,Beauty,Sunscreen Lotion,North,Chandigarh,SUP-016,12.0,WH-NO-04,253.0,29.0,113.0,531.0,17.51,499.97,,No,No,Summer,Sunny,483.15,0.0,2.0,431.24,0.034,16
ORD102042,2021-11-22,P-FUR-014,Furniture,Dining Chair,North,Chandigarh,SUP-028,7.0,WH-NO-01,33.0,3.0,19.0,101.0,3.2,10886.75,11.8,No,No,Autumn,Cloudy,11576.77,0.0,2.0,337.37,0.102,3
ORD102043,2023-03-23,P-SPO-012,Sports,Skipping Rope,North,Kanpur,SUP-004,11.0,WH-NO-05,184.0,16.0,137.0,433.0,14.11,1357.87,12.4,No,No,Summer,Sunny,1245.49,0.0,0.0,1322.01,0.064,19
ORD102044,2023-03-01,P-SPO-005,Sports,Cricket Bat,Central,Gwalior,SUP-006,9.0,WH-CE-04,208.0,10.0,58.0,244.0,8.34,2496.61,12.5,No,No,Summer,Sunny,2371.14,0.0,0.0,377.69,0.157,9
ORD102045,2021-11-27,P-ELE-015,Electronics,Smartwatch,Central,Jabalpur,SUP-037,10.0,WH-CE-01,186.0,6.0,67.0,323.0,9.32,6381.34,7.2,No,No,Autumn,Sunny,6117.68,0.0,1.0,423.3,0.051,9
ORD102046,2021-10-20,P-CLO-004,Clothing,Kids Winter Jacket,South,Kochi,SUP-030,6.0,WH-SO-02,453.0,27.0,218.0,1052.0,32.63,2308.67,22.5,No,Yes,Autumn,Cloudy,2407.68,0.0,0.0,375.42,0.084,48
ORD102047,2023-01-29,P-CLO-010,Clothing,Women's Kurti,South,Coimbatore,SUP-006,3.0,WH-SO-04,650.0,,178.0,818.0,33.09,1978.01,,No,No,Winter,Sunny,1921.08,0.0,0.0,199.1,0.043,36
ORD102048,2023-05-08,P-ELE-011,Electronics,Home Router,East,Bhubaneswar,SUP-009,13.0,WH-EA-03,113.0,12.0,64.0,284.0,9.94,8163.4,24.7,Yes,No,Summer,Sunny,8178.53,0.0,1.0,357.3,0.064,15
ORD102049,2024-12-02,P-GRO-015,Grocery,Wheat Flour 5kg,South,Chennai,SUP-022,8.0,WH-SO-03,183.0,30.0,,963.0,29.8,334.09,3.8,Yes,No,Winter,Sunny,335.06,0.0,0.0,306.4,0.165,40
ORD102050,2022-12-25,P-SPO-009,Sports,Skipping Rope,Central,Gwalior,SUP-001,9.0,WH-CE-01,152.0,7.0,103.0,312.0,13.67,4118.08,22.6,No,Yes,Winter,Cloudy,3945.64,0.0,0.0,359.56,0.088,19
ORD102051,2022-10-12,P-ELE-015,Electronics,Wireless Earbuds,North,Jaipur,SUP-017,13.0,WH-NO-03,79.0,10.0,91.0,338.0,12.28,4848.6,31.7,No,No,Autumn,Sunny,5503.98,0.0,0.0,353.27,0.064,16
ORD102052,2022-11-27,P-CLO-005,Clothing,Kids Winter Jacket,South,Hyderabad,SUP-014,,WH-SO-04,206.0,18.0,117.0,513.0,15.47,2440.63,6.6,No,No,Autumn,Cloudy,2240.44,0.0,0.0,225.08,0.158,16
ORD102053,2024-07-01,P-BEA-013,Beauty,Hair Oil 250ml,South,Bengaluru,SUP-006,15.0,WH-SO-04,593.0,1.0,144.0,749.0,24.22,1141.55,9.2,No,No,Autumn,Rainy,1205.75,2.0,1.0,415.4,0.053,21
ORD102054,2022-03-25,P-GRO-004,Grocery,Tea Powder 500g,North,Kanpur,SUP-012,5.0,WH-NO-03,770.0,46.0,182.0,,37.39,387.01,22.7,No,No,Spring,Sunny,426.51,0.0,2.0,404.3,0.119,42
ORD102055,2022-07-12,P-CLO-015,Clothing,Men's Cotton T-Shirt,South,Kochi,SUP-012,10.0,WH-SO-03,381.0,28.0,94.0,659.0,20.53,2175.8,6.6,Yes,No,Summer,Sunny,2151.73,0.0,1.0,425.3,0.021,31
ORD102056,2022-06-23,P-SPO-012,Sports,Cricket Bat,West,Pune,SUP-003,7.0,WH-WE-02,187.0,24.0,115.0,569.0,15.6,2025.52,14.3,No,No,Summer,Sunny,2035.38,0.0,0.0,389.27,0.049,25
ORD102057,2023-06-30,P-CLO-010,Clothing,Kids Winter Jacket,North,Chandigarh,SUP-026,9.0,WH-NO-04,106.0,23.0,110.0,455.0,16.74,1169.82,0.6,No,No,Summer,Stormy,1219.45,0.0,1.0,461.49,0.398,16
ORD102058,2023-10-19,P-ELE-001,Electronics,Power Bank 10000mAh,East,Kolkata,SUP-011,4.0,WH-EA-04,113.0,,35.0,165.0,6.27,7589.65,6.3,Yes,No,Autumn,Cloudy,7364.23,0.0,0.0,277.91,0.026,4
ORD102059,2022-12-05,P-ELE-008,Electronics,Smartwatch,South,Kochi,SUP-002,7.0,WH-SO-04,69.0,14.0,,398.0,11.33,2600.5,4.7,No,No,Winter,Rainy,2206.04,0.0,3.0,311.46,0.053,7
ORD102060,2022-01-21,P-SPO-003,Sports,Cricket Bat,North,Lucknow,SUP-001,8.0,WH-NO-04,203.0,12.0,109.0,458.0,13.86,1812.92,2.3,No,No,Winter,Rainy,1776.75,0.0,1.0,376.14,0.121,15
ORD102061,2023-10-04,P-GRO-014,Grocery,Instant Noodles Pack,North,Lucknow,SUP-039,6.0,WH-NO-05,1480.0,57.0,473.0,1998.0,68.57,102.18,11.9,No,No,Autumn,Stormy,115.63,0.0,0.0,294.92,0.09,91
ORD102062,2022-02-07,P-CLO-006,Clothing,Formal Shirt,South,Hyderabad,SUP-005,7.0,WH-SO-05,382.0,20.0,109.0,520.0,17.25,956.99,5.0,Yes,No,Winter,Rainy,1000.54,0.0,0.0,321.71,0.082,22
ORD102063,2024-08-04,P-ELE-013,Electronics,Wireless Earbuds,North,Lucknow,SUP-037,5.0,WH-NO-05,116.0,7.0,61.0,296.0,9.11,13473.99,11.9,No,No,Autumn,Sunny,13557.14,0.0,0.0,236.42,0.051,11
ORD102064,2023-07-01,P-CLO-014,Clothing,Denim Jeans,South,Coimbatore,SUP-007,11.0,WH-SO-02,68.0,14.0,128.0,509.0,15.64,2126.98,18.0,No,No,Autumn,Cloudy,2255.66,0.0,1.0,333.85,0.045,11
ORD102065,2022-10-07,P-SPO-002,Sports,Football,West,Nagpur,SUP-004,15.0,WH-WE-01,389.0,28.0,134.0,545.0,16.63,2400.12,10.5,No,No,Autumn,Stormy,2372.39,0.0,0.0,440.62,0.084,20
ORD102066,2021-12-07,P-CLO-012,Clothing,Woolen Sweater,West,Nagpur,SUP-022,8.0,WH-WE-01,343.0,18.0,152.0,622.0,22.6,1572.77,15.7,No,No,Winter,Cloudy,1576.48,0.0,0.0,229.11,0.163,20
ORD102067,2024-01-12,P-SPO-005,Sports,Cycling Helmet,Central,Raipur,SUP-035,4.0,WH-CE-04,228.0,14.0,95.0,390.0,13.37,2628.82,13.6,No,No,Winter,Rainy,2538.13,0.0,2.0,398.78,0.018,17
ORD102068,2023-06-10,P-GRO-002,Grocery,Basmati Rice 5kg,South,Bengaluru,SUP-003,3.0,WH-SO-05,823.0,17.0,397.0,1212.0,33.81,308.4,17.5,No,No,Summer,Rainy,320.18,0.0,0.0,160.25,0.044,39
ORD102069,2024-07-13,P-CLO-004,Clothing,Kids Winter Jacket,West,Nagpur,SUP-014,5.0,WH-WE-04,88.0,13.0,157.0,548.0,17.15,2227.06,8.0,No,Yes,Summer,Cloudy,2131.54,0.0,0.0,156.01,0.138,20
ORD102070,2023-10-30,P-BEA-009,Beauty,Face Wash 100ml,West,Pune,SUP-031,5.0,WH-WE-04,798.0,29.0,268.0,1341.0,38.29,255.65,24.9,No,No,Autumn,Cloudy,249.2,0.0,0.0,299.99,0.128,45
ORD102071,2024-02-28,P-CLO-013,Clothing,Formal Shirt,North,Kanpur,SUP-003,8.0,WH-NO-01,645.0,26.0,230.0,833.0,27.22,981.7,4.4,No,No,Winter,Cloudy,1050.73,0.0,0.0,299.04,0.094,45
ORD102072,2021-05-15,P-GRO-011,Grocery,Sunflower Oil 1L,South,Chennai,SUP-007,11.0,WH-SO-03,297.0,38.0,377.0,1457.0,51.17,577.66,6.1,No,No,Summer,Sunny,568.68,1.0,1.0,289.85,0.154,47
ORD102073,2021-02-05,P-BEA-004,Beauty,Hair Oil 250ml,East,Bhubaneswar,SUP-013,3.0,WH-EA-04,622.0,23.0,211.0,672.0,24.73,185.68,2.1,Yes,No,Spring,Sunny,194.08,0.0,1.0,242.18,0.054,33
ORD102074,2023-08-20,P-GRO-005,Grocery,Basmati Rice 5kg,West,Ahmedabad,SUP-033,13.0,WH-WE-01,1118.0,38.0,282.0,1305.0,45.39,164.34,25.1,No,No,Autumn,Cloudy,172.86,0.0,1.0,475.58,0.26,74
ORD102075,2021-01-01,P-CLO-005,Clothing,Woolen Sweater,South,Hyderabad,SUP-033,6.0,WH-SO-04,211.0,25.0,205.0,893.0,26.53,1479.55,8.0,No,No,Winter,Stormy,1470.47,0.0,1.0,344.03,0.023,26
ORD102076,2024-07-25,P-SPO-012,Sports,Football,North,Delhi,SUP-029,4.0,WH-NO-02,175.0,6.0,89.0,335.0,11.05,1581.54,15.3,Yes,No,Autumn,Rainy,1537.32,0.0,1.0,276.29,,9
ORD102077,2024-07-14,P-ELE-008,Electronics,LED TV 43in,Central,Raipur,SUP-027,4.0,WH-CE-01,80.0,4.0,47.0,,6.74,11246.52,20.1,No,No,Autumn,Sunny,10059.11,0.0,0.0,258.75,0.181,6
ORD102078,2023-05-05,P-GRO-001,Grocery,Masala Mix 200g,North,Chandigarh,SUP-002,12.0,WH-NO-04,1023.0,63.0,334.0,1387.0,51.25,96.23,9.7,No,No,Summer,Rainy,87.79,0.0,1.0,407.13,,39
ORD102079,2023-12-02,P-ELE-002,Electronics,Home Router,Central,Jabalpur,SUP-010,5.0,WH-CE-03,318.0,11.0,94.0,481.0,12.99,1680.83,6.4,No,,Winter,Sunny,1762.73,0.0,2.0,,0.13,14
ORD102080,2022-09-09,P-GRO-002,Grocery,Basmati Rice 5kg,West,Ahmedabad,SUP-037,7.0,WH-WE-03,1188.0,51.0,266.0,1321.0,48.06,204.31,0.5,No,No,Autumn,Cloudy,213.96,0.0,2.0,290.26,0.081,47
ORD102081,2024-10-31,P-GRO-015,Grocery,Basmati Rice 5kg,West,Nagpur,SUP-029,19.0,WH-WE-03,295.0,,127.0,596.0,19.37,351.36,18.5,No,No,Autumn,Rainy,323.54,0.0,1.0,513.73,0.014,19
ORD102082,2021-02-22,P-FUR-008,Furniture,Dining Chair,West,Pune,SUP-010,7.0,WH-WE-04,118.0,6.0,40.0,205.0,6.28,13424.28,11.7,Yes,No,Spring,Stormy,13850.0,0.0,0.0,343.26,0.266,7
ORD102083,2022-03-04,P-ELE-008,Electronics,Home Router,North,Lucknow,SUP-029,8.0,WH-NO-03,320.0,7.0,99.0,366.0,12.58,10171.28,4.8,No,No,Summer,Cloudy,10347.32,0.0,1.0,339.84,0.066,13
ORD102084,2023-10-17,P-FUR-012,Furniture,Plastic Storage Rack,East,Kolkata,SUP-029,6.0,WH-EA-05,15.0,2.0,34.0,105.0,4.59,2540.86,5.1,Yes,No,Autumn,Cloudy,2731.02,0.0,0.0,309.11,0.031,6
ORD102085,2024-02-26,P-GRO-003,Grocery,Sunflower Oil 1L,West,Surat,SUP-030,9.0,WH-WE-05,193.0,27.0,239.0,824.0,31.32,527.67,3.5,No,No,Spring,Sunny,619.08,0.0,1.0,,0.056,33
ORD102086,2021-12-20,P-GRO-001,Grocery,Sunflower Oil 1L,West,Mumbai,SUP-040,9.0,WH-WE-03,752.0,59.0,483.0,1598.0,58.86,245.14,9.5,Yes,No,Winter,Cloudy,256.41,0.0,2.0,334.56,0.079,63
ORD102087,2024-03-17,P-GRO-005,Grocery,Wheat Flour 5kg,South,Chennai,SUP-022,14.0,WH-SO-01,742.0,52.0,214.0,952.0,37.0,239.64,19.2,No,No,Summer,Sunny,226.4,0.0,0.0,453.1,0.014,47
ORD102088,2022-11-05,P-FUR-004,Furniture,Sofa Cushion Set,North,Kanpur,SUP-003,9.0,WH-NO-02,51.0,8.0,46.0,181.0,5.28,5658.91,12.5,No,No,Autumn,Sunny,5995.45,0.0,1.0,280.09,0.065,8
ORD102089,2024-06-06,P-CLO-012,Clothing,Men's Cotton T-Shirt,South,Coimbatore,SUP-033,14.0,WH-SO-04,170.0,16.0,114.0,465.0,14.35,,13.0,Yes,No,Autumn,Rainy,1182.71,0.0,1.0,580.0,0.148,12
ORD102090,2022-01-26,P-GRO-013,Grocery,Sugar 1kg,South,Hyderabad,SUP-001,12.0,WH-SO-02,840.0,36.0,202.0,1236.0,36.64,,0.9,No,Yes,Winter,Sunny,281.11,0.0,2.0,428.3,0.096,52
ORD102091,2023-10-09,P-BEA-010,Beauty,Body Lotion 400ml,East,Ranchi,SUP-026,5.0,WH-EA-04,93.0,26.0,209.0,733.0,26.84,538.59,32.6,Yes,No,Autumn,Cloudy,485.75,0.0,0.0,340.64,0.021,25
ORD102092,2021-10-31,P-CLO-014,Clothing,Women's Kurti,West,Surat,SUP-032,8.0,WH-WE-04,141.0,16.0,126.0,490.0,16.72,662.29,11.7,Yes,,Autumn,Sunny,,0.0,2.0,405.64,0.029,22
ORD102093,2021-07-22,P-GRO-007,Grocery,Masala Mix 200g,West,Nagpur,SUP-006,5.0,WH-WE-03,1629.0,52.0,487.0,2175.0,65.77,512.51,22.8,Yes,No,Summer,Sunny,512.59,0.0,0.0,215.98,0.039,79
ORD102094,2023-10-28,P-SPO-004,Sports,Cycling Helmet,West,Surat,SUP-032,10.0,WH-WE-01,192.0,35.0,150.0,617.0,24.99,3119.63,20.4,No,No,Autumn,Sunny,3016.39,0.0,2.0,305.94,0.072,29
ORD102095,2023-09-22,P-GRO-005,Grocery,Wheat Flour 5kg,South,Hyderabad,SUP-033,1.0,WH-SO-03,640.0,28.0,227.0,1159.0,32.62,308.12,4.1,No,No,Autumn,Sunny,296.37,0.0,0.0,231.37,0.13,38
ORD102096,2022-03-05,P-ELE-003,Electronics,Wireless Earbuds,South,Bengaluru,SUP-027,21.0,WH-SO-04,36.0,8.0,57.0,248.0,7.4,11573.51,22.0,No,No,Spring,Sunny,12834.37,1.0,3.0,640.36,0.094,8
ORD102097,2023-06-03,P-CLO-014,Clothing,Denim Jeans,South,Chennai,SUP-013,5.0,WH-SO-01,116.0,28.0,182.0,812.0,25.98,1467.42,10.3,No,No,Autumn,Cloudy,1533.92,0.0,1.0,330.63,0.108,24
ORD102098,2024-10-07,P-ELE-010,Electronics,LED TV 43in,North,Jaipur,SUP-009,5.0,WH-NO-05,149.0,4.0,76.0,381.0,13.54,13034.89,4.1,No,No,Autumn,Cloudy,12876.02,2.0,5.0,437.26,0.042,12
ORD102099,2022-05-03,P-GRO-012,Grocery,Wheat Flour 5kg,North,Lucknow,SUP-029,9.0,WH-NO-01,629.0,28.0,265.0,1047.0,40.25,232.26,7.4,,No,Summer,Sunny,264.45,0.0,5.0,536.47,0.102,49
ORD102100,2023-01-04,P-BEA-005,Beauty,Talcum Powder,South,Coimbatore,SUP-007,4.0,WH-SO-03,421.0,26.0,174.0,757.0,23.65,1126.39,14.8,Yes,No,,Rainy,1115.7,0.0,0.0,289.78,0.024,36
ORD102101,2021-11-01,P-ELE-011,Electronics,Smartphone Charger,South,Bengaluru,SUP-028,4.0,WH-SO-03,74.0,12.0,60.0,304.0,8.79,5473.58,13.5,Yes,No,Autumn,Rainy,5795.37,0.0,0.0,315.07,0.112,15
ORD102102,2023-01-27,P-BEA-005,Beauty,Moisturizer Cream,East,Kolkata,SUP-007,7.0,WH-EA-04,292.0,25.0,210.0,729.0,23.42,1164.65,20.6,No,No,Winter,Cloudy,1039.76,0.0,0.0,304.13,0.14,30
ORD102103,2024-07-17,P-SPO-007,Sports,Skipping Rope,North,Lucknow,SUP-014,4.0,WH-NO-02,292.0,15.0,94.0,387.0,12.12,436.28,3.1,No,No,Autumn,Cloudy,391.36,0.0,0.0,147.75,0.085,14
ORD102104,2023-07-18,P-FUR-010,Furniture,Study Table,South,Chennai,SUP-021,6.0,WH-SO-02,46.0,5.0,60.0,251.0,7.83,11180.89,15.2,No,No,Summer,Cloudy,11815.74,0.0,1.0,321.05,0.103,10
ORD102105,2021-07-27,P-FUR-015,Furniture,Study Table,North,Kanpur,SUP-007,2.0,WH-NO-05,15.0,5.0,33.0,141.0,4.63,3017.2,14.1,No,No,Summer,Sunny,3091.56,,2.0,272.1,0.105,5
ORD102106,2023-12-18,P-FUR-009,Furniture,Wooden Bookshelf,East,Patna,SUP-032,12.0,WH-EA-02,80.0,4.0,38.0,183.0,5.8,4470.82,6.5,No,No,Winter,Sunny,5238.63,0.0,2.0,473.38,0.045,8
ORD102107,2022-09-09,P-SPO-011,Sports,Cycling Helmet,East,Bhubaneswar,SUP-028,17.0,WH-EA-04,356.0,18.0,126.0,497.0,14.37,2584.78,1.5,Yes,No,Autumn,Sunny,2438.93,0.0,1.0,504.06,0.072,19
ORD102108,2021-01-27,P-GRO-009,Grocery,Instant Noodles Pack,South,,SUP-001,16.0,WH-SO-02,972.0,45.0,293.0,1408.0,44.38,147.32,7.3,No,No,Winter,Cloudy,155.28,0.0,1.0,518.6,0.088,45
ORD102109,2023-06-29,P-ELE-007,Electronics,Home Router,North,,SUP-034,7.0,WH-NO-01,72.0,13.0,,254.0,8.34,9756.44,2.0,No,No,Summer,Sunny,9564.64,0.0,1.0,302.32,0.028,7
ORD102110,2022-03-14,P-CLO-014,Clothing,Track Pants,Central,Jabalpur,SUP-029,10.0,WH-CE-03,91.0,15.0,105.0,420.0,15.21,437.66,29.2,No,No,Spring,Stormy,467.36,0.0,1.0,346.89,0.155,12
ORD102111,2024-11-20,P-CLO-015,Clothing,Men's Cotton T-Shirt,East,Guwahati,SUP-034,12.0,WH-EA-02,177.0,8.0,79.0,466.0,14.33,1093.74,9.5,No,No,Autumn,,1161.01,0.0,3.0,559.72,0.161,19
ORD102112,2024-12-25,P-ELE-005,Electronics,Bluetooth Speaker,West,Mumbai,SUP-025,4.0,WH-WE-02,397.0,18.0,120.0,486.0,16.05,4720.43,7.8,No,Yes,Winter,Sunny,4710.04,0.0,0.0,195.25,0.066,17
ORD102113,2023-09-08,P-FUR-014,Furniture,Foldable Bed,East,Patna,SUP-026,9.0,WH-EA-05,99.0,4.0,38.0,145.0,4.79,1904.81,34.9,No,No,Autumn,Sunny,1791.96,0.0,3.0,446.56,0.095,8
ORD102114,2023-07-12,P-ELE-007,Electronics,Smartphone Charger,West,Mumbai,SUP-016,8.0,WH-WE-04,197.0,12.0,61.0,301.0,9.5,12854.11,4.7,Yes,No,Autumn,Rainy,12505.29,0.0,0.0,320.14,0.162,15
ORD102115,2022-03-22,P-SPO-012,Sports,Cycling Helmet,West,Pune,SUP-010,5.0,WH-WE-02,113.0,9.0,74.0,332.0,11.02,3350.41,16.5,No,No,Summer,Cloudy,3052.15,2.0,0.0,149.83,0.084,11
ORD102116,2021-04-14,P-GRO-008,Grocery,Tea Powder 500g,South,Coimbatore,SUP-010,9.0,WH-SO-03,,90.0,403.0,2050.0,65.79,119.08,31.2,No,No,Summer,Cloudy,122.56,0.0,3.0,457.08,0.136,97
ORD102117,2021-03-30,P-ELE-012,Electronics,Power Bank 10000mAh,West,Nagpur,SUP-013,3.0,WH-WE-04,45.0,7.0,106.0,366.0,11.97,13227.27,7.2,No,No,Summer,Cloudy,10254.96,0.0,0.0,245.1,0.117,11
ORD102118,2022-11-09,P-ELE-014,Electronics,LED TV 43in,North,Chandigarh,SUP-012,6.0,WH-NO-01,92.0,9.0,48.0,186.0,6.41,1887.05,1.2,No,No,Autumn,Sunny,1799.32,0.0,3.0,414.06,0.088,9
ORD102119,2022-04-10,P-GRO-007,Grocery,Sugar 1kg,East,Kolkata,SUP-031,11.0,WH-EA-01,505.0,22.0,319.0,1245.0,38.1,585.78,5.2,No,No,Summer,Rainy,628.15,0.0,4.0,468.6,0.1,38
ORD102120,2024-11-04,P-GRO-011,Grocery,Basmati Rice 5kg,South,Bengaluru,SUP-021,6.0,WH-SO-03,,28.0,239.0,809.0,36.37,317.53,1.6,Yes,No,Autumn,Rainy,339.89,0.0,4.0,378.62,0.105,38
ORD102121,2022-03-04,P-ELE-008,Electronics,Wireless Earbuds,North,Chandigarh,SUP-017,8.0,WH-NO-05,,8.0,51.0,213.0,6.69,4848.02,16.7,Yes,No,Spring,Cloudy,4222.78,0.0,0.0,239.4,0.128,8
ORD102122,2021-11-10,P-GRO-012,Grocery,Sugar 1kg,Central,Indore,SUP-030,9.0,WH-CE-05,465.0,45.0,146.0,,27.25,89.71,4.3,No,No,Autumn,Sunny,93.89,0.0,1.0,442.7,0.039,36
ORD102123,2024-04-11,P-ELE-003,Electronics,Wireless Earbuds,West,Ahmedabad,SUP-030,9.0,WH-WE-03,148.0,11.0,70.0,368.0,11.0,2259.91,15.0,No,No,Summer,Cloudy,2053.59,0.0,0.0,346.82,0.067,13
ORD102124,2024-05-05,P-GRO-011,Grocery,Wheat Flour 5kg,South,Bengaluru,SUP-038,9.0,WH-SO-04,710.0,23.0,356.0,956.0,,548.5,2.2,No,No,Summer,Cloudy,531.9,0.0,0.0,1396.2,0.022,34
ORD102125,2022-07-05,P-GRO-009,Grocery,Instant Noodles Pack,Central,Indore,SUP-013,7.0,WH-CE-03,213.0,9.0,229.0,876.0,30.84,574.74,,No,No,Summer,Rainy,609.96,0.0,2.0,312.88,0.105,30
ORD102126,2021-04-30,P-GRO-007,Grocery,Toor Dal 1kg,South,Hyderabad,SUP-010,22.0,WH-SO-05,190.0,56.0,289.0,1354.0,43.39,180.45,18.0,No,No,Summer,Sunny,166.37,0.0,,490.75,0.039,32
ORD102127,2021-05-24,P-GRO-006,Grocery,Toor Dal 1kg,South,Chennai,SUP-001,6.0,WH-SO-03,334.0,76.0,259.0,1512.0,51.12,223.84,1.5,Yes,No,Summer,Rainy,249.39,0.0,1.0,330.4,0.161,58
ORD102128,2023-02-01,P-ELE-011,Electronics,LED TV 43in,West,Pune,SUP-007,17.0,WH-WE-05,344.0,25.0,136.0,526.0,18.86,6462.4,0.6,No,No,Winter,Rainy,6595.22,0.0,2.0,528.82,0.163,22
ORD102129,2024-06-25,P-ELE-006,Electronics,Laptop Stand,South,Chennai,SUP-025,12.0,WH-SO-02,28.0,9.0,57.0,288.0,8.65,873.12,11.7,No,No,Summer,Sunny,905.44,0.0,6.0,520.2,0.049,4
ORD102130,2022-07-19,P-GRO-001,Grocery,Masala Mix 200g,South,Bengaluru,SUP-033,5.0,WH-SO-05,668.0,29.0,300.0,992.0,38.08,578.27,4.1,No,No,Autumn,Cloudy,628.1,0.0,2.0,284.06,0.084,29
ORD102131,2021-01-27,P-BEA-015,Beauty,Hair Oil 250ml,West,Pune,SUP-025,7.0,WH-WE-04,362.0,34.0,164.0,905.0,29.88,642.88,18.0,No,No,Winter,,688.68,0.0,0.0,255.18,0.161,40
ORD102132,2022-07-02,P-SPO-007,Sports,Yoga Mat,North,Lucknow,SUP-040,7.0,WH-NO-04,384.0,18.0,131.0,465.0,16.53,2491.44,9.7,No,No,Autumn,Sunny,2651.54,0.0,0.0,353.82,0.09,18
ORD102133,2021-01-05,P-SPO-003,Sports,Badminton Racket,South,Kochi,SUP-026,2.0,WH-SO-01,297.0,32.0,130.0,645.0,19.97,4897.83,6.5,No,No,,Cloudy,4640.11,0.0,0.0,175.68,0.047,24
ORD102134,2022-09-11,P-CLO-004,Clothing,Men's Cotton T-Shirt,South,Kochi,SUP-036,6.0,WH-SO-05,332.0,20.0,100.0,480.0,16.98,1450.22,13.5,Yes,No,Autumn,Sunny,1321.33,0.0,2.0,362.5,0.066,20
ORD102135,2022-11-25,P-CLO-013,Clothing,Women's Kurti,West,Ahmedabad,SUP-011,18.0,WH-WE-01,643.0,53.0,300.0,1253.0,41.75,576.79,8.3,Yes,No,Autumn,Sunny,563.76,0.0,0.0,525.93,0.076,64
ORD102136,2023-12-04,P-GRO-005,Grocery,Wheat Flour 5kg,North,Lucknow,SUP-013,6.0,WH-NO-05,509.0,30.0,280.0,916.0,31.48,58.67,5.8,Yes,No,Winter,,60.9,0.0,1.0,384.08,0.092,56
ORD102137,2021-04-12,P-BEA-005,Beauty,Lipstick Set,North,Chandigarh,SUP-033,10.0,WH-NO-01,246.0,21.0,235.0,904.0,30.31,927.11,10.5,No,No,Summer,Stormy,831.76,0.0,1.0,425.45,0.129,17
ORD102138,2022-12-04,P-BEA-008,Beauty,Talcum Powder,West,Surat,SUP-027,9.0,WH-WE-05,386.0,35.0,257.0,1069.0,35.11,692.06,6.9,,No,Winter,Sunny,724.33,0.0,1.0,459.51,0.107,53
ORD102139,2021-09-16,P-BEA-001,Beauty,Body Lotion 400ml,North,Lucknow,SUP-020,12.0,WH-NO-04,379.0,5.0,115.0,539.0,17.9,224.8,22.7,No,No,Autumn,Sunny,231.53,0.0,1.0,431.34,0.05,18
ORD102140,2022-11-13,P-SPO-009,Sports,Cricket Bat,South,Coimbatore,SUP-039,4.0,WH-SO-02,484.0,19.0,165.0,579.0,19.41,1028.66,6.7,No,Yes,Autumn,Sunny,1013.7,0.0,0.0,210.98,0.082,31
ORD102141,2024-12-10,P-CLO-001,Clothing,Denim Jeans,West,Nagpur,SUP-031,9.0,WH-WE-05,174.0,17.0,113.0,429.0,15.38,1945.71,1.1,No,No,Winter,Sunny,1955.29,0.0,1.0,470.79,,20
ORD102142,2023-12-19,P-BEA-013,Beauty,Face Wash 100ml,West,Ahmedabad,SUP-012,12.0,WH-WE-02,335.0,20.0,117.0,726.0,23.65,818.45,11.9,Yes,No,Winter,Rainy,822.71,0.0,,447.87,0.063,29
ORD102143,2024-05-18,P-BEA-007,Beauty,Face Wash 100ml,North,Delhi,SUP-025,4.0,WH-NO-01,,26.0,186.0,631.0,23.85,261.55,3.0,No,No,Summer,Cloudy,,0.0,2.0,291.69,0.048,22
ORD102144,2021-02-26,P-GRO-004,Grocery,Wheat Flour 5kg,West,Mumbai,SUP-016,7.0,WH-WE-01,363.0,63.0,348.0,1493.0,47.96,228.37,20.6,Yes,No,Winter,Cloudy,242.01,0.0,1.0,375.17,0.073,69
ORD102145,2024-01-22,P-SPO-007,Sports,Cycling Helmet,West,Nagpur,SUP-017,4.0,WH-WE-05,326.0,22.0,149.0,649.0,21.66,,9.0,No,No,Winter,Sunny,2987.41,0.0,0.0,143.47,0.185,33
ORD102146,2024-06-19,P-ELE-003,Electronics,Smartphone Charger,South,Hyderabad,SUP-033,12.0,WH-SO-02,38.0,8.0,68.0,190.0,8.14,11916.09,0.1,No,No,Autumn,Stormy,12077.27,0.0,1.0,427.02,0.056,6
ORD102147,2023-09-08,P-SPO-005,Sports,Running Shoes,West,Pune,SUP-028,6.0,WH-WE-05,326.0,15.0,103.0,509.0,16.63,1671.44,11.9,No,No,Autumn,Cloudy,1585.31,1.0,0.0,157.37,0.065,20
ORD102148,2024-02-17,P-BEA-002,Beauty,Lipstick Set,West,Surat,SUP-001,7.0,WH-WE-01,199.0,34.0,236.0,1287.0,36.67,821.82,6.3,Yes,No,Winter,Rainy,696.5,,1.0,295.13,0.015,35
ORD102149,2021-03-11,P-ELE-011,Electronics,Smartwatch,East,Ranchi,SUP-023,7.0,WH-EA-01,35.0,12.0,51.0,221.0,7.45,,2.4,Yes,No,Summer,Cloudy,6146.43,0.0,1.0,307.08,0.082,5
ORD102150,2023-12-16,P-FUR-015,Furniture,Dining Chair,East,Bhubaneswar,SUP-026,17.0,WH-EA-05,40.0,4.0,38.0,158.0,5.17,18362.54,17.9,No,No,Winter,Rainy,17249.96,0.0,1.0,424.26,0.054,5
ORD102151,2024-05-06,P-ELE-008,Electronics,Power Bank 10000mAh,West,Pune,SUP-021,4.0,WH-WE-01,,5.0,43.0,,6.71,8386.94,20.3,No,No,Summer,Cloudy,8849.52,0.0,0.0,257.21,0.095,7
ORD102152,2021-12-04,P-BEA-002,Beauty,Body Lotion 400ml,Central,Jabalpur,SUP-012,10.0,WH-CE-04,84.0,18.0,85.0,533.0,14.35,364.49,35.6,No,No,Winter,Rainy,352.98,1.0,0.0,300.16,0.114,15
ORD102153,2022-11-20,P-BEA-002,Beauty,Lipstick Set,East,Kolkata,SUP-026,5.0,WH-EA-02,279.0,14.0,120.0,648.0,17.65,389.66,7.2,Yes,No,Autumn,Sunny,402.34,0.0,2.0,353.71,0.01,27
ORD102154,2022-09-10,P-FUR-013,Furniture,Study Table,West,Nagpur,SUP-038,7.0,WH-WE-03,110.0,11.0,58.0,315.0,8.96,9477.92,10.1,No,No,Autumn,Cloudy,8922.85,0.0,4.0,533.13,0.096,5
ORD102155,2021-05-24,P-BEA-006,Beauty,Talcum Powder,West,Ahmedabad,SUP-004,4.0,WH-WE-01,789.0,34.0,411.0,1709.0,47.07,842.42,4.1,No,Yes,Summer,Cloudy,873.11,0.0,3.0,318.62,0.044,43
ORD102156,2021-07-07,P-ELE-005,Electronics,Home Router,West,Mumbai,SUP-025,11.0,WH-WE-02,164.0,14.0,67.0,378.0,13.83,11345.18,5.1,No,No,Autumn,Cloudy,12137.0,0.0,0.0,404.26,0.053,12
ORD102157,2022-03-16,P-GRO-002,Grocery,Instant Noodles Pack,Central,Indore,SUP-037,5.0,WH-CE-04,,42.0,258.0,855.0,,286.56,16.0,No,No,Spring,Cloudy,277.34,0.0,5.0,605.89,0.048,35
ORD102158,2021-06-09,P-GRO-010,Grocery,Toor Dal 1kg,North,Jaipur,SUP-017,7.0,WH-NO-03,1123.0,29.0,223.0,1774.0,46.06,473.71,26.4,No,,Autumn,Sunny,490.19,0.0,2.0,386.76,0.022,47
ORD102159,2023-01-04,P-ELE-001,Electronics,LED TV 43in,North,Jaipur,SUP-014,,WH-NO-03,90.0,11.0,60.0,257.0,8.72,10915.0,10.4,No,No,Winter,Rainy,10530.44,,1.0,336.55,0.23,12
ORD102160,2021-03-23,P-CLO-014,Clothing,Women's Kurti,East,Kolkata,SUP-010,5.0,WH-EA-05,102.0,20.0,91.0,426.0,15.5,679.33,6.5,Yes,No,Summer,Cloudy,612.38,1.0,1.0,334.87,0.153,13
ORD102161,2021-01-21,P-GRO-004,Grocery,Wheat Flour 5kg,South,Coimbatore,SUP-009,6.0,WH-SO-03,100.0,25.0,143.0,,26.64,252.26,21.7,No,No,Winter,Sunny,263.43,0.0,0.0,273.67,0.047,27
ORD102162,2023-07-09,P-GRO-002,Grocery,Wheat Flour 5kg,East,Ranchi,SUP-016,14.0,WH-EA-05,594.0,48.0,292.0,929.0,34.85,236.13,21.2,No,No,Summer,Cloudy,243.93,0.0,1.0,531.09,0.06,50
ORD102163,2022-01-04,P-CLO-011,Clothing,Denim Jeans,West,Surat,SUP-031,10.0,WH-WE-04,193.0,32.0,259.0,1031.0,33.48,,4.8,No,Yes,Winter,Cloudy,1978.91,0.0,2.0,,0.063,38
ORD102164,2022-07-07,P-SPO-006,Sports,Cycling Helmet,Central,Gwalior,SUP-008,7.0,WH-CE-03,202.0,9.0,65.0,253.0,9.18,4545.15,10.9,No,No,Summer,Sunny,4892.59,0.0,1.0,330.42,0.167,11
ORD102165,2022-05-06,P-GRO-011,Grocery,Sugar 1kg,South,Bengaluru,SUP-010,9.0,WH-SO-02,835.0,62.0,361.0,1661.0,50.78,451.17,1.7,No,No,Summer,Sunny,442.19,0.0,1.0,356.51,0.012,51
ORD102166,2022-11-17,P-SPO-001,Sports,Football,West,Surat,SUP-040,12.0,WH-WE-02,422.0,28.0,,565.0,20.64,1144.15,5.7,No,No,Autumn,Cloudy,1128.12,,1.0,407.92,0.144,22
ORD102167,2022-11-09,P-CLO-013,Clothing,Cotton Saree,North,Jaipur,SUP-040,13.0,WH-NO-05,286.0,2.0,102.0,415.0,15.7,303.9,3.8,Yes,No,Autumn,Rainy,296.97,0.0,0.0,355.41,0.173,14
ORD102168,2021-07-14,P-GRO-005,Grocery,Sugar 1kg,East,Kolkata,SUP-010,11.0,WH-EA-02,1202.0,23.0,386.0,1678.0,61.73,517.12,1.1,Yes,No,Autumn,Sunny,531.4,0.0,0.0,362.32,0.152,59
ORD102169,2021-01-03,P-CLO-012,Clothing,Kids Winter Jacket,North,Lucknow,SUP-017,7.0,WH-NO-04,613.0,15.0,160.0,772.0,24.9,1799.98,7.0,No,No,Winter,Sunny,1780.0,2.0,0.0,349.04,0.124,29
ORD102170,2022-10-10,P-GRO-015,Grocery,Masala Mix 200g,East,Ranchi,SUP-017,10.0,WH-EA-01,820.0,61.0,345.0,1437.0,51.07,101.3,19.3,No,No,Autumn,Cloudy,102.32,0.0,3.0,466.91,0.097,79
ORD102171,2023-04-07,P-GRO-009,Grocery,Masala Mix 200g,East,Ranchi,SUP-012,5.0,WH-EA-02,272.0,30.0,233.0,909.0,27.85,128.36,10.9,No,No,Summer,Sunny,120.96,0.0,0.0,311.39,0.254,31
ORD102172,2024-01-28,P-CLO-006,Clothing,Formal Shirt,West,Mumbai,SUP-007,7.0,WH-WE-05,551.0,15.0,260.0,,34.21,1150.94,2.4,Yes,No,Winter,Rainy,1056.32,0.0,1.0,405.04,0.021,38
ORD102173,2021-10-16,P-ELE-005,Electronics,Bluetooth Speaker,East,Guwahati,SUP-003,13.0,WH-EA-03,142.0,15.0,68.0,298.0,9.35,5268.2,9.9,No,,Autumn,Rainy,4885.21,0.0,0.0,371.26,0.145,9
ORD102174,2021-05-03,P-GRO-011,Grocery,Sunflower Oil 1L,South,Hyderabad,SUP-025,4.0,WH-SO-05,286.0,44.0,223.0,1021.0,37.57,412.87,16.2,Yes,No,Summer,Rainy,426.63,0.0,0.0,153.86,0.163,41
ORD102175,2023-05-23,P-CLO-001,Clothing,Track Pants,North,Chandigarh,SUP-002,8.0,WH-NO-02,149.0,14.0,112.0,445.0,15.07,2027.75,5.4,No,No,,Sunny,2020.8,0.0,1.0,333.24,0.027,12
ORD102176,2024-08-11,P-GRO-003,Grocery,Masala Mix 200g,North,Chandigarh,SUP-025,9.0,WH-NO-04,675.0,45.0,169.0,1157.0,38.69,222.89,13.8,Yes,No,Summer,Sunny,214.09,0.0,3.0,379.5,0.05,53
ORD102177,2021-12-16,P-BEA-010,Beauty,Hair Oil 250ml,Central,Jabalpur,SUP-004,9.0,WH-CE-05,343.0,24.0,163.0,720.0,26.13,611.43,7.7,No,No,Winter,Cloudy,643.88,0.0,2.0,476.11,0.08,31
ORD102178,2021-05-06,P-GRO-001,Grocery,Sunflower Oil 1L,Central,Raipur,SUP-007,13.0,WH-CE-05,308.0,42.0,181.0,908.0,31.84,417.64,1.7,No,No,Summer,Sunny,466.35,0.0,0.0,,0.03,38
ORD102179,2022-08-12,P-SPO-005,Sports,Gym Dumbbells 5kg,South,Hyderabad,SUP-001,9.0,WH-SO-03,224.0,20.0,93.0,442.0,14.17,2750.7,0.6,No,,Summer,Sunny,2641.82,0.0,2.0,448.8,0.127,14
ORD102180,2023-03-31,P-BEA-010,Beauty,Body Lotion 400ml,South,Coimbatore,SUP-016,9.0,WH-SO-04,191.0,31.0,143.0,534.0,21.42,1013.26,8.3,Yes,,Spring,Sunny,925.39,0.0,0.0,368.61,0.051,20
ORD102181,2023-07-01,P-SPO-004,Sports,Cricket Bat,South,Hyderabad,SUP-014,8.0,WH-SO-05,254.0,12.0,68.0,299.0,10.43,2294.3,2.4,No,No,Autumn,Cloudy,2467.77,0.0,0.0,385.78,0.004,11
ORD102182,2021-06-14,P-BEA-014,Beauty,Sunscreen Lotion,West,Nagpur,SUP-014,8.0,WH-WE-05,578.0,30.0,202.0,,29.09,848.3,6.4,No,No,Autumn,Sunny,849.35,0.0,1.0,414.92,0.021,35
ORD102183,2023-08-18,P-ELE-015,Electronics,Laptop Stand,South,Chennai,SUP-013,7.0,WH-SO-05,48.0,10.0,,200.0,7.67,11915.3,23.6,Yes,No,Autumn,Sunny,11740.5,0.0,0.0,237.55,0.068,11
ORD102184,2022-05-17,P-CLO-001,Clothing,Kids Winter Jacket,North,Kanpur,SUP-038,4.0,WH-NO-01,269.0,38.0,,599.0,25.17,1514.42,17.9,No,No,Summer,Sunny,1637.72,0.0,1.0,247.45,0.134,35
ORD102185,2021-02-14,P-ELE-003,Electronics,Laptop Stand,South,Coimbatore,SUP-018,11.0,WH-SO-03,106.0,12.0,77.0,372.0,12.49,9898.76,7.3,No,No,Winter,Cloudy,9690.85,0.0,1.0,400.18,0.152,14
ORD102186,2024-09-09,P-BEA-014,Beauty,Talcum Powder,South,Kochi,SUP-033,1.0,WH-SO-04,346.0,58.0,247.0,1091.0,40.41,424.5,23.9,No,No,Autumn,Sunny,437.98,0.0,0.0,305.89,0.073,41
ORD102187,2023-02-21,P-CLO-001,Clothing,Men's Cotton T-Shirt,South,,SUP-010,9.0,WH-SO-04,212.0,22.0,178.0,644.0,25.9,1105.1,22.1,No,Yes,Winter,Cloudy,1119.27,1.0,0.0,248.21,,35
ORD102188,2022-03-22,P-GRO-008,Grocery,Tea Powder 500g,North,Chandigarh,SUP-020,10.0,WH-NO-01,,28.0,265.0,,36.36,145.67,5.3,No,No,Spring,Cloudy,183.48,0.0,0.0,347.9,0.076,44
ORD102189,2024-04-08,P-SPO-015,Sports,Skipping Rope,East,Kolkata,SUP-003,16.0,WH-EA-03,76.0,9.0,55.0,241.0,7.85,4610.96,4.6,No,No,Summer,,4561.42,0.0,1.0,519.24,0.056,9
ORD102190,2024-03-10,P-ELE-009,Electronics,Power Bank 10000mAh,East,Ranchi,SUP-011,18.0,WH-EA-01,34.0,5.0,59.0,205.0,6.58,3898.03,,No,No,Summer,Rainy,,,1.0,487.16,0.115,4
ORD102191,2021-10-29,P-CLO-005,Clothing,Formal Shirt,South,Kochi,SUP-003,10.0,WH-SO-01,427.0,9.0,171.0,637.0,21.75,1743.55,5.0,No,No,Autumn,Stormy,1708.59,0.0,3.0,571.09,0.021,22
ORD102192,2024-11-04,P-BEA-001,Beauty,Talcum Powder,East,Patna,SUP-001,6.0,WH-EA-01,158.0,21.0,187.0,742.0,22.21,2676.08,10.9,Yes,No,Autumn,Sunny,989.21,0.0,1.0,,0.099,31
ORD102193,2023-02-17,P-ELE-006,Electronics,LED TV 43in,East,Kolkata,SUP-008,8.0,WH-EA-05,31.0,11.0,49.0,210.0,6.55,1215.38,27.9,No,No,Spring,,1196.32,0.0,0.0,295.71,0.048,8
ORD102194,2022-01-19,P-CLO-009,Clothing,Formal Shirt,West,Surat,SUP-007,9.0,WH-WE-02,396.0,9.0,144.0,536.0,20.36,1122.79,31.3,No,No,Winter,Rainy,1194.24,0.0,0.0,370.6,0.065,26
ORD102195,2022-10-16,P-BEA-002,Beauty,Body Lotion 400ml,Central,Gwalior,SUP-013,15.0,WH-CE-03,428.0,,94.0,616.0,21.86,171.15,21.2,No,No,Autumn,Rainy,,0.0,1.0,442.8,0.062,27
ORD102196,2021-10-02,P-ELE-008,Electronics,Bluetooth Speaker,North,Chandigarh,SUP-030,6.0,WH-NO-02,125.0,10.0,75.0,253.0,10.72,11537.52,9.3,No,Yes,Autumn,Sunny,12002.25,0.0,0.0,319.69,0.048,11
ORD102197,2024-05-26,P-CLO-007,Clothing,Denim Jeans,West,Mumbai,SUP-006,8.0,WH-WE-05,674.0,24.0,200.0,,30.16,2887.07,6.8,No,No,Summer,Stormy,987.86,0.0,0.0,399.79,0.075,19
ORD102198,2022-01-28,P-GRO-005,Grocery,Tea Powder 500g,West,Nagpur,SUP-025,5.0,WH-WE-05,600.0,37.0,328.0,1407.0,49.3,492.21,2.1,No,No,Winter,Rainy,460.84,0.0,0.0,,0.017,34
ORD102199,2022-10-04,P-FUR-015,Furniture,Foldable Bed,West,Ahmedabad,SUP-015,11.0,WH-WE-04,82.0,6.0,44.0,202.0,5.53,2332.88,26.6,Yes,No,Autumn,Rainy,1981.63,0.0,2.0,294.56,0.081,6
ORD102200,2021-04-10,P-ELE-014,Electronics,Home Router,South,Coimbatore,SUP-017,7.0,WH-SO-05,237.0,11.0,67.0,347.0,12.11,3152.19,8.4,Yes,No,Summer,Sunny,3244.44,0.0,1.0,424.68,0.074,16
ORD102201,2024-10-10,P-SPO-011,Sports,Gym Dumbbells 5kg,South,,SUP-037,3.0,WH-SO-01,67.0,13.0,92.0,332.0,11.29,,10.5,No,No,Autumn,,2769.1,0.0,2.0,403.08,0.138,12
ORD102202,2022-03-19,P-SPO-009,Sports,Football,North,Chandigarh,SUP-019,6.0,WH-NO-05,56.0,19.0,87.0,362.0,11.43,2488.6,23.2,No,No,Spring,Sunny,2925.7,0.0,1.0,217.7,0.056,12
ORD102203,2023-08-12,P-ELE-008,Electronics,Wireless Earbuds,Central,Bhopal,SUP-011,19.0,WH-CE-03,82.0,6.0,39.0,194.0,5.49,2399.13,2.9,No,No,Summer,Sunny,2308.48,0.0,1.0,518.6,,8
ORD102204,2022-05-31,P-GRO-002,Grocery,Masala Mix 200g,East,Ranchi,SUP-010,5.0,WH-EA-03,347.0,25.0,242.0,1111.0,31.04,226.78,18.1,No,No,Summer,Sunny,249.39,0.0,1.0,316.24,0.128,37
ORD102205,2023-04-01,P-CLO-005,Clothing,Formal Shirt,South,Coimbatore,SUP-007,7.0,WH-SO-01,227.0,33.0,149.0,879.0,29.31,1207.66,7.0,No,No,Summer,Sunny,1318.22,0.0,,358.61,0.156,32
ORD102206,2023-03-30,P-FUR-001,Furniture,Office Chair,East,Ranchi,SUP-033,12.0,WH-EA-05,102.0,4.0,35.0,140.0,4.72,10019.1,4.7,No,No,Spring,Rainy,9821.91,0.0,0.0,400.35,0.188,7
ORD102207,2022-03-03,P-CLO-006,Clothing,Women's Kurti,North,Jaipur,SUP-027,2.0,WH-NO-01,189.0,11.0,66.0,346.0,12.27,1848.4,0.8,No,No,Spring,Cloudy,1739.46,0.0,1.0,271.55,0.099,9
ORD102208,2022-09-24,P-ELE-008,Electronics,Wireless Earbuds,North,Kanpur,SUP-011,3.0,WH-NO-05,190.0,,61.0,299.0,8.4,6769.83,12.9,No,No,Autumn,Cloudy,6696.88,1.0,3.0,357.37,0.013,11
ORD102209,2023-05-22,P-ELE-010,Electronics,Smartphone Charger,East,Ranchi,SUP-020,8.0,WH-EA-04,109.0,10.0,46.0,259.0,8.08,13888.39,15.1,,No,Summer,Sunny,15149.34,0.0,0.0,334.92,0.063,12
ORD102210,2021-11-14,P-SPO-006,Sports,Skipping Rope,East,Patna,SUP-021,18.0,WH-EA-04,197.0,16.0,78.0,359.0,12.78,3056.9,7.8,Yes,No,Autumn,Rainy,3615.82,0.0,1.0,,0.219,14
ORD102211,2021-07-11,P-CLO-004,Clothing,Cotton Saree,West,Mumbai,SUP-002,11.0,WH-WE-01,469.0,20.0,134.0,683.0,20.81,1633.62,17.9,Yes,No,Summer,,1472.24,0.0,0.0,312.83,0.127,28
ORD102212,2021-09-18,P-SPO-011,Sports,Gym Dumbbells 5kg,East,Kolkata,SUP-037,5.0,WH-EA-04,175.0,8.0,96.0,461.0,14.4,3643.67,34.2,,No,Autumn,,3647.83,0.0,1.0,267.14,0.051,17
ORD102213,2022-09-01,P-CLO-003,Clothing,Men's Cotton T-Shirt,East,Guwahati,SUP-032,3.0,WH-EA-05,398.0,15.0,147.0,576.0,20.63,2312.15,10.3,No,No,Autumn,Sunny,2200.33,0.0,0.0,294.76,0.029,25
ORD102214,2021-11-09,P-SPO-002,Sports,Running Shoes,West,Pune,SUP-022,5.0,WH-WE-02,116.0,14.0,112.0,415.0,14.61,450.33,8.3,Yes,No,,Sunny,437.3,0.0,4.0,480.0,0.058,21
ORD102215,2022-02-20,P-ELE-011,Electronics,Home Router,North,Chandigarh,SUP-029,7.0,WH-NO-03,36.0,12.0,84.0,236.0,8.91,10997.8,27.2,No,No,Spring,Cloudy,12499.54,0.0,0.0,,0.15,11
ORD102216,2023-09-29,P-ELE-009,Electronics,Home Router,West,Surat,SUP-005,13.0,WH-WE-01,172.0,1.0,61.0,327.0,9.77,,2.5,No,No,Autumn,Rainy,11385.53,0.0,1.0,390.01,0.05,8
ORD102217,2023-09-07,P-SPO-014,Sports,Badminton Racket,West,Ahmedabad,SUP-040,8.0,WH-WE-03,152.0,17.0,109.0,436.0,15.39,1459.79,32.8,No,No,Autumn,Stormy,1272.07,0.0,0.0,290.73,0.081,10
ORD102218,2024-10-10,P-SPO-012,Sports,Gym Dumbbells 5kg,South,Bengaluru,SUP-026,4.0,WH-SO-04,124.0,18.0,104.0,401.0,15.23,1407.91,3.5,No,No,Autumn,Sunny,1430.66,0.0,0.0,223.12,0.036,15
ORD102219,2024-01-22,P-GRO-014,Grocery,Wheat Flour 5kg,North,Lucknow,SUP-038,16.0,WH-NO-02,1329.0,66.0,316.0,1874.0,54.48,234.33,2.6,No,No,Winter,Sunny,241.45,0.0,0.0,,0.064,90
ORD102220,2022-09-13,P-GRO-010,Grocery,Masala Mix 200g,North,Delhi,SUP-035,14.0,WH-NO-04,370.0,55.0,221.0,1408.0,45.49,148.38,7.7,No,No,Autumn,Sunny,143.38,0.0,0.0,494.04,0.012,47
ORD102221,2024-09-18,P-CLO-013,Clothing,Woolen Sweater,North,Lucknow,SUP-024,15.0,WH-NO-01,477.0,27.0,123.0,489.0,20.81,250.84,11.5,No,No,Autumn,Sunny,237.17,0.0,1.0,420.11,0.106,23
ORD102222,2024-09-07,P-GRO-003,Grocery,Sunflower Oil 1L,East,Guwahati,SUP-012,8.0,WH-EA-04,531.0,29.0,198.0,1006.0,31.32,166.25,4.8,No,No,Autumn,Cloudy,168.38,0.0,0.0,336.87,0.078,41
ORD102223,2021-11-21,P-ELE-008,Electronics,Bluetooth Speaker,North,Chandigarh,SUP-028,4.0,WH-NO-03,70.0,13.0,71.0,263.0,10.91,4632.47,2.6,,No,Autumn,Cloudy,4132.2,0.0,1.0,298.35,0.158,11
ORD102224,2021-09-08,P-SPO-015,Sports,Football,East,Guwahati,SUP-021,18.0,WH-EA-02,283.0,31.0,70.0,354.0,12.86,2253.22,12.6,No,No,Autumn,Rainy,2329.25,0.0,3.0,593.81,0.078,13
ORD102225,2024-07-16,P-GRO-012,Grocery,Tea Powder 500g,North,Delhi,SUP-017,10.0,WH-NO-02,203.0,33.0,249.0,1179.0,37.67,379.12,39.1,No,No,Summer,Sunny,368.57,0.0,1.0,,0.044,39
ORD102226,2024-07-24,P-FUR-007,Furniture,Wooden Bookshelf,North,Jaipur,SUP-029,10.0,WH-NO-02,87.0,6.0,34.0,160.0,5.11,17919.62,3.8,No,No,Summer,Sunny,19907.99,0.0,0.0,311.24,0.059,4
ORD102227,2024-05-20,P-ELE-014,Electronics,Laptop Stand,South,Hyderabad,SUP-036,10.0,WH-SO-04,109.0,,56.0,260.0,9.39,12657.74,8.9,Yes,No,Summer,Cloudy,12980.17,3.0,0.0,353.09,0.09,16
ORD102228,2022-11-04,P-ELE-005,Electronics,Home Router,North,Lucknow,SUP-007,,WH-NO-04,56.0,5.0,60.0,203.0,7.82,6698.4,5.7,No,No,Autumn,Rainy,6616.16,0.0,3.0,289.93,0.091,4
ORD102229,2024-06-14,P-FUR-001,Furniture,Dining Chair,Central,Gwalior,SUP-023,9.0,WH-CE-03,31.0,3.0,16.0,110.0,3.11,5014.06,16.4,No,No,Summer,Rainy,4921.92,0.0,1.0,296.76,0.016,2
ORD102230,2024-01-29,P-GRO-012,Grocery,Sunflower Oil 1L,South,Bengaluru,SUP-032,5.0,WH-SO-01,433.0,79.0,473.0,2260.0,65.62,369.88,7.9,Yes,No,Winter,Rainy,312.66,0.0,5.0,484.89,0.064,57
ORD102231,2023-12-18,P-FUR-007,Furniture,Office Chair,North,Chandigarh,SUP-014,16.0,WH-NO-02,211.0,9.0,60.0,262.0,9.01,5900.5,10.4,No,No,Winter,Cloudy,5841.91,0.0,1.0,461.34,0.028,9
ORD102232,2023-05-30,P-ELE-001,Electronics,Power Bank 10000mAh,North,Chandigarh,SUP-014,3.0,WH-NO-05,153.0,9.0,64.0,273.0,9.16,,12.4,No,No,Summer,Sunny,14468.31,0.0,2.0,249.41,0.008,10
ORD102233,2022-01-27,P-SPO-004,Sports,Cricket Bat,South,Bengaluru,SUP-001,14.0,WH-SO-03,256.0,19.0,,,17.37,3008.94,4.5,Yes,No,Winter,Cloudy,3021.32,0.0,2.0,464.27,0.06,27
ORD102234,2023-12-28,P-BEA-002,Beauty,Lipstick Set,East,Ranchi,SUP-013,5.0,WH-EA-03,397.0,23.0,156.0,627.0,21.59,908.31,7.7,No,No,Winter,Stormy,894.48,0.0,2.0,406.27,0.166,26
ORD102235,2024-07-06,P-SPO-015,Sports,Cycling Helmet,West,Pune,SUP-024,12.0,WH-WE-02,387.0,25.0,84.0,518.0,17.3,4604.68,14.2,No,No,Autumn,Sunny,5130.83,0.0,1.0,543.28,0.068,22
ORD102236,2024-07-16,P-ELE-013,Electronics,Bluetooth Speaker,South,Bengaluru,SUP-039,12.0,WH-SO-05,167.0,13.0,63.0,307.0,9.53,8890.51,18.4,No,No,Summer,Sunny,8699.24,0.0,2.0,,0.154,14
ORD102237,2023-05-26,P-GRO-014,Grocery,Basmati Rice 5kg,East,Bhubaneswar,SUP-022,12.0,WH-EA-02,,39.0,258.0,867.0,34.87,503.42,4.5,No,No,Summer,Sunny,469.43,0.0,1.0,348.13,0.15,34
ORD102238,2021-02-27,P-GRO-003,Grocery,Masala Mix 200g,East,Ranchi,SUP-012,9.0,WH-EA-04,231.0,23.0,184.0,771.0,24.75,396.65,14.0,Yes,No,Spring,,343.83,0.0,2.0,528.8,0.153,23
ORD102239,2023-12-19,P-CLO-013,Clothing,Cotton Saree,West,Surat,SUP-033,11.0,WH-WE-04,894.0,53.0,227.0,1292.0,37.37,612.14,17.6,No,No,Winter,Cloudy,590.3,0.0,1.0,393.98,0.197,43
ORD102240,2022-01-06,P-GRO-009,Grocery,Wheat Flour 5kg,East,Guwahati,SUP-008,6.0,WH-EA-02,,42.0,160.0,796.0,27.6,285.32,26.4,Yes,No,Winter,Sunny,261.42,0.0,2.0,406.41,0.018,32
ORD102241,2021-10-27,P-ELE-005,Electronics,Smartwatch,South,Kochi,SUP-008,12.0,WH-SO-01,123.0,7.0,,323.0,12.01,9408.52,11.1,No,No,Autumn,Sunny,8431.6,0.0,1.0,432.16,0.053,11
ORD102242,2021-04-25,P-GRO-011,Grocery,Tea Powder 500g,West,Mumbai,SUP-021,9.0,WH-WE-02,573.0,34.0,259.0,1155.0,34.8,491.88,14.1,Yes,No,Summer,Cloudy,479.61,0.0,2.0,437.05,0.082,47
ORD102243,2021-08-18,P-GRO-015,Grocery,Tea Powder 500g,West,Ahmedabad,SUP-033,6.0,WH-WE-02,580.0,31.0,188.0,863.0,32.48,59.13,16.0,No,Yes,Summer,Sunny,64.51,0.0,4.0,390.23,0.114,58
ORD102244,2022-12-17,P-GRO-007,Grocery,Masala Mix 200g,South,Chennai,SUP-009,10.0,WH-SO-04,673.0,40.0,314.0,,56.41,435.99,18.7,No,No,Winter,Sunny,468.6,0.0,0.0,351.66,0.058,61
ORD102245,2022-02-09,P-ELE-001,Electronics,Power Bank 10000mAh,Central,Gwalior,SUP-001,6.0,WH-CE-03,117.0,7.0,53.0,200.0,8.21,13794.88,26.6,No,No,Winter,Cloudy,12380.08,0.0,1.0,313.49,0.091,9
ORD102246,2022-07-12,P-GRO-013,Grocery,Wheat Flour 5kg,West,Nagpur,SUP-029,11.0,WH-WE-03,157.0,27.0,184.0,950.0,30.27,348.75,3.2,No,No,Summer,Sunny,349.77,0.0,1.0,453.08,0.277,22
ORD102247,2023-01-18,P-FUR-003,Furniture,TV Unit,North,Delhi,SUP-024,7.0,WH-NO-03,59.0,10.0,50.0,187.0,7.18,19671.32,4.2,No,No,Winter,Sunny,20337.22,0.0,1.0,438.23,0.025,5
ORD102248,2023-02-10,P-GRO-003,Grocery,Masala Mix 200g,West,Mumbai,SUP-028,8.0,WH-WE-05,130.0,25.0,354.0,1056.0,42.63,171.49,8.3,Yes,No,Winter,Sunny,179.51,1.0,0.0,283.36,,36
ORD102249,2022-09-01,P-GRO-010,Grocery,Basmati Rice 5kg,East,Ranchi,SUP-016,13.0,WH-EA-05,396.0,,307.0,1668.0,55.07,400.62,9.6,No,No,Autumn,Sunny,452.02,0.0,1.0,455.91,0.159,53
ORD102250,2022-10-24,P-CLO-012,Clothing,Denim Jeans,East,Bhubaneswar,SUP-005,9.0,WH-EA-01,367.0,12.0,106.0,420.0,15.79,1361.54,13.3,Yes,Yes,Autumn,,1234.14,0.0,0.0,341.53,0.033,27
ORD102251,2024-07-20,P-BEA-012,Beauty,Sunscreen Lotion,East,Patna,SUP-014,15.0,WH-EA-05,185.0,26.0,114.0,594.0,18.75,523.93,9.4,No,No,Autumn,Sunny,486.8,0.0,,489.65,0.074,19
ORD102252,2022-02-18,P-GRO-014,Grocery,Masala Mix 200g,West,Mumbai,SUP-019,3.0,WH-WE-02,749.0,52.0,382.0,1565.0,49.84,592.66,3.0,No,No,Spring,Sunny,561.24,0.0,0.0,266.93,0.076,48
ORD102253,2021-01-20,P-CLO-014,Clothing,Cotton Saree,East,Patna,SUP-018,10.0,WH-EA-04,275.0,22.0,131.0,508.0,16.89,1756.72,9.4,No,No,Winter,Cloudy,1808.21,0.0,0.0,405.64,0.039,27
ORD102254,2024-03-15,P-SPO-002,Sports,Gym Dumbbells 5kg,East,Kolkata,SUP-036,3.0,WH-EA-05,176.0,10.0,55.0,256.0,9.32,2959.12,4.3,No,No,Summer,Rainy,2314.78,0.0,0.0,210.83,0.187,8
ORD102255,2021-04-27,P-CLO-005,Clothing,Denim Jeans,North,Lucknow,SUP-009,4.0,WH-NO-03,281.0,11.0,170.0,684.0,21.19,451.68,5.4,No,No,Summer,Sunny,443.42,0.0,0.0,157.76,,24
ORD102256,2024-02-06,P-SPO-011,Sports,Cricket Bat,South,Bengaluru,SUP-013,2.0,WH-SO-04,106.0,15.0,136.0,448.0,17.52,1152.84,14.9,No,No,Spring,,988.45,0.0,,187.68,0.04,14
ORD102257,2022-04-21,P-BEA-006,Beauty,Talcum Powder,Central,Bhopal,SUP-008,16.0,WH-CE-03,319.0,30.0,131.0,651.0,19.55,432.32,8.4,No,No,Summer,Sunny,432.24,0.0,1.0,449.9,0.023,17
ORD102258,2024-05-14,P-ELE-011,Electronics,Smartwatch,West,Nagpur,SUP-023,9.0,WH-WE-01,161.0,11.0,,269.0,9.24,14267.31,10.5,No,No,Summer,Rainy,16630.07,0.0,1.0,,0.104,8
ORD102259,2021-09-03,P-CLO-007,Clothing,Formal Shirt,North,Jaipur,SUP-033,3.0,WH-NO-01,197.0,28.0,94.0,513.0,17.34,911.96,9.3,No,No,Autumn,Sunny,977.69,0.0,18.0,331.77,0.259,21
ORD102260,2021-08-29,P-FUR-007,Furniture,TV Unit,West,Nagpur,SUP-036,9.0,WH-WE-02,146.0,8.0,51.0,177.0,5.7,17297.33,36.0,Yes,No,Autumn,Sunny,15600.49,0.0,1.0,476.25,0.102,7
ORD102261,2022-08-18,P-SPO-001,Sports,Football,West,,SUP-010,12.0,WH-WE-05,133.0,9.0,77.0,373.0,11.06,2771.53,13.0,Yes,No,Summer,Sunny,2678.71,0.0,1.0,418.44,0.05,16
ORD102262,2022-09-05,P-CLO-010,Clothing,Denim Jeans,East,Patna,SUP-018,12.0,WH-EA-02,81.0,15.0,200.0,751.0,24.39,2474.29,16.2,No,No,Autumn,Sunny,2298.16,0.0,0.0,434.53,0.016,17
ORD102263,2023-11-15,P-ELE-013,Electronics,Power Bank 10000mAh,North,Lucknow,SUP-030,2.0,WH-NO-03,69.0,15.0,,317.0,11.12,1050.58,3.9,No,No,Autumn,Sunny,1159.38,0.0,0.0,231.95,0.042,19
ORD102264,2023-08-04,P-CLO-013,Clothing,Denim Jeans,East,Bhubaneswar,SUP-002,13.0,WH-EA-03,311.0,17.0,68.0,412.0,13.02,987.2,3.0,No,No,Autumn,Sunny,813.31,0.0,1.0,380.77,0.074,15
ORD102265,2024-12-22,P-ELE-006,Electronics,Home Router,North,Delhi,SUP-029,14.0,WH-NO-02,162.0,9.0,62.0,281.0,8.44,4100.9,39.4,No,No,Winter,Cloudy,3956.8,,2.0,431.41,0.001,11
ORD102266,2023-09-17,P-BEA-011,Beauty,Body Lotion 400ml,South,Chennai,SUP-006,15.0,WH-SO-03,694.0,18.0,197.0,1066.0,32.35,674.93,8.5,,No,Autumn,Sunny,,,3.0,359.95,0.221,40
ORD102267,2021-10-23,P-CLO-003,Clothing,Men's Cotton T-Shirt,East,Ranchi,SUP-002,6.0,WH-EA-04,508.0,18.0,131.0,645.0,21.14,1105.27,,No,No,Autumn,Sunny,1001.53,0.0,1.0,358.78,0.028,20
ORD102268,2021-05-10,P-BEA-010,Beauty,Lipstick Set,Central,Indore,SUP-005,11.0,WH-CE-05,353.0,20.0,137.0,591.0,19.3,1097.83,1.2,No,No,Summer,Rainy,1243.49,0.0,4.0,616.99,0.083,18
ORD102269,2022-01-24,P-SPO-007,Sports,Skipping Rope,South,Coimbatore,SUP-036,3.0,WH-SO-04,111.0,18.0,111.0,447.0,14.37,2314.3,19.9,Yes,No,Winter,Sunny,2024.33,0.0,2.0,366.38,0.006,14
ORD102270,2024-12-07,P-FUR-014,Furniture,Plastic Storage Rack,West,,SUP-028,13.0,WH-WE-05,145.0,5.0,48.0,216.0,6.66,11647.76,10.7,No,No,Winter,Sunny,10534.9,,0.0,416.03,0.041,7
ORD102271,2024-01-29,P-FUR-011,Furniture,Office Chair,Central,Jabalpur,SUP-032,15.0,WH-CE-03,20.0,6.0,,130.0,4.4,4941.23,9.1,No,No,Winter,Cloudy,5571.94,,3.0,610.28,0.019,5
ORD102272,2023-12-19,P-BEA-002,Beauty,Face Wash 100ml,North,Jaipur,SUP-028,3.0,WH-NO-04,631.0,43.0,233.0,1066.0,35.02,382.42,16.2,No,No,Winter,Sunny,379.37,0.0,0.0,187.82,0.068,38
ORD102273,2022-02-02,P-BEA-014,Beauty,Face Wash 100ml,North,Kanpur,SUP-032,18.0,WH-NO-01,116.0,40.0,264.0,968.0,31.89,1199.32,14.5,No,No,Winter,Rainy,1182.48,0.0,3.0,597.28,0.053,26
ORD102274,2022-11-16,P-SPO-011,Sports,Football,West,Ahmedabad,SUP-020,8.0,WH-WE-01,180.0,19.0,127.0,423.0,16.43,3334.95,28.6,No,No,Autumn,Sunny,3168.11,0.0,1.0,344.31,0.078,14
ORD102275,2023-10-26,P-ELE-004,Electronics,LED TV 43in,West,Nagpur,SUP-033,5.0,WH-WE-05,119.0,3.0,44.0,218.0,7.76,9522.28,5.3,,No,Autumn,Sunny,9520.62,0.0,0.0,308.03,0.028,8
ORD102276,2024-10-15,P-CLO-005,Clothing,Denim Jeans,South,Chennai,SUP-003,7.0,WH-SO-04,346.0,,142.0,620.0,18.82,787.27,41.6,No,No,Autumn,Rainy,760.24,2.0,0.0,277.53,0.173,16
ORD102277,2023-05-03,P-GRO-003,Grocery,Instant Noodles Pack,East,Bhubaneswar,SUP-024,,WH-EA-01,614.0,25.0,196.0,1021.0,28.48,240.58,17.7,Yes,No,Summer,Rainy,226.44,0.0,1.0,512.48,0.037,34
ORD102278,2021-02-01,P-SPO-005,Sports,Gym Dumbbells 5kg,East,Kolkata,SUP-031,7.0,WH-EA-03,50.0,13.0,,345.0,11.42,3293.08,8.8,Yes,No,Winter,Cloudy,2923.88,0.0,0.0,391.86,0.009,7
ORD102279,2024-06-03,P-FUR-015,Furniture,Office Chair,West,Mumbai,SUP-040,6.0,WH-WE-05,,3.0,50.0,197.0,6.66,,19.5,Yes,No,Autumn,Sunny,5579.12,0.0,0.0,198.32,0.087,13
ORD102280,2024-09-26,P-CLO-014,Clothing,Men's Cotton T-Shirt,West,Surat,SUP-015,4.0,WH-WE-01,663.0,13.0,248.0,963.0,34.02,289.24,4.6,Yes,No,Autumn,Cloudy,275.42,0.0,0.0,387.26,0.017,46
ORD102281,2021-02-18,P-ELE-009,Electronics,Smartphone Charger,North,Lucknow,SUP-008,4.0,WH-NO-03,218.0,12.0,77.0,231.0,10.16,851.32,7.8,No,No,,Stormy,819.37,0.0,0.0,273.84,0.044,9
ORD102282,2022-07-28,P-GRO-006,Grocery,Wheat Flour 5kg,North,Delhi,SUP-029,6.0,WH-NO-05,398.0,20.0,157.0,954.0,27.53,401.18,23.9,Yes,No,Summer,,422.35,0.0,3.0,417.61,0.012,35
ORD102283,2024-12-02,P-FUR-006,Furniture,Sofa Cushion Set,North,,SUP-003,5.0,WH-NO-05,115.0,3.0,33.0,199.0,7.2,17436.98,6.9,Yes,No,Winter,Rainy,16731.53,0.0,4.0,471.63,0.097,9
ORD102284,2024-10-25,P-GRO-015,Grocery,Basmati Rice 5kg,Central,Indore,SUP-032,4.0,WH-CE-02,133.0,16.0,153.0,588.0,23.52,291.66,16.3,No,No,Autumn,Cloudy,289.1,1.0,2.0,392.58,0.033,25
ORD102285,2024-11-09,P-ELE-003,Electronics,Bluetooth Speaker,Central,Gwalior,SUP-029,7.0,WH-CE-05,180.0,8.0,55.0,260.0,8.43,5308.93,29.8,No,No,Autumn,Rainy,6019.77,0.0,5.0,424.65,0.039,12
ORD102286,2024-11-26,P-SPO-012,Sports,Badminton Racket,West,Mumbai,SUP-028,12.0,WH-WE-04,77.0,18.0,101.0,411.0,13.7,3402.68,20.3,No,,Autumn,Sunny,3507.11,0.0,,435.17,0.035,12
ORD102287,2021-02-02,P-BEA-015,Beauty,Herbal Shampoo 200ml,North,Delhi,SUP-012,4.0,WH-NO-03,499.0,31.0,124.0,1123.0,30.85,747.77,15.7,No,No,Winter,Rainy,715.48,0.0,1.0,278.24,0.04,44
ORD102288,2021-08-09,P-ELE-013,Electronics,Wireless Earbuds,East,Guwahati,SUP-005,10.0,WH-EA-04,71.0,8.0,68.0,286.0,9.09,3587.66,13.5,No,No,Autumn,Rainy,,0.0,2.0,561.12,0.196,7
ORD102289,2022-12-31,P-GRO-011,Grocery,Sunflower Oil 1L,North,Delhi,SUP-025,7.0,WH-NO-05,248.0,41.0,342.0,1542.0,44.37,265.84,2.8,No,No,Winter,Rainy,263.02,0.0,0.0,,0.009,47
ORD102290,2023-06-01,P-SPO-014,Sports,Football,South,Hyderabad,SUP-015,11.0,WH-SO-02,91.0,13.0,83.0,345.0,10.74,4987.27,,Yes,No,Summer,Rainy,5301.55,0.0,1.0,390.32,0.07,12
ORD102291,2022-08-10,P-FUR-004,Furniture,Dining Chair,South,Coimbatore,SUP-016,10.0,WH-SO-01,19.0,,38.0,140.0,4.97,13997.4,8.7,,No,Summer,Rainy,13336.61,0.0,1.0,348.25,0.086,3
ORD102292,2022-01-27,P-FUR-015,Furniture,TV Unit,West,Ahmedabad,SUP-008,5.0,WH-WE-04,65.0,9.0,43.0,284.0,7.56,7992.46,19.8,No,No,Winter,Cloudy,7964.77,0.0,0.0,287.15,0.034,10
ORD102293,2022-01-07,P-GRO-002,Grocery,Tea Powder 500g,North,Delhi,SUP-014,10.0,WH-NO-01,559.0,68.0,264.0,1551.0,44.46,218.94,,No,No,Winter,Cloudy,208.16,0.0,2.0,415.78,0.152,53
ORD102294,2023-06-01,P-GRO-001,Grocery,Instant Noodles Pack,East,Guwahati,SUP-034,10.0,WH-EA-04,874.0,56.0,365.0,1743.0,54.93,175.92,36.2,No,No,Autumn,Rainy,170.18,0.0,0.0,321.53,0.093,59
ORD102295,2024-11-29,P-ELE-003,Electronics,Power Bank 10000mAh,Central,Bhopal,SUP-036,13.0,WH-CE-02,46.0,9.0,52.0,260.0,7.79,8233.37,5.6,No,No,Autumn,Cloudy,7392.0,0.0,4.0,453.45,0.09,7
ORD102296,2024-04-22,P-BEA-010,Beauty,Talcum Powder,West,Pune,SUP-014,8.0,WH-WE-04,297.0,12.0,190.0,1008.0,32.44,377.32,2.3,No,No,Summer,Cloudy,383.67,0.0,2.0,373.97,0.125,23
ORD102297,2021-09-13,P-ELE-004,Electronics,Wireless Earbuds,North,Delhi,SUP-006,14.0,WH-NO-04,150.0,9.0,59.0,258.0,8.4,9281.85,13.5,Yes,No,Autumn,,9343.99,0.0,1.0,496.26,0.082,10
ORD102298,2021-08-05,P-ELE-010,Electronics,Home Router,Central,Raipur,SUP-002,8.0,WH-CE-01,49.0,3.0,43.0,182.0,5.79,3484.01,14.1,No,No,Summer,Rainy,3878.13,0.0,0.0,343.58,0.113,7
ORD102299,2022-01-21,P-BEA-002,Beauty,Lipstick Set,East,Guwahati,SUP-008,4.0,WH-EA-01,308.0,25.0,220.0,1107.0,30.47,860.21,33.6,No,No,Winter,Sunny,863.19,0.0,1.0,290.53,0.063,40
ORD102300,2023-12-08,P-SPO-011,Sports,Gym Dumbbells 5kg,South,,SUP-001,,WH-SO-04,199.0,11.0,89.0,430.0,12.74,429.75,14.8,No,No,Winter,Cloudy,403.0,0.0,1.0,438.83,0.106,13
ORD102301,2021-01-13,P-BEA-004,Beauty,Body Lotion 400ml,East,Kolkata,SUP-027,5.0,WH-EA-03,268.0,20.0,146.0,600.0,19.99,908.93,11.2,No,Yes,Winter,Cloudy,1009.77,0.0,1.0,271.76,0.08,28
ORD102302,2023-10-27,P-CLO-008,Clothing,Formal Shirt,West,Pune,SUP-026,9.0,WH-WE-01,185.0,13.0,108.0,502.0,16.34,892.14,2.0,No,No,Autumn,Rainy,913.47,0.0,2.0,357.54,0.089,14
ORD102303,2023-04-28,P-CLO-002,Clothing,Denim Jeans,South,Bengaluru,SUP-032,5.0,WH-SO-05,407.0,20.0,170.0,577.0,22.8,612.38,21.2,Yes,No,Summer,Sunny,618.43,0.0,0.0,246.46,0.084,33
ORD102304,2023-08-23,P-CLO-015,Clothing,Men's Cotton T-Shirt,East,Patna,SUP-014,4.0,WH-EA-02,126.0,17.0,105.0,438.0,14.4,1107.3,10.2,Yes,No,Summer,Cloudy,1100.2,0.0,,279.51,0.052,17
ORD102305,2024-06-11,P-GRO-006,Grocery,Sunflower Oil 1L,South,Chennai,SUP-034,11.0,WH-SO-05,337.0,30.0,176.0,926.0,29.03,179.57,14.2,No,No,Autumn,Sunny,180.79,0.0,1.0,419.41,0.066,34
ORD102306,2023-05-14,P-CLO-010,Clothing,Men's Cotton T-Shirt,North,Jaipur,SUP-007,4.0,WH-NO-01,485.0,31.0,284.0,1004.0,32.1,772.99,11.2,Yes,No,Summer,Cloudy,715.37,0.0,1.0,258.89,0.187,41
ORD102307,2023-06-28,P-CLO-008,Clothing,Formal Shirt,West,Surat,SUP-010,8.0,WH-WE-02,197.0,16.0,134.0,482.0,15.74,,19.0,Yes,Yes,Summer,,1144.5,0.0,0.0,240.38,0.036,32
ORD102308,2022-12-03,P-CLO-009,Clothing,Track Pants,North,Kanpur,SUP-037,9.0,WH-NO-03,198.0,18.0,,550.0,19.62,856.27,5.9,No,No,Winter,Cloudy,836.37,0.0,0.0,425.08,0.041,24
ORD102309,2023-08-10,P-SPO-007,Sports,Yoga Mat,South,Chennai,SUP-036,17.0,WH-SO-03,,27.0,168.0,681.0,20.79,3882.52,17.4,Yes,No,Summer,Cloudy,3971.19,0.0,1.0,467.24,0.029,36
ORD102310,2022-07-10,P-SPO-002,Sports,Gym Dumbbells 5kg,South,Bengaluru,SUP-024,,WH-SO-04,120.0,14.0,107.0,488.0,14.74,4317.77,3.9,No,No,Autumn,Sunny,4678.83,0.0,,288.95,0.129,16
ORD102311,2021-04-07,P-ELE-013,Electronics,Smartphone Charger,South,Bengaluru,SUP-025,9.0,WH-SO-01,181.0,29.0,112.0,518.0,17.1,24326.05,11.9,No,No,Summer,Cloudy,9019.2,0.0,1.0,384.34,0.056,30
ORD102312,2021-02-06,P-GRO-010,Grocery,Tea Powder 500g,South,Kochi,SUP-029,10.0,WH-SO-02,253.0,53.0,379.0,1418.0,46.82,475.84,7.4,Yes,No,Spring,Rainy,492.59,0.0,1.0,366.38,0.107,58
ORD102313,2023-11-11,P-ELE-004,Electronics,Home Router,East,Ranchi,SUP-033,14.0,WH-EA-02,148.0,48.0,43.0,177.0,5.9,6433.51,8.8,No,No,Autumn,Cloudy,5509.81,0.0,1.0,522.46,0.062,9
ORD102314,2023-07-21,P-GRO-002,Grocery,Wheat Flour 5kg,South,Chennai,SUP-010,6.0,WH-SO-03,1080.0,46.0,392.0,1581.0,51.08,228.08,24.0,Yes,No,Autumn,Sunny,218.85,0.0,4.0,405.56,0.035,71
ORD102315,2022-08-21,P-GRO-014,Grocery,Toor Dal 1kg,North,Kanpur,SUP-003,12.0,WH-NO-05,253.0,161.0,286.0,1058.0,33.49,341.27,9.4,Yes,No,Summer,Cloudy,289.58,0.0,0.0,312.56,0.044,38
ORD102316,2023-12-27,P-ELE-005,Electronics,Home Router,West,Ahmedabad,SUP-008,4.0,WH-WE-03,69.0,13.0,53.0,249.0,9.93,14871.66,21.0,Yes,No,Winter,Cloudy,16074.43,0.0,0.0,257.0,,12
ORD102317,2022-11-24,P-BEA-014,Beauty,Sunscreen Lotion,Central,Bhopal,SUP-015,4.0,WH-CE-05,190.0,17.0,119.0,458.0,16.0,684.67,7.7,Yes,No,Autumn,Cloudy,674.17,0.0,,250.94,0.071,23
ORD102318,2022-01-08,P-CLO-012,Clothing,Formal Shirt,South,Chennai,SUP-010,8.0,WH-SO-02,251.0,17.0,116.0,506.0,19.34,2310.12,10.4,Yes,No,Winter,Cloudy,2269.77,0.0,1.0,322.71,0.047,24
ORD102319,2023-05-05,P-SPO-015,Sports,Cricket Bat,South,Chennai,SUP-021,8.0,WH-SO-02,202.0,22.0,112.0,471.0,16.61,1452.16,15.1,No,No,Summer,Rainy,1364.24,,4.0,453.07,0.1,16
ORD102320,2022-07-07,P-ELE-010,Electronics,Home Router,North,Jaipur,SUP-006,9.0,WH-NO-01,109.0,15.0,57.0,310.0,9.21,1724.46,4.5,No,Yes,Autumn,Rainy,1889.03,0.0,1.0,406.41,0.043,12
ORD102321,2024-11-26,P-ELE-003,Electronics,Smartwatch,North,Delhi,SUP-024,9.0,WH-NO-02,55.0,3.0,47.0,154.0,5.7,12737.73,7.2,Yes,No,Autumn,Sunny,12768.9,1.0,1.0,445.61,0.028,5
ORD102322,2023-11-20,P-GRO-001,Grocery,Basmati Rice 5kg,South,Bengaluru,SUP-029,11.0,WH-SO-02,355.0,40.0,349.0,1183.0,46.92,167.43,9.3,No,No,Autumn,Cloudy,164.95,0.0,1.0,329.87,0.108,48
ORD102323,2023-12-30,P-ELE-004,Electronics,Smartwatch,Central,Gwalior,SUP-004,7.0,WH-CE-02,64.0,7.0,52.0,191.0,7.36,14992.63,24.3,No,No,Winter,Cloudy,15057.7,0.0,2.0,369.3,0.061,9
ORD102324,2023-10-03,P-GRO-007,Grocery,Masala Mix 200g,West,Pune,SUP-012,17.0,WH-WE-04,534.0,50.0,297.0,1716.0,55.72,,7.0,No,No,Autumn,Rainy,168.61,0.0,3.0,613.42,0.149,44
ORD102325,2023-09-27,P-SPO-010,Sports,Cycling Helmet,South,Chennai,SUP-022,9.0,WH-SO-03,179.0,12.0,77.0,385.0,11.99,3859.75,16.8,No,No,Autumn,Sunny,3796.23,0.0,0.0,392.34,0.261,16
ORD102326,2024-02-04,P-GRO-014,Grocery,Sunflower Oil 1L,Central,Jabalpur,SUP-003,4.0,WH-CE-04,184.0,27.0,248.0,1155.0,38.41,372.89,21.7,Yes,No,Spring,Sunny,408.44,0.0,1.0,373.92,0.043,34
ORD102327,2022-09-23,P-ELE-003,Electronics,Bluetooth Speaker,South,Kochi,SUP-027,6.0,WH-SO-01,83.0,15.0,,275.0,11.57,8490.6,17.7,No,No,Autumn,Cloudy,9293.02,0.0,3.0,328.56,0.129,11
ORD102328,2024-04-15,P-CLO-010,Clothing,Woolen Sweater,South,Hyderabad,SUP-031,5.0,WH-SO-05,348.0,24.0,154.0,659.0,23.65,905.62,19.1,No,No,Summer,Cloudy,907.28,0.0,0.0,260.54,0.027,25
ORD102329,2021-02-20,P-CLO-002,Clothing,Track Pants,South,Kochi,SUP-015,9.0,WH-SO-01,141.0,15.0,93.0,493.0,14.13,674.37,5.2,No,No,Spring,Sunny,628.59,0.0,0.0,357.12,0.08,11
ORD102330,2023-09-01,P-CLO-008,Clothing,Kids Winter Jacket,North,Kanpur,SUP-001,3.0,WH-NO-01,327.0,19.0,90.0,620.0,20.48,1964.57,24.0,No,No,Autumn,Rainy,2004.81,0.0,1.0,219.07,0.151,20
ORD102331,2023-02-27,P-GRO-002,Grocery,Wheat Flour 5kg,West,Ahmedabad,SUP-021,10.0,WH-WE-03,1242.0,46.0,460.0,1377.0,58.01,370.52,6.8,No,No,Winter,Sunny,,0.0,2.0,431.46,0.078,80
ORD102332,2021-01-13,P-BEA-006,Beauty,Body Lotion 400ml,South,Kochi,SUP-035,4.0,WH-SO-04,537.0,19.0,138.0,667.0,24.23,243.64,6.6,No,No,Winter,Sunny,270.07,0.0,0.0,158.03,0.165,29
ORD102333,2023-08-24,P-ELE-010,Electronics,Smartwatch,East,Kolkata,SUP-012,10.0,WH-EA-02,28.0,7.0,29.0,111.0,4.69,10464.13,7.6,No,No,Autumn,Sunny,11719.84,0.0,1.0,329.09,0.06,6
ORD102334,2021-01-04,P-CLO-012,Clothing,Kids Winter Jacket,South,Bengaluru,SUP-034,12.0,WH-SO-01,156.0,14.0,144.0,548.0,19.22,2076.43,20.3,No,No,Winter,Sunny,2184.38,1.0,0.0,276.95,0.02,21
ORD102335,2023-10-26,P-FUR-013,Furniture,TV Unit,Central,Jabalpur,SUP-035,,WH-CE-05,77.0,3.0,29.0,112.0,3.69,1980.41,4.6,Yes,No,Autumn,Sunny,1785.38,0.0,1.0,360.13,0.068,5
ORD102336,2023-02-05,P-SPO-008,Sports,Badminton Racket,East,Kolkata,SUP-012,6.0,WH-EA-05,154.0,5.0,74.0,315.0,10.67,793.42,18.2,No,No,Winter,Sunny,759.38,0.0,1.0,164.83,0.072,14
ORD102337,2023-06-08,P-GRO-004,Grocery,Sugar 1kg,East,Guwahati,SUP-024,19.0,WH-EA-04,109.0,28.0,177.0,696.0,24.14,327.89,13.9,No,No,Autumn,Sunny,320.79,0.0,1.0,571.0,0.106,26
ORD102338,2023-06-11,P-CLO-014,Clothing,Men's Cotton T-Shirt,North,Chandigarh,SUP-002,7.0,WH-NO-02,581.0,32.0,,915.0,25.23,1516.76,8.3,No,No,Autumn,Cloudy,1406.26,0.0,0.0,317.4,0.045,25
ORD102339,2022-03-15,P-ELE-015,Electronics,Laptop Stand,Central,Gwalior,SUP-023,4.0,WH-CE-03,137.0,4.0,33.0,243.0,7.92,2616.85,6.5,No,No,Spring,Sunny,2538.8,0.0,0.0,250.32,0.074,8
ORD102340,2023-06-29,P-ELE-015,Electronics,Smartwatch,East,Guwahati,SUP-036,14.0,WH-EA-04,22.0,5.0,50.0,183.0,6.31,5781.67,24.0,No,No,Autumn,Cloudy,5857.02,0.0,3.0,465.42,0.101,7
ORD102341,2021-11-19,P-ELE-012,Electronics,Home Router,South,Bengaluru,SUP-038,7.0,WH-SO-03,80.0,7.0,41.0,281.0,8.69,3377.15,10.5,No,No,Autumn,Stormy,3500.77,0.0,0.0,176.24,0.108,4
ORD102342,2024-01-14,P-BEA-012,Beauty,Moisturizer Cream,West,Pune,SUP-008,7.0,WH-WE-01,580.0,21.0,154.0,757.0,23.39,996.62,11.5,No,No,,Stormy,1093.76,0.0,0.0,325.05,0.103,25
ORD102343,2021-05-12,P-GRO-002,Grocery,Masala Mix 200g,North,Jaipur,SUP-027,6.0,WH-NO-05,535.0,51.0,321.0,1361.0,43.58,431.25,23.4,Yes,No,Summer,Sunny,428.11,0.0,0.0,227.64,0.129,62
ORD102344,2021-07-27,P-BEA-009,Beauty,Sunscreen Lotion,South,Kochi,SUP-003,7.0,WH-SO-05,161.0,21.0,123.0,792.0,20.72,991.27,12.3,No,No,Autumn,Sunny,961.99,0.0,0.0,290.91,0.052,23
ORD102345,2023-10-24,P-ELE-007,Electronics,Smartphone Charger,East,Ranchi,SUP-012,13.0,WH-EA-01,54.0,8.0,54.0,222.0,7.99,9083.16,12.7,No,Yes,Autumn,Cloudy,8096.99,0.0,3.0,,0.037,9
ORD102346,2021-03-26,P-SPO-004,Sports,Football,South,Kochi,SUP-034,12.0,WH-SO-04,78.0,8.0,49.0,457.0,13.53,2849.9,19.0,No,No,Spring,Sunny,2913.37,0.0,0.0,271.49,0.082,10
ORD102347,2024-11-19,P-BEA-002,Beauty,Herbal Shampoo 200ml,South,Kochi,SUP-026,12.0,WH-SO-05,402.0,21.0,120.0,722.0,21.54,941.75,16.0,No,No,Autumn,Rainy,902.46,0.0,1.0,424.77,0.223,26
ORD102348,2021-02-15,P-ELE-004,Electronics,LED TV 43in,South,Kochi,SUP-016,12.0,WH-SO-03,295.0,20.0,94.0,395.0,15.39,14177.67,21.0,Yes,No,Winter,Cloudy,13863.43,0.0,1.0,417.96,0.026,24
ORD102349,2023-02-07,P-ELE-014,Electronics,Smartwatch,North,Chandigarh,SUP-039,,WH-NO-01,131.0,7.0,41.0,222.0,7.02,1220.23,7.2,Yes,No,Spring,Sunny,1158.34,0.0,,585.77,0.097,7
ORD102350,2024-12-08,P-ELE-014,Electronics,Power Bank 10000mAh,North,Lucknow,SUP-031,7.0,WH-NO-04,262.0,5.0,79.0,315.0,11.6,7821.14,25.6,No,No,Winter,Sunny,7442.14,0.0,0.0,270.9,0.049,17
ORD102351,2023-09-11,P-BEA-012,Beauty,Talcum Powder,North,Chandigarh,SUP-001,6.0,WH-NO-05,702.0,44.0,277.0,958.0,31.68,931.28,20.3,Yes,No,Autumn,Rainy,979.7,0.0,0.0,162.08,0.016,43
ORD102352,2023-07-13,P-GRO-002,Grocery,Sugar 1kg,Central,Gwalior,SUP-004,6.0,WH-CE-02,,31.0,172.0,742.0,21.99,400.36,16.1,Yes,No,Summer,Cloudy,,0.0,1.0,289.31,0.16,31
ORD102353,2023-10-09,P-CLO-011,Clothing,Formal Shirt,East,Bhubaneswar,SUP-026,10.0,WH-EA-01,115.0,20.0,131.0,508.0,16.69,1025.92,22.0,No,No,Autumn,Cloudy,1148.57,,2.0,325.59,0.105,18
ORD102354,2023-10-29,P-CLO-002,Clothing,Kids Winter Jacket,East,Ranchi,SUP-036,7.0,WH-EA-02,93.0,18.0,106.0,336.0,14.33,2126.99,3.0,No,No,Autumn,Cloudy,1925.24,0.0,0.0,386.62,0.019,14
ORD102355,2021-08-24,P-BEA-011,Beauty,Moisturizer Cream,South,Coimbatore,SUP-007,9.0,WH-SO-05,353.0,38.0,181.0,1081.0,33.38,519.46,1.8,Yes,No,Autumn,Cloudy,568.62,0.0,1.0,469.36,0.065,44
ORD102356,2022-03-28,P-CLO-001,Clothing,Women's Kurti,West,Pune,SUP-022,10.0,WH-WE-03,220.0,24.0,166.0,513.0,20.3,1757.21,0.9,No,No,Spring,Sunny,1678.4,0.0,0.0,333.58,0.022,18
ORD102357,2021-10-08,P-CLO-005,Clothing,Kids Winter Jacket,North,Kanpur,SUP-033,8.0,WH-NO-01,565.0,22.0,190.0,,25.97,1107.33,21.5,No,No,Autumn,Cloudy,1096.46,1.0,0.0,350.7,0.037,30
ORD102358,2021-11-06,P-SPO-002,Sports,Skipping Rope,South,Kochi,SUP-035,9.0,WH-SO-03,316.0,27.0,163.0,736.0,21.83,1815.26,,No,No,Autumn,Sunny,1877.27,0.0,4.0,505.77,0.121,21
ORD102359,2021-11-01,P-ELE-015,Electronics,Wireless Earbuds,East,Bhubaneswar,SUP-026,3.0,WH-EA-05,234.0,4.0,95.0,323.0,12.19,11074.51,1.0,Yes,,Autumn,Cloudy,11924.3,0.0,0.0,233.41,0.15,16
ORD102360,2023-07-21,P-BEA-009,Beauty,Face Wash 100ml,South,Bengaluru,SUP-040,2.0,WH-SO-01,121.0,19.0,152.0,641.0,20.36,642.0,11.8,Yes,No,Autumn,Sunny,693.29,0.0,1.0,,,29
ORD102361,2024-09-24,P-ELE-014,Electronics,Smartphone Charger,West,,SUP-038,12.0,WH-WE-03,48.0,10.0,55.0,210.0,7.54,6914.81,32.1,No,No,Autumn,Rainy,7456.47,0.0,1.0,457.55,0.176,10
ORD102362,2023-03-28,P-CLO-001,Clothing,Women's Kurti,West,Nagpur,SUP-034,3.0,WH-WE-02,,23.0,98.0,376.0,16.18,1131.24,16.0,No,No,Summer,Cloudy,1106.34,0.0,25.0,254.61,0.157,19
ORD102363,2021-01-23,P-SPO-012,Sports,Football,West,Mumbai,SUP-027,5.0,WH-WE-01,146.0,24.0,123.0,586.0,21.08,1371.6,10.2,No,No,Winter,Sunny,1563.16,0.0,1.0,461.91,0.066,24
ORD102364,2023-10-09,P-FUR-008,Furniture,Office Chair,North,Chandigarh,SUP-040,5.0,WH-NO-03,53.0,9.0,41.0,195.0,6.97,4016.4,0.9,Yes,No,Autumn,Rainy,4192.5,0.0,3.0,390.48,0.021,7
ORD102365,2023-03-02,P-FUR-008,Furniture,Study Table,North,Jaipur,SUP-001,5.0,WH-NO-04,103.0,6.0,24.0,163.0,6.22,14990.74,15.3,No,No,Spring,Cloudy,,0.0,0.0,301.92,0.024,3
ORD102366,2024-02-10,P-GRO-014,Grocery,Wheat Flour 5kg,North,Lucknow,SUP-004,11.0,WH-NO-04,850.0,58.0,310.0,1457.0,48.48,160.06,4.1,,No,Winter,Cloudy,159.96,0.0,1.0,416.16,0.017,70
ORD102367,2022-07-06,P-GRO-001,Grocery,Sugar 1kg,West,Nagpur,SUP-021,,WH-WE-01,779.0,49.0,300.0,1208.0,39.97,80.52,1.3,No,No,Autumn,Sunny,77.8,0.0,1.0,314.27,0.217,42
ORD102368,2022-09-19,P-GRO-015,Grocery,Sunflower Oil 1L,Central,Raipur,SUP-027,7.0,WH-CE-01,678.0,10.0,271.0,961.0,33.47,198.32,8.7,No,No,Autumn,Cloudy,192.71,0.0,,354.99,0.078,36
ORD102369,2023-08-22,P-CLO-001,Clothing,Denim Jeans,Central,Bhopal,SUP-037,8.0,WH-CE-03,133.0,23.0,113.0,527.0,18.3,255.5,16.6,No,No,Autumn,Cloudy,267.69,0.0,1.0,,0.081,16
ORD102370,2023-10-31,P-CLO-006,Clothing,Woolen Sweater,South,Chennai,SUP-028,6.0,WH-SO-02,,23.0,153.0,718.0,22.4,379.98,29.0,No,No,Autumn,Sunny,388.09,0.0,3.0,335.28,0.171,21
ORD102371,2021-11-19,P-GRO-003,Grocery,Sunflower Oil 1L,West,Pune,SUP-010,4.0,WH-WE-02,453.0,,241.0,974.0,37.66,287.19,12.2,Yes,No,Autumn,Cloudy,270.73,0.0,2.0,402.75,0.215,47
ORD102372,2023-05-08,P-GRO-008,Grocery,Masala Mix 200g,East,Patna,SUP-037,11.0,WH-EA-03,1177.0,63.0,355.0,1664.0,49.46,164.56,20.0,Yes,No,Summer,,183.82,0.0,3.0,450.26,0.086,80
ORD102373,2024-11-05,P-GRO-009,Grocery,Tea Powder 500g,West,Nagpur,SUP-004,4.0,WH-WE-04,458.0,28.0,180.0,921.0,32.8,315.32,6.2,No,No,Autumn,Rainy,281.89,0.0,1.0,348.92,0.058,25
ORD102374,2021-04-05,P-GRO-010,Grocery,Sugar 1kg,East,Patna,SUP-004,2.0,WH-EA-03,612.0,30.0,190.0,862.0,29.79,70.19,23.8,No,No,Summer,Stormy,62.37,0.0,2.0,310.21,0.147,21
ORD102375,2022-04-29,P-ELE-012,Electronics,LED TV 43in,North,Chandigarh,SUP-029,12.0,WH-NO-05,285.0,13.0,,345.0,12.71,8451.95,23.8,No,,Summer,Sunny,7690.55,0.0,2.0,481.47,0.1,18
ORD102376,2023-02-19,P-SPO-012,Sports,Yoga Mat,North,Chandigarh,SUP-039,,WH-NO-01,287.0,20.0,139.0,483.0,18.28,3341.69,35.6,No,No,Winter,Sunny,3449.77,0.0,2.0,424.4,0.027,24
ORD102377,2024-09-14,P-FUR-015,Furniture,Plastic Storage Rack,Central,Indore,SUP-021,17.0,WH-CE-03,25.0,1.0,,112.0,3.4,13501.84,4.1,No,No,Autumn,Sunny,13855.47,0.0,2.0,619.72,0.12,4
ORD102378,2024-11-15,P-ELE-007,Electronics,Smartphone Charger,South,Hyderabad,SUP-006,6.0,WH-SO-03,107.0,7.0,41.0,154.0,5.6,7232.23,5.8,No,No,Autumn,Rainy,6739.08,0.0,,407.47,0.038,5
ORD102379,2023-05-11,P-FUR-003,Furniture,Wooden Bookshelf,South,Chennai,SUP-002,8.0,WH-SO-04,63.0,5.0,35.0,141.0,4.46,8137.47,11.8,No,No,Summer,Sunny,7723.97,0.0,1.0,363.45,0.029,5
ORD102380,2023-03-10,P-BEA-003,Beauty,Talcum Powder,South,Bengaluru,SUP-040,9.0,WH-SO-03,601.0,15.0,135.0,779.0,24.93,827.61,17.8,No,No,Spring,Rainy,824.69,1.0,0.0,390.49,0.074,22
ORD102381,2022-08-29,P-GRO-005,Grocery,Basmati Rice 5kg,South,Hyderabad,SUP-012,6.0,WH-SO-05,871.0,276.0,338.0,1572.0,53.75,312.42,17.3,No,Yes,Autumn,Rainy,284.71,0.0,0.0,296.04,0.157,62
ORD102382,2022-10-13,P-ELE-010,Electronics,Smartwatch,Central,Raipur,SUP-026,3.0,WH-CE-05,164.0,10.0,45.0,248.0,7.42,9284.36,40.3,Yes,No,Autumn,Sunny,9847.84,0.0,0.0,264.68,0.006,14
ORD102383,2023-12-09,P-ELE-001,Electronics,Laptop Stand,North,Delhi,SUP-014,14.0,WH-NO-04,136.0,8.0,96.0,338.0,11.15,1773.8,11.6,No,No,Winter,,1990.38,0.0,0.0,,0.106,13
ORD102384,2023-03-07,P-ELE-015,Electronics,Smartphone Charger,North,Jaipur,SUP-009,11.0,WH-NO-02,225.0,13.0,75.0,208.0,8.88,8564.49,12.0,No,No,Summer,Cloudy,8415.46,0.0,0.0,352.93,0.014,15
ORD102385,2023-03-20,P-BEA-015,Beauty,Face Wash 100ml,West,Surat,SUP-027,6.0,WH-WE-02,397.0,23.0,255.0,901.0,32.11,282.27,1.6,Yes,No,,Sunny,289.2,0.0,2.0,431.57,0.054,35
ORD102386,2024-05-17,P-SPO-003,Sports,Gym Dumbbells 5kg,East,Patna,SUP-030,20.0,WH-EA-03,105.0,18.0,102.0,526.0,13.7,2192.33,11.6,No,No,Summer,Rainy,2204.36,0.0,1.0,570.36,0.029,15
ORD102387,2021-07-22,P-ELE-012,Electronics,Smartphone Charger,North,,SUP-019,17.0,WH-NO-03,74.0,4.0,41.0,155.0,5.14,8067.28,13.0,No,No,Summer,Cloudy,8924.1,0.0,1.0,491.21,0.136,5
ORD102388,2024-10-31,P-BEA-009,Beauty,Talcum Powder,North,Lucknow,SUP-021,10.0,WH-NO-01,93.0,32.0,198.0,773.0,25.98,764.65,,Yes,No,Autumn,Sunny,880.94,0.0,1.0,404.38,0.077,32
ORD102389,2023-10-27,P-ELE-008,Electronics,Smartphone Charger,North,Jaipur,SUP-020,4.0,WH-NO-02,162.0,9.0,76.0,290.0,8.76,3382.34,16.8,No,No,Autumn,Cloudy,3274.8,0.0,0.0,274.6,0.127,11
ORD102390,2023-05-08,P-CLO-012,Clothing,Women's Kurti,South,Bengaluru,SUP-024,14.0,WH-SO-05,431.0,24.0,157.0,765.0,22.26,553.34,25.7,Yes,No,Summer,Cloudy,553.01,0.0,1.0,465.61,0.133,32
ORD102391,2023-04-27,P-BEA-009,Beauty,Moisturizer Cream,North,Jaipur,SUP-033,5.0,WH-NO-03,504.0,16.0,101.0,620.0,22.84,221.22,22.3,Yes,No,,Cloudy,235.7,0.0,0.0,297.93,0.072,39
ORD102392,2023-04-23,P-GRO-005,Grocery,Wheat Flour 5kg,North,Delhi,SUP-029,20.0,WH-NO-05,486.0,26.0,167.0,775.0,25.79,243.33,4.5,No,No,Summer,Sunny,249.27,0.0,1.0,550.08,0.073,29
ORD102393,2023-04-07,P-ELE-009,Electronics,Smartphone Charger,West,Mumbai,SUP-012,7.0,WH-WE-02,44.0,8.0,82.0,325.0,10.83,8393.46,17.8,No,No,Summer,Cloudy,7754.59,3.0,0.0,325.8,0.107,6
ORD102394,2022-05-28,P-CLO-003,Clothing,Cotton Saree,West,Pune,SUP-010,5.0,WH-WE-05,572.0,19.0,172.0,662.0,25.86,806.38,8.2,No,No,,Sunny,687.12,0.0,3.0,454.89,0.012,27
ORD102395,2023-12-15,P-SPO-004,Sports,Yoga Mat,West,Mumbai,SUP-027,15.0,WH-WE-05,149.0,14.0,83.0,294.0,10.0,1080.48,18.2,Yes,No,Winter,Cloudy,1025.43,0.0,0.0,487.19,0.212,15
ORD102396,2022-01-05,P-GRO-015,Grocery,Tea Powder 500g,South,Hyderabad,SUP-026,4.0,WH-SO-02,1119.0,127.0,417.0,2091.0,68.19,577.51,4.8,No,No,Winter,,590.83,0.0,0.0,,0.061,115
ORD102397,2023-08-13,P-ELE-003,Electronics,Smartphone Charger,South,Bengaluru,SUP-015,7.0,WH-SO-04,1044.0,11.0,116.0,429.0,14.61,7376.72,13.7,Yes,Yes,Summer,Cloudy,7120.79,0.0,0.0,409.06,0.057,27
ORD102398,2023-02-09,P-ELE-009,Electronics,Wireless Earbuds,Central,,SUP-034,16.0,WH-CE-05,89.0,7.0,34.0,226.0,6.25,9223.11,6.5,Yes,No,Winter,Rainy,8415.64,0.0,1.0,461.54,0.115,9
ORD102399,2022-06-20,P-CLO-005,Clothing,Men's Cotton T-Shirt,West,Mumbai,SUP-017,10.0,WH-WE-04,197.0,22.0,127.0,560.0,17.3,2333.66,11.1,,No,Autumn,Sunny,2217.93,0.0,,324.49,0.078,22
ORD102400,2024-03-20,P-CLO-007,Clothing,Men's Cotton T-Shirt,East,Ranchi,SUP-014,16.0,WH-EA-05,437.0,17.0,131.0,661.0,21.3,2098.64,29.9,Yes,Yes,Spring,Sunny,2399.37,0.0,1.0,485.98,0.161,33
ORD102401,2022-04-11,P-BEA-004,Beauty,Body Lotion 400ml,South,Coimbatore,SUP-023,10.0,WH-SO-01,80.0,19.0,147.0,790.0,26.24,1032.61,4.5,Yes,,Summer,Rainy,936.11,1.0,0.0,310.21,,17
ORD102402,2023-08-22,P-BEA-009,Beauty,Moisturizer Cream,South,,SUP-008,5.0,WH-SO-01,217.0,31.0,216.0,1004.0,31.08,231.81,10.6,No,No,Autumn,Sunny,225.24,0.0,1.0,393.49,0.031,38
ORD102403,2022-01-02,P-SPO-009,Sports,Yoga Mat,East,Kolkata,SUP-028,12.0,WH-EA-01,271.0,14.0,80.0,411.0,14.04,3151.0,10.5,No,No,Winter,Sunny,3010.92,0.0,1.0,258.96,0.036,17
ORD102404,2021-10-20,P-BEA-010,Beauty,Sunscreen Lotion,East,Ranchi,SUP-036,13.0,WH-EA-02,307.0,6.0,197.0,637.0,25.22,949.66,3.3,No,No,Autumn,Cloudy,1095.27,0.0,1.0,,0.129,23
ORD102405,2023-04-21,P-GRO-005,Grocery,Basmati Rice 5kg,North,Jaipur,SUP-038,11.0,WH-NO-04,367.0,31.0,194.0,768.0,29.23,532.18,10.7,No,No,Summer,Cloudy,467.81,0.0,1.0,295.42,0.054,20
ORD102406,2024-11-26,P-CLO-009,Clothing,Kids Winter Jacket,Central,Jabalpur,SUP-018,,WH-CE-05,277.0,20.0,115.0,500.0,16.25,341.74,11.0,No,No,Autumn,Sunny,319.19,1.0,0.0,271.49,0.016,18
ORD102407,2022-03-15,P-GRO-011,Grocery,Tea Powder 500g,East,Kolkata,SUP-011,4.0,WH-EA-03,175.0,41.0,250.0,1221.0,36.04,573.11,11.5,No,No,Summer,Rainy,574.27,0.0,1.0,,0.081,28
ORD102408,2021-06-17,P-GRO-011,Grocery,Instant Noodles Pack,East,Patna,SUP-020,13.0,WH-EA-03,569.0,29.0,237.0,894.0,31.17,412.36,28.7,No,No,Summer,Sunny,416.64,0.0,0.0,398.13,0.05,48
ORD102409,2021-06-25,P-SPO-009,Sports,Cricket Bat,North,Delhi,SUP-005,3.0,WH-NO-05,330.0,9.0,102.0,534.0,16.29,2682.01,21.6,No,No,Autumn,Rainy,2914.44,0.0,0.0,338.06,0.187,21
ORD102410,2022-12-20,P-FUR-005,Furniture,Study Table,West,Ahmedabad,SUP-027,3.0,WH-WE-03,105.0,10.0,71.0,272.0,8.66,12451.23,7.4,No,No,Winter,Rainy,13427.4,0.0,2.0,319.05,0.104,11
ORD102411,2024-02-18,P-SPO-008,Sports,Skipping Rope,West,Mumbai,SUP-018,13.0,WH-WE-03,198.0,9.0,103.0,377.0,11.22,498.54,17.8,Yes,No,Spring,Sunny,468.94,0.0,1.0,498.37,0.204,14
ORD102412,2023-11-07,P-GRO-009,Grocery,Wheat Flour 5kg,North,Delhi,SUP-005,3.0,WH-NO-01,520.0,36.0,234.0,1066.0,40.07,,1.9,Yes,No,Autumn,,597.44,0.0,0.0,309.98,0.056,47
ORD102413,2021-11-02,P-CLO-015,Clothing,Men's Cotton T-Shirt,East,Bhubaneswar,SUP-022,9.0,WH-EA-02,187.0,16.0,135.0,414.0,15.61,283.57,3.9,Yes,No,Autumn,Cloudy,278.78,0.0,4.0,549.01,0.119,21
ORD102414,2024-05-04,P-CLO-006,Clothing,Kids Winter Jacket,East,Ranchi,SUP-029,10.0,WH-EA-04,53.0,19.0,98.0,542.0,15.3,1568.51,17.0,No,No,Summer,Stormy,1506.29,0.0,2.0,327.34,0.019,9
ORD102415,2021-08-29,P-ELE-005,Electronics,Bluetooth Speaker,West,Surat,SUP-010,9.0,WH-WE-04,164.0,9.0,43.0,166.0,6.71,8806.32,27.3,No,No,Autumn,Cloudy,9495.34,0.0,1.0,461.06,0.118,12
ORD102416,2023-03-29,P-GRO-012,Grocery,Masala Mix 200g,North,Jaipur,SUP-017,6.0,WH-NO-03,559.0,43.0,321.0,1270.0,40.75,154.24,3.6,No,No,Spring,Sunny,156.91,0.0,0.0,272.7,0.094,44
ORD102417,2024-05-25,P-CLO-010,Clothing,Woolen Sweater,West,Nagpur,SUP-036,6.0,WH-WE-04,986.0,45.0,260.0,1550.0,44.5,1097.08,5.4,No,No,Summer,Cloudy,1233.68,0.0,3.0,446.48,0.094,55
ORD102418,2024-03-26,P-ELE-007,Electronics,Smartwatch,South,Kochi,SUP-029,10.0,WH-SO-04,111.0,13.0,78.0,321.0,10.26,6545.16,3.3,Yes,No,Summer,Cloudy,6774.45,0.0,1.0,400.95,0.046,11
ORD102419,2023-10-23,P-SPO-001,Sports,Football,North,Delhi,SUP-032,1.0,WH-NO-01,225.0,18.0,186.0,,24.56,4157.57,8.4,No,No,Autumn,Cloudy,4453.31,0.0,0.0,167.65,0.042,22
ORD102420,2022-04-29,P-ELE-011,Electronics,Laptop Stand,North,Lucknow,SUP-018,8.0,WH-NO-05,238.0,10.0,84.0,415.0,12.18,11892.11,13.6,No,No,Summer,Cloudy,9273.75,0.0,3.0,384.07,0.075,9
ORD102421,2024-01-25,P-ELE-012,Electronics,Smartphone Charger,North,Jaipur,SUP-020,,WH-NO-04,162.0,12.0,55.0,,8.0,5875.87,21.5,No,No,Winter,Rainy,5900.54,0.0,1.0,647.84,0.098,8
ORD102422,2022-07-19,P-BEA-014,Beauty,Body Lotion 400ml,South,,SUP-020,3.0,WH-SO-02,638.0,41.0,182.0,879.0,28.25,344.2,13.0,No,No,Summer,Sunny,355.1,0.0,1.0,222.03,0.061,46
ORD102423,2022-05-27,P-ELE-008,Electronics,Smartwatch,East,Guwahati,SUP-019,9.0,WH-EA-02,184.0,4.0,71.0,244.0,9.2,7538.43,5.4,Yes,No,Summer,Stormy,7832.9,0.0,1.0,376.87,0.01,6
ORD102424,2023-02-18,P-SPO-008,Sports,Yoga Mat,West,,SUP-006,11.0,WH-WE-05,302.0,14.0,109.0,425.0,16.58,4937.72,17.9,No,No,Spring,Sunny,5534.45,0.0,0.0,477.75,0.051,26
ORD102425,2023-06-22,P-BEA-004,Beauty,Talcum Powder,North,,SUP-002,,WH-NO-02,55.0,26.0,165.0,594.0,20.25,1121.2,1.3,No,No,Summer,Sunny,1173.58,0.0,1.0,433.72,0.018,14
ORD102426,2021-11-02,P-ELE-007,Electronics,Smartwatch,Central,Indore,SUP-034,19.0,WH-CE-01,51.0,9.0,65.0,192.0,7.88,6855.02,4.3,No,No,Autumn,Sunny,6171.55,0.0,1.0,614.5,0.014,8
ORD102427,2024-09-23,P-FUR-001,Furniture,Plastic Storage Rack,North,Delhi,SUP-022,10.0,WH-NO-01,129.0,8.0,48.0,279.0,8.77,15469.69,20.3,No,No,Autumn,Rainy,16095.08,0.0,1.0,425.6,0.111,10
ORD102428,2024-06-20,P-FUR-008,Furniture,Office Chair,East,Patna,SUP-022,7.0,WH-EA-02,49.0,2.0,19.0,125.0,3.36,13410.79,4.4,No,No,Autumn,Rainy,14273.65,0.0,1.0,431.93,0.116,4
ORD102429,2022-02-18,P-BEA-011,Beauty,Hair Oil 250ml,Central,Bhopal,SUP-024,5.0,WH-CE-04,485.0,24.0,190.0,839.0,27.85,823.76,19.8,No,No,Winter,Sunny,781.41,0.0,0.0,382.86,0.026,35
ORD102430,2021-12-20,P-BEA-012,Beauty,Moisturizer Cream,West,Nagpur,SUP-017,15.0,WH-WE-03,655.0,29.0,235.0,1217.0,39.09,574.26,11.1,No,No,Winter,Rainy,553.87,0.0,2.0,506.32,0.03,36
ORD102431,2021-04-11,P-FUR-010,Furniture,Office Chair,East,Kolkata,SUP-036,12.0,WH-EA-04,18.0,4.0,19.0,81.0,3.08,5930.95,3.6,Yes,No,Summer,Sunny,6289.34,0.0,,326.26,0.051,2
ORD102432,2022-08-17,P-CLO-013,Clothing,Men's Cotton T-Shirt,West,Pune,SUP-019,3.0,WH-WE-02,436.0,14.0,114.0,550.0,18.58,2053.99,18.7,No,No,Summer,Sunny,2049.45,0.0,0.0,124.4,0.059,18
ORD102433,2021-09-07,P-GRO-010,Grocery,Sugar 1kg,North,Kanpur,SUP-021,24.0,WH-NO-02,482.0,39.0,340.0,1139.0,37.72,342.82,10.0,Yes,No,Autumn,Sunny,372.0,0.0,2.0,649.6,0.063,55
ORD102434,2024-09-21,P-FUR-012,Furniture,TV Unit,North,Kanpur,SUP-022,10.0,WH-NO-03,132.0,8.0,59.0,210.0,7.19,19102.83,1.1,No,No,Autumn,Sunny,19342.16,0.0,1.0,349.38,0.018,11
ORD102435,2024-08-04,P-SPO-007,Sports,Yoga Mat,South,Chennai,SUP-007,9.0,WH-SO-04,284.0,14.0,89.0,454.0,14.55,6383.16,9.9,No,,Autumn,Cloudy,1571.04,0.0,1.0,356.37,0.036,15
ORD102436,2024-04-25,P-CLO-010,Clothing,Women's Kurti,North,Chandigarh,SUP-007,4.0,WH-NO-03,134.0,17.0,86.0,484.0,17.29,2438.98,26.4,No,No,Summer,Sunny,2444.91,0.0,0.0,313.0,0.062,16
ORD102437,2022-02-16,P-FUR-010,Furniture,Foldable Bed,South,Hyderabad,SUP-008,3.0,WH-SO-04,75.0,4.0,41.0,196.0,6.45,1937.13,9.9,No,No,Winter,Sunny,1871.26,2.0,0.0,145.84,0.052,6
ORD102438,2023-10-06,P-CLO-009,Clothing,Women's Kurti,North,Kanpur,SUP-011,7.0,WH-NO-01,86.0,20.0,131.0,729.0,23.17,1362.08,2.9,No,No,Autumn,Sunny,1426.28,0.0,1.0,323.25,0.184,15
ORD102439,2022-12-19,P-BEA-009,Beauty,Face Wash 100ml,Central,Gwalior,SUP-007,8.0,WH-CE-03,74.0,19.0,160.0,,20.66,148.0,1.1,No,No,Winter,Sunny,152.7,0.0,2.0,290.92,0.045,24
ORD102440,2022-02-04,P-SPO-012,Sports,Running Shoes,West,Ahmedabad,SUP-009,9.0,WH-WE-03,1268.0,24.0,210.0,901.0,29.78,4940.3,10.9,No,Yes,Winter,Cloudy,4557.51,0.0,1.0,265.91,0.284,33
ORD102441,2023-02-21,P-ELE-004,Electronics,Smartwatch,West,Pune,SUP-038,6.0,WH-WE-01,53.0,15.0,68.0,301.0,10.67,7699.39,30.3,Yes,No,Winter,Cloudy,7805.64,0.0,1.0,383.3,0.014,11
ORD102442,2021-08-30,P-GRO-005,Grocery,Basmati Rice 5kg,West,Pune,SUP-015,6.0,WH-WE-02,958.0,80.0,351.0,1503.0,50.86,458.75,11.4,No,No,Summer,Sunny,477.48,0.0,0.0,311.55,0.097,62
ORD102443,2024-11-03,P-CLO-008,Clothing,Women's Kurti,North,Jaipur,SUP-032,6.0,WH-NO-02,217.0,21.0,92.0,,15.96,649.17,10.1,No,No,Autumn,Sunny,670.9,0.0,3.0,306.04,0.102,18
ORD102444,2021-08-28,P-CLO-010,Clothing,Women's Kurti,North,Kanpur,SUP-016,16.0,WH-NO-03,251.0,32.0,147.0,591.0,21.73,2258.74,35.5,No,No,Summer,Cloudy,2430.67,0.0,0.0,474.34,0.194,26
ORD102445,2022-03-17,P-CLO-008,Clothing,Cotton Saree,East,Kolkata,SUP-033,13.0,WH-EA-01,90.0,12.0,124.0,397.0,14.27,1199.96,12.4,No,No,Spring,Rainy,1099.36,0.0,1.0,267.72,0.017,10
ORD102446,2021-11-20,P-ELE-003,Electronics,Laptop Stand,East,Guwahati,SUP-031,21.0,WH-EA-02,86.0,7.0,44.0,212.0,6.98,12162.6,14.8,No,No,Autumn,Cloudy,11985.88,0.0,4.0,630.32,0.1,7
ORD102447,2023-02-01,P-GRO-013,Grocery,Sugar 1kg,South,Hyderabad,SUP-034,4.0,WH-SO-05,1174.0,42.0,402.0,1349.0,56.6,315.29,1.5,Yes,No,Spring,Cloudy,258.45,0.0,0.0,336.04,0.045,56
ORD102448,2023-09-09,P-CLO-009,Clothing,Men's Cotton T-Shirt,South,Bengaluru,SUP-012,22.0,WH-SO-01,434.0,19.0,114.0,546.0,18.47,1188.56,6.3,No,No,Autumn,Stormy,1298.34,0.0,1.0,492.12,0.048,23
ORD102449,2024-10-31,P-CLO-007,Clothing,Track Pants,East,Kolkata,SUP-004,7.0,WH-EA-05,187.0,11.0,97.0,449.0,15.67,1833.82,2.9,No,No,Autumn,Rainy,1847.99,0.0,0.0,324.08,0.01,12
ORD102450,2022-07-22,P-FUR-014,Furniture,Office Chair,North,Lucknow,SUP-013,9.0,WH-NO-03,63.0,3.0,30.0,119.0,3.75,11791.1,8.9,Yes,No,Autumn,Sunny,11685.66,0.0,1.0,407.64,0.064,6
ORD102451,2021-10-22,P-BEA-007,Beauty,Talcum Powder,South,Chennai,SUP-029,11.0,WH-SO-01,,4.0,122.0,583.0,21.34,767.89,15.9,No,No,Autumn,Rainy,760.02,0.0,1.0,368.02,0.123,15
ORD102452,2021-02-01,P-FUR-003,Furniture,Dining Chair,South,Bengaluru,SUP-027,6.0,WH-SO-03,30.0,4.0,25.0,,3.6,5631.23,10.3,Yes,No,Spring,Cloudy,5847.58,0.0,0.0,260.48,0.283,7
ORD102453,2023-05-24,P-BEA-015,Beauty,Lipstick Set,East,Patna,SUP-029,5.0,WH-EA-03,257.0,38.0,170.0,833.0,27.91,515.84,28.2,No,No,Summer,Cloudy,558.79,0.0,3.0,,0.033,27
ORD102454,2024-12-01,P-FUR-006,Furniture,Dining Chair,Central,Jabalpur,SUP-040,14.0,WH-CE-02,57.0,7.0,45.0,149.0,5.36,14589.13,2.2,,No,Winter,Cloudy,14249.28,0.0,1.0,502.81,0.062,7
ORD102455,2021-04-03,P-CLO-014,Clothing,Cotton Saree,East,Guwahati,SUP-009,9.0,WH-EA-02,,26.0,131.0,561.0,20.81,1082.31,12.1,No,No,Summer,Sunny,1117.77,0.0,4.0,449.8,0.155,17
ORD102456,2024-12-26,P-FUR-008,Furniture,Dining Chair,West,Pune,SUP-018,10.0,WH-WE-04,138.0,9.0,42.0,208.0,7.43,11893.4,15.0,No,No,Winter,Rainy,12271.95,0.0,0.0,308.26,0.064,8
ORD102457,2022-01-20,P-ELE-004,Electronics,Wireless Earbuds,West,Surat,SUP-020,,WH-WE-01,81.0,8.0,57.0,196.0,8.32,10877.19,0.8,No,No,Winter,Sunny,8964.14,0.0,1.0,359.98,0.196,5
ORD102458,2024-08-20,P-GRO-006,Grocery,Basmati Rice 5kg,North,Chandigarh,SUP-006,3.0,WH-NO-05,311.0,26.0,339.0,1336.0,49.58,549.27,24.8,No,No,Autumn,Sunny,158.07,0.0,0.0,402.75,0.043,52
ORD102459,2021-04-12,P-CLO-014,Clothing,Woolen Sweater,East,Guwahati,SUP-027,7.0,WH-EA-02,243.0,11.0,132.0,515.0,16.21,778.4,7.8,Yes,No,Summer,Sunny,805.52,0.0,1.0,442.8,0.189,23
ORD102460,2024-07-26,P-SPO-015,Sports,Skipping Rope,East,Patna,SUP-002,6.0,WH-EA-02,46.0,12.0,88.0,348.0,13.73,4980.36,19.0,No,No,Autumn,Cloudy,5471.96,0.0,4.0,475.65,0.036,12
ORD102461,2022-04-28,P-FUR-003,Furniture,Foldable Bed,East,Kolkata,SUP-036,11.0,WH-EA-01,37.0,1.0,18.0,64.0,2.39,5120.51,18.4,No,No,Summer,Sunny,5677.24,0.0,0.0,378.95,0.081,0
ORD102462,2022-02-06,P-ELE-015,Electronics,LED TV 43in,North,Lucknow,SUP-004,11.0,WH-NO-05,111.0,7.0,37.0,181.0,6.23,1399.78,19.1,Yes,No,Spring,Sunny,1262.64,0.0,1.0,490.79,0.145,8
ORD102463,2021-10-29,P-CLO-013,Clothing,Formal Shirt,Central,Jabalpur,SUP-005,7.0,WH-CE-02,122.0,16.0,115.0,452.0,14.11,1918.82,11.0,No,No,Autumn,Rainy,2072.24,0.0,1.0,301.06,0.037,19
ORD102464,2021-07-15,P-GRO-010,Grocery,Toor Dal 1kg,Central,Raipur,SUP-007,2.0,WH-CE-05,,41.0,280.0,922.0,35.33,409.6,8.1,No,No,Autumn,,443.45,0.0,2.0,248.45,0.021,38
ORD102465,2024-03-12,P-BEA-003,Beauty,Lipstick Set,North,Delhi,SUP-036,11.0,WH-NO-02,372.0,21.0,124.0,457.0,16.36,978.13,24.5,No,No,Summer,Sunny,1010.43,0.0,2.0,515.03,0.113,20
ORD102466,2021-04-12,P-BEA-009,Beauty,Hair Oil 250ml,North,Kanpur,SUP-035,8.0,WH-NO-01,476.0,20.0,337.0,1456.0,42.82,971.99,23.2,Yes,No,Summer,Cloudy,814.93,0.0,1.0,475.55,,40
ORD102467,2022-11-09,P-CLO-007,Clothing,Track Pants,North,Kanpur,SUP-037,2.0,WH-NO-03,293.0,22.0,207.0,867.0,28.51,668.14,15.6,Yes,No,Autumn,Sunny,639.43,0.0,0.0,191.84,0.13,31
ORD102468,2024-10-17,P-CLO-002,Clothing,Formal Shirt,West,Ahmedabad,SUP-034,8.0,WH-WE-03,575.0,,224.0,1007.0,31.53,338.36,9.0,Yes,No,Autumn,Sunny,341.29,0.0,1.0,380.94,0.06,51
ORD102469,2022-08-15,P-GRO-015,Grocery,Instant Noodles Pack,East,Guwahati,SUP-037,9.0,WH-EA-03,420.0,,359.0,1658.0,62.04,584.17,9.4,No,Yes,Autumn,Sunny,573.14,0.0,0.0,371.68,0.095,48
ORD102470,2024-04-23,P-CLO-010,Clothing,Men's Cotton T-Shirt,North,Delhi,SUP-019,8.0,WH-NO-05,406.0,18.0,143.0,636.0,22.74,1369.65,24.9,No,No,Summer,Sunny,1132.03,0.0,0.0,331.34,0.073,22
ORD102471,2023-10-09,P-SPO-002,Sports,Skipping Rope,West,Ahmedabad,SUP-001,16.0,WH-WE-03,188.0,4.0,90.0,378.0,11.45,2482.54,3.5,No,No,Autumn,Sunny,2430.65,0.0,0.0,,0.144,8
ORD102472,2024-03-07,P-BEA-006,Beauty,Hair Oil 250ml,South,Kochi,SUP-018,17.0,WH-SO-04,215.0,34.0,224.0,883.0,28.5,855.74,10.8,No,No,Summer,Rainy,792.03,0.0,3.0,567.68,0.041,28
ORD102473,2024-10-15,P-CLO-013,Clothing,Kids Winter Jacket,South,Hyderabad,SUP-009,8.0,WH-SO-02,211.0,27.0,153.0,610.0,19.26,326.36,24.9,No,No,Autumn,Sunny,341.79,0.0,3.0,285.41,0.122,22
ORD102474,2021-05-23,P-GRO-007,Grocery,Toor Dal 1kg,South,Bengaluru,SUP-010,9.0,WH-SO-01,883.0,30.0,250.0,1222.0,38.15,337.76,,Yes,No,Summer,Cloudy,350.73,0.0,2.0,,0.093,59
ORD102475,2022-03-17,P-ELE-008,Electronics,LED TV 43in,East,,SUP-028,8.0,WH-EA-03,175.0,8.0,82.0,304.0,9.36,7823.01,2.1,Yes,No,Summer,Sunny,8150.38,0.0,1.0,407.41,0.131,9
ORD102476,2022-04-15,P-ELE-003,Electronics,LED TV 43in,East,Guwahati,SUP-007,8.0,WH-EA-03,,8.0,45.0,189.0,6.57,2571.5,9.1,No,No,Summer,Stormy,2495.51,0.0,0.0,351.4,0.132,8
ORD102477,2021-04-08,P-ELE-002,Electronics,Home Router,South,Coimbatore,SUP-013,3.0,WH-SO-03,94.0,8.0,59.0,211.0,7.92,11156.67,2.1,No,No,Summer,Rainy,11174.77,0.0,0.0,218.69,0.042,7
ORD102478,2021-06-05,P-GRO-015,Grocery,Basmati Rice 5kg,South,Coimbatore,SUP-016,13.0,WH-SO-04,872.0,60.0,510.0,1431.0,51.4,186.46,3.6,No,No,Summer,Sunny,185.21,0.0,2.0,536.48,0.034,56
ORD102479,2021-06-10,P-SPO-015,Sports,Running Shoes,Central,Bhopal,SUP-003,6.0,WH-CE-05,80.0,6.0,56.0,250.0,8.73,4627.17,9.3,,No,Summer,Cloudy,4965.37,0.0,2.0,371.28,0.05,6
ORD102480,2024-10-19,P-CLO-002,Clothing,Woolen Sweater,East,Kolkata,SUP-029,6.0,WH-EA-01,207.0,20.0,128.0,382.0,16.49,2029.62,8.9,No,No,Autumn,Sunny,1943.02,0.0,2.0,394.46,0.044,16
ORD102481,2024-06-06,P-GRO-009,Grocery,Tea Powder 500g,Central,Gwalior,SUP-031,15.0,WH-CE-01,787.0,36.0,173.0,1005.0,32.04,72.28,9.0,No,No,Autumn,Sunny,67.9,0.0,3.0,509.15,0.095,29
ORD102482,2023-05-10,P-ELE-011,Electronics,Laptop Stand,East,Ranchi,SUP-023,15.0,WH-EA-02,141.0,8.0,58.0,285.0,8.74,14811.06,12.7,Yes,No,Summer,Sunny,15950.36,0.0,1.0,441.6,0.02,15
ORD102483,2024-05-20,P-GRO-014,Grocery,Tea Powder 500g,West,Mumbai,SUP-002,7.0,WH-WE-03,403.0,50.0,387.0,1536.0,50.74,107.28,4.3,No,No,Summer,Cloudy,114.32,0.0,1.0,361.47,0.1,48
ORD102484,2022-05-18,P-BEA-009,Beauty,Sunscreen Lotion,South,Hyderabad,SUP-032,13.0,WH-SO-01,395.0,8.0,137.0,601.0,21.52,394.6,1.8,Yes,No,Summer,Sunny,409.31,1.0,0.0,398.34,0.037,29
ORD102485,2022-11-26,P-GRO-014,Grocery,Sugar 1kg,West,Ahmedabad,SUP-018,3.0,WH-WE-01,722.0,27.0,,,29.14,477.47,19.2,No,No,Autumn,Sunny,537.8,0.0,1.0,266.24,0.11,52
ORD102486,2024-07-14,P-BEA-002,Beauty,Talcum Powder,South,Chennai,SUP-011,10.0,WH-SO-03,674.0,37.0,265.0,910.0,36.65,290.25,26.8,No,No,Autumn,Cloudy,338.74,1.0,1.0,360.78,0.115,36
ORD102487,2021-08-04,P-BEA-001,Beauty,Hair Oil 250ml,North,Jaipur,SUP-038,10.0,WH-NO-02,240.0,13.0,104.0,356.0,14.48,646.77,18.4,Yes,No,Autumn,,710.45,0.0,2.0,291.52,0.156,18
ORD102488,2021-08-02,P-ELE-007,Electronics,Power Bank 10000mAh,North,Kanpur,SUP-035,16.0,WH-NO-05,156.0,7.0,46.0,342.0,9.76,9586.99,2.9,No,No,Summer,Rainy,9013.81,3.0,2.0,446.32,0.081,5
ORD102489,2023-02-09,P-FUR-004,Furniture,Foldable Bed,North,Kanpur,SUP-018,16.0,WH-NO-03,100.0,7.0,49.0,124.0,5.19,10858.93,21.8,Yes,No,Spring,Cloudy,11580.92,0.0,3.0,552.19,0.048,8
ORD102490,2022-01-05,P-SPO-012,Sports,Skipping Rope,Central,Bhopal,SUP-018,3.0,WH-CE-05,306.0,17.0,73.0,406.0,12.52,3976.74,22.3,Yes,No,Winter,Cloudy,4011.81,0.0,1.0,277.27,0.147,18
ORD102491,2023-09-04,P-GRO-006,Grocery,Masala Mix 200g,Central,Raipur,SUP-037,,WH-CE-04,106.0,36.0,218.0,,35.35,316.89,19.5,Yes,No,Autumn,Cloudy,302.63,,1.0,501.97,0.031,34
ORD102492,2023-07-19,P-ELE-007,Electronics,Smartphone Charger,West,,SUP-008,9.0,WH-WE-03,57.0,10.0,48.0,272.0,9.1,6194.03,9.8,Yes,No,Summer,Sunny,5826.79,0.0,2.0,490.91,0.06,9
ORD102493,2022-05-01,P-SPO-009,Sports,Skipping Rope,North,Lucknow,SUP-017,5.0,WH-NO-05,238.0,6.0,77.0,385.0,12.96,4222.08,10.5,No,No,Summer,Cloudy,4313.03,2.0,2.0,325.17,0.02,8
ORD102494,2021-06-19,P-SPO-015,Sports,Running Shoes,West,Nagpur,SUP-023,6.0,WH-WE-05,70.0,11.0,114.0,502.0,16.5,875.79,7.7,No,No,Autumn,Sunny,933.02,0.0,0.0,215.7,0.027,15
ORD102495,2021-05-01,P-CLO-002,Clothing,Formal Shirt,West,Ahmedabad,SUP-014,9.0,WH-WE-03,478.0,20.0,,545.0,23.23,2449.16,28.4,No,No,Summer,Rainy,,0.0,1.0,463.91,0.036,21
ORD102496,2022-10-10,P-CLO-009,Clothing,Track Pants,South,Hyderabad,SUP-013,8.0,WH-SO-05,103.0,7.0,69.0,304.0,10.87,2384.44,7.6,No,No,Autumn,Sunny,2513.03,0.0,0.0,346.54,0.147,8
ORD102497,2022-04-16,P-GRO-006,Grocery,Sunflower Oil 1L,East,Patna,SUP-005,5.0,WH-EA-02,655.0,42.0,231.0,1111.0,32.51,164.76,0.5,No,No,Summer,Sunny,172.32,0.0,0.0,241.16,0.052,43
ORD102498,2021-02-19,P-BEA-001,Beauty,Hair Oil 250ml,West,Nagpur,SUP-011,4.0,WH-WE-02,987.0,36.0,324.0,1344.0,44.42,597.59,2.0,Yes,Yes,Winter,Sunny,587.75,0.0,3.0,274.17,0.038,69
ORD102499,2023-10-06,P-CLO-013,Clothing,Kids Winter Jacket,North,Chandigarh,SUP-015,10.0,WH-NO-04,131.0,11.0,100.0,511.0,17.36,585.05,22.3,No,,Autumn,,595.18,0.0,26.0,572.75,0.089,13
ORD102500,2024-10-30,P-ELE-014,Electronics,Home Router,East,Bhubaneswar,SUP-034,4.0,WH-EA-04,204.0,14.0,45.0,268.0,8.89,1826.86,13.2,No,No,Autumn,Sunny,1608.38,0.0,2.0,325.63,0.072,8
ORD102501,2024-11-30,P-FUR-003,Furniture,Foldable Bed,West,Ahmedabad,SUP-014,16.0,WH-WE-02,,13.0,49.0,227.0,8.16,11115.18,20.4,No,No,Autumn,Cloudy,11617.81,0.0,1.0,503.57,0.073,9
ORD102502,2021-06-22,P-SPO-012,Sports,Gym Dumbbells 5kg,North,Delhi,SUP-007,3.0,WH-NO-04,149.0,21.0,141.0,,16.93,3967.51,12.7,No,Yes,Summer,Sunny,4104.54,,4.0,348.57,0.152,19
ORD102503,2021-10-05,P-BEA-011,Beauty,Sunscreen Lotion,South,Coimbatore,SUP-034,12.0,WH-SO-03,,11.0,168.0,898.0,27.46,840.24,25.0,Yes,No,Autumn,Cloudy,968.91,0.0,,314.61,0.105,30
ORD102504,2022-09-24,P-GRO-011,Grocery,Tea Powder 500g,East,Patna,SUP-015,5.0,WH-EA-03,268.0,36.0,152.0,668.0,24.68,523.04,16.0,No,No,Autumn,Cloudy,521.38,0.0,1.0,389.83,0.104,20
ORD102505,2024-08-29,P-ELE-007,Electronics,Home Router,West,Pune,SUP-037,5.0,WH-WE-05,180.0,14.0,72.0,362.0,9.89,5522.48,17.1,No,No,Autumn,Stormy,6048.78,0.0,0.0,247.11,0.11,14
ORD102506,2023-04-20,P-SPO-005,Sports,Skipping Rope,Central,Gwalior,SUP-005,6.0,WH-CE-01,90.0,6.0,92.0,352.0,12.13,1411.74,7.9,Yes,No,Summer,Sunny,1358.16,0.0,2.0,335.73,0.188,14
ORD102507,2022-10-30,P-SPO-002,Sports,Cricket Bat,West,Mumbai,SUP-001,3.0,WH-WE-03,173.0,4.0,78.0,422.0,13.61,3813.16,1.5,Yes,No,Autumn,,4330.84,0.0,0.0,,0.072,14
ORD102508,2024-09-14,P-CLO-001,Clothing,Kids Winter Jacket,East,Guwahati,SUP-037,10.0,WH-EA-02,360.0,13.0,125.0,565.0,16.18,2346.97,15.0,No,No,Autumn,Sunny,2619.12,0.0,3.0,472.15,0.036,17
ORD102509,2023-08-27,P-FUR-003,Furniture,Wooden Bookshelf,East,Bhubaneswar,SUP-004,6.0,WH-EA-03,22.0,7.0,50.0,210.0,6.72,9275.58,1.5,No,Yes,Summer,,10115.53,,0.0,353.48,0.063,10
ORD102510,2024-12-09,P-CLO-008,Clothing,Women's Kurti,East,Guwahati,SUP-001,,WH-EA-01,319.0,29.0,129.0,524.0,20.36,501.63,9.9,No,No,Winter,Rainy,504.05,0.0,0.0,357.62,0.064,24
ORD102511,2024-06-15,P-GRO-003,Grocery,Instant Noodles Pack,East,Kolkata,SUP-026,12.0,WH-EA-01,639.0,17.0,193.0,1095.0,38.93,289.84,23.6,No,No,Autumn,Sunny,284.69,0.0,0.0,416.03,0.167,44
ORD102512,2024-12-29,P-ELE-011,Electronics,Power Bank 10000mAh,North,Jaipur,SUP-013,6.0,WH-NO-04,56.0,10.0,51.0,161.0,6.52,8259.14,23.3,No,No,Winter,Stormy,8014.02,0.0,0.0,249.32,0.151,8
ORD102513,2023-03-26,P-ELE-010,Electronics,Home Router,West,Pune,SUP-020,2.0,WH-WE-01,224.0,5.0,78.0,314.0,10.74,13308.19,6.3,No,No,Summer,Sunny,12272.57,0.0,0.0,173.24,0.112,13
ORD102514,2022-07-02,P-GRO-006,Grocery,Toor Dal 1kg,West,Nagpur,SUP-017,7.0,WH-WE-03,671.0,36.0,201.0,758.0,28.32,487.66,13.9,No,No,Summer,Rainy,505.9,0.0,0.0,249.02,0.037,29
ORD102515,2021-03-31,P-BEA-002,Beauty,Lipstick Set,East,Patna,SUP-012,11.0,WH-EA-05,197.0,18.0,101.0,540.0,18.51,686.1,19.5,Yes,No,Spring,Cloudy,672.47,0.0,2.0,399.68,0.045,15
ORD102516,2023-12-03,P-ELE-008,Electronics,Power Bank 10000mAh,West,Mumbai,SUP-020,14.0,WH-WE-05,367.0,24.0,160.0,584.0,17.18,8084.51,7.9,No,No,Winter,Rainy,8332.01,0.0,2.0,589.63,0.177,25
ORD102517,2022-01-24,P-GRO-013,Grocery,Sunflower Oil 1L,West,Ahmedabad,SUP-011,4.0,WH-WE-01,443.0,59.0,312.0,1866.0,53.33,496.21,1.8,Yes,No,Winter,Cloudy,502.95,0.0,0.0,226.74,0.081,55
ORD102518,2021-01-17,P-CLO-006,Clothing,Men's Cotton T-Shirt,South,Bengaluru,SUP-009,4.0,WH-SO-05,203.0,24.0,157.0,608.0,24.71,1047.42,20.2,No,No,Winter,Cloudy,957.45,0.0,1.0,266.55,0.099,21
ORD102519,2024-03-19,P-GRO-013,Grocery,Toor Dal 1kg,North,Lucknow,SUP-009,8.0,WH-NO-02,600.0,47.0,310.0,960.0,39.13,444.85,25.3,Yes,Yes,Summer,Sunny,482.62,0.0,1.0,404.65,0.094,66
ORD102520,2022-09-12,P-ELE-005,Electronics,Laptop Stand,North,Jaipur,SUP-005,7.0,WH-NO-01,202.0,10.0,95.0,409.0,13.59,14778.93,33.9,Yes,No,Autumn,Sunny,14892.54,0.0,1.0,387.3,0.121,14
ORD102521,2023-03-19,P-CLO-002,Clothing,Formal Shirt,South,Hyderabad,SUP-022,6.0,WH-SO-03,519.0,22.0,160.0,657.0,22.47,439.75,4.4,No,No,Summer,Rainy,470.08,0.0,1.0,264.23,0.042,19
ORD102522,2024-02-20,P-GRO-010,Grocery,Sunflower Oil 1L,South,Coimbatore,SUP-022,10.0,WH-SO-03,323.0,15.0,140.0,,24.79,584.92,5.4,No,No,Winter,Sunny,530.39,0.0,0.0,,0.049,22
ORD102523,2022-04-26,P-FUR-014,Furniture,Foldable Bed,North,,SUP-001,,WH-NO-02,77.0,6.0,26.0,135.0,4.65,,28.2,No,No,Summer,Rainy,2140.84,0.0,2.0,190.23,0.09,3
ORD102524,2024-04-08,P-SPO-014,Sports,Cycling Helmet,North,Chandigarh,SUP-019,6.0,WH-NO-03,158.0,19.0,104.0,421.0,14.17,1408.72,20.1,No,No,Summer,Sunny,1364.5,,3.0,440.95,0.059,18
ORD102525,2023-05-03,P-ELE-015,Electronics,LED TV 43in,North,,SUP-030,12.0,WH-NO-01,,9.0,54.0,240.0,8.34,6042.16,26.9,No,No,Summer,Sunny,6159.57,0.0,,500.34,0.019,7
ORD102526,2023-04-10,P-SPO-002,Sports,Badminton Racket,West,Mumbai,SUP-001,13.0,WH-WE-02,348.0,,169.0,637.0,18.99,3984.43,13.9,Yes,No,Summer,Cloudy,3951.42,0.0,2.0,513.41,0.02,28
ORD102527,2022-01-28,P-SPO-001,Sports,Yoga Mat,West,Pune,SUP-013,6.0,WH-WE-01,54.0,11.0,68.0,395.0,11.97,4500.67,8.7,Yes,No,Winter,Sunny,4991.91,0.0,0.0,410.71,0.102,20
ORD102528,2024-02-27,P-BEA-009,Beauty,Moisturizer Cream,South,,SUP-039,7.0,WH-SO-05,562.0,44.0,165.0,743.0,25.28,644.43,10.1,Yes,No,Spring,Cloudy,697.77,0.0,2.0,412.52,0.077,44
ORD102529,2021-12-19,P-FUR-015,Furniture,Sofa Cushion Set,North,Delhi,SUP-018,8.0,WH-NO-03,113.0,5.0,37.0,173.0,5.16,5325.38,15.0,Yes,No,Winter,Rainy,5013.98,1.0,2.0,405.38,0.081,6
ORD102530,2023-06-24,P-FUR-015,Furniture,Wooden Bookshelf,North,Lucknow,SUP-001,21.0,WH-NO-03,96.0,3.0,39.0,195.0,6.01,19423.1,15.3,No,No,Autumn,Sunny,24001.15,0.0,2.0,605.59,0.181,8
ORD102531,2024-04-25,P-FUR-005,Furniture,Foldable Bed,North,Delhi,SUP-022,9.0,WH-NO-03,26.0,,29.0,145.0,4.8,4987.07,5.8,No,No,Summer,Sunny,4953.23,0.0,0.0,299.36,0.17,5
ORD102532,2021-06-20,P-FUR-006,Furniture,Study Table,South,Kochi,SUP-017,18.0,WH-SO-05,81.0,8.0,54.0,169.0,7.68,9987.12,16.8,No,Yes,Autumn,Sunny,11018.77,0.0,1.0,635.18,0.126,12
ORD102533,2022-08-08,P-ELE-010,Electronics,Laptop Stand,North,Chandigarh,SUP-009,5.0,WH-NO-04,54.0,21.0,117.0,328.0,12.86,806.98,21.2,No,No,Summer,Cloudy,788.61,0.0,0.0,382.4,0.018,13
ORD102534,2023-09-17,P-SPO-014,Sports,Cricket Bat,South,Coimbatore,SUP-003,4.0,WH-SO-04,77.0,10.0,61.0,279.0,9.78,2658.18,17.5,No,No,Autumn,Cloudy,2791.03,0.0,0.0,226.78,0.119,9
ORD102535,2022-02-05,P-CLO-003,Clothing,Formal Shirt,Central,Gwalior,SUP-036,10.0,WH-CE-02,515.0,17.0,155.0,919.0,29.44,2101.02,12.9,No,No,Winter,Rainy,2260.68,0.0,1.0,320.65,0.037,33
ORD102536,2021-02-10,P-BEA-015,Beauty,Body Lotion 400ml,East,Patna,SUP-033,5.0,WH-EA-02,189.0,,409.0,1399.0,54.33,628.87,17.7,No,No,Winter,Sunny,553.19,0.0,0.0,279.15,0.112,46
ORD102537,2022-08-21,P-GRO-013,Grocery,Wheat Flour 5kg,West,Mumbai,SUP-028,8.0,WH-WE-05,3053.0,43.0,256.0,1292.0,39.05,543.3,10.7,No,No,Autumn,Sunny,619.23,0.0,0.0,317.34,0.097,52
ORD102538,2022-12-27,P-ELE-002,Electronics,Laptop Stand,North,Lucknow,SUP-001,4.0,WH-NO-05,228.0,11.0,80.0,468.0,13.7,9726.48,1.5,No,No,Winter,Sunny,9118.53,0.0,2.0,344.16,0.085,13
ORD102539,2024-09-07,P-CLO-013,Clothing,Denim Jeans,South,Bengaluru,SUP-035,23.0,WH-SO-02,578.0,,207.0,850.0,27.25,753.42,6.9,Yes,No,Autumn,Sunny,732.38,0.0,2.0,637.19,0.113,29
ORD102540,2024-03-25,P-CLO-010,Clothing,Woolen Sweater,Central,Indore,SUP-019,11.0,WH-CE-02,356.0,19.0,145.0,610.0,19.47,1746.03,11.7,Yes,No,Summer,Cloudy,1661.5,0.0,1.0,301.45,0.262,28
ORD102541,2021-09-22,P-CLO-015,Clothing,Woolen Sweater,South,Chennai,SUP-020,6.0,WH-SO-02,293.0,15.0,112.0,576.0,18.0,1966.05,12.1,No,No,Autumn,Rainy,1876.83,0.0,1.0,315.92,0.016,24
ORD102542,2022-02-09,P-GRO-004,Grocery,Masala Mix 200g,East,Guwahati,SUP-036,4.0,WH-EA-04,171.0,32.0,130.0,771.0,24.87,118.99,5.9,No,No,,Sunny,114.04,1.0,1.0,308.36,0.079,18
ORD102543,2021-09-28,P-GRO-015,Grocery,Toor Dal 1kg,Central,Indore,SUP-018,6.0,WH-CE-05,579.0,37.0,230.0,872.0,29.04,239.06,5.3,Yes,No,Autumn,,216.23,0.0,1.0,268.86,0.052,35
ORD102544,2024-08-23,P-CLO-001,Clothing,Denim Jeans,East,Kolkata,SUP-010,2.0,WH-EA-05,132.0,20.0,95.0,449.0,15.29,1106.71,3.3,Yes,No,Summer,Cloudy,1174.11,0.0,0.0,304.11,0.092,19
ORD102545,2022-06-01,P-GRO-002,Grocery,Tea Powder 500g,South,Kochi,SUP-010,16.0,WH-SO-05,603.0,44.0,225.0,,31.14,574.84,6.0,No,No,Autumn,Rainy,580.14,0.0,2.0,484.97,0.036,41
ORD102546,2024-07-26,P-SPO-007,Sports,Skipping Rope,East,Kolkata,SUP-038,8.0,WH-EA-02,103.0,4.0,64.0,302.0,9.31,2336.18,14.6,No,,Summer,Rainy,2310.33,0.0,1.0,344.34,0.149,15
ORD102547,2021-03-30,P-ELE-010,Electronics,Smartwatch,North,Lucknow,SUP-022,9.0,WH-NO-02,143.0,14.0,85.0,290.0,11.34,3911.78,4.0,No,No,Summer,Rainy,4229.76,0.0,2.0,518.08,0.059,10
ORD102548,2023-03-28,P-GRO-003,Grocery,Sugar 1kg,North,Lucknow,SUP-024,9.0,WH-NO-05,1287.0,58.0,410.0,1686.0,56.77,410.56,6.9,No,No,Summer,Sunny,468.58,0.0,1.0,276.09,0.026,67
ORD102549,2021-04-20,P-GRO-005,Grocery,Masala Mix 200g,North,Delhi,SUP-024,6.0,WH-NO-02,206.0,32.0,257.0,962.0,30.75,294.05,8.3,No,No,Summer,Sunny,257.35,0.0,1.0,324.23,0.04,21
ORD102550,2023-03-22,P-CLO-006,Clothing,Track Pants,West,Nagpur,SUP-009,,WH-WE-02,661.0,34.0,307.0,1013.0,40.01,5506.83,11.8,No,No,Summer,Sunny,2289.02,0.0,0.0,199.17,0.193,54
ORD102551,2021-01-17,P-CLO-002,Clothing,Denim Jeans,West,Pune,SUP-017,10.0,WH-WE-05,333.0,,82.0,527.0,16.63,982.57,4.3,No,No,Winter,Sunny,980.75,0.0,2.0,452.41,0.039,21
ORD102552,2021-08-17,P-FUR-003,Furniture,Office Chair,South,Coimbatore,SUP-039,15.0,WH-SO-03,43.0,,30.0,132.0,4.5,6939.75,9.1,No,No,Autumn,Cloudy,6189.74,,1.0,492.52,0.006,5
ORD102553,2021-08-02,P-SPO-003,Sports,Badminton Racket,North,Delhi,SUP-006,16.0,WH-NO-01,103.0,9.0,62.0,309.0,8.65,984.76,7.4,Yes,No,Autumn,Stormy,1017.27,0.0,2.0,522.6,0.098,9
ORD102554,2023-11-02,P-GRO-015,Grocery,Tea Powder 500g,West,Ahmedabad,SUP-039,12.0,WH-WE-05,273.0,10.0,185.0,903.0,28.18,524.17,7.3,Yes,No,Autumn,Cloudy,519.27,0.0,1.0,364.59,0.041,30
ORD102555,2023-07-25,P-FUR-015,Furniture,Dining Chair,Central,,SUP-011,13.0,WH-CE-02,118.0,7.0,49.0,179.0,5.94,15501.68,22.7,Yes,No,,Sunny,16568.87,0.0,3.0,460.01,0.027,9
ORD102556,2023-03-27,P-ELE-010,Electronics,LED TV 43in,South,Chennai,SUP-012,8.0,WH-SO-02,131.0,68.0,58.0,243.0,,4261.74,1.5,Yes,No,Spring,Sunny,4311.31,0.0,0.0,285.29,0.168,14
ORD102557,2021-10-14,P-GRO-011,Grocery,Sunflower Oil 1L,South,Hyderabad,SUP-001,15.0,WH-SO-03,,48.0,209.0,1264.0,41.85,401.39,6.4,No,No,Autumn,Cloudy,412.85,0.0,1.0,405.12,0.049,43
ORD102558,2022-01-24,P-CLO-003,Clothing,Denim Jeans,West,Nagpur,SUP-027,18.0,WH-WE-02,473.0,26.0,144.0,547.0,21.73,583.52,16.1,No,No,Winter,Sunny,563.2,0.0,1.0,537.61,0.051,22
ORD102559,2022-07-06,P-ELE-001,Electronics,Smartwatch,West,Pune,SUP-013,9.0,WH-WE-05,61.0,9.0,48.0,205.0,6.9,1047.4,8.8,No,No,Summer,Sunny,961.23,0.0,4.0,,0.132,6
ORD102560,2024-12-01,P-FUR-006,Furniture,Office Chair,Central,Gwalior,SUP-019,3.0,WH-CE-04,17.0,3.0,19.0,78.0,3.13,12194.63,12.4,Yes,No,Winter,Sunny,12918.27,0.0,0.0,253.76,0.174,3
ORD102561,2023-10-28,P-FUR-015,Furniture,Plastic Storage Rack,South,Bengaluru,SUP-024,14.0,WH-SO-03,73.0,6.0,26.0,99.0,3.42,14735.05,10.6,Yes,No,Autumn,Rainy,14116.23,0.0,2.0,456.97,0.044,6
ORD102562,2021-02-16,P-BEA-008,Beauty,Moisturizer Cream,North,Lucknow,SUP-026,8.0,WH-NO-02,248.0,24.0,183.0,733.0,24.19,654.67,4.1,No,No,Winter,Sunny,675.74,,1.0,434.11,0.112,26
ORD102563,2021-02-16,P-CLO-013,Clothing,Woolen Sweater,South,,SUP-039,15.0,WH-SO-03,265.0,28.0,159.0,560.0,21.43,1284.67,17.9,No,No,Spring,Rainy,1437.38,0.0,1.0,523.45,0.138,22
ORD102564,2022-05-23,P-FUR-006,Furniture,Foldable Bed,South,Hyderabad,SUP-023,2.0,WH-SO-02,60.0,3.0,34.0,131.0,4.42,13284.07,2.9,No,No,Summer,Cloudy,13114.25,0.0,0.0,225.12,0.083,5
ORD102565,2021-11-02,P-GRO-005,Grocery,Sugar 1kg,West,Ahmedabad,SUP-008,10.0,WH-WE-05,601.0,23.0,204.0,833.0,24.29,253.82,7.8,No,No,Autumn,Cloudy,268.04,0.0,0.0,378.3,0.018,37
ORD102566,2022-08-18,P-ELE-013,Electronics,Smartwatch,North,Jaipur,SUP-029,9.0,WH-NO-04,124.0,15.0,88.0,317.0,11.24,8346.91,4.0,No,No,Autumn,Rainy,8326.48,0.0,1.0,433.62,0.212,17
ORD102567,2024-12-25,P-ELE-008,Electronics,Wireless Earbuds,East,Kolkata,SUP-003,8.0,WH-EA-01,223.0,12.0,102.0,351.0,13.02,4314.61,10.6,No,Yes,Winter,Rainy,4188.74,0.0,3.0,439.62,0.037,13
ORD102568,2021-10-13,P-FUR-011,Furniture,Wooden Bookshelf,Central,Gwalior,SUP-034,19.0,WH-CE-03,72.0,3.0,22.0,105.0,3.16,10818.43,31.8,No,No,Autumn,Sunny,9466.26,0.0,1.0,481.06,0.014,3
ORD102569,2023-05-23,P-SPO-011,Sports,Skipping Rope,Central,Jabalpur,SUP-012,7.0,WH-CE-04,85.0,11.0,61.0,291.0,9.53,1409.12,6.9,No,Yes,Summer,Sunny,1404.68,0.0,1.0,384.37,0.024,14
ORD102570,2022-12-07,P-ELE-011,Electronics,Smartwatch,East,Guwahati,SUP-029,4.0,WH-EA-03,195.0,10.0,88.0,287.0,9.66,14918.92,6.0,No,No,Winter,Sunny,14722.91,0.0,3.0,371.97,0.141,11
ORD102571,2023-08-23,P-CLO-011,Clothing,Cotton Saree,Central,Indore,SUP-007,5.0,WH-CE-01,184.0,7.0,71.0,299.0,9.5,1848.22,16.1,No,No,Summer,Sunny,1719.47,,1.0,216.95,0.223,9
ORD102572,2023-03-10,P-BEA-013,Beauty,Body Lotion 400ml,North,Lucknow,SUP-017,10.0,WH-NO-01,337.0,15.0,99.0,501.0,16.51,1059.38,21.8,No,No,Summer,Sunny,886.91,0.0,1.0,364.17,0.096,16
ORD102573,2023-01-24,P-BEA-007,Beauty,Sunscreen Lotion,South,Kochi,SUP-028,7.0,WH-SO-04,798.0,41.0,266.0,1061.0,38.52,287.96,18.4,No,No,Winter,Cloudy,249.48,0.0,1.0,415.96,0.327,44
ORD102574,2022-02-08,P-CLO-005,Clothing,Kids Winter Jacket,North,Jaipur,SUP-025,,WH-NO-03,201.0,4.0,106.0,420.0,15.91,339.33,12.9,No,No,Spring,Sunny,387.79,0.0,0.0,283.51,0.159,16
ORD102575,2024-11-12,P-FUR-008,Furniture,Office Chair,Central,Jabalpur,SUP-001,11.0,WH-CE-03,41.0,6.0,45.0,200.0,5.67,19271.52,10.0,,Yes,Autumn,Stormy,19329.81,0.0,0.0,259.81,0.099,4
ORD102576,2022-01-26,P-FUR-005,Furniture,Office Chair,Central,Jabalpur,SUP-002,9.0,WH-CE-02,56.0,3.0,29.0,137.0,4.37,14508.89,20.6,No,Yes,Winter,,12841.86,0.0,2.0,374.98,,7
ORD102577,2021-07-30,P-BEA-001,Beauty,Herbal Shampoo 200ml,North,Chandigarh,SUP-040,6.0,WH-NO-02,218.0,29.0,167.0,1073.0,31.06,120.64,3.4,Yes,No,Summer,Cloudy,114.83,0.0,0.0,264.28,0.277,35
ORD102578,2021-05-21,P-ELE-006,Electronics,LED TV 43in,North,Delhi,SUP-022,4.0,WH-NO-03,38.0,5.0,63.0,242.0,8.3,12666.33,34.6,Yes,No,Summer,Cloudy,12676.6,0.0,1.0,818.43,0.145,8
ORD102579,2021-04-09,P-SPO-008,Sports,Running Shoes,South,Chennai,SUP-035,9.0,WH-SO-03,230.0,15.0,111.0,576.0,17.16,4963.41,3.3,No,No,Summer,Sunny,5141.63,0.0,0.0,251.03,0.195,22
ORD102580,2022-05-31,P-ELE-008,Electronics,Home Router,South,Chennai,SUP-003,11.0,WH-SO-03,64.0,12.0,36.0,214.0,7.77,11040.9,22.5,No,No,Summer,Sunny,10834.9,0.0,2.0,323.63,0.241,12
ORD102581,2024-04-07,P-BEA-006,Beauty,Lipstick Set,West,Nagpur,SUP-020,2.0,WH-WE-05,228.0,13.0,,481.0,19.13,344.04,12.2,No,No,Summer,,399.67,0.0,0.0,221.3,0.117,20
ORD102582,2021-08-14,P-ELE-011,Electronics,Smartwatch,North,Lucknow,SUP-024,11.0,WH-NO-01,54.0,7.0,46.0,257.0,8.21,5825.26,6.0,No,No,Summer,Rainy,6789.16,0.0,0.0,386.34,0.098,4
ORD102583,2021-01-06,P-ELE-005,Electronics,Power Bank 10000mAh,West,Pune,SUP-037,11.0,WH-WE-03,173.0,7.0,49.0,268.0,8.2,1816.68,14.0,Yes,No,Winter,Sunny,1872.34,0.0,,270.06,0.055,10
ORD102584,2023-02-14,P-ELE-010,Electronics,Laptop Stand,East,Ranchi,SUP-029,4.0,WH-EA-02,111.0,2.0,43.0,200.0,6.05,10298.99,,No,No,Spring,Sunny,9997.24,0.0,1.0,417.69,0.115,7
ORD102585,2023-04-01,P-CLO-005,Clothing,Denim Jeans,South,Bengaluru,SUP-026,1.0,WH-SO-01,270.0,8.0,115.0,501.0,16.09,2064.05,16.2,Yes,No,Summer,Rainy,2127.23,0.0,0.0,150.49,0.045,22
ORD102586,2023-04-04,P-GRO-015,Grocery,Wheat Flour 5kg,North,Jaipur,SUP-012,5.0,WH-NO-03,139.0,31.0,173.0,748.0,26.88,199.19,6.9,No,No,Summer,Sunny,,0.0,0.0,295.6,0.256,24
ORD102587,2021-01-03,P-ELE-010,Electronics,Laptop Stand,Central,Raipur,SUP-040,4.0,WH-CE-01,87.0,7.0,67.0,282.0,9.09,1116.68,0.5,No,No,,Rainy,1205.97,0.0,2.0,,0.01,9
ORD102588,2021-10-24,P-CLO-009,Clothing,Denim Jeans,East,Ranchi,SUP-014,8.0,WH-EA-02,406.0,37.0,189.0,744.0,24.0,825.19,17.2,No,Yes,Autumn,Rainy,836.53,0.0,1.0,274.26,,38
ORD102589,2022-05-24,P-GRO-007,Grocery,Sunflower Oil 1L,South,Hyderabad,SUP-012,14.0,WH-SO-04,219.0,22.0,182.0,892.0,30.09,518.11,13.1,No,No,Summer,Sunny,468.08,0.0,1.0,434.27,0.082,24
ORD102590,2023-12-17,P-BEA-012,Beauty,Sunscreen Lotion,South,Hyderabad,SUP-029,7.0,WH-SO-02,892.0,65.0,294.0,1186.0,41.59,441.31,0.9,No,No,Winter,Cloudy,420.68,0.0,0.0,362.74,0.039,49
ORD102591,2023-08-09,P-SPO-007,Sports,Running Shoes,Central,Jabalpur,SUP-040,5.0,WH-CE-04,195.0,4.0,64.0,236.0,8.92,3734.79,13.7,No,No,Autumn,Sunny,3906.13,0.0,1.0,246.79,0.066,11
ORD102592,2024-04-05,P-FUR-013,Furniture,Wooden Bookshelf,West,Nagpur,SUP-035,8.0,WH-WE-02,98.0,7.0,59.0,217.0,7.13,14243.28,1.8,No,No,Summer,Sunny,12345.85,0.0,2.0,478.82,0.023,6
ORD102593,2023-03-11,P-ELE-003,Electronics,Wireless Earbuds,West,Surat,SUP-008,7.0,WH-WE-03,28.0,3.0,35.0,147.0,4.8,7070.73,2.0,No,,Summer,Rainy,6565.31,0.0,0.0,516.61,0.189,4
ORD102594,2022-08-13,P-GRO-013,Grocery,Instant Noodles Pack,East,Guwahati,SUP-033,6.0,WH-EA-05,243.0,38.0,156.0,785.0,30.81,515.72,21.2,Yes,No,Autumn,Sunny,496.5,0.0,1.0,328.34,0.072,33
ORD102595,2023-03-29,P-SPO-015,Sports,Badminton Racket,West,Nagpur,SUP-015,10.0,WH-WE-02,25.0,7.0,82.0,311.0,8.71,3914.73,4.2,No,No,Summer,Rainy,4220.15,0.0,1.0,422.47,0.07,6
ORD102596,2022-07-17,P-ELE-004,Electronics,Laptop Stand,South,Kochi,SUP-009,9.0,WH-SO-03,66.0,6.0,51.0,182.0,7.11,1549.34,14.7,Yes,No,Summer,Stormy,1761.83,0.0,1.0,344.54,0.089,7
ORD102597,2021-08-18,P-GRO-004,Grocery,Sunflower Oil 1L,West,Surat,SUP-038,10.0,WH-WE-04,976.0,45.0,341.0,1307.0,46.94,555.07,8.1,Yes,No,Autumn,Cloudy,571.89,0.0,0.0,398.41,0.105,76
ORD102598,2023-04-22,P-SPO-015,Sports,Yoga Mat,South,Chennai,SUP-038,9.0,WH-SO-02,135.0,25.0,98.0,437.0,14.28,4125.84,3.6,No,No,Summer,Sunny,3082.77,2.0,1.0,338.09,0.091,15
ORD102599,2022-03-07,P-SPO-007,Sports,Gym Dumbbells 5kg,East,Guwahati,SUP-015,14.0,WH-EA-02,190.0,13.0,65.0,278.0,8.96,3043.11,0.7,No,No,Summer,Sunny,2771.23,0.0,3.0,533.81,0.066,8
ORD102600,2022-01-22,P-GRO-011,Grocery,Basmati Rice 5kg,Central,Indore,SUP-002,,WH-CE-04,730.0,28.0,246.0,907.0,33.1,481.5,5.1,No,,Winter,Sunny,616.15,0.0,1.0,,0.15,34
ORD102601,2023-11-04,P-FUR-003,Furniture,Wooden Bookshelf,Central,Raipur,SUP-009,11.0,WH-CE-01,100.0,3.0,38.0,131.0,4.83,14273.89,10.2,No,No,Autumn,Sunny,14453.64,0.0,2.0,367.31,0.085,4
ORD102602,2021-04-07,P-CLO-007,Clothing,Cotton Saree,East,Bhubaneswar,SUP-022,9.0,WH-EA-02,291.0,10.0,95.0,410.0,13.88,1782.72,22.8,No,No,Summer,Sunny,1411.0,,0.0,362.87,0.107,10
ORD102603,2021-02-04,P-BEA-011,Beauty,Body Lotion 400ml,East,Ranchi,SUP-003,4.0,WH-EA-03,167.0,15.0,101.0,668.0,22.44,773.66,4.1,No,No,Spring,,920.52,0.0,0.0,226.17,0.185,17
ORD102604,2022-06-05,P-ELE-014,Electronics,LED TV 43in,West,Ahmedabad,SUP-010,11.0,WH-WE-02,160.0,13.0,65.0,342.0,10.02,8747.85,9.0,No,No,Autumn,Cloudy,7812.88,0.0,2.0,483.82,0.081,10
ORD102605,2023-05-20,P-ELE-007,Electronics,Wireless Earbuds,Central,Jabalpur,SUP-006,,WH-CE-03,69.0,5.0,40.0,159.0,5.97,8745.49,29.1,Yes,No,Summer,Sunny,9146.72,0.0,2.0,271.0,0.077,8
ORD102606,2024-05-11,P-FUR-002,Furniture,Study Table,West,Nagpur,SUP-039,9.0,WH-WE-04,71.0,12.0,57.0,275.0,9.13,10135.67,28.5,No,No,Summer,Sunny,9206.19,0.0,0.0,393.35,0.071,9
ORD102607,2023-01-26,P-GRO-007,Grocery,Tea Powder 500g,North,Kanpur,SUP-015,8.0,WH-NO-05,1060.0,62.0,267.0,1345.0,45.76,151.62,21.8,Yes,Yes,Winter,Cloudy,178.33,0.0,1.0,154.95,0.073,103
ORD102608,2022-01-13,P-FUR-010,Furniture,Sofa Cushion Set,South,Bengaluru,SUP-016,10.0,WH-SO-04,109.0,4.0,30.0,144.0,4.63,13389.7,33.1,No,No,Winter,Sunny,11871.96,0.0,0.0,286.83,0.042,9
ORD102609,2022-05-18,P-GRO-014,Grocery,Tea Powder 500g,West,Surat,SUP-017,7.0,WH-WE-03,582.0,28.0,408.0,1503.0,51.76,263.66,9.3,Yes,No,Summer,Sunny,251.31,0.0,1.0,464.72,0.054,58
ORD102610,2022-07-07,P-SPO-013,Sports,Badminton Racket,West,Pune,SUP-001,9.0,WH-WE-04,348.0,20.0,119.0,536.0,16.22,2373.24,12.4,No,No,Summer,Sunny,2572.4,0.0,0.0,367.6,0.056,30
ORD102611,2022-05-05,P-BEA-012,Beauty,Face Wash 100ml,West,Ahmedabad,SUP-022,23.0,WH-WE-02,381.0,9.0,85.0,488.0,15.3,1026.89,24.0,No,No,Summer,Sunny,981.45,0.0,1.0,524.18,0.081,20
ORD102612,2023-09-05,P-CLO-003,Clothing,Women's Kurti,West,Ahmedabad,SUP-037,11.0,WH-WE-03,317.0,13.0,68.0,449.0,13.29,506.61,19.0,No,No,Autumn,Sunny,526.32,0.0,5.0,498.79,0.046,17
ORD102613,2024-03-13,P-BEA-008,Beauty,Face Wash 100ml,South,Chennai,SUP-033,7.0,WH-SO-05,235.0,38.0,134.0,789.0,26.09,884.36,10.2,No,No,Spring,Sunny,943.13,0.0,0.0,273.45,0.066,27
ORD102614,2023-11-02,P-GRO-009,Grocery,Toor Dal 1kg,South,Kochi,SUP-011,9.0,WH-SO-01,122.0,9.0,246.0,1013.0,33.98,230.44,8.3,,No,Autumn,Cloudy,233.71,0.0,0.0,324.91,0.037,30
ORD102615,2022-07-13,P-CLO-008,Clothing,Denim Jeans,West,Nagpur,SUP-001,8.0,WH-WE-02,160.0,21.0,121.0,643.0,22.44,1126.27,26.8,No,No,Summer,Sunny,,0.0,2.0,384.99,0.085,23
ORD102616,2022-02-25,P-ELE-014,Electronics,Wireless Earbuds,South,Hyderabad,SUP-031,11.0,WH-SO-02,60.0,6.0,52.0,194.0,7.62,8334.74,11.1,,No,Spring,Sunny,7809.98,0.0,3.0,556.11,,7
ORD102617,2021-04-27,P-SPO-015,Sports,Gym Dumbbells 5kg,West,Mumbai,SUP-034,19.0,WH-WE-05,137.0,14.0,,491.0,15.83,1936.01,18.4,Yes,No,Summer,Cloudy,1876.62,0.0,2.0,690.31,0.039,18
ORD102618,2024-03-11,P-BEA-004,Beauty,Moisturizer Cream,West,Mumbai,SUP-037,,WH-WE-02,356.0,18.0,227.0,958.0,30.71,1198.12,1.5,No,No,Summer,Cloudy,1254.42,0.0,1.0,485.72,0.094,33
ORD102619,2024-11-06,P-SPO-015,Sports,Cycling Helmet,West,Pune,SUP-024,10.0,WH-WE-02,201.0,15.0,60.0,286.0,9.08,428.14,5.7,No,No,Autumn,Sunny,455.94,0.0,1.0,407.81,0.04,11
ORD102620,2021-03-22,P-SPO-013,Sports,Badminton Racket,South,Kochi,SUP-019,10.0,WH-SO-05,109.0,10.0,85.0,282.0,9.82,4105.69,13.9,No,No,Spring,Rainy,4173.06,,0.0,329.37,0.046,12
ORD102621,2021-07-10,P-SPO-011,Sports,Cricket Bat,West,Ahmedabad,SUP-031,6.0,WH-WE-05,494.0,8.0,137.0,571.0,21.65,4364.95,10.7,Yes,No,Autumn,Rainy,4610.14,0.0,0.0,230.52,0.065,26
ORD102622,2021-11-10,P-GRO-006,Grocery,Sugar 1kg,North,Delhi,SUP-028,8.0,WH-NO-01,782.0,48.0,307.0,1184.0,43.2,191.83,4.1,No,No,Autumn,Cloudy,167.4,0.0,2.0,441.67,0.025,33
ORD102623,2024-03-11,P-SPO-012,Sports,Running Shoes,North,Chandigarh,SUP-031,16.0,WH-NO-05,76.0,19.0,94.0,438.0,14.35,1911.84,11.6,No,No,Spring,Sunny,1957.37,0.0,1.0,483.96,0.064,11
ORD102624,2021-11-13,P-CLO-009,Clothing,Woolen Sweater,South,Kochi,SUP-012,2.0,WH-SO-04,1144.0,46.0,315.0,1545.0,46.58,1296.36,,Yes,Yes,Autumn,Sunny,1289.63,0.0,0.0,303.89,0.181,87
ORD102625,2021-01-21,P-CLO-014,Clothing,Cotton Saree,North,Chandigarh,SUP-037,11.0,WH-NO-05,259.0,42.0,219.0,703.0,28.01,1304.0,17.8,,No,Winter,Sunny,1355.66,0.0,1.0,362.0,0.078,35
ORD102626,2022-05-06,P-CLO-011,Clothing,Denim Jeans,Central,,SUP-002,7.0,WH-CE-01,292.0,6.0,121.0,550.0,15.84,864.78,2.4,Yes,No,Summer,Cloudy,916.82,0.0,1.0,342.72,0.039,20
ORD102627,2022-06-17,P-GRO-015,Grocery,Sugar 1kg,Central,Bhopal,SUP-004,,WH-CE-01,481.0,32.0,120.0,556.0,23.65,487.1,13.4,No,No,Autumn,Stormy,446.14,2.0,0.0,336.85,0.054,24
ORD102628,2022-08-01,P-GRO-007,Grocery,Instant Noodles Pack,North,Kanpur,SUP-027,11.0,WH-NO-02,615.0,50.0,321.0,1930.0,54.55,118.55,13.1,Yes,No,Autumn,Stormy,117.51,0.0,0.0,364.4,0.198,82
ORD102629,2023-01-23,P-GRO-002,Grocery,Tea Powder 500g,West,Mumbai,SUP-023,7.0,WH-WE-05,1415.0,46.0,493.0,1682.0,62.89,313.56,14.9,No,No,Winter,Sunny,347.04,0.0,0.0,323.19,0.106,84
ORD102630,2021-12-20,P-ELE-008,Electronics,Power Bank 10000mAh,East,Ranchi,SUP-023,4.0,WH-EA-03,171.0,11.0,48.0,293.0,8.56,10947.14,3.5,No,No,Winter,Stormy,11213.34,0.0,1.0,261.21,0.219,9
ORD102631,2021-02-13,P-CLO-015,Clothing,Woolen Sweater,West,Pune,SUP-037,6.0,WH-WE-04,762.0,47.0,223.0,1080.0,37.86,1440.71,2.4,No,No,Winter,Rainy,1429.16,0.0,0.0,295.15,0.02,41
ORD102632,2021-06-06,P-SPO-010,Sports,Skipping Rope,West,Mumbai,SUP-035,7.0,WH-WE-02,2404.0,24.0,119.0,556.0,16.29,2720.6,3.5,No,No,Autumn,Cloudy,2455.53,0.0,0.0,322.58,0.098,26
ORD102633,2023-12-09,P-FUR-011,Furniture,Foldable Bed,East,Patna,SUP-029,17.0,WH-EA-02,60.0,8.0,42.0,121.0,5.26,12683.32,15.0,,No,Winter,,13234.11,0.0,3.0,466.24,0.147,9
ORD102634,2023-08-22,P-CLO-010,Clothing,Formal Shirt,North,Delhi,SUP-007,7.0,WH-NO-05,515.0,27.0,210.0,847.0,26.79,874.07,6.3,No,No,Summer,Sunny,776.86,0.0,0.0,227.31,0.042,26
ORD102635,2022-01-16,P-CLO-009,Clothing,Track Pants,North,Delhi,SUP-004,3.0,WH-NO-03,336.0,13.0,130.0,810.0,24.6,624.7,19.2,No,No,Winter,Sunny,615.78,0.0,,237.18,0.003,20
ORD102636,2024-10-06,P-CLO-001,Clothing,Track Pants,East,Kolkata,SUP-006,9.0,WH-EA-04,404.0,10.0,144.0,664.0,21.56,550.02,3.0,No,No,Autumn,Rainy,528.41,0.0,0.0,302.03,0.101,25
ORD102637,2023-03-02,P-GRO-007,Grocery,Wheat Flour 5kg,Central,Gwalior,SUP-025,6.0,WH-CE-04,362.0,9.0,120.0,578.0,18.25,526.1,15.5,No,No,Summer,Sunny,542.66,0.0,1.0,391.89,0.031,20
ORD102638,2024-03-10,P-BEA-002,Beauty,Face Wash 100ml,East,Ranchi,SUP-029,5.0,WH-EA-01,363.0,19.0,137.0,715.0,21.66,100.78,23.7,Yes,No,Spring,Cloudy,95.95,0.0,0.0,1031.87,0.241,33
ORD102639,2024-03-03,P-ELE-006,Electronics,Power Bank 10000mAh,South,Chennai,SUP-032,9.0,WH-SO-05,,9.0,43.0,248.0,8.15,4039.81,22.8,No,No,Summer,Rainy,3933.66,0.0,1.0,384.72,0.07,11
ORD102640,2022-03-15,P-FUR-011,Furniture,Office Chair,North,Jaipur,SUP-005,9.0,WH-NO-05,39.0,5.0,38.0,130.0,4.56,17933.38,21.3,Yes,No,Spring,Rainy,16626.81,,0.0,373.34,0.236,6
ORD102641,2023-05-14,P-BEA-013,Beauty,Talcum Powder,Central,Indore,SUP-011,8.0,WH-CE-04,64.0,22.0,127.0,481.0,18.5,309.13,18.5,Yes,No,Summer,Sunny,302.99,0.0,0.0,360.95,0.069,18
ORD102642,2023-05-17,P-CLO-004,Clothing,Men's Cotton T-Shirt,South,Hyderabad,SUP-014,10.0,WH-SO-03,305.0,13.0,104.0,572.0,17.47,2263.1,3.8,No,No,Summer,Cloudy,2301.98,0.0,1.0,349.65,0.064,21
ORD102643,2022-10-28,P-SPO-010,Sports,Cycling Helmet,West,,SUP-026,11.0,WH-WE-03,93.0,26.0,133.0,603.0,18.16,3016.71,5.7,No,No,Autumn,Sunny,2932.87,1.0,1.0,439.21,0.108,16
ORD102644,2023-07-18,P-GRO-004,Grocery,Sugar 1kg,West,Nagpur,SUP-002,8.0,WH-WE-02,,48.0,222.0,1047.0,32.71,483.93,6.5,No,No,Autumn,Rainy,471.79,3.0,1.0,463.79,0.035,32
ORD102645,2022-05-07,P-SPO-004,Sports,Yoga Mat,South,Hyderabad,SUP-034,7.0,WH-SO-04,85.0,8.0,86.0,355.0,11.01,3390.08,11.3,No,Yes,Summer,,3434.7,0.0,1.0,391.16,0.058,12
ORD102646,2021-05-24,P-BEA-015,Beauty,Face Wash 100ml,North,Chandigarh,SUP-004,2.0,WH-NO-02,254.0,23.0,151.0,717.0,23.34,195.8,20.7,,No,Summer,Cloudy,211.48,0.0,0.0,209.87,0.122,30
ORD102647,2021-03-07,P-BEA-010,Beauty,Body Lotion 400ml,South,Kochi,SUP-021,7.0,WH-SO-01,7447.0,43.0,231.0,1014.0,35.43,829.95,13.1,No,No,Summer,Rainy,879.39,0.0,1.0,228.42,0.114,45
ORD102648,2022-10-15,P-FUR-003,Furniture,Study Table,South,Coimbatore,SUP-038,7.0,WH-SO-01,103.0,8.0,37.0,177.0,5.3,19608.74,3.3,No,No,Autumn,Cloudy,17579.19,0.0,0.0,221.0,0.097,8
ORD102649,2024-08-26,P-BEA-003,Beauty,Face Wash 100ml,West,Mumbai,SUP-008,8.0,WH-WE-03,103.0,31.0,200.0,741.0,26.0,569.66,19.2,No,No,Autumn,Cloudy,604.63,0.0,0.0,329.0,0.095,22
ORD102650,2021-11-10,P-SPO-001,Sports,Skipping Rope,West,Mumbai,SUP-028,6.0,WH-WE-05,348.0,12.0,84.0,428.0,14.1,3354.47,25.3,No,No,Autumn,Cloudy,3721.54,0.0,2.0,316.66,0.192,22
ORD102651,2023-05-15,P-CLO-008,Clothing,Cotton Saree,North,,SUP-022,3.0,WH-NO-04,899.0,26.0,205.0,1176.0,37.18,543.95,8.2,No,No,Summer,Cloudy,,0.0,0.0,170.25,0.062,50
ORD102652,2021-08-28,P-BEA-002,Beauty,Herbal Shampoo 200ml,East,Kolkata,SUP-033,5.0,WH-EA-05,642.0,,258.0,1175.0,34.42,442.43,23.6,Yes,Yes,Autumn,Cloudy,357.01,0.0,0.0,322.62,0.017,55
ORD102653,2023-07-12,P-BEA-009,Beauty,Moisturizer Cream,North,Jaipur,SUP-024,11.0,WH-NO-04,440.0,20.0,159.0,464.0,21.85,443.92,11.1,No,No,Autumn,Rainy,453.32,0.0,1.0,474.21,0.164,22
ORD102654,2021-09-26,P-CLO-007,Clothing,Cotton Saree,North,Chandigarh,SUP-034,6.0,WH-NO-05,126.0,17.0,139.0,643.0,19.72,1139.18,9.7,No,No,Autumn,Sunny,1265.26,0.0,0.0,226.01,0.074,22
ORD102655,2022-10-06,P-SPO-010,Sports,Running Shoes,West,Mumbai,SUP-017,6.0,WH-WE-04,188.0,8.0,88.0,357.0,12.46,1224.59,,Yes,No,Autumn,Sunny,1180.64,0.0,3.0,501.78,0.098,14
ORD102656,2024-03-26,P-GRO-004,Grocery,Wheat Flour 5kg,West,Ahmedabad,SUP-007,8.0,WH-WE-05,876.0,82.0,471.0,2118.0,67.27,197.06,2.3,No,No,Summer,Sunny,242.78,0.0,0.0,284.56,0.021,91
ORD102657,2022-06-29,P-CLO-003,Clothing,Formal Shirt,West,Nagpur,SUP-028,7.0,WH-WE-03,252.0,13.0,124.0,360.0,14.78,816.78,,Yes,No,Summer,Sunny,674.32,0.0,1.0,356.31,0.088,18
ORD102658,2024-09-26,P-ELE-002,Electronics,Wireless Earbuds,North,Kanpur,SUP-039,5.0,WH-NO-01,142.0,8.0,52.0,200.0,7.23,4238.79,17.9,No,No,Autumn,Rainy,4288.35,0.0,0.0,170.65,0.047,8
ORD102659,2021-03-10,P-GRO-002,Grocery,Basmati Rice 5kg,East,Ranchi,SUP-018,10.0,WH-EA-02,356.0,25.0,279.0,1382.0,41.26,,19.9,No,No,Summer,Cloudy,73.57,0.0,1.0,441.21,0.175,53
ORD102660,2021-05-03,P-BEA-002,Beauty,Talcum Powder,South,Kochi,SUP-033,5.0,WH-SO-05,368.0,51.0,229.0,1301.0,38.85,1082.27,30.3,Yes,No,Summer,Sunny,1097.17,0.0,0.0,178.92,0.021,59
ORD102661,2021-09-04,P-GRO-004,Grocery,Sunflower Oil 1L,Central,Gwalior,SUP-036,4.0,WH-CE-04,729.0,41.0,214.0,957.0,32.56,277.63,21.0,No,No,Autumn,Cloudy,281.05,0.0,0.0,167.62,0.145,45
ORD102662,2021-12-23,P-GRO-013,Grocery,Masala Mix 200g,East,Ranchi,SUP-026,3.0,WH-EA-01,313.0,46.0,,1186.0,33.79,376.43,28.1,Yes,No,Winter,Sunny,345.11,0.0,0.0,255.29,0.121,52
ORD102663,2022-09-14,P-GRO-010,Grocery,Basmati Rice 5kg,Central,Jabalpur,SUP-032,9.0,WH-CE-01,356.0,32.0,256.0,989.0,33.01,520.11,10.3,No,No,Autumn,Cloudy,496.17,0.0,0.0,238.75,0.079,46
ORD102664,2024-08-28,P-CLO-004,Clothing,Woolen Sweater,North,Jaipur,SUP-023,8.0,WH-NO-04,2866.0,19.0,110.0,626.0,20.21,1636.1,7.4,Yes,No,Summer,Sunny,1711.19,0.0,0.0,310.03,0.026,20
ORD102665,2021-12-20,P-BEA-014,Beauty,Lipstick Set,South,Hyderabad,SUP-033,15.0,WH-SO-05,,56.0,372.0,1293.0,47.03,183.06,16.7,Yes,No,Winter,Sunny,152.1,0.0,1.0,382.0,0.034,73
ORD102666,2022-06-06,P-SPO-012,Sports,Skipping Rope,West,Nagpur,SUP-014,,WH-WE-04,180.0,24.0,116.0,484.0,16.93,3527.34,9.3,No,No,Autumn,Sunny,3782.81,1.0,1.0,,0.076,23
ORD102667,2021-03-06,P-ELE-012,Electronics,Power Bank 10000mAh,South,Hyderabad,SUP-022,4.0,WH-SO-05,188.0,8.0,76.0,250.0,8.02,6709.52,17.3,No,No,Spring,Sunny,6648.3,,,308.27,0.038,12
ORD102668,2023-11-10,P-CLO-014,Clothing,Denim Jeans,East,Kolkata,SUP-004,9.0,WH-EA-01,,10.0,163.0,453.0,19.68,1027.96,26.6,Yes,No,Autumn,Cloudy,1073.38,0.0,2.0,363.82,0.071,25
ORD102669,2023-03-09,P-CLO-012,Clothing,Cotton Saree,East,Kolkata,SUP-008,9.0,WH-EA-05,216.0,22.0,174.0,775.0,25.59,894.21,4.2,,Yes,Spring,Cloudy,954.76,0.0,2.0,455.0,0.097,36
ORD102670,2021-03-07,P-FUR-015,Furniture,Wooden Bookshelf,Central,Raipur,SUP-024,8.0,WH-CE-01,13.0,5.0,20.0,110.0,3.52,10436.22,33.0,No,No,Summer,Sunny,13550.6,2.0,1.0,313.35,0.123,4
ORD102671,2022-11-10,P-CLO-005,Clothing,Track Pants,North,Delhi,SUP-029,19.0,WH-NO-05,260.0,27.0,131.0,665.0,22.16,2430.28,10.0,Yes,No,Autumn,Cloudy,2702.22,0.0,1.0,,0.074,37
ORD102672,2021-11-16,P-GRO-013,Grocery,Masala Mix 200g,Central,Bhopal,SUP-002,17.0,WH-CE-05,553.0,36.0,211.0,1129.0,32.92,340.55,3.0,No,No,Autumn,Cloudy,307.81,,1.0,501.92,0.092,35
ORD102673,2022-09-08,P-CLO-002,Clothing,Track Pants,South,Chennai,SUP-003,3.0,WH-SO-03,85.0,14.0,145.0,466.0,16.33,2492.68,2.8,No,No,Autumn,Rainy,2923.76,0.0,0.0,320.0,0.032,17
ORD102674,2022-02-20,P-CLO-005,Clothing,Cotton Saree,South,Hyderabad,SUP-001,5.0,WH-SO-03,,27.0,118.0,521.0,17.81,548.39,6.1,No,No,Spring,Sunny,429.35,0.0,1.0,275.48,0.196,12
ORD102675,2024-02-20,P-CLO-014,Clothing,Denim Jeans,East,Bhubaneswar,SUP-021,4.0,WH-EA-03,171.0,10.0,103.0,,14.36,1808.77,7.3,No,No,Spring,Cloudy,1744.56,0.0,1.0,293.6,0.03,10
ORD102676,2021-03-25,P-CLO-003,Clothing,Men's Cotton T-Shirt,South,Hyderabad,SUP-014,9.0,WH-SO-03,248.0,18.0,125.0,534.0,18.36,2252.13,5.2,,No,Summer,Cloudy,2283.41,0.0,1.0,399.29,0.042,21
ORD102677,2023-05-26,P-BEA-008,Beauty,Sunscreen Lotion,Central,Raipur,SUP-003,5.0,WH-CE-05,,,212.0,925.0,31.35,444.74,15.0,No,No,Summer,Cloudy,433.21,0.0,0.0,367.56,0.03,48
ORD102678,2024-03-04,P-BEA-006,Beauty,Herbal Shampoo 200ml,Central,Jabalpur,SUP-032,5.0,WH-CE-02,91.0,21.0,123.0,532.0,18.79,649.88,12.2,No,No,Spring,Sunny,664.53,0.0,1.0,318.97,0.076,22
ORD102679,2021-01-03,P-GRO-002,Grocery,Tea Powder 500g,Central,Indore,SUP-022,4.0,WH-CE-02,717.0,28.0,317.0,1244.0,37.31,196.2,15.5,No,No,Winter,Sunny,193.55,0.0,1.0,240.52,0.228,58
ORD102680,2024-08-14,P-BEA-004,Beauty,Body Lotion 400ml,Central,Raipur,SUP-001,6.0,WH-CE-05,,29.0,182.0,791.0,23.14,552.74,17.8,Yes,No,Summer,Sunny,609.55,0.0,3.0,304.73,0.275,38
ORD102681,2024-01-19,P-BEA-009,Beauty,Face Wash 100ml,West,Surat,SUP-028,6.0,WH-WE-05,234.0,34.0,156.0,956.0,28.62,856.28,21.9,No,No,Winter,Rainy,823.24,0.0,1.0,311.98,0.146,35
ORD102682,2022-02-13,P-ELE-010,Electronics,Home Router,South,,SUP-037,12.0,WH-SO-03,90.0,8.0,41.0,253.0,7.87,10779.34,11.3,Yes,No,Spring,Cloudy,10679.62,0.0,1.0,418.34,0.163,8
ORD102683,2022-12-07,P-CLO-011,Clothing,Kids Winter Jacket,West,Mumbai,SUP-017,5.0,WH-WE-02,410.0,189.0,270.0,935.0,34.55,,25.3,Yes,No,Winter,Cloudy,2779.39,0.0,2.0,227.11,0.088,46
ORD102684,2023-09-22,P-GRO-002,Grocery,Basmati Rice 5kg,North,Delhi,SUP-038,5.0,WH-NO-05,607.0,49.0,476.0,,58.79,429.92,5.3,No,No,Autumn,Cloudy,463.22,0.0,18.0,355.97,0.011,66
ORD102685,2023-01-26,P-BEA-005,Beauty,Hair Oil 250ml,West,Pune,SUP-017,6.0,WH-WE-05,886.0,71.0,273.0,1653.0,45.62,768.24,16.8,No,Yes,Winter,Sunny,757.8,0.0,8.0,656.67,0.03,54
ORD102686,2024-01-11,P-GRO-002,Grocery,Basmati Rice 5kg,East,Patna,SUP-004,5.0,WH-EA-02,660.0,50.0,229.0,1033.0,35.23,270.91,24.0,No,No,Winter,Sunny,281.15,0.0,2.0,270.83,0.093,51
ORD102687,2024-07-23,P-FUR-001,Furniture,Foldable Bed,West,,SUP-005,6.0,WH-WE-03,29.0,5.0,54.0,205.0,6.59,12615.25,11.9,,No,Summer,Cloudy,14505.17,0.0,0.0,248.86,0.129,14
ORD102688,2022-06-08,P-GRO-006,Grocery,Tea Powder 500g,South,Chennai,SUP-003,9.0,WH-SO-03,375.0,33.0,,881.0,34.56,503.88,9.7,Yes,No,Autumn,Sunny,448.07,0.0,0.0,196.9,0.003,36
ORD102689,2021-06-09,P-CLO-010,Clothing,Cotton Saree,South,Coimbatore,SUP-013,6.0,WH-SO-05,326.0,29.0,149.0,673.0,21.31,920.72,16.1,No,No,Summer,Rainy,840.62,0.0,,297.9,0.095,26
ORD102690,2022-09-23,P-SPO-006,Sports,Badminton Racket,North,Kanpur,SUP-016,10.0,WH-NO-04,220.0,12.0,78.0,289.0,10.33,3836.92,16.5,No,No,Autumn,Sunny,3660.54,0.0,0.0,309.03,0.098,11
ORD102691,2023-05-26,P-GRO-001,Grocery,Basmati Rice 5kg,South,Hyderabad,SUP-018,5.0,WH-SO-03,498.0,51.0,331.0,1440.0,49.34,63.05,18.0,Yes,No,Summer,Cloudy,64.15,0.0,1.0,365.13,0.126,63
ORD102692,2024-02-07,P-SPO-004,Sports,Badminton Racket,South,Bengaluru,SUP-020,14.0,WH-SO-05,76.0,14.0,130.0,432.0,19.92,381.15,12.6,No,No,Spring,Sunny,410.68,0.0,0.0,400.26,0.102,11
ORD102693,2022-02-17,P-SPO-007,Sports,Skipping Rope,North,Jaipur,SUP-035,18.0,WH-NO-04,236.0,8.0,88.0,326.0,10.93,3204.05,14.2,No,No,Winter,Rainy,3008.0,0.0,1.0,537.94,0.14,10
ORD102694,2024-09-18,P-SPO-006,Sports,Cycling Helmet,South,Bengaluru,SUP-001,11.0,WH-SO-03,422.0,23.0,141.0,735.0,22.51,2258.57,10.4,No,,Autumn,Rainy,2088.43,0.0,2.0,492.94,0.155,23
ORD102695,2021-02-23,P-ELE-013,Electronics,Smartphone Charger,East,Kolkata,SUP-036,11.0,WH-EA-05,147.0,15.0,63.0,317.0,9.68,2457.89,1.1,No,,Winter,Sunny,2199.98,0.0,1.0,537.88,0.035,10
ORD102696,2023-04-29,P-BEA-009,Beauty,Moisturizer Cream,South,Hyderabad,SUP-010,16.0,WH-SO-03,336.0,28.0,183.0,603.0,20.92,980.52,5.0,No,No,Summer,Cloudy,906.61,0.0,1.0,487.35,0.032,24
ORD102697,2022-10-02,P-ELE-015,Electronics,Home Router,West,Ahmedabad,SUP-039,3.0,WH-WE-03,256.0,16.0,,435.0,13.48,13379.61,6.7,No,Yes,Autumn,Stormy,12677.72,0.0,1.0,226.04,0.109,15
ORD102698,2023-10-13,P-GRO-003,Grocery,Wheat Flour 5kg,North,Lucknow,SUP-006,9.0,WH-NO-02,863.0,73.0,518.0,1952.0,59.39,280.46,9.1,No,No,Autumn,Cloudy,231.92,0.0,1.0,318.47,0.118,42
ORD102699,2022-02-19,P-SPO-006,Sports,Football,East,Ranchi,SUP-005,10.0,WH-EA-02,242.0,5.0,,407.0,14.72,4460.11,20.1,No,No,Spring,Sunny,4259.82,0.0,2.0,451.92,0.086,11
ORD102700,2024-09-23,P-FUR-002,Furniture,Dining Chair,North,Delhi,SUP-005,5.0,WH-NO-02,197.0,9.0,55.0,257.0,7.81,6869.89,34.0,No,No,Autumn,Rainy,6293.09,0.0,0.0,306.69,0.084,9
ORD102701,2021-01-03,P-CLO-001,Clothing,Formal Shirt,East,Kolkata,SUP-012,5.0,WH-EA-01,141.0,19.0,128.0,492.0,16.97,2014.97,14.5,No,No,Winter,Sunny,1988.55,1.0,2.0,371.55,0.106,21
ORD102702,2024-04-06,P-GRO-014,Grocery,Tea Powder 500g,East,Bhubaneswar,SUP-038,3.0,WH-EA-04,444.0,15.0,206.0,680.0,26.16,282.19,16.7,Yes,No,Summer,Sunny,320.52,0.0,0.0,202.52,0.075,25
ORD102703,2022-12-22,P-BEA-008,Beauty,Lipstick Set,East,Bhubaneswar,SUP-019,16.0,WH-EA-03,457.0,38.0,191.0,635.0,22.76,1028.58,11.5,No,No,Winter,Rainy,897.46,0.0,2.0,605.54,0.081,29
ORD102704,2023-01-24,P-FUR-010,Furniture,Foldable Bed,South,Kochi,SUP-007,7.0,WH-SO-05,40.0,8.0,44.0,200.0,6.52,17140.52,16.5,Yes,No,Winter,Stormy,18530.87,0.0,0.0,299.7,0.105,6
ORD102705,2022-03-31,P-CLO-005,Clothing,Denim Jeans,East,Kolkata,SUP-026,3.0,WH-EA-04,370.0,19.0,120.0,410.0,16.12,987.4,3.1,No,No,Summer,Sunny,1119.13,0.0,0.0,190.37,0.103,22
ORD102706,2022-07-27,P-SPO-001,Sports,Running Shoes,North,Chandigarh,SUP-021,7.0,WH-NO-01,111.0,9.0,77.0,283.0,11.9,4735.54,16.1,No,No,Autumn,Sunny,,0.0,1.0,424.24,0.172,14
ORD102707,2022-09-27,P-GRO-014,Grocery,Wheat Flour 5kg,South,Bengaluru,SUP-029,8.0,WH-SO-04,651.0,36.0,,1025.0,32.9,373.15,22.9,No,No,Autumn,Sunny,383.37,0.0,1.0,470.77,0.067,49
ORD102708,2022-03-31,P-ELE-010,Electronics,Smartwatch,South,Bengaluru,SUP-030,,WH-SO-01,183.0,12.0,78.0,343.0,11.04,4381.41,3.6,Yes,No,,Rainy,4841.98,2.0,1.0,411.97,0.03,17
ORD102709,2021-01-18,P-FUR-011,Furniture,Office Chair,West,Ahmedabad,SUP-032,2.0,WH-WE-01,80.0,9.0,43.0,162.0,5.54,14647.55,16.9,No,No,Winter,Rainy,15389.18,0.0,0.0,153.09,0.05,8
ORD102710,2022-08-09,P-SPO-009,Sports,Cricket Bat,South,Coimbatore,SUP-007,5.0,WH-SO-04,426.0,23.0,107.0,537.0,17.76,3043.61,4.5,No,No,Autumn,Rainy,,0.0,1.0,423.86,0.104,23
ORD102711,2022-08-11,P-GRO-007,Grocery,Tea Powder 500g,West,Mumbai,SUP-020,8.0,WH-WE-01,487.0,42.0,208.0,1253.0,39.21,247.24,18.2,No,No,Summer,Sunny,249.59,0.0,0.0,289.04,,29
ORD102712,2023-11-21,P-GRO-007,Grocery,Sunflower Oil 1L,South,Kochi,SUP-026,9.0,WH-SO-03,539.0,23.0,244.0,1027.0,41.34,,18.0,No,No,Autumn,Sunny,248.2,0.0,,293.34,0.121,34
ORD102713,2022-11-19,P-ELE-012,Electronics,Home Router,North,Chandigarh,SUP-023,9.0,WH-NO-05,101.0,4.0,45.0,151.0,6.88,2615.99,3.4,No,No,Autumn,Cloudy,2859.54,0.0,1.0,394.69,,8
ORD102714,2023-03-14,P-SPO-004,Sports,Cycling Helmet,South,Hyderabad,SUP-039,6.0,WH-SO-02,358.0,4.0,128.0,496.0,15.32,2178.16,16.2,No,No,Summer,Sunny,2632.89,1.0,0.0,271.05,0.2,19
ORD102715,2022-11-12,P-GRO-006,Grocery,Wheat Flour 5kg,North,Kanpur,SUP-039,13.0,WH-NO-04,1166.0,43.0,287.0,1466.0,47.16,454.19,14.3,No,Yes,Autumn,,441.82,0.0,3.0,478.7,0.021,62
ORD102716,2022-09-12,P-CLO-005,Clothing,Denim Jeans,East,Patna,SUP-033,17.0,WH-EA-02,325.0,16.0,102.0,429.0,13.61,1648.59,,No,No,Autumn,Sunny,1651.57,0.0,,507.36,0.076,16
ORD102717,2023-11-14,P-SPO-008,Sports,Gym Dumbbells 5kg,West,Pune,SUP-010,8.0,WH-WE-01,308.0,15.0,117.0,394.0,14.34,4708.92,3.2,No,No,Autumn,Cloudy,4751.11,0.0,,367.52,0.173,17
ORD102718,2023-09-15,P-ELE-015,Electronics,Smartphone Charger,West,Surat,SUP-022,7.0,WH-WE-01,113.0,10.0,,249.0,8.16,9305.43,15.4,No,No,Autumn,Cloudy,8211.84,,1.0,319.49,0.198,12
ORD102719,2024-12-19,P-CLO-014,Clothing,Track Pants,South,Bengaluru,SUP-033,3.0,WH-SO-01,139.0,25.0,129.0,509.0,15.36,1404.17,,Yes,No,Winter,Rainy,1308.88,0.0,0.0,289.58,0.077,25
ORD102720,2022-12-27,P-CLO-009,Clothing,Men's Cotton T-Shirt,North,Kanpur,SUP-011,13.0,WH-NO-01,631.0,19.0,199.0,802.0,26.25,1841.86,1.2,Yes,No,Winter,Sunny,1886.73,0.0,1.0,424.22,0.115,40
ORD102721,2021-02-10,P-BEA-004,Beauty,Lipstick Set,West,Nagpur,SUP-029,,WH-WE-01,132.0,14.0,113.0,539.0,18.99,539.93,11.4,No,No,Spring,Rainy,535.87,0.0,1.0,353.12,0.119,14
ORD102722,2023-05-06,P-GRO-015,Grocery,Sunflower Oil 1L,North,Kanpur,SUP-010,4.0,WH-NO-05,166.0,45.0,284.0,1323.0,43.22,144.21,23.2,Yes,No,Summer,Cloudy,144.4,,0.0,186.71,0.095,45
ORD102723,2022-08-02,P-GRO-005,Grocery,Instant Noodles Pack,South,Hyderabad,SUP-006,5.0,WH-SO-05,1052.0,39.0,440.0,2432.0,71.59,181.1,19.8,No,No,Summer,Sunny,181.48,0.0,1.0,340.09,0.061,81
ORD102724,2021-05-20,P-ELE-006,Electronics,Smartphone Charger,West,,SUP-010,14.0,WH-WE-02,118.0,8.0,51.0,232.0,7.64,4713.27,1.0,No,No,Summer,Cloudy,4669.45,0.0,2.0,496.81,0.093,10
ORD102725,2024-06-05,P-BEA-014,Beauty,Lipstick Set,South,Kochi,SUP-038,11.0,WH-SO-04,521.0,25.0,211.0,758.0,28.55,1052.68,4.7,No,No,Summer,Rainy,988.2,0.0,1.0,429.83,0.062,35
ORD102726,2023-07-14,P-BEA-004,Beauty,Body Lotion 400ml,North,Delhi,SUP-040,7.0,WH-NO-02,278.0,14.0,144.0,806.0,22.96,795.38,,No,No,Autumn,Sunny,823.05,0.0,1.0,349.54,0.009,23
ORD102727,2023-07-04,P-ELE-007,Electronics,Bluetooth Speaker,South,Chennai,SUP-035,11.0,WH-SO-04,201.0,6.0,72.0,285.0,9.83,6604.43,8.0,No,No,Summer,Rainy,6778.0,0.0,1.0,430.92,0.039,14
ORD102728,2023-07-19,P-GRO-014,Grocery,Sunflower Oil 1L,East,Bhubaneswar,SUP-011,11.0,WH-EA-02,401.0,19.0,159.0,620.0,22.25,106.31,25.7,Yes,,Autumn,Cloudy,98.82,0.0,0.0,322.61,0.043,24
ORD102729,2024-12-08,P-SPO-005,Sports,Football,North,Jaipur,SUP-032,5.0,WH-NO-04,347.0,13.0,94.0,451.0,16.05,1568.06,5.0,No,No,Winter,,1620.09,0.0,0.0,263.44,0.031,19
ORD102730,2023-10-03,P-ELE-010,Electronics,Smartwatch,East,Guwahati,SUP-009,7.0,WH-EA-02,179.0,7.0,60.0,,8.13,1667.83,6.9,No,No,Autumn,Rainy,1584.65,0.0,0.0,402.22,,9
ORD102731,2023-11-09,P-GRO-001,Grocery,Basmati Rice 5kg,South,Kochi,SUP-006,10.0,WH-SO-05,1742.0,109.0,627.0,2176.0,77.37,191.72,15.5,No,No,Autumn,Cloudy,,0.0,2.0,446.13,0.032,112
ORD102732,2024-01-03,P-CLO-015,Clothing,Denim Jeans,South,Hyderabad,SUP-011,8.0,WH-SO-05,220.0,18.0,92.0,342.0,13.66,2303.58,16.4,No,No,Winter,Cloudy,2295.62,0.0,0.0,385.18,0.105,18
ORD102733,2023-11-25,P-GRO-007,Grocery,Tea Powder 500g,South,Bengaluru,SUP-006,5.0,WH-SO-02,189.0,42.0,291.0,1174.0,37.53,327.96,45.2,No,No,Autumn,Sunny,338.3,0.0,0.0,195.83,0.131,30
ORD102734,2023-10-26,P-GRO-011,Grocery,Toor Dal 1kg,West,Mumbai,SUP-026,9.0,WH-WE-01,378.0,60.0,293.0,1518.0,49.63,154.04,2.4,No,No,Autumn,Cloudy,156.21,0.0,2.0,384.12,0.054,42
ORD102735,2021-04-22,P-CLO-008,Clothing,Track Pants,South,Kochi,SUP-028,14.0,WH-SO-02,189.0,18.0,223.0,783.0,25.91,503.75,16.6,No,No,Summer,Rainy,501.48,2.0,,522.31,0.096,24
ORD102736,2022-08-11,P-ELE-007,Electronics,Laptop Stand,West,Ahmedabad,SUP-002,13.0,WH-WE-02,134.0,12.0,75.0,263.0,9.81,7402.49,6.5,No,No,,Stormy,7596.18,0.0,1.0,362.43,0.022,6
ORD102737,2022-02-07,P-CLO-007,Clothing,Women's Kurti,South,Coimbatore,SUP-005,9.0,WH-SO-03,175.0,19.0,210.0,780.0,27.16,751.38,12.2,No,No,Spring,Rainy,,0.0,1.0,371.54,0.206,26
ORD102738,2024-07-25,P-FUR-001,Furniture,Dining Chair,North,Chandigarh,SUP-020,15.0,WH-NO-03,65.0,7.0,37.0,184.0,5.87,18593.73,15.9,No,No,Autumn,Rainy,18772.97,0.0,3.0,516.45,,5
ORD102739,2023-05-03,P-CLO-005,Clothing,Woolen Sweater,South,Kochi,SUP-005,14.0,WH-SO-05,177.0,33.0,166.0,651.0,21.51,1567.94,10.2,No,No,Summer,Cloudy,1581.02,0.0,4.0,557.88,0.131,19
ORD102740,2023-01-24,P-ELE-006,Electronics,Smartphone Charger,East,Patna,SUP-034,6.0,WH-EA-01,104.0,7.0,40.0,,5.37,5112.47,23.3,,No,Winter,Rainy,4967.74,0.0,0.0,294.74,0.175,9
ORD102741,2023-02-03,P-BEA-006,Beauty,Moisturizer Cream,South,Bengaluru,SUP-017,2.0,WH-SO-03,572.0,41.0,250.0,1112.0,32.21,1046.41,3.4,No,No,Winter,,894.16,0.0,2.0,285.52,0.117,47
ORD102742,2023-09-24,P-ELE-005,Electronics,Bluetooth Speaker,West,,SUP-017,6.0,WH-WE-01,312.0,10.0,123.0,455.0,14.79,3211.47,17.2,Yes,No,Autumn,Sunny,3220.14,0.0,2.0,396.87,0.074,25
ORD102743,2024-01-20,P-BEA-010,Beauty,Lipstick Set,Central,Raipur,SUP-001,8.0,WH-CE-03,71.0,21.0,136.0,659.0,20.98,611.91,5.8,No,Yes,Winter,Cloudy,549.92,0.0,0.0,374.9,0.062,15
ORD102744,2021-10-22,P-GRO-013,Grocery,Toor Dal 1kg,West,Nagpur,SUP-029,11.0,WH-WE-04,734.0,43.0,331.0,1077.0,39.65,90.47,5.9,No,No,Autumn,Cloudy,86.37,0.0,,294.76,0.062,62
ORD102745,2024-12-22,P-BEA-014,Beauty,Talcum Powder,East,Kolkata,SUP-029,3.0,WH-EA-05,51.0,21.0,124.0,424.0,15.98,128.12,9.3,No,No,Winter,Cloudy,119.24,0.0,2.0,297.39,0.152,15
ORD102746,2024-01-19,P-GRO-015,Grocery,Sugar 1kg,East,Patna,SUP-031,10.0,WH-EA-03,451.0,32.0,234.0,1301.0,40.69,598.0,6.6,No,No,Winter,Stormy,563.67,0.0,2.0,478.93,0.294,38
ORD102747,2021-10-30,P-ELE-010,Electronics,Home Router,East,Ranchi,SUP-022,13.0,WH-EA-01,25.0,7.0,66.0,217.0,7.6,6285.67,1.5,No,No,Autumn,Rainy,5956.21,0.0,2.0,432.89,0.075,7
ORD102748,2023-06-05,P-CLO-007,Clothing,Denim Jeans,South,Kochi,SUP-011,8.0,WH-SO-05,507.0,38.0,164.0,629.0,25.46,1053.73,8.7,No,No,Summer,Rainy,1094.66,0.0,4.0,573.43,0.208,25
ORD102749,2022-09-18,P-ELE-010,Electronics,Smartwatch,West,Mumbai,SUP-004,5.0,WH-WE-03,85.0,10.0,72.0,312.0,9.93,11734.95,16.7,No,No,Autumn,Rainy,12047.33,0.0,1.0,411.53,0.12,8
ORD102750,2022-07-05,P-GRO-002,Grocery,Basmati Rice 5kg,West,Nagpur,SUP-013,9.0,WH-WE-03,694.0,15.0,313.0,1429.0,43.22,300.36,2.0,No,No,Autumn,,303.03,0.0,1.0,314.1,0.098,51
ORD102751,2024-06-20,P-BEA-013,Beauty,Moisturizer Cream,South,Bengaluru,SUP-022,19.0,WH-SO-04,119.0,17.0,150.0,670.0,25.02,823.77,21.6,,No,Summer,Cloudy,903.47,0.0,0.0,459.92,0.007,22
ORD102752,2022-02-22,P-BEA-009,Beauty,Sunscreen Lotion,Central,Bhopal,SUP-005,8.0,WH-CE-02,72.0,16.0,154.0,484.0,19.51,1162.61,13.3,No,No,Spring,Sunny,1447.08,0.0,2.0,421.67,0.046,17
ORD102753,2024-05-09,P-ELE-003,Electronics,Smartphone Charger,West,Nagpur,SUP-003,6.0,WH-WE-05,234.0,7.0,64.0,333.0,9.72,11643.83,18.2,Yes,No,Summer,Rainy,12116.52,0.0,1.0,425.19,0.041,14
ORD102754,2023-07-20,P-SPO-007,Sports,Cycling Helmet,South,Bengaluru,SUP-009,4.0,WH-SO-01,373.0,,91.0,547.0,16.15,2614.99,5.2,No,No,Autumn,Sunny,2804.96,0.0,0.0,288.2,0.084,22
ORD102755,2024-04-08,P-BEA-005,Beauty,Moisturizer Cream,Central,Indore,SUP-003,8.0,WH-CE-01,230.0,38.0,172.0,927.0,28.06,1123.31,3.8,Yes,No,Summer,Cloudy,1148.5,0.0,0.0,337.68,0.017,28
ORD102756,2023-12-25,P-SPO-006,Sports,Football,North,Delhi,SUP-001,14.0,WH-NO-05,560.0,33.0,118.0,635.0,23.11,1959.68,2.9,No,Yes,Winter,Sunny,2061.26,0.0,0.0,424.36,0.097,34
ORD102757,2023-06-26,P-FUR-001,Furniture,Dining Chair,North,Chandigarh,SUP-020,9.0,WH-NO-03,50.0,13.0,50.0,261.0,8.96,12692.62,14.5,No,No,Autumn,Cloudy,11043.24,0.0,1.0,402.66,0.154,5
ORD102758,2021-10-06,P-FUR-001,Furniture,Study Table,South,Bengaluru,SUP-030,10.0,WH-SO-05,28.0,4.0,36.0,141.0,4.52,14610.04,23.7,No,No,Autumn,Sunny,11448.89,3.0,3.0,471.8,0.066,3
ORD102759,2024-12-22,P-CLO-006,Clothing,Denim Jeans,East,Patna,SUP-020,3.0,WH-EA-05,200.0,15.0,83.0,504.0,15.42,1505.18,6.7,No,No,Winter,Cloudy,1250.62,0.0,0.0,246.49,0.059,18
ORD102760,2023-07-28,P-FUR-005,Furniture,Office Chair,South,Chennai,SUP-004,7.0,WH-SO-05,129.0,8.0,56.0,226.0,7.62,3260.2,14.7,No,No,Summer,Rainy,3097.3,0.0,2.0,374.38,,9
ORD102761,2022-06-07,P-SPO-015,Sports,Running Shoes,Central,Gwalior,SUP-014,10.0,WH-CE-04,89.0,16.0,53.0,316.0,8.32,1022.06,19.7,Yes,No,Summer,Sunny,1133.82,,4.0,507.34,0.05,14
ORD102762,2022-01-10,P-ELE-004,Electronics,Power Bank 10000mAh,South,Hyderabad,SUP-002,8.0,WH-SO-04,195.0,17.0,123.0,482.0,15.17,5918.9,18.1,No,No,Winter,Sunny,6039.82,1.0,0.0,307.59,0.01,27
ORD102763,2021-06-19,P-GRO-005,Grocery,Sunflower Oil 1L,South,Bengaluru,SUP-025,14.0,WH-SO-04,205.0,37.0,260.0,1133.0,37.28,507.35,28.1,No,No,Autumn,Rainy,491.49,0.0,0.0,494.27,0.153,37
ORD102764,2022-04-07,P-ELE-014,Electronics,Bluetooth Speaker,East,Bhubaneswar,SUP-010,8.0,WH-EA-04,170.0,5.0,42.0,215.0,7.29,14634.15,24.2,No,No,Summer,Sunny,15300.81,0.0,0.0,362.43,0.118,10
ORD102765,2021-07-13,P-SPO-013,Sports,Badminton Racket,North,Chandigarh,SUP-016,11.0,WH-NO-02,84.0,18.0,96.0,388.0,12.63,4503.2,17.5,No,No,Autumn,Cloudy,4630.41,2.0,0.0,365.69,0.033,15
ORD102766,2024-07-21,P-CLO-001,Clothing,Cotton Saree,West,Pune,SUP-037,11.0,WH-WE-05,96.0,14.0,144.0,679.0,21.8,2011.27,5.5,No,No,Summer,Rainy,1793.22,0.0,0.0,481.71,0.079,14
ORD102767,2022-09-29,P-FUR-002,Furniture,Wooden Bookshelf,South,Hyderabad,SUP-024,5.0,WH-SO-01,61.0,10.0,71.0,244.0,9.16,12724.48,9.6,No,No,Autumn,Cloudy,13201.79,0.0,,205.01,0.145,9
ORD102768,2023-07-04,P-BEA-002,Beauty,Sunscreen Lotion,Central,Indore,SUP-031,8.0,WH-CE-03,205.0,27.0,200.0,721.0,27.3,267.24,19.1,No,No,Summer,Sunny,285.03,3.0,1.0,338.24,0.134,23
ORD102769,2024-03-22,P-SPO-007,Sports,Gym Dumbbells 5kg,West,Pune,SUP-014,6.0,WH-WE-02,109.0,21.0,132.0,625.0,22.51,1477.29,2.5,No,No,Spring,Cloudy,1725.57,0.0,0.0,292.52,0.092,20
ORD102770,2024-11-05,P-ELE-009,Electronics,Wireless Earbuds,North,Jaipur,SUP-038,9.0,WH-NO-04,147.0,26.0,112.0,475.0,16.35,2587.58,6.9,No,No,Autumn,,2571.11,1.0,2.0,410.71,0.064,15
ORD102771,2022-10-24,P-BEA-006,Beauty,Sunscreen Lotion,North,Lucknow,SUP-029,12.0,WH-NO-02,114.0,34.0,181.0,864.0,28.32,638.51,11.1,No,Yes,Autumn,Sunny,725.03,0.0,0.0,414.25,0.166,38
ORD102772,2021-03-18,P-SPO-001,Sports,Gym Dumbbells 5kg,North,Lucknow,SUP-021,20.0,WH-NO-02,72.0,14.0,69.0,294.0,10.27,4038.1,11.4,No,No,Summer,Cloudy,3907.33,0.0,1.0,578.04,0.245,8
ORD102773,2023-06-13,P-ELE-004,Electronics,Home Router,Central,Bhopal,SUP-024,10.0,WH-CE-05,53.0,5.0,51.0,223.0,7.44,12937.46,10.3,No,No,Summer,Sunny,15345.34,0.0,2.0,451.49,0.089,11
ORD102774,2024-10-15,P-BEA-010,Beauty,Sunscreen Lotion,West,Surat,SUP-025,13.0,WH-WE-03,102.0,40.0,161.0,777.0,30.19,1060.09,21.4,No,No,Autumn,Stormy,1009.63,1.0,1.0,367.95,0.133,21
ORD102775,2022-06-08,P-GRO-006,Grocery,Masala Mix 200g,South,Coimbatore,SUP-007,10.0,WH-SO-04,142.0,42.0,214.0,985.0,29.3,456.33,12.5,Yes,,Autumn,Sunny,479.79,0.0,2.0,487.61,0.074,46
ORD102776,2021-05-30,P-FUR-002,Furniture,Wooden Bookshelf,North,Jaipur,SUP-011,7.0,WH-NO-05,110.0,7.0,45.0,174.0,6.72,8470.54,25.2,No,No,Summer,Sunny,8664.78,0.0,1.0,311.74,,7
ORD102777,2023-11-11,P-CLO-010,Clothing,Cotton Saree,West,Mumbai,SUP-028,3.0,WH-WE-05,352.0,16.0,99.0,543.0,17.55,1823.85,22.9,Yes,No,Autumn,Sunny,2041.22,0.0,,244.74,0.129,26
ORD102778,2023-06-26,P-GRO-010,Grocery,Masala Mix 200g,North,Chandigarh,SUP-018,8.0,WH-NO-02,280.0,27.0,201.0,938.0,34.84,140.99,8.2,No,No,Summer,Stormy,156.27,0.0,3.0,,0.024,25
ORD102779,2021-08-12,P-ELE-008,Electronics,Smartphone Charger,West,Pune,SUP-032,17.0,WH-WE-01,,12.0,63.0,380.0,12.19,14701.12,5.3,Yes,No,Autumn,Cloudy,13475.11,0.0,3.0,435.96,0.061,10
ORD102780,2021-01-06,P-ELE-015,Electronics,Smartwatch,West,,SUP-022,10.0,WH-WE-05,142.0,11.0,108.0,413.0,11.91,8936.03,7.8,Yes,No,Winter,Sunny,,0.0,,333.49,0.074,16
ORD102781,2023-01-30,P-ELE-013,Electronics,Home Router,South,Chennai,SUP-003,5.0,WH-SO-02,114.0,9.0,72.0,335.0,10.31,1653.9,3.8,No,No,Winter,Sunny,1935.24,0.0,1.0,192.52,0.138,14
ORD102782,2021-08-06,P-FUR-001,Furniture,Foldable Bed,East,Bhubaneswar,SUP-027,2.0,WH-EA-04,91.0,6.0,,137.0,5.02,10899.7,7.5,Yes,No,Summer,Rainy,10986.1,0.0,2.0,,0.087,8
ORD102783,2021-09-28,P-GRO-014,Grocery,Masala Mix 200g,North,Chandigarh,SUP-025,14.0,WH-NO-04,1001.0,51.0,405.0,1462.0,47.63,331.75,13.9,No,No,Autumn,Sunny,353.35,0.0,0.0,289.15,,57
ORD102784,2022-03-28,P-GRO-001,Grocery,Toor Dal 1kg,South,Coimbatore,SUP-015,8.0,WH-SO-03,559.0,31.0,343.0,1005.0,34.77,362.32,17.6,No,No,Summer,Cloudy,331.3,0.0,0.0,388.63,0.064,27
ORD102785,2022-11-16,P-FUR-008,Furniture,TV Unit,Central,Gwalior,SUP-032,5.0,WH-CE-01,66.0,5.0,32.0,132.0,,7541.59,13.7,No,No,Autumn,Cloudy,7393.23,2.0,0.0,241.8,0.039,6
ORD102786,2024-04-10,P-FUR-014,Furniture,Sofa Cushion Set,West,Nagpur,SUP-015,8.0,WH-WE-03,85.0,3.0,39.0,199.0,6.03,6814.09,12.0,No,No,Summer,Rainy,6427.76,0.0,2.0,357.67,0.201,4
ORD102787,2022-09-21,P-CLO-015,Clothing,Formal Shirt,West,Ahmedabad,SUP-005,5.0,WH-WE-01,230.0,23.0,140.0,872.0,23.57,1974.82,18.3,No,No,Autumn,Cloudy,2121.11,0.0,0.0,403.63,0.068,21
ORD102788,2024-05-06,P-SPO-001,Sports,Football,East,Ranchi,SUP-005,6.0,WH-EA-02,302.0,10.0,104.0,513.0,15.15,3840.0,23.1,Yes,No,Summer,Rainy,4066.59,0.0,0.0,277.07,0.02,22
ORD102789,2023-06-03,P-GRO-002,Grocery,Sunflower Oil 1L,North,Kanpur,SUP-037,9.0,WH-NO-02,854.0,39.0,221.0,1145.0,43.44,136.81,17.3,No,No,Autumn,Sunny,150.2,0.0,5.0,583.65,0.059,49
ORD102790,2022-07-28,P-BEA-004,Beauty,Moisturizer Cream,West,Ahmedabad,SUP-016,13.0,WH-WE-03,793.0,44.0,332.0,1439.0,39.73,558.18,4.2,No,No,Autumn,,509.72,0.0,1.0,,0.053,40
ORD102791,2023-01-15,P-ELE-005,Electronics,Power Bank 10000mAh,East,Guwahati,SUP-017,15.0,WH-EA-01,157.0,3.0,55.0,206.0,7.32,13878.76,11.0,No,No,Winter,Sunny,14487.95,0.0,2.0,441.55,0.198,9
ORD102792,2021-07-26,P-BEA-005,Beauty,Lipstick Set,North,Kanpur,SUP-013,12.0,WH-NO-05,553.0,22.0,161.0,682.0,23.7,669.98,22.6,Yes,No,Summer,Sunny,671.06,0.0,3.0,489.55,0.112,31
ORD102793,2024-11-26,P-SPO-007,Sports,Badminton Racket,South,Kochi,SUP-030,12.0,WH-SO-01,226.0,11.0,54.0,276.0,9.93,,13.9,No,No,Autumn,Cloudy,2762.51,0.0,1.0,379.11,0.091,5
ORD102794,2022-03-18,P-BEA-005,Beauty,Lipstick Set,East,,SUP-025,18.0,WH-EA-05,313.0,9.0,139.0,498.0,16.34,1197.36,13.9,No,No,Summer,Cloudy,1241.73,0.0,3.0,551.69,0.048,19
ORD102795,2024-08-08,P-CLO-009,Clothing,Denim Jeans,West,Surat,SUP-036,2.0,WH-WE-02,226.0,17.0,135.0,495.0,20.74,612.67,27.9,No,No,,Rainy,676.0,0.0,0.0,218.23,0.116,25
ORD102796,2023-08-01,P-FUR-013,Furniture,Dining Chair,South,Hyderabad,SUP-036,10.0,WH-SO-03,128.0,4.0,60.0,184.0,6.81,16683.3,19.0,Yes,No,Autumn,,18779.72,0.0,2.0,381.89,0.114,7
ORD102797,2022-03-06,P-GRO-009,Grocery,Toor Dal 1kg,West,Mumbai,SUP-040,4.0,WH-WE-05,858.0,47.0,249.0,1250.0,37.3,111.54,17.3,No,No,Summer,,111.22,0.0,1.0,200.94,0.065,40
ORD102798,2022-12-13,P-FUR-005,Furniture,Plastic Storage Rack,South,Chennai,SUP-014,24.0,WH-SO-04,23.0,4.0,34.0,182.0,4.82,11816.0,14.8,No,No,Winter,Cloudy,12600.16,0.0,1.0,620.87,0.068,3
ORD102799,2021-06-27,P-BEA-009,Beauty,Sunscreen Lotion,South,Kochi,SUP-024,14.0,WH-SO-01,148.0,23.0,165.0,677.0,29.01,630.91,11.9,No,No,,Cloudy,658.44,0.0,0.0,401.82,0.132,30
ORD102800,2023-06-19,P-SPO-010,Sports,Running Shoes,North,Kanpur,SUP-014,5.0,WH-NO-04,144.0,11.0,72.0,289.0,8.72,812.24,13.0,No,No,Summer,Stormy,762.85,0.0,4.0,398.17,0.047,10
ORD102801,2021-04-05,P-CLO-014,Clothing,Denim Jeans,West,Surat,SUP-029,9.0,WH-WE-03,259.0,17.0,95.0,477.0,18.08,318.32,17.4,Yes,Yes,Summer,Sunny,295.49,,1.0,473.64,0.083,23
ORD102802,2023-07-23,P-ELE-015,Electronics,Wireless Earbuds,South,Kochi,SUP-030,7.0,WH-SO-05,66.0,12.0,59.0,215.0,7.53,7004.85,6.6,No,No,Summer,Cloudy,6978.02,0.0,2.0,424.56,0.309,7
ORD102803,2021-10-17,P-CLO-005,Clothing,Cotton Saree,East,Bhubaneswar,SUP-011,4.0,WH-EA-03,209.0,23.0,166.0,,19.67,,8.8,No,No,Autumn,Sunny,2169.68,0.0,0.0,229.81,0.071,19
ORD102804,2021-07-07,P-ELE-014,Electronics,Smartwatch,North,Jaipur,SUP-035,8.0,WH-NO-05,64.0,8.0,39.0,245.0,7.43,3240.82,4.9,No,No,Autumn,Sunny,3263.69,1.0,0.0,300.62,0.189,7
ORD102805,2021-11-21,P-GRO-013,Grocery,Sugar 1kg,West,Mumbai,SUP-012,20.0,WH-WE-03,,52.0,362.0,1439.0,45.36,194.78,14.6,Yes,No,Autumn,Cloudy,188.27,,2.0,439.18,0.033,80
ORD102806,2021-05-11,P-GRO-002,Grocery,Tea Powder 500g,West,Pune,SUP-040,9.0,WH-WE-01,1267.0,89.0,542.0,1935.0,63.72,193.69,3.5,No,Yes,Summer,Sunny,196.98,0.0,0.0,274.45,0.125,84
ORD102807,2024-07-22,P-BEA-009,Beauty,Sunscreen Lotion,South,Bengaluru,SUP-035,14.0,WH-SO-03,216.0,2.0,213.0,924.0,28.59,309.03,6.2,No,No,Summer,Sunny,282.67,0.0,1.0,464.34,0.061,15
ORD102808,2024-09-29,P-ELE-003,Electronics,Home Router,Central,,SUP-001,13.0,WH-CE-05,144.0,14.0,88.0,367.0,11.52,13458.21,,No,No,Autumn,Rainy,15098.53,0.0,1.0,522.8,0.181,14
ORD102809,2024-09-13,P-ELE-008,Electronics,Wireless Earbuds,North,Jaipur,SUP-016,8.0,WH-NO-01,63.0,7.0,71.0,256.0,9.63,6861.69,22.1,No,No,Autumn,Sunny,5862.68,0.0,1.0,313.75,0.075,5
ORD102810,2023-11-16,P-ELE-001,Electronics,Wireless Earbuds,North,Kanpur,SUP-016,9.0,WH-NO-02,61.0,9.0,93.0,409.0,13.19,7891.3,2.4,No,No,Autumn,Sunny,7840.14,0.0,3.0,430.32,0.231,11
ORD102811,2021-12-03,P-SPO-005,Sports,Cycling Helmet,East,Bhubaneswar,SUP-033,8.0,WH-EA-01,58.0,14.0,86.0,408.0,14.52,2183.02,5.6,Yes,No,Winter,Cloudy,2147.46,0.0,0.0,317.89,0.192,13
ORD102812,2024-01-14,P-FUR-009,Furniture,TV Unit,West,Ahmedabad,SUP-029,4.0,WH-WE-05,73.0,6.0,42.0,166.0,5.99,6184.41,0.4,Yes,No,Winter,Cloudy,6117.39,0.0,2.0,351.16,0.126,5
ORD102813,2024-01-14,P-ELE-005,Electronics,Bluetooth Speaker,South,Coimbatore,SUP-003,,WH-SO-03,173.0,4.0,53.0,251.0,7.96,8908.49,5.3,No,No,Winter,Cloudy,8307.02,0.0,1.0,229.99,0.027,9
ORD102814,2021-12-12,P-ELE-001,Electronics,Smartwatch,East,Bhubaneswar,SUP-034,7.0,WH-EA-04,86.0,6.0,77.0,293.0,8.62,13673.73,4.0,No,No,Winter,Stormy,12020.78,0.0,1.0,267.9,0.192,8
ORD102815,2024-05-06,P-CLO-006,Clothing,Formal Shirt,South,Chennai,SUP-009,3.0,WH-SO-05,267.0,9.0,104.0,448.0,15.03,1265.92,17.9,No,No,Summer,Sunny,1290.26,0.0,1.0,435.51,0.066,12
ORD102816,2024-12-27,P-GRO-009,Grocery,Masala Mix 200g,East,Patna,SUP-015,6.0,WH-EA-05,4363.0,26.0,239.0,1200.0,34.32,202.67,3.9,Yes,No,Winter,Sunny,199.35,0.0,2.0,272.22,0.108,38
ORD102817,2022-07-06,P-CLO-012,Clothing,Formal Shirt,East,Bhubaneswar,SUP-007,20.0,WH-EA-03,191.0,19.0,118.0,476.0,16.4,1680.27,4.6,No,No,Summer,Sunny,1731.95,0.0,3.0,696.66,0.121,15
ORD102818,2023-05-10,P-CLO-003,Clothing,Track Pants,Central,Bhopal,SUP-007,12.0,WH-CE-05,155.0,19.0,161.0,538.0,,414.12,8.4,No,No,Summer,Cloudy,359.46,0.0,2.0,482.01,0.063,18
ORD102819,2024-06-27,P-SPO-008,Sports,Yoga Mat,South,Bengaluru,SUP-022,9.0,WH-SO-03,79.0,,72.0,301.0,11.61,4656.26,1.3,No,No,Summer,Sunny,5295.69,0.0,1.0,368.33,0.043,10
ORD102820,2022-01-19,P-GRO-003,Grocery,Toor Dal 1kg,East,Kolkata,SUP-004,8.0,WH-EA-05,692.0,31.0,324.0,1022.0,40.46,188.85,16.8,No,No,Winter,Rainy,187.64,0.0,0.0,334.39,0.085,44
ORD102821,2024-12-15,P-FUR-003,Furniture,Sofa Cushion Set,East,Kolkata,SUP-004,9.0,WH-EA-05,39.0,6.0,28.0,127.0,4.06,15684.21,17.6,No,No,Winter,,11867.72,0.0,1.0,476.61,0.052,3
ORD102822,2022-03-20,P-ELE-002,Electronics,Bluetooth Speaker,South,Bengaluru,SUP-032,9.0,WH-SO-02,216.0,10.0,89.0,411.0,11.48,7953.24,11.7,No,No,Summer,Cloudy,8073.35,0.0,2.0,418.9,0.051,16
ORD102823,2024-11-14,P-SPO-012,Sports,Cricket Bat,South,Bengaluru,SUP-014,18.0,WH-SO-04,340.0,27.0,128.0,711.0,21.2,2019.81,26.5,No,No,Autumn,Rainy,1943.55,0.0,2.0,579.31,0.02,24
ORD102824,2021-12-08,P-SPO-014,Sports,Football,Central,Bhopal,SUP-026,12.0,WH-CE-04,168.0,10.0,65.0,312.0,9.53,395.5,0.2,No,No,Winter,Rainy,359.65,0.0,3.0,599.93,0.062,9
ORD102825,2023-12-20,P-BEA-010,Beauty,Body Lotion 400ml,North,,SUP-040,12.0,WH-NO-04,497.0,21.0,236.0,962.0,27.54,142.54,17.8,No,No,Winter,Cloudy,156.59,0.0,1.0,477.72,0.07,35
ORD102826,2023-02-07,P-CLO-006,Clothing,Denim Jeans,West,Mumbai,SUP-003,13.0,WH-WE-01,570.0,75.0,413.0,1458.0,45.49,1842.38,11.9,Yes,No,Winter,,1979.41,0.0,3.0,412.0,0.043,71
ORD102827,2022-06-27,P-GRO-015,Grocery,Basmati Rice 5kg,North,Chandigarh,SUP-032,14.0,WH-NO-03,382.0,44.0,247.0,1073.0,32.08,350.75,15.3,,No,Summer,Sunny,360.34,0.0,2.0,388.0,0.026,39
ORD102828,2022-10-04,P-BEA-008,Beauty,Talcum Powder,West,Mumbai,SUP-005,4.0,WH-WE-01,331.0,18.0,113.0,587.0,19.35,607.5,3.7,No,No,Autumn,Cloudy,611.24,0.0,2.0,352.97,0.026,19
ORD102829,2021-11-28,P-BEA-008,Beauty,Talcum Powder,North,Kanpur,SUP-031,5.0,WH-NO-05,635.0,34.0,136.0,736.0,26.89,666.06,2.5,No,No,Autumn,Sunny,692.96,0.0,0.0,225.56,0.043,31
ORD102830,2023-09-09,P-GRO-010,Grocery,Toor Dal 1kg,Central,Indore,SUP-013,14.0,WH-CE-05,407.0,25.0,193.0,659.0,25.07,211.92,27.6,No,No,Autumn,Cloudy,185.17,1.0,0.0,420.07,0.103,28
ORD102831,2024-12-21,P-CLO-010,Clothing,Cotton Saree,West,Surat,SUP-006,6.0,WH-WE-03,576.0,24.0,237.0,753.0,26.13,478.73,22.8,No,No,Winter,Rainy,486.07,0.0,0.0,310.06,0.079,39
ORD102832,2023-05-06,P-CLO-008,Clothing,Track Pants,North,Jaipur,SUP-010,6.0,WH-NO-01,196.0,19.0,,612.0,24.67,2021.52,15.7,No,No,Summer,Cloudy,2221.67,,0.0,393.84,0.068,23
ORD102833,2022-02-08,P-BEA-008,Beauty,Face Wash 100ml,West,Surat,SUP-015,10.0,WH-WE-04,103.0,22.0,153.0,652.0,22.53,1111.93,6.0,No,No,Winter,Sunny,1204.45,0.0,1.0,368.15,0.089,27
ORD102834,2023-09-06,P-FUR-005,Furniture,Wooden Bookshelf,East,Guwahati,SUP-030,17.0,WH-EA-03,53.0,,25.0,100.0,3.43,2883.84,33.3,Yes,No,Autumn,Sunny,2641.46,0.0,1.0,482.48,0.085,4
ORD102835,2022-10-03,P-FUR-011,Furniture,Foldable Bed,South,Hyderabad,SUP-028,13.0,WH-SO-04,93.0,8.0,75.0,255.0,7.82,6923.29,21.7,No,No,Autumn,Rainy,7026.07,0.0,0.0,325.4,0.048,12
ORD102836,2024-09-07,P-FUR-011,Furniture,Foldable Bed,South,Coimbatore,SUP-030,14.0,WH-SO-01,171.0,11.0,67.0,276.0,9.33,7721.64,6.5,Yes,No,Autumn,Sunny,7028.06,0.0,0.0,402.94,0.043,14
ORD102837,2022-01-21,P-GRO-007,Grocery,Wheat Flour 5kg,West,Nagpur,SUP-001,5.0,WH-WE-03,267.0,43.0,310.0,1451.0,42.89,474.4,16.0,No,No,Winter,Cloudy,480.36,0.0,0.0,206.19,0.1,33
ORD102838,2023-01-28,P-GRO-011,Grocery,Basmati Rice 5kg,West,Pune,SUP-040,5.0,WH-WE-02,774.0,40.0,433.0,,65.43,78.81,21.0,No,No,Winter,Rainy,74.07,0.0,0.0,304.56,0.087,50
ORD102839,2022-12-26,P-ELE-003,Electronics,Home Router,South,Kochi,SUP-018,6.0,WH-SO-05,347.0,18.0,,425.0,15.74,13412.5,9.8,No,,Winter,Sunny,12478.98,0.0,1.0,,0.029,23
ORD102840,2024-07-18,P-BEA-007,Beauty,Sunscreen Lotion,West,Nagpur,SUP-005,5.0,WH-WE-02,308.0,26.0,273.0,1178.0,33.26,971.19,21.3,No,No,Autumn,Cloudy,999.01,0.0,1.0,294.67,0.04,43
ORD102841,2021-06-11,P-CLO-015,Clothing,Track Pants,South,Coimbatore,SUP-038,15.0,WH-SO-05,542.0,11.0,143.0,756.0,22.56,386.62,9.7,Yes,No,Autumn,Sunny,364.17,0.0,1.0,510.91,0.119,29
ORD102842,2023-06-22,P-CLO-012,Clothing,Formal Shirt,North,Kanpur,SUP-032,11.0,WH-NO-05,390.0,23.0,197.0,750.0,24.64,437.2,17.6,No,No,Autumn,Cloudy,409.41,0.0,1.0,403.13,0.101,40
ORD102843,2024-03-28,P-GRO-011,Grocery,Tea Powder 500g,East,Kolkata,SUP-004,4.0,WH-EA-03,788.0,33.0,316.0,,39.15,391.83,13.6,No,No,Spring,Sunny,402.85,0.0,0.0,307.24,0.211,31
ORD102844,2022-06-13,P-GRO-013,Grocery,Toor Dal 1kg,North,Chandigarh,SUP-018,15.0,WH-NO-01,230.0,16.0,136.0,812.0,22.01,474.84,5.2,No,No,Summer,Sunny,418.56,0.0,0.0,383.05,0.064,18
ORD102845,2023-01-08,P-CLO-010,Clothing,Formal Shirt,South,Coimbatore,SUP-037,9.0,WH-SO-02,288.0,13.0,174.0,666.0,22.11,1022.43,10.5,No,No,Winter,Sunny,996.09,,0.0,380.39,0.141,25
ORD102846,2022-03-07,P-GRO-010,Grocery,Sugar 1kg,East,Ranchi,SUP-028,12.0,WH-EA-01,282.0,24.0,208.0,742.0,22.71,290.44,9.0,Yes,No,Spring,Rainy,254.73,0.0,,313.58,,25
ORD102847,2022-09-05,P-ELE-008,Electronics,Home Router,South,,SUP-008,12.0,WH-SO-04,,6.0,44.0,267.0,7.72,3217.27,28.9,Yes,No,Autumn,Cloudy,2868.51,0.0,,511.04,0.101,11
ORD102848,2024-10-20,P-BEA-013,Beauty,Body Lotion 400ml,North,Kanpur,SUP-029,11.0,WH-NO-04,177.0,19.0,189.0,864.0,27.53,169.15,2.4,Yes,No,Autumn,Rainy,184.99,0.0,2.0,402.7,0.081,40
ORD102849,2022-06-15,P-GRO-011,Grocery,Sugar 1kg,West,Mumbai,SUP-008,11.0,WH-WE-02,588.0,48.0,315.0,1148.0,43.22,225.63,4.0,No,No,Autumn,,218.11,0.0,2.0,376.02,0.046,51
ORD102850,2021-10-22,P-GRO-008,Grocery,Basmati Rice 5kg,East,Patna,SUP-015,15.0,WH-EA-04,133.0,32.0,259.0,1030.0,34.94,216.7,12.9,No,No,Autumn,Rainy,204.27,0.0,2.0,513.51,0.163,18
ORD102851,2023-04-28,P-CLO-002,Clothing,Kids Winter Jacket,West,Surat,SUP-008,16.0,WH-WE-03,410.0,23.0,126.0,600.0,21.04,727.05,2.0,Yes,No,Summer,Cloudy,776.54,0.0,,616.1,0.232,35
ORD102852,2022-11-18,P-BEA-013,Beauty,Talcum Powder,East,Patna,SUP-028,6.0,WH-EA-05,79.0,19.0,118.0,623.0,20.79,998.5,20.7,No,No,Autumn,Sunny,1127.59,0.0,2.0,369.87,0.048,20
ORD102853,2024-02-14,P-GRO-005,Grocery,Toor Dal 1kg,East,Ranchi,SUP-038,16.0,WH-EA-01,384.0,34.0,196.0,974.0,31.4,230.29,8.7,No,No,Spring,Cloudy,234.93,1.0,1.0,481.03,0.132,26
ORD102854,2021-02-23,P-BEA-006,Beauty,Sunscreen Lotion,South,Kochi,SUP-002,4.0,WH-SO-01,360.0,19.0,254.0,1032.0,35.77,176.49,9.3,No,No,Spring,Sunny,190.9,0.0,4.0,337.65,0.014,24
ORD102855,2024-08-11,P-SPO-002,Sports,Yoga Mat,West,Mumbai,SUP-025,7.0,WH-WE-05,168.0,24.0,111.0,493.0,17.04,3710.15,4.9,Yes,No,Summer,Rainy,3546.42,0.0,0.0,460.06,0.142,19
ORD102856,2023-10-23,P-FUR-004,Furniture,Office Chair,North,Lucknow,SUP-010,9.0,WH-NO-02,27.0,2.0,,139.0,4.57,4785.36,14.3,No,No,Autumn,,4806.18,0.0,2.0,340.22,0.081,1
ORD102857,2024-05-14,P-CLO-002,Clothing,Cotton Saree,South,Bengaluru,SUP-031,4.0,WH-SO-05,353.0,23.0,154.0,475.0,18.62,2465.01,18.9,No,No,Summer,Sunny,,1.0,0.0,275.8,0.087,20
ORD102858,2022-08-19,P-BEA-002,Beauty,Moisturizer Cream,West,Surat,SUP-006,12.0,WH-WE-05,319.0,37.0,241.0,1144.0,39.42,115.45,11.1,No,Yes,Summer,Rainy,118.44,0.0,3.0,517.48,,34
ORD102859,2022-10-13,P-CLO-001,Clothing,Kids Winter Jacket,West,Nagpur,SUP-015,9.0,WH-WE-01,300.0,35.0,157.0,657.0,21.29,1265.47,7.0,No,No,Autumn,Sunny,1363.13,,0.0,325.83,0.11,29
ORD102860,2022-05-04,P-GRO-005,Grocery,Tea Powder 500g,East,Guwahati,SUP-009,4.0,WH-EA-03,858.0,38.0,267.0,1149.0,37.6,114.55,0.4,No,No,Summer,Cloudy,101.08,0.0,3.0,411.8,0.061,30
ORD102861,2024-05-03,P-CLO-012,Clothing,Track Pants,North,Delhi,SUP-035,28.0,WH-NO-04,299.0,23.0,191.0,548.0,19.74,1304.89,11.8,No,No,Summer,Rainy,1211.97,0.0,1.0,707.46,0.08,18
ORD102862,2021-04-14,P-GRO-013,Grocery,Masala Mix 200g,North,Delhi,SUP-004,10.0,WH-NO-01,601.0,15.0,267.0,1159.0,40.68,369.59,,Yes,No,Summer,Sunny,355.24,0.0,2.0,316.62,0.337,44
ORD102863,2023-02-12,P-ELE-004,Electronics,Smartwatch,East,Kolkata,SUP-024,3.0,WH-EA-05,,13.0,74.0,252.0,9.9,9557.21,5.4,Yes,No,Spring,Sunny,8815.45,1.0,2.0,424.49,0.133,9
ORD102864,2022-01-15,P-GRO-007,Grocery,Basmati Rice 5kg,West,Ahmedabad,SUP-005,5.0,WH-WE-01,1151.0,72.0,582.0,1770.0,63.97,392.91,2.0,No,Yes,Winter,Rainy,400.13,0.0,0.0,227.22,0.064,89
ORD102865,2023-07-22,P-ELE-013,Electronics,Smartwatch,South,Coimbatore,SUP-024,5.0,WH-SO-01,137.0,7.0,74.0,366.0,14.99,8262.15,4.0,No,No,Summer,Sunny,8405.82,0.0,0.0,248.38,0.05,17
ORD102866,2024-11-09,P-GRO-011,Grocery,Masala Mix 200g,North,Delhi,SUP-031,6.0,WH-NO-03,,27.0,293.0,1003.0,34.27,264.33,11.7,Yes,No,Autumn,Cloudy,,0.0,3.0,361.81,0.119,41
ORD102867,2023-09-13,P-CLO-014,Clothing,Formal Shirt,North,Kanpur,SUP-031,10.0,WH-NO-02,259.0,18.0,131.0,648.0,20.67,354.58,14.3,No,Yes,Autumn,Rainy,343.16,0.0,1.0,320.82,0.13,23
ORD102868,2021-03-06,P-SPO-007,Sports,Gym Dumbbells 5kg,East,Patna,SUP-002,13.0,WH-EA-04,97.0,16.0,65.0,332.0,11.93,3531.7,,Yes,No,Spring,Sunny,3912.49,1.0,4.0,630.73,0.07,18
ORD102869,2022-08-07,P-ELE-003,Electronics,Power Bank 10000mAh,West,Ahmedabad,SUP-031,12.0,WH-WE-02,42.0,8.0,67.0,212.0,9.15,5415.54,16.1,No,No,Summer,Sunny,5509.39,0.0,,361.14,0.08,6
ORD102870,2021-02-15,P-FUR-003,Furniture,Plastic Storage Rack,North,Jaipur,SUP-012,4.0,WH-NO-02,113.0,4.0,45.0,203.0,6.24,17089.77,30.2,No,No,Winter,Stormy,16884.4,0.0,5.0,510.63,0.164,7
ORD102871,2022-12-12,P-CLO-011,Clothing,Formal Shirt,North,Chandigarh,SUP-028,4.0,WH-NO-05,516.0,20.0,182.0,728.0,23.78,1355.63,17.4,No,No,Winter,Cloudy,1362.85,0.0,0.0,313.16,,23
ORD102872,2021-09-12,P-ELE-001,Electronics,Bluetooth Speaker,South,Hyderabad,SUP-039,9.0,WH-SO-01,32.0,,55.0,192.0,7.01,,10.9,No,No,Autumn,Cloudy,4045.25,0.0,0.0,424.57,0.196,6
ORD102873,2023-10-09,P-GRO-007,Grocery,Instant Noodles Pack,North,Lucknow,SUP-005,12.0,WH-NO-03,257.0,22.0,162.0,639.0,23.45,575.72,4.2,No,No,Autumn,Sunny,585.57,0.0,1.0,342.29,0.078,23
ORD102874,2023-02-19,P-ELE-006,Electronics,Bluetooth Speaker,East,Bhubaneswar,SUP-015,9.0,WH-EA-01,92.0,46.0,76.0,282.0,8.62,1793.15,4.8,Yes,No,Spring,Stormy,1669.18,0.0,2.0,379.21,0.009,7
ORD102875,2022-03-26,P-GRO-014,Grocery,Wheat Flour 5kg,North,Lucknow,SUP-035,12.0,WH-NO-01,119.0,7.0,218.0,804.0,25.68,551.29,26.6,No,No,Spring,Sunny,629.04,3.0,2.0,486.99,0.116,18
ORD102876,2024-06-06,P-GRO-015,Grocery,Tea Powder 500g,East,Patna,SUP-006,5.0,WH-EA-02,292.0,45.0,218.0,935.0,29.12,213.83,18.3,No,No,Summer,Sunny,221.73,0.0,2.0,415.51,0.109,26
ORD102877,2023-12-28,P-GRO-008,Grocery,Sugar 1kg,West,Surat,SUP-011,5.0,WH-WE-02,554.0,43.0,327.0,1128.0,44.32,452.79,11.7,No,No,Winter,Sunny,411.06,0.0,2.0,297.64,0.066,58
ORD102878,2023-07-06,P-CLO-009,Clothing,Woolen Sweater,Central,Jabalpur,SUP-022,12.0,WH-CE-03,327.0,17.0,130.0,498.0,15.74,393.89,11.3,No,No,Summer,Cloudy,336.67,0.0,1.0,353.45,0.19,17
ORD102879,2022-06-02,P-ELE-006,Electronics,Home Router,Central,Jabalpur,SUP-040,9.0,WH-CE-03,34.0,11.0,61.0,233.0,8.68,4516.64,12.3,No,No,Summer,Sunny,4765.53,0.0,1.0,413.8,0.063,9
ORD102880,2022-02-02,P-ELE-012,Electronics,Power Bank 10000mAh,South,Chennai,SUP-012,,WH-SO-01,139.0,14.0,59.0,,10.39,10464.36,18.6,Yes,No,Spring,Sunny,11546.43,0.0,1.0,377.98,0.187,13
ORD102881,2023-05-06,P-ELE-005,Electronics,Power Bank 10000mAh,North,Lucknow,SUP-016,6.0,WH-NO-01,114.0,13.0,65.0,280.0,9.36,4750.57,16.1,Yes,No,Summer,Cloudy,4922.35,0.0,1.0,287.51,0.041,10
ORD102882,2024-02-29,P-CLO-012,Clothing,Formal Shirt,South,Bengaluru,SUP-032,10.0,WH-SO-01,640.0,,,825.0,26.25,1663.25,8.5,No,No,Winter,Cloudy,1744.77,0.0,0.0,262.2,0.188,33
ORD102883,2024-05-08,P-GRO-014,Grocery,Wheat Flour 5kg,West,Pune,SUP-005,9.0,WH-WE-04,788.0,,234.0,984.0,32.68,113.97,11.4,No,No,Summer,Sunny,119.79,0.0,1.0,,0.191,38
ORD102884,2024-02-10,P-CLO-003,Clothing,Kids Winter Jacket,North,Chandigarh,SUP-014,9.0,WH-NO-05,432.0,21.0,104.0,545.0,18.02,2458.51,17.6,Yes,,Winter,Cloudy,2459.45,0.0,0.0,370.12,0.161,21
ORD102885,2021-02-03,P-GRO-004,Grocery,Sugar 1kg,South,Chennai,SUP-013,6.0,WH-SO-01,1005.0,128.0,560.0,2507.0,94.63,466.8,7.2,Yes,No,Spring,Sunny,404.01,0.0,1.0,395.71,0.051,75
ORD102886,2024-12-09,P-ELE-006,Electronics,Smartwatch,South,Coimbatore,SUP-017,4.0,WH-SO-01,86.0,12.0,86.0,253.0,10.51,11139.14,13.0,No,No,Winter,Sunny,10516.35,0.0,0.0,322.32,0.077,11
ORD102887,2021-12-18,P-SPO-013,Sports,Football,North,Delhi,SUP-023,8.0,WH-NO-04,95.0,7.0,128.0,566.0,18.06,3026.7,8.2,No,No,Winter,Sunny,3219.09,0.0,0.0,261.54,0.023,16
ORD102888,2021-01-15,P-ELE-010,Electronics,Wireless Earbuds,West,Ahmedabad,SUP-009,16.0,WH-WE-04,177.0,13.0,53.0,244.0,7.94,13227.17,,No,No,Winter,Stormy,13847.31,0.0,3.0,625.78,0.142,8
ORD102889,2023-03-31,P-ELE-003,Electronics,Wireless Earbuds,East,Patna,SUP-016,11.0,WH-EA-04,,8.0,60.0,259.0,9.08,10659.14,18.6,Yes,No,Summer,Cloudy,10492.32,0.0,2.0,521.77,0.073,6
ORD102890,2022-10-28,P-ELE-006,Electronics,Bluetooth Speaker,East,Bhubaneswar,SUP-037,14.0,WH-EA-01,134.0,9.0,51.0,,7.43,12231.98,14.0,No,No,Autumn,Sunny,11695.59,0.0,2.0,512.43,0.08,8
ORD102891,2021-06-05,P-SPO-010,Sports,Skipping Rope,Central,,SUP-034,15.0,WH-CE-05,73.0,4.0,68.0,284.0,9.38,2005.47,4.6,Yes,No,Summer,Sunny,2033.36,0.0,1.0,472.75,0.057,8
ORD102892,2021-11-10,P-FUR-015,Furniture,Dining Chair,North,Chandigarh,SUP-039,8.0,WH-NO-04,80.0,13.0,47.0,257.0,8.96,13967.12,12.0,No,No,,Sunny,13583.72,0.0,3.0,475.99,0.033,7
ORD102893,2021-10-28,P-FUR-007,Furniture,Dining Chair,North,Jaipur,SUP-028,9.0,WH-NO-01,137.0,11.0,56.0,273.0,8.49,13900.63,2.8,Yes,No,Autumn,Cloudy,13812.19,,2.0,321.3,,11
ORD102894,2022-10-05,P-SPO-002,Sports,Running Shoes,South,,SUP-024,4.0,WH-SO-01,246.0,13.0,104.0,465.0,14.42,1817.2,8.9,No,No,Autumn,Cloudy,1836.42,0.0,0.0,153.19,0.016,15
ORD102895,2023-12-31,P-ELE-002,Electronics,Wireless Earbuds,East,Patna,SUP-009,3.0,WH-EA-04,93.0,12.0,61.0,262.0,8.81,8939.53,40.6,No,No,Winter,Sunny,8383.7,0.0,1.0,279.91,0.188,6
ORD102896,2023-09-24,P-SPO-001,Sports,Cycling Helmet,East,Bhubaneswar,SUP-007,8.0,WH-EA-04,139.0,11.0,56.0,317.0,10.81,1378.84,15.6,No,No,Autumn,Rainy,1467.09,0.0,0.0,311.38,0.08,11
ORD102897,2021-02-07,P-GRO-002,Grocery,Masala Mix 200g,North,Jaipur,SUP-022,9.0,WH-NO-04,366.0,34.0,195.0,851.0,27.63,454.66,16.0,Yes,No,Spring,Sunny,448.67,0.0,0.0,157.36,0.055,41
ORD102898,2021-09-11,P-FUR-007,Furniture,Dining Chair,Central,Raipur,SUP-017,8.0,WH-CE-03,117.0,5.0,33.0,102.0,4.79,12465.09,22.8,No,No,Autumn,Sunny,12951.31,1.0,0.0,332.42,0.106,7
ORD102899,2023-06-11,P-CLO-005,Clothing,Formal Shirt,South,Hyderabad,SUP-032,11.0,WH-SO-03,389.0,17.0,139.0,659.0,22.12,991.55,8.5,No,No,Summer,,996.59,0.0,1.0,462.73,0.042,27
ORD102900,2024-03-18,P-GRO-005,Grocery,Sunflower Oil 1L,South,Chennai,SUP-001,15.0,WH-SO-04,509.0,77.0,303.0,1261.0,50.09,246.15,10.0,No,No,Spring,Sunny,276.52,0.0,1.0,545.65,0.12,55
ORD102901,2021-02-19,P-SPO-012,Sports,Cycling Helmet,East,Ranchi,SUP-036,8.0,WH-EA-01,95.0,16.0,104.0,451.0,14.42,3081.22,17.8,Yes,No,Winter,Rainy,3215.05,0.0,1.0,379.46,0.057,15
ORD102902,2022-05-06,P-ELE-008,Electronics,Smartphone Charger,Central,Gwalior,SUP-007,,WH-CE-02,126.0,3.0,40.0,183.0,5.58,14241.79,8.3,No,No,Summer,Cloudy,14706.18,,2.0,413.3,0.031,2
ORD102903,2021-06-19,P-SPO-011,Sports,Skipping Rope,West,Nagpur,SUP-016,5.0,WH-WE-01,65.0,10.0,69.0,204.0,9.12,4981.88,1.0,No,No,,Rainy,5129.86,0.0,0.0,347.26,0.022,9
ORD102904,2022-12-11,P-GRO-009,Grocery,Masala Mix 200g,Central,Gwalior,SUP-015,18.0,WH-CE-05,783.0,38.0,292.0,1014.0,31.65,262.82,4.0,No,No,Winter,Sunny,306.64,0.0,2.0,621.11,0.105,51
ORD102905,2022-07-25,P-FUR-004,Furniture,TV Unit,North,Lucknow,SUP-037,6.0,WH-NO-04,40.0,5.0,31.0,119.0,4.01,8498.41,16.0,No,No,Summer,Sunny,8468.41,,1.0,340.83,0.064,5
ORD102906,2021-09-12,P-SPO-015,Sports,Gym Dumbbells 5kg,East,Patna,SUP-029,9.0,WH-EA-04,141.0,19.0,73.0,365.0,11.6,3982.1,11.4,No,No,Autumn,Sunny,4034.32,0.0,0.0,377.16,0.059,15
ORD102907,2024-11-10,P-ELE-008,Electronics,Power Bank 10000mAh,West,Mumbai,SUP-002,5.0,WH-WE-03,189.0,13.0,95.0,374.0,11.35,11633.77,,No,No,Autumn,Cloudy,11731.31,0.0,0.0,318.45,0.065,17
ORD102908,2024-01-20,P-SPO-013,Sports,Skipping Rope,East,Guwahati,SUP-035,4.0,WH-EA-05,199.0,11.0,92.0,415.0,13.52,3377.75,19.6,Yes,No,Winter,Sunny,2846.5,0.0,0.0,386.41,0.057,19
ORD102909,2023-03-09,P-CLO-002,Clothing,Woolen Sweater,South,Coimbatore,SUP-028,9.0,WH-SO-05,,17.0,126.0,567.0,18.64,2068.09,16.2,No,No,Summer,Sunny,2083.48,0.0,1.0,176.1,0.155,17
ORD102910,2024-01-24,P-FUR-013,Furniture,Wooden Bookshelf,Central,Indore,SUP-003,9.0,WH-CE-04,60.0,9.0,41.0,,6.79,13691.72,11.2,No,Yes,Winter,Stormy,14804.88,0.0,1.0,426.1,0.042,7
ORD102911,2022-04-02,P-ELE-011,Electronics,Laptop Stand,North,Delhi,SUP-032,4.0,WH-NO-05,261.0,10.0,96.0,344.0,12.56,5382.0,13.0,No,No,Summer,Cloudy,5603.64,0.0,,248.26,0.074,19
ORD102912,2024-09-28,P-CLO-004,Clothing,Track Pants,South,Kochi,SUP-002,,WH-SO-04,357.0,26.0,163.0,871.0,24.19,2422.38,10.3,Yes,No,Autumn,Sunny,2715.21,0.0,0.0,368.65,0.113,50
ORD102913,2022-08-24,P-FUR-012,Furniture,Office Chair,West,Pune,SUP-018,5.0,WH-WE-04,177.0,6.0,56.0,230.0,6.97,15121.26,22.5,No,No,Autumn,Rainy,16071.55,,1.0,,0.024,7
ORD102914,2022-07-18,P-CLO-012,Clothing,Women's Kurti,Central,Raipur,SUP-007,11.0,WH-CE-02,311.0,13.0,113.0,464.0,14.78,2427.92,6.2,No,No,Autumn,Sunny,2525.43,0.0,2.0,445.86,0.147,16
ORD102915,2023-04-11,P-ELE-014,Electronics,Bluetooth Speaker,Central,Bhopal,SUP-001,11.0,WH-CE-05,173.0,7.0,46.0,203.0,7.48,11071.56,21.0,Yes,No,Summer,Rainy,,0.0,0.0,380.84,0.101,12
ORD102916,2023-04-25,P-GRO-004,Grocery,Wheat Flour 5kg,West,Mumbai,SUP-023,7.0,WH-WE-01,,67.0,376.0,1934.0,62.26,372.33,29.4,Yes,No,Summer,Rainy,383.19,0.0,1.0,333.28,0.134,70
ORD102917,2023-06-24,P-BEA-014,Beauty,Body Lotion 400ml,North,Kanpur,SUP-028,8.0,WH-NO-04,279.0,23.0,176.0,690.0,24.04,701.66,17.1,No,No,Summer,Sunny,685.91,0.0,2.0,431.84,0.205,26
ORD102918,2024-05-01,P-ELE-012,Electronics,Home Router,Central,Gwalior,SUP-020,4.0,WH-CE-04,121.0,3.0,55.0,243.0,6.63,10340.39,16.3,No,No,Summer,Stormy,10234.07,2.0,1.0,324.77,0.101,7
ORD102919,2022-01-27,P-FUR-006,Furniture,Office Chair,South,Bengaluru,SUP-014,9.0,WH-SO-01,120.0,12.0,70.0,295.0,8.64,11461.9,34.6,No,No,Winter,Sunny,9276.77,0.0,1.0,317.95,0.07,7
ORD102920,2023-10-31,P-SPO-006,Sports,Yoga Mat,East,Kolkata,SUP-021,17.0,WH-EA-04,242.0,15.0,99.0,316.0,11.5,2976.66,1.2,No,No,Autumn,Sunny,3356.5,0.0,1.0,523.91,0.124,17
ORD102921,2021-10-16,P-ELE-004,Electronics,Home Router,South,Hyderabad,SUP-007,11.0,WH-SO-01,124.0,15.0,102.0,394.0,14.18,11470.15,5.6,No,Yes,Autumn,Cloudy,11288.21,0.0,2.0,489.86,0.153,19
ORD102922,2021-12-18,P-ELE-008,Electronics,Smartwatch,West,Surat,SUP-002,6.0,WH-WE-03,52.0,16.0,90.0,330.0,11.27,5334.95,26.6,No,No,Winter,Cloudy,,0.0,2.0,385.99,0.259,14
ORD102923,2022-12-25,P-FUR-014,Furniture,Office Chair,East,Bhubaneswar,SUP-007,7.0,WH-EA-05,118.0,9.0,61.0,252.0,7.44,10208.38,28.3,No,Yes,Winter,Sunny,9909.22,0.0,2.0,457.29,0.037,13
ORD102924,2023-02-06,P-ELE-013,Electronics,Smartwatch,West,Nagpur,SUP-003,15.0,WH-WE-01,127.0,16.0,121.0,439.0,13.19,8036.06,2.8,No,No,Winter,Sunny,9165.71,0.0,4.0,578.48,0.012,17
ORD102925,2023-08-01,P-CLO-003,Clothing,Woolen Sweater,North,Jaipur,SUP-031,5.0,WH-NO-02,370.0,30.0,207.0,648.0,27.61,1928.33,18.0,No,No,Summer,Sunny,1939.41,0.0,0.0,216.53,0.065,30
ORD102926,2021-07-23,P-FUR-002,Furniture,Wooden Bookshelf,North,Jaipur,SUP-025,6.0,WH-NO-03,84.0,9.0,48.0,227.0,7.27,5635.2,11.6,No,No,Summer,,5751.04,0.0,0.0,297.83,0.028,11
ORD102927,2024-04-08,P-CLO-001,Clothing,Formal Shirt,South,Chennai,SUP-008,15.0,WH-SO-05,243.0,21.0,251.0,1014.0,30.29,,12.1,Yes,No,Summer,Sunny,2575.88,2.0,1.0,462.61,0.022,43
ORD102928,2023-03-25,P-GRO-010,Grocery,Tea Powder 500g,North,Jaipur,SUP-023,9.0,WH-NO-02,815.0,33.0,209.0,1077.0,36.69,204.12,4.1,No,No,Summer,Sunny,217.76,0.0,0.0,249.12,0.162,41
ORD102929,2023-05-17,P-FUR-005,Furniture,Dining Chair,West,Nagpur,SUP-020,8.0,WH-WE-01,88.0,3.0,37.0,143.0,4.52,3053.96,6.1,No,No,Summer,Stormy,2983.55,0.0,1.0,402.1,0.054,3
ORD102930,2023-12-28,P-CLO-012,Clothing,Kids Winter Jacket,South,Bengaluru,SUP-005,4.0,WH-SO-01,528.0,14.0,188.0,791.0,22.16,1040.78,1.3,No,No,Winter,Rainy,899.25,0.0,0.0,379.81,0.059,21
ORD102931,2023-10-09,P-GRO-012,Grocery,Masala Mix 200g,East,Guwahati,SUP-039,11.0,WH-EA-01,6244.0,99.0,587.0,2461.0,72.0,365.0,4.6,Yes,No,Autumn,Stormy,383.66,0.0,1.0,402.17,0.08,107
ORD102932,2022-09-19,P-CLO-003,Clothing,Track Pants,North,Kanpur,SUP-038,5.0,WH-NO-05,212.0,23.0,125.0,647.0,20.57,1563.67,7.6,No,No,Autumn,Sunny,1478.83,0.0,1.0,277.8,0.07,18
ORD102933,2022-12-09,P-SPO-011,Sports,Badminton Racket,North,Chandigarh,SUP-031,10.0,WH-NO-04,143.0,8.0,67.0,286.0,9.21,3615.05,4.5,No,No,Winter,Sunny,3805.9,0.0,3.0,344.08,0.04,12
ORD102934,2021-12-07,P-FUR-012,Furniture,Plastic Storage Rack,East,Guwahati,SUP-033,4.0,WH-EA-03,59.0,7.0,84.0,305.0,10.2,2264.09,7.4,Yes,No,Winter,Cloudy,2255.36,0.0,1.0,323.34,0.041,12
ORD102935,2023-04-08,P-CLO-015,Clothing,Cotton Saree,South,Chennai,SUP-022,8.0,WH-SO-05,319.0,13.0,169.0,702.0,22.16,1741.49,2.5,Yes,No,Summer,Cloudy,1798.44,0.0,0.0,376.98,0.146,29
ORD102936,2021-10-24,P-GRO-011,Grocery,Basmati Rice 5kg,North,Delhi,SUP-033,17.0,WH-NO-05,1005.0,27.0,296.0,1224.0,41.62,538.19,19.8,No,Yes,Autumn,Cloudy,576.76,0.0,1.0,475.07,0.064,75
ORD102937,2023-07-18,P-ELE-006,Electronics,Smartphone Charger,North,Kanpur,SUP-022,9.0,WH-NO-05,137.0,5.0,49.0,222.0,6.69,13301.47,1.4,No,No,Summer,,11461.34,0.0,1.0,366.65,0.015,6
ORD102938,2022-09-03,P-GRO-015,Grocery,Sunflower Oil 1L,North,Lucknow,SUP-007,10.0,WH-NO-01,979.0,6.0,439.0,1146.0,42.58,294.66,24.0,Yes,No,Autumn,Rainy,297.69,,1.0,285.82,0.021,59
ORD102939,2021-12-12,P-ELE-005,Electronics,Power Bank 10000mAh,East,Guwahati,SUP-007,1.0,WH-EA-01,88.0,13.0,61.0,286.0,10.16,14655.14,2.3,No,,Winter,Cloudy,14633.81,2.0,0.0,230.82,0.018,12
ORD102940,2022-11-27,P-SPO-013,Sports,Skipping Rope,North,Lucknow,SUP-035,4.0,WH-NO-04,72.0,18.0,96.0,481.0,16.7,2659.0,16.4,No,No,Autumn,Sunny,2720.25,0.0,1.0,231.16,0.055,19
ORD102941,2024-09-26,P-GRO-006,Grocery,Instant Noodles Pack,South,Chennai,SUP-018,8.0,WH-SO-02,1044.0,61.0,329.0,1819.0,53.97,162.31,15.0,No,No,Autumn,Cloudy,168.86,0.0,0.0,354.3,0.09,48
ORD102942,2023-04-02,P-BEA-015,Beauty,Face Wash 100ml,West,Surat,SUP-030,16.0,WH-WE-01,387.0,22.0,173.0,603.0,18.61,682.77,11.1,No,No,Summer,Sunny,691.07,0.0,1.0,487.9,0.106,23
ORD102943,2022-05-20,P-ELE-012,Electronics,LED TV 43in,East,Patna,SUP-006,10.0,WH-EA-04,61.0,6.0,45.0,177.0,5.73,5911.11,19.4,No,No,Summer,Sunny,5604.75,0.0,1.0,377.3,0.036,7
ORD102944,2022-10-20,P-GRO-009,Grocery,Wheat Flour 5kg,East,Ranchi,SUP-018,9.0,WH-EA-02,509.0,,228.0,1092.0,35.16,356.92,13.2,No,No,Autumn,Stormy,324.67,0.0,3.0,525.0,0.068,23
ORD102945,2023-06-03,P-GRO-004,Grocery,Basmati Rice 5kg,South,Bengaluru,SUP-004,6.0,WH-SO-05,684.0,56.0,539.0,1374.0,,409.07,11.0,No,,Autumn,Cloudy,357.11,0.0,4.0,381.94,0.102,58
ORD102946,2021-08-13,P-GRO-003,Grocery,Wheat Flour 5kg,Central,Bhopal,SUP-009,6.0,WH-CE-03,520.0,43.0,176.0,955.0,29.88,339.29,9.7,No,No,Autumn,Sunny,342.54,0.0,1.0,438.59,0.092,30
ORD102947,2023-03-31,P-BEA-015,Beauty,Lipstick Set,South,Bengaluru,SUP-005,11.0,WH-SO-02,324.0,11.0,94.0,389.0,14.58,448.09,7.2,,No,Summer,Sunny,466.97,0.0,0.0,393.0,0.162,19
ORD102948,2021-02-19,P-SPO-013,Sports,Cycling Helmet,South,Chennai,SUP-009,7.0,WH-SO-05,357.0,24.0,112.0,534.0,19.09,4282.91,24.8,Yes,No,Winter,Sunny,4165.72,0.0,0.0,303.9,0.07,27
ORD102949,2024-05-31,P-SPO-008,Sports,Football,Central,Bhopal,SUP-025,9.0,WH-CE-04,97.0,4.0,39.0,214.0,5.45,3034.8,,No,,Summer,Rainy,3236.49,0.0,1.0,341.81,0.111,7
ORD102950,2023-06-10,P-ELE-014,Electronics,Power Bank 10000mAh,East,Patna,SUP-001,15.0,WH-EA-02,133.0,4.0,51.0,213.0,6.78,7711.19,18.2,Yes,No,Summer,Rainy,7640.57,0.0,1.0,521.07,,9
ORD102951,2021-06-15,P-BEA-012,Beauty,Body Lotion 400ml,East,Kolkata,SUP-008,6.0,WH-EA-01,486.0,14.0,186.0,781.0,25.72,606.61,17.6,No,No,Summer,Cloudy,602.45,0.0,2.0,342.07,0.116,16
ORD102952,2022-11-12,P-ELE-006,Electronics,Smartphone Charger,West,Surat,SUP-028,8.0,WH-WE-03,75.0,7.0,129.0,454.0,15.52,,7.8,No,Yes,Autumn,Stormy,4865.15,0.0,0.0,392.84,0.047,13
ORD102953,2024-07-15,P-SPO-013,Sports,Yoga Mat,North,Delhi,SUP-006,8.0,WH-NO-04,183.0,10.0,62.0,313.0,9.31,1463.03,10.5,No,No,Autumn,Sunny,1411.14,0.0,1.0,442.43,0.072,13
ORD102954,2024-11-10,P-CLO-012,Clothing,Formal Shirt,West,Nagpur,SUP-023,6.0,WH-WE-05,666.0,20.0,197.0,773.0,29.0,739.09,29.8,No,No,Autumn,Rainy,793.53,0.0,3.0,359.8,0.038,35
ORD102955,2021-07-20,P-GRO-008,Grocery,Masala Mix 200g,West,Nagpur,SUP-035,5.0,WH-WE-01,309.0,70.0,469.0,1791.0,63.44,63.0,12.2,No,No,Autumn,Cloudy,70.04,0.0,,344.69,0.095,77
ORD102956,2022-01-31,P-ELE-001,Electronics,Power Bank 10000mAh,South,Coimbatore,SUP-032,6.0,WH-SO-03,197.0,18.0,109.0,405.0,12.13,10994.74,5.6,,,Winter,Rainy,10827.35,0.0,6.0,441.4,0.16,21
ORD102957,2021-07-31,P-ELE-012,Electronics,Home Router,South,Coimbatore,SUP-005,13.0,WH-SO-05,28.0,8.0,67.0,265.0,8.84,1350.8,18.8,No,No,Summer,Rainy,1444.51,0.0,1.0,500.08,0.157,6
ORD102958,2022-06-23,P-GRO-006,Grocery,Wheat Flour 5kg,North,Jaipur,SUP-006,13.0,WH-NO-04,610.0,49.0,299.0,1372.0,44.11,418.1,26.3,Yes,No,Summer,,465.41,0.0,1.0,458.96,0.189,72
ORD102959,2024-06-13,P-SPO-006,Sports,Cycling Helmet,Central,Jabalpur,SUP-029,14.0,WH-CE-01,138.0,12.0,72.0,255.0,9.06,2947.51,16.1,Yes,No,Summer,Sunny,2726.48,0.0,2.0,480.44,0.037,15
ORD102960,2023-10-30,P-BEA-011,Beauty,Talcum Powder,North,Chandigarh,SUP-014,7.0,WH-NO-05,277.0,,232.0,1072.0,33.83,1112.41,12.8,No,No,Autumn,Sunny,1140.66,0.0,0.0,189.59,0.035,34
ORD102961,2022-01-11,P-SPO-013,Sports,Gym Dumbbells 5kg,South,Coimbatore,SUP-017,8.0,WH-SO-04,125.0,23.0,166.0,639.0,22.57,1453.42,14.7,No,No,Winter,Sunny,1475.55,0.0,2.0,436.68,,26
ORD102962,2022-04-21,P-ELE-002,Electronics,Smartphone Charger,West,Ahmedabad,SUP-020,11.0,WH-WE-03,87.0,4.0,61.0,222.0,8.83,14344.14,20.8,No,No,Summer,Sunny,15577.76,0.0,3.0,484.77,0.136,7
ORD102963,2023-06-13,P-CLO-013,Clothing,Denim Jeans,West,Surat,SUP-024,12.0,WH-WE-04,567.0,28.0,156.0,884.0,26.87,955.18,11.2,No,No,Summer,Sunny,891.36,0.0,,354.66,0.03,24
ORD102964,2023-05-23,P-GRO-005,Grocery,Sunflower Oil 1L,North,Lucknow,SUP-018,14.0,WH-NO-04,724.0,60.0,323.0,1377.0,50.62,70.29,11.9,No,No,Summer,Cloudy,72.07,0.0,3.0,546.61,0.03,47
ORD102965,2022-11-09,P-CLO-009,Clothing,Track Pants,West,Mumbai,SUP-001,10.0,WH-WE-02,210.0,34.0,190.0,571.0,21.87,1063.21,14.9,Yes,No,Autumn,Sunny,1041.24,0.0,0.0,436.15,0.066,32
ORD102966,2022-09-08,P-GRO-014,Grocery,Wheat Flour 5kg,East,Ranchi,SUP-004,6.0,WH-EA-04,430.0,18.0,147.0,535.0,19.87,279.58,6.6,No,No,Autumn,Rainy,289.09,0.0,0.0,382.58,0.147,22
ORD102967,2024-09-26,P-GRO-004,Grocery,Sugar 1kg,West,Surat,SUP-001,,WH-WE-02,1069.0,64.0,338.0,1405.0,46.72,277.92,12.1,No,No,Autumn,Sunny,305.08,0.0,0.0,245.41,0.049,62
ORD102968,2023-01-06,P-CLO-004,Clothing,Denim Jeans,North,Jaipur,SUP-011,9.0,WH-NO-02,168.0,8.0,72.0,281.0,10.17,397.84,20.9,Yes,No,Winter,Sunny,444.86,0.0,4.0,424.26,0.078,19
ORD102969,2024-02-17,P-ELE-015,Electronics,Home Router,North,Lucknow,SUP-033,13.0,WH-NO-03,105.0,19.0,99.0,522.0,14.71,8601.03,12.2,No,No,Winter,Sunny,9447.49,0.0,,495.94,0.211,18
ORD102970,2024-11-03,P-CLO-006,Clothing,Track Pants,East,Guwahati,SUP-039,,WH-EA-01,287.0,,150.0,700.0,21.06,1277.24,4.3,No,No,Autumn,Stormy,1176.06,0.0,5.0,721.96,0.048,16
ORD102971,2022-05-05,P-FUR-015,Furniture,Plastic Storage Rack,North,Chandigarh,SUP-020,10.0,WH-NO-04,58.0,25.0,35.0,159.0,5.25,14713.53,8.1,,No,Summer,Sunny,14156.84,0.0,1.0,332.73,0.108,6
ORD102972,2024-02-12,P-ELE-006,Electronics,Bluetooth Speaker,East,Kolkata,SUP-002,3.0,WH-EA-03,40.0,7.0,68.0,252.0,9.28,4647.47,17.9,Yes,No,Spring,Sunny,5021.63,0.0,3.0,409.14,0.056,8
ORD102973,2024-04-03,P-SPO-010,Sports,Cricket Bat,North,Kanpur,SUP-003,6.0,WH-NO-04,250.0,10.0,60.0,328.0,10.01,2817.64,18.9,No,No,Summer,Sunny,2953.97,0.0,1.0,403.25,0.009,10
ORD102974,2021-11-17,P-CLO-008,Clothing,Women's Kurti,West,Nagpur,SUP-033,10.0,WH-WE-01,156.0,31.0,240.0,950.0,30.76,2012.53,19.9,No,No,Autumn,Sunny,1970.23,0.0,2.0,470.57,0.079,24
ORD102975,2021-11-26,P-BEA-015,Beauty,Talcum Powder,West,Nagpur,SUP-014,12.0,WH-WE-03,304.0,31.0,209.0,832.0,29.88,844.03,11.9,No,No,Autumn,Stormy,782.15,0.0,3.0,487.13,0.016,24
ORD102976,2021-08-25,P-FUR-009,Furniture,Dining Chair,West,Ahmedabad,SUP-036,10.0,WH-WE-03,74.0,6.0,49.0,262.0,8.53,7949.97,1.9,Yes,Yes,Autumn,Cloudy,5465.26,0.0,0.0,390.32,0.086,6
ORD102977,2023-06-19,P-FUR-008,Furniture,Dining Chair,Central,Indore,SUP-021,8.0,WH-CE-01,37.0,4.0,29.0,130.0,4.26,14605.55,11.5,No,No,Autumn,Sunny,12742.86,0.0,1.0,430.01,0.076,5
ORD102978,2024-01-18,P-FUR-007,Furniture,Sofa Cushion Set,Central,Bhopal,SUP-036,6.0,WH-CE-03,28.0,5.0,30.0,127.0,4.58,10896.27,14.1,No,No,Winter,Sunny,10629.99,0.0,1.0,361.37,0.109,7
ORD102979,2024-01-04,P-SPO-006,Sports,Football,South,Coimbatore,SUP-006,13.0,WH-SO-05,268.0,16.0,143.0,,17.63,4081.63,13.0,No,No,Winter,Sunny,3986.84,0.0,1.0,309.96,0.109,23
ORD102980,2022-07-21,P-FUR-007,Furniture,Study Table,South,Kochi,SUP-035,16.0,WH-SO-05,103.0,3.0,32.0,155.0,4.63,9767.4,10.2,No,No,Summer,Cloudy,10088.61,0.0,1.0,444.49,0.081,4
ORD102981,2023-10-25,P-GRO-007,Grocery,Sugar 1kg,West,Mumbai,SUP-022,8.0,WH-WE-01,240.0,25.0,203.0,1047.0,32.58,515.52,8.4,No,No,Autumn,Sunny,540.33,0.0,1.0,418.1,0.11,30
ORD102982,2021-02-13,P-ELE-012,Electronics,LED TV 43in,Central,Gwalior,SUP-018,14.0,WH-CE-05,181.0,12.0,44.0,264.0,8.94,1329.52,8.6,No,No,Spring,Cloudy,1569.79,0.0,1.0,410.69,0.113,16
ORD102983,2023-08-18,P-FUR-001,Furniture,Study Table,Central,Bhopal,SUP-022,20.0,WH-CE-03,85.0,,34.0,169.0,5.35,13135.15,7.2,No,No,Autumn,Sunny,12326.22,0.0,1.0,597.05,0.18,9
ORD102984,2022-11-24,P-ELE-008,Electronics,Wireless Earbuds,West,Surat,SUP-014,2.0,WH-WE-01,198.0,11.0,66.0,260.0,7.98,8762.55,1.2,Yes,No,Autumn,Sunny,7394.77,0.0,1.0,296.56,0.227,12
ORD102985,2024-04-27,P-GRO-009,Grocery,Tea Powder 500g,North,Delhi,SUP-025,3.0,WH-NO-05,583.0,37.0,299.0,,39.69,524.47,1.8,No,No,Summer,Cloudy,485.5,0.0,0.0,266.72,0.035,48
ORD102986,2024-11-14,P-ELE-012,Electronics,Power Bank 10000mAh,Central,Jabalpur,SUP-031,6.0,WH-CE-03,167.0,7.0,47.0,220.0,7.58,9123.71,4.4,No,No,Autumn,Cloudy,10347.55,0.0,0.0,364.28,0.053,11
ORD102987,2023-03-24,P-CLO-010,Clothing,Denim Jeans,Central,Bhopal,SUP-033,6.0,WH-CE-05,152.0,16.0,92.0,473.0,13.43,1712.01,9.4,Yes,No,Summer,Cloudy,1713.78,0.0,1.0,316.67,0.093,19
ORD102988,2023-06-28,P-ELE-007,Electronics,Home Router,West,Ahmedabad,SUP-040,8.0,WH-WE-01,196.0,12.0,76.0,300.0,10.7,,11.5,No,No,Autumn,Rainy,11536.84,0.0,0.0,365.4,0.067,15
ORD102989,2024-09-18,P-FUR-002,Furniture,Plastic Storage Rack,West,Surat,SUP-017,6.0,WH-WE-01,51.0,9.0,55.0,224.0,6.28,4890.31,10.6,No,No,Autumn,Rainy,4670.11,0.0,3.0,401.21,0.064,8
ORD102990,2022-05-17,P-BEA-006,Beauty,Hair Oil 250ml,East,Ranchi,SUP-031,13.0,WH-EA-05,118.0,9.0,184.0,1044.0,26.07,476.65,6.1,No,No,,Rainy,457.53,0.0,0.0,419.28,0.024,23
ORD102991,2021-07-31,P-BEA-004,Beauty,Herbal Shampoo 200ml,Central,Indore,SUP-036,,WH-CE-02,430.0,26.0,148.0,704.0,22.85,1127.35,6.5,No,No,Autumn,Sunny,972.75,0.0,2.0,427.58,0.076,18
ORD102992,2023-01-10,P-GRO-004,Grocery,Tea Powder 500g,North,Kanpur,SUP-001,7.0,WH-NO-03,683.0,25.0,274.0,918.0,36.96,476.27,13.8,No,No,Winter,Rainy,463.67,0.0,1.0,,0.061,32
ORD102993,2022-06-04,P-CLO-011,Clothing,Denim Jeans,West,Mumbai,SUP-019,4.0,WH-WE-04,298.0,19.0,153.0,587.0,19.78,1656.55,7.5,Yes,No,Autumn,Cloudy,1657.99,,0.0,274.59,0.082,27
ORD102994,2023-07-17,P-CLO-008,Clothing,Track Pants,North,Chandigarh,SUP-029,4.0,WH-NO-05,501.0,15.0,182.0,701.0,23.19,1613.31,12.0,No,No,Autumn,Cloudy,1725.28,,1.0,237.43,0.155,26
ORD102995,2024-02-18,P-CLO-012,Clothing,Formal Shirt,South,Kochi,SUP-019,6.0,WH-SO-02,236.0,13.0,99.0,376.0,12.64,300.69,1.0,No,No,Spring,Cloudy,314.19,,2.0,348.09,0.062,10
ORD102996,2023-01-07,P-FUR-003,Furniture,Study Table,North,Lucknow,SUP-005,,WH-NO-04,63.0,3.0,42.0,155.0,4.56,19623.8,5.6,No,No,Winter,Sunny,22743.35,,,388.26,0.189,4
ORD102997,2022-03-27,P-GRO-015,Grocery,Sunflower Oil 1L,South,Hyderabad,SUP-027,7.0,WH-SO-04,567.0,16.0,212.0,1050.0,36.77,500.85,4.7,No,No,Spring,Cloudy,494.69,0.0,1.0,304.82,0.082,26
ORD102998,2023-04-06,P-SPO-008,Sports,Yoga Mat,North,Chandigarh,SUP-017,8.0,WH-NO-04,255.0,8.0,88.0,401.0,12.8,3719.53,16.5,No,No,Summer,Rainy,3791.69,0.0,1.0,416.24,0.097,11
ORD102999,2022-10-10,P-ELE-004,Electronics,Bluetooth Speaker,Central,Indore,SUP-025,6.0,WH-CE-03,81.0,13.0,67.0,299.0,9.58,8260.61,21.2,Yes,No,Autumn,Stormy,8250.3,0.0,1.0,331.26,0.103,12
ORD103000,2021-09-29,P-BEA-006,Beauty,Moisturizer Cream,East,Guwahati,SUP-001,7.0,WH-EA-01,125.0,18.0,87.0,478.0,15.29,279.27,1.4,No,No,Autumn,Sunny,263.74,0.0,2.0,540.65,0.104,17
ORD103001,2024-02-04,P-CLO-013,Clothing,Kids Winter Jacket,West,Ahmedabad,SUP-001,6.0,WH-WE-02,190.0,26.0,109.0,503.0,18.52,257.42,25.6,No,No,Spring,Stormy,265.86,0.0,0.0,294.26,0.027,16
ORD103002,2022-05-01,P-GRO-011,Grocery,Masala Mix 200g,South,Coimbatore,SUP-025,20.0,WH-SO-03,699.0,17.0,273.0,1323.0,40.35,170.34,3.6,Yes,No,Summer,Sunny,166.58,0.0,1.0,506.95,0.183,50
ORD103003,2023-02-26,P-BEA-003,Beauty,Hair Oil 250ml,North,Chandigarh,SUP-040,6.0,WH-NO-03,490.0,33.0,142.0,575.0,21.31,292.7,25.5,No,No,Spring,Stormy,331.65,0.0,0.0,339.66,0.226,25
ORD103004,2024-08-20,P-ELE-015,Electronics,LED TV 43in,West,Nagpur,SUP-026,2.0,WH-WE-01,35.0,14.0,55.0,262.0,8.4,8123.01,10.2,No,No,Autumn,Cloudy,7610.0,0.0,0.0,260.86,0.095,10
ORD103005,2021-10-02,P-BEA-002,Beauty,Hair Oil 250ml,West,Ahmedabad,SUP-038,6.0,WH-WE-04,234.0,20.0,153.0,935.0,29.68,356.3,9.0,No,Yes,Autumn,Cloudy,346.61,0.0,2.0,431.06,0.051,34
ORD103006,2022-09-17,P-CLO-005,Clothing,Woolen Sweater,East,Guwahati,SUP-034,4.0,WH-EA-03,175.0,26.0,139.0,641.0,23.73,630.52,4.0,No,Yes,Autumn,Cloudy,567.78,0.0,0.0,234.62,0.04,27
ORD103007,2021-09-13,P-ELE-011,Electronics,Smartphone Charger,West,Surat,SUP-012,5.0,WH-WE-04,42.0,8.0,61.0,253.0,9.45,5118.64,8.0,No,No,Autumn,Stormy,5257.2,0.0,2.0,334.76,0.119,7
ORD103008,2022-10-01,P-ELE-008,Electronics,Smartphone Charger,West,Nagpur,SUP-005,8.0,WH-WE-03,178.0,11.0,62.0,267.0,9.21,3555.33,26.4,No,No,Autumn,Sunny,3177.75,0.0,0.0,336.69,0.075,13
ORD103009,2022-03-17,P-BEA-007,Beauty,Face Wash 100ml,East,Ranchi,SUP-023,11.0,WH-EA-02,466.0,29.0,142.0,646.0,19.36,355.74,3.6,Yes,Yes,Summer,Sunny,355.51,0.0,1.0,,0.091,41
ORD103010,2024-08-30,P-GRO-014,Grocery,Instant Noodles Pack,Central,Indore,SUP-025,8.0,WH-CE-01,951.0,39.0,374.0,1730.0,55.33,443.96,25.9,No,No,Summer,Rainy,402.44,0.0,1.0,430.88,0.028,40
ORD103011,2022-03-19,P-SPO-012,Sports,Skipping Rope,West,Pune,SUP-031,4.0,WH-WE-01,202.0,9.0,91.0,474.0,14.31,,18.1,Yes,No,Spring,,1447.07,0.0,1.0,232.59,0.094,17
ORD103012,2023-06-17,P-BEA-015,Beauty,Lipstick Set,West,Pune,SUP-021,4.0,WH-WE-03,945.0,,306.0,1378.0,41.28,178.09,,No,No,Autumn,Cloudy,167.19,0.0,1.0,354.76,0.024,47
ORD103013,2021-07-19,P-FUR-005,Furniture,Dining Chair,South,Hyderabad,SUP-037,12.0,WH-SO-02,123.0,11.0,39.0,173.0,5.38,7609.19,7.3,Yes,No,Summer,Cloudy,8053.26,0.0,1.0,542.21,0.038,7
ORD103014,2022-10-29,P-GRO-013,Grocery,Sugar 1kg,North,Chandigarh,SUP-034,8.0,WH-NO-04,452.0,,252.0,1246.0,41.68,,5.7,No,No,Autumn,Rainy,458.61,0.0,1.0,414.11,0.038,41
ORD103015,2024-05-04,P-FUR-004,Furniture,TV Unit,South,Bengaluru,SUP-024,6.0,WH-SO-04,40.0,8.0,60.0,133.0,6.56,15729.93,41.7,No,No,Summer,Rainy,15575.45,0.0,2.0,428.39,0.099,3
ORD103016,2023-09-09,P-SPO-013,Sports,Cycling Helmet,West,Nagpur,SUP-023,11.0,WH-WE-02,117.0,19.0,68.0,472.0,14.73,3727.68,3.7,No,No,Autumn,Sunny,3895.41,0.0,0.0,369.86,0.089,18
ORD103017,2022-02-17,P-ELE-009,Electronics,Home Router,West,Nagpur,SUP-001,9.0,WH-WE-04,221.0,15.0,84.0,404.0,10.91,4364.25,8.7,Yes,No,Winter,Cloudy,4133.79,0.0,2.0,348.68,0.138,15
ORD103018,2024-11-20,P-GRO-009,Grocery,Toor Dal 1kg,South,Coimbatore,SUP-032,8.0,WH-SO-03,887.0,224.0,359.0,1248.0,44.93,477.94,21.7,Yes,No,Autumn,,402.78,0.0,1.0,233.87,0.21,66
ORD103019,2024-03-18,P-GRO-002,Grocery,Sugar 1kg,East,Patna,SUP-028,14.0,WH-EA-05,430.0,31.0,,937.0,31.34,487.13,16.5,No,No,Summer,Cloudy,444.3,0.0,1.0,479.35,0.168,32
ORD103020,2022-08-11,P-GRO-014,Grocery,Sunflower Oil 1L,North,Kanpur,SUP-036,10.0,WH-NO-05,207.0,33.0,291.0,1393.0,39.43,447.22,21.7,No,No,Autumn,Sunny,136.58,0.0,2.0,424.8,0.086,30
ORD103021,2024-11-23,P-BEA-005,Beauty,Talcum Powder,South,Chennai,SUP-004,6.0,WH-SO-05,709.0,37.0,193.0,1089.0,34.48,440.63,11.9,Yes,No,Autumn,Sunny,,0.0,0.0,216.37,0.174,40
ORD103022,2021-10-01,P-CLO-009,Clothing,Denim Jeans,Central,Indore,SUP-006,14.0,WH-CE-01,208.0,18.0,120.0,415.0,13.21,2304.92,6.8,No,No,Autumn,Cloudy,2407.95,0.0,1.0,553.21,0.111,22
ORD103023,2022-04-30,P-CLO-003,Clothing,Formal Shirt,South,Kochi,SUP-027,8.0,WH-SO-03,352.0,43.0,180.0,,32.16,2178.52,12.3,No,No,Summer,Sunny,2153.21,0.0,3.0,,0.039,37
ORD103024,2024-09-21,P-GRO-014,Grocery,Tea Powder 500g,South,Kochi,SUP-020,11.0,WH-SO-01,1151.0,41.0,289.0,1512.0,49.02,191.31,8.0,No,No,Autumn,Cloudy,206.87,0.0,0.0,373.18,0.014,54
ORD103025,2024-11-18,P-ELE-005,Electronics,Power Bank 10000mAh,East,Bhubaneswar,SUP-024,5.0,WH-EA-05,60.0,7.0,48.0,226.0,7.37,6121.55,18.2,No,No,Autumn,Sunny,6298.6,0.0,0.0,286.38,0.072,10
ORD103026,2024-04-17,P-GRO-012,Grocery,Sugar 1kg,South,Bengaluru,SUP-018,15.0,WH-SO-04,470.0,33.0,289.0,1586.0,50.77,481.03,5.6,No,No,Summer,Rainy,426.84,0.0,2.0,550.71,0.015,48
ORD103027,2021-10-07,P-BEA-012,Beauty,Talcum Powder,West,Mumbai,SUP-026,13.0,WH-WE-02,324.0,45.0,196.0,913.0,34.38,703.52,25.4,Yes,No,Autumn,Rainy,560.15,0.0,1.0,465.78,0.102,30
ORD103028,2021-11-16,P-FUR-009,Furniture,Sofa Cushion Set,Central,Jabalpur,SUP-027,8.0,WH-CE-04,119.0,6.0,31.0,189.0,5.08,6085.55,6.7,No,,Autumn,Cloudy,5595.1,0.0,0.0,263.01,0.091,5
ORD103029,2023-08-04,P-GRO-002,Grocery,Instant Noodles Pack,East,Patna,SUP-008,4.0,WH-EA-03,757.0,31.0,168.0,1016.0,33.82,131.04,,No,No,Autumn,Rainy,132.48,0.0,0.0,172.59,0.018,34
ORD103030,2021-03-23,P-BEA-005,Beauty,Sunscreen Lotion,East,Guwahati,SUP-031,10.0,WH-EA-03,236.0,12.0,94.0,357.0,13.21,345.06,4.1,No,No,Spring,Stormy,355.3,0.0,1.0,385.89,0.032,13
ORD103031,2024-12-19,P-ELE-010,Electronics,Bluetooth Speaker,South,Chennai,SUP-020,6.0,WH-SO-03,105.0,6.0,56.0,238.0,8.53,11781.51,35.6,,No,Winter,Rainy,11682.13,0.0,6.0,508.87,0.163,8
ORD103032,2024-10-07,P-GRO-009,Grocery,Masala Mix 200g,East,Bhubaneswar,SUP-024,9.0,WH-EA-05,219.0,36.0,239.0,944.0,35.39,118.18,1.4,Yes,No,Autumn,Cloudy,119.32,0.0,0.0,381.12,0.049,40
ORD103033,2024-03-27,P-GRO-009,Grocery,Toor Dal 1kg,South,Kochi,SUP-025,27.0,WH-SO-04,1001.0,66.0,335.0,1340.0,45.83,587.36,9.9,No,No,,Sunny,649.41,0.0,2.0,642.43,0.067,73
ORD103034,2024-11-15,P-SPO-004,Sports,Gym Dumbbells 5kg,North,Chandigarh,SUP-030,4.0,WH-NO-03,49.0,11.0,98.0,411.0,14.17,881.8,11.3,No,No,Autumn,Rainy,882.79,0.0,2.0,356.94,0.02,13
ORD103035,2021-12-02,P-FUR-009,Furniture,Wooden Bookshelf,West,Ahmedabad,SUP-013,8.0,WH-WE-04,,4.0,47.0,243.0,7.37,10156.72,29.3,Yes,No,Winter,Cloudy,10441.0,0.0,3.0,498.03,0.222,8
ORD103036,2024-07-11,P-FUR-002,Furniture,Plastic Storage Rack,South,Hyderabad,SUP-001,9.0,WH-SO-01,73.0,6.0,43.0,,5.72,10737.23,14.6,No,No,Autumn,Cloudy,12108.59,0.0,2.0,331.28,0.068,10
ORD103037,2022-01-11,P-ELE-008,Electronics,LED TV 43in,East,,SUP-008,17.0,WH-EA-02,146.0,13.0,66.0,252.0,9.77,2479.21,6.4,Yes,No,Winter,Cloudy,2119.96,0.0,1.0,519.63,0.03,16
ORD103038,2021-06-27,P-ELE-002,Electronics,LED TV 43in,North,Chandigarh,SUP-039,11.0,WH-NO-01,268.0,21.0,98.0,382.0,15.96,9940.31,13.1,Yes,No,Autumn,Sunny,11299.89,0.0,1.0,414.79,0.065,27
ORD103039,2022-01-19,P-FUR-010,Furniture,Dining Chair,West,Ahmedabad,SUP-009,26.0,WH-WE-05,102.0,9.0,48.0,215.0,6.93,7173.18,7.8,No,No,Winter,Rainy,5704.61,0.0,1.0,,0.168,7
ORD103040,2024-02-06,P-GRO-009,Grocery,Instant Noodles Pack,North,Delhi,SUP-010,5.0,WH-NO-01,474.0,30.0,,1147.0,35.8,582.28,25.2,Yes,No,Spring,Rainy,543.8,0.0,1.0,217.71,0.139,33
ORD103041,2024-10-09,P-SPO-013,Sports,Running Shoes,South,Hyderabad,SUP-035,5.0,WH-SO-05,247.0,23.0,117.0,360.0,18.21,3333.13,7.6,No,Yes,Autumn,Sunny,3184.04,,0.0,135.96,0.114,18
ORD103042,2023-06-14,P-BEA-007,Beauty,Face Wash 100ml,West,Surat,SUP-010,12.0,WH-WE-05,292.0,181.0,264.0,1072.0,34.29,217.52,12.8,No,No,Autumn,Sunny,189.1,0.0,0.0,359.56,0.082,43
ORD103043,2021-12-25,P-CLO-003,Clothing,Women's Kurti,South,Bengaluru,SUP-019,5.0,WH-SO-05,211.0,26.0,169.0,790.0,28.35,1547.78,1.2,No,Yes,Winter,Stormy,1527.37,0.0,0.0,287.37,0.144,32
ORD103044,2023-05-28,P-BEA-004,Beauty,Herbal Shampoo 200ml,Central,Jabalpur,SUP-015,13.0,WH-CE-04,205.0,24.0,169.0,,24.09,815.51,21.7,Yes,No,Summer,Sunny,812.17,0.0,1.0,460.44,0.133,31
ORD103045,2023-01-15,P-SPO-013,Sports,Running Shoes,North,Kanpur,SUP-027,24.0,WH-NO-03,,23.0,134.0,,18.33,1779.89,1.1,No,No,,Cloudy,1885.26,0.0,1.0,567.14,0.277,18
ORD103046,2023-01-27,P-CLO-015,Clothing,Woolen Sweater,West,Surat,SUP-024,4.0,WH-WE-05,298.0,44.0,228.0,930.0,37.43,1117.16,1.7,No,No,Winter,Cloudy,1180.42,0.0,0.0,331.53,0.184,40
ORD103047,2022-05-27,P-FUR-001,Furniture,Plastic Storage Rack,Central,Bhopal,SUP-021,14.0,WH-CE-05,26.0,6.0,33.0,142.0,5.04,7949.52,4.0,No,No,Summer,Cloudy,8059.89,0.0,3.0,594.57,0.015,6
ORD103048,2021-07-22,P-SPO-011,Sports,Yoga Mat,East,Bhubaneswar,SUP-021,7.0,WH-EA-05,243.0,14.0,70.0,388.0,11.72,3200.59,,Yes,No,Summer,Sunny,3486.96,0.0,1.0,319.13,0.008,22
ORD103049,2022-06-12,P-GRO-008,Grocery,Tea Powder 500g,West,Nagpur,SUP-034,1.0,WH-WE-04,839.0,43.0,297.0,1610.0,48.64,235.2,12.3,Yes,No,Autumn,Sunny,247.33,0.0,1.0,242.11,0.069,70
ORD103050,2024-07-24,P-SPO-004,Sports,Cycling Helmet,South,Bengaluru,SUP-024,7.0,WH-SO-04,122.0,8.0,98.0,412.0,13.95,4353.09,7.8,Yes,No,Summer,Cloudy,4239.93,0.0,3.0,416.48,0.008,9
ORD103051,2022-08-20,P-ELE-008,Electronics,LED TV 43in,West,Surat,SUP-021,6.0,WH-WE-04,166.0,8.0,89.0,334.0,10.19,1339.05,5.7,No,No,Summer,Sunny,1351.81,0.0,1.0,337.93,0.169,11
ORD103052,2021-01-31,P-FUR-015,Furniture,Wooden Bookshelf,Central,Jabalpur,SUP-036,11.0,WH-CE-05,145.0,9.0,52.0,218.0,6.95,9552.82,12.5,No,No,Winter,,9066.99,0.0,1.0,431.92,0.077,7
ORD103053,2022-05-20,P-BEA-003,Beauty,Sunscreen Lotion,West,Mumbai,SUP-004,11.0,WH-WE-03,538.0,14.0,168.0,784.0,23.8,561.99,14.8,No,No,Summer,Stormy,506.89,0.0,2.0,543.22,0.051,25
ORD103054,2022-11-05,P-FUR-013,Furniture,TV Unit,Central,Indore,SUP-034,6.0,WH-CE-03,62.0,3.0,29.0,113.0,3.4,16969.57,10.6,No,No,Autumn,Rainy,17550.49,2.0,0.0,227.87,0.024,4
ORD103055,2023-05-27,P-CLO-002,Clothing,Cotton Saree,East,Guwahati,SUP-008,9.0,WH-EA-05,195.0,,100.0,525.0,17.73,2418.14,11.6,No,No,Summer,Sunny,2128.18,0.0,0.0,311.73,0.017,20
ORD103056,2023-07-27,P-FUR-011,Furniture,Foldable Bed,East,Ranchi,SUP-014,10.0,WH-EA-02,36.0,6.0,42.0,162.0,4.99,10750.93,14.5,No,No,Summer,Cloudy,10589.71,0.0,1.0,402.61,0.073,9
ORD103057,2022-09-14,P-ELE-002,Electronics,Laptop Stand,South,Coimbatore,SUP-001,17.0,WH-SO-04,292.0,8.0,83.0,371.0,12.49,1411.84,5.2,Yes,No,Autumn,Sunny,,0.0,2.0,482.36,0.14,14
ORD103058,2021-07-29,P-GRO-001,Grocery,Basmati Rice 5kg,West,,SUP-023,6.0,WH-WE-01,258.0,14.0,314.0,1401.0,42.93,54.73,1.2,No,No,Autumn,Cloudy,55.04,0.0,0.0,,0.064,29
ORD103059,2022-10-07,P-GRO-001,Grocery,Instant Noodles Pack,West,Surat,SUP-034,12.0,WH-WE-03,,33.0,308.0,1106.0,39.84,269.04,5.6,No,No,Autumn,Sunny,253.39,0.0,2.0,573.06,0.064,39
ORD103060,2021-01-05,P-CLO-013,Clothing,Men's Cotton T-Shirt,East,Bhubaneswar,SUP-016,11.0,WH-EA-01,384.0,19.0,121.0,505.0,16.1,398.47,9.8,No,No,Winter,,416.58,0.0,2.0,512.0,0.176,19
ORD103061,2023-01-10,P-CLO-009,Clothing,Formal Shirt,North,Chandigarh,SUP-027,12.0,WH-NO-05,260.0,27.0,124.0,585.0,18.71,468.52,6.9,Yes,No,,Cloudy,460.18,0.0,1.0,446.27,0.098,26
ORD103062,2022-10-13,P-GRO-011,Grocery,Wheat Flour 5kg,East,Guwahati,SUP-016,8.0,WH-EA-05,381.0,23.0,223.0,929.0,28.28,64.23,11.4,Yes,No,Autumn,Sunny,63.57,0.0,0.0,311.98,0.233,40
ORD103063,2022-06-05,P-SPO-003,Sports,Running Shoes,West,Mumbai,SUP-031,13.0,WH-WE-02,50.0,8.0,71.0,320.0,10.8,928.69,3.9,Yes,No,Summer,Sunny,932.57,0.0,0.0,342.08,0.013,8
ORD103064,2023-08-25,P-GRO-014,Grocery,Sunflower Oil 1L,Central,Indore,SUP-040,17.0,WH-CE-01,444.0,,126.0,517.0,19.04,128.89,5.2,No,No,Autumn,Cloudy,122.59,0.0,3.0,622.79,0.282,15
ORD103065,2024-01-08,P-CLO-013,Clothing,Women's Kurti,North,Delhi,SUP-029,5.0,WH-NO-04,,44.0,187.0,799.0,26.83,1647.28,8.6,No,No,Winter,Rainy,1572.62,0.0,0.0,327.72,0.162,24
ORD103066,2022-01-21,P-GRO-008,Grocery,Masala Mix 200g,North,Jaipur,SUP-014,9.0,WH-NO-05,138.0,51.0,337.0,1144.0,44.61,173.26,31.7,,No,Winter,Sunny,165.41,0.0,1.0,331.01,0.069,33
ORD103067,2023-01-06,P-ELE-014,Electronics,Bluetooth Speaker,South,Coimbatore,SUP-033,4.0,WH-SO-02,184.0,20.0,103.0,494.0,17.19,4685.81,0.9,No,No,Winter,Cloudy,4638.89,0.0,3.0,414.39,0.116,17
ORD103068,2023-01-15,P-BEA-003,Beauty,Hair Oil 250ml,North,Delhi,SUP-002,11.0,WH-NO-05,289.0,29.0,113.0,466.0,18.45,818.67,8.3,No,No,Winter,Sunny,,0.0,1.0,313.82,0.091,21
ORD103069,2023-01-14,P-CLO-005,Clothing,Kids Winter Jacket,Central,Bhopal,SUP-040,8.0,WH-CE-03,380.0,37.0,150.0,870.0,28.79,1481.91,6.0,No,No,Winter,Rainy,1535.31,0.0,1.0,414.37,0.233,36
ORD103070,2022-08-13,P-ELE-001,Electronics,Smartwatch,South,Chennai,SUP-034,9.0,WH-SO-03,94.0,10.0,63.0,311.0,9.34,5872.12,11.0,No,No,Autumn,Cloudy,5040.75,0.0,2.0,349.44,0.119,7
ORD103071,2021-11-03,P-SPO-003,Sports,Running Shoes,East,Patna,SUP-027,6.0,WH-EA-02,102.0,5.0,65.0,263.0,8.01,3573.45,7.5,,No,Autumn,Rainy,3144.88,0.0,1.0,387.16,0.087,7
ORD103072,2021-09-08,P-BEA-013,Beauty,Hair Oil 250ml,North,Chandigarh,SUP-025,10.0,WH-NO-02,167.0,16.0,160.0,384.0,15.41,372.84,24.1,No,No,Autumn,,429.17,0.0,2.0,483.97,0.109,26
ORD103073,2021-02-15,P-BEA-007,Beauty,Talcum Powder,South,Hyderabad,SUP-011,20.0,WH-SO-02,564.0,30.0,178.0,750.0,24.4,931.7,22.9,No,No,Winter,Rainy,899.34,0.0,1.0,647.65,0.185,29
ORD103074,2021-03-18,P-SPO-010,Sports,Skipping Rope,Central,Indore,SUP-018,9.0,WH-CE-01,,9.0,118.0,505.0,13.45,3511.61,28.0,No,No,Summer,Cloudy,3226.55,0.0,0.0,384.01,0.164,14
ORD103075,2024-03-28,P-SPO-014,Sports,Yoga Mat,East,Kolkata,SUP-005,11.0,WH-EA-02,153.0,16.0,86.0,344.0,12.15,3857.55,15.8,,No,Summer,Sunny,,0.0,0.0,479.57,0.186,13
ORD103076,2021-04-13,P-GRO-012,Grocery,Sunflower Oil 1L,North,,SUP-014,10.0,WH-NO-02,788.0,34.0,252.0,1107.0,35.25,511.57,6.2,Yes,No,Summer,Cloudy,542.96,0.0,1.0,339.03,0.049,52
ORD103077,2024-06-03,P-FUR-006,Furniture,Dining Chair,South,Coimbatore,SUP-024,26.0,WH-SO-01,95.0,7.0,53.0,258.0,7.68,3138.64,9.5,No,No,Summer,Sunny,3299.59,0.0,3.0,642.27,0.024,5
ORD103078,2024-08-02,P-FUR-006,Furniture,Wooden Bookshelf,Central,Gwalior,SUP-015,,WH-CE-02,76.0,3.0,34.0,123.0,4.82,5508.52,13.1,Yes,No,Autumn,Rainy,5178.8,0.0,2.0,365.65,0.023,5
ORD103079,2021-12-19,P-GRO-002,Grocery,Wheat Flour 5kg,Central,Jabalpur,SUP-031,9.0,WH-CE-01,323.0,26.0,161.0,718.0,23.08,256.42,26.0,No,No,Winter,Rainy,245.9,0.0,0.0,249.33,0.068,26
ORD103080,2022-10-10,P-GRO-013,Grocery,Basmati Rice 5kg,North,Kanpur,SUP-035,17.0,WH-NO-01,1069.0,67.0,374.0,1836.0,55.86,54.52,13.3,No,No,Autumn,Cloudy,53.06,0.0,1.0,651.59,0.174,69
ORD103081,2022-06-11,P-ELE-015,Electronics,Smartwatch,East,Ranchi,SUP-023,7.0,WH-EA-04,80.0,4.0,54.0,177.0,6.11,3496.41,5.1,Yes,No,Autumn,Sunny,3583.51,0.0,4.0,546.11,0.059,7
ORD103082,2022-07-30,P-FUR-008,Furniture,Foldable Bed,North,Jaipur,SUP-014,9.0,WH-NO-01,29.0,5.0,34.0,113.0,4.43,19741.43,3.9,Yes,No,Autumn,Rainy,19813.26,0.0,0.0,291.15,0.034,2
ORD103083,2022-06-08,P-BEA-008,Beauty,Body Lotion 400ml,East,Kolkata,SUP-013,4.0,WH-EA-02,438.0,26.0,130.0,697.0,20.64,1170.05,,No,,Autumn,Rainy,1084.21,1.0,1.0,237.31,0.02,18
ORD103084,2022-05-16,P-BEA-013,Beauty,Hair Oil 250ml,North,Lucknow,SUP-022,5.0,WH-NO-04,483.0,33.0,,651.0,26.39,387.36,8.3,No,No,Summer,Cloudy,371.57,0.0,0.0,274.6,0.145,34
ORD103085,2023-09-27,P-GRO-006,Grocery,Sugar 1kg,West,,SUP-029,13.0,WH-WE-01,827.0,40.0,305.0,875.0,37.71,400.28,5.0,No,No,Autumn,Cloudy,391.78,0.0,1.0,433.23,0.025,39
ORD103086,2022-08-26,P-GRO-007,Grocery,Tea Powder 500g,Central,Gwalior,SUP-006,8.0,WH-CE-04,194.0,18.0,115.0,517.0,20.12,88.85,17.7,No,No,Summer,Sunny,99.38,0.0,1.0,266.48,,25
ORD103087,2021-10-01,P-CLO-014,Clothing,Track Pants,North,Kanpur,SUP-018,4.0,WH-NO-01,176.0,16.0,145.0,514.0,17.87,2457.92,3.4,No,No,Autumn,Sunny,2423.04,0.0,0.0,267.13,0.069,20
ORD103088,2022-07-08,P-CLO-006,Clothing,Woolen Sweater,South,Coimbatore,SUP-018,5.0,WH-SO-01,83.0,16.0,213.0,673.0,26.64,2055.72,18.9,No,No,Summer,,2599.86,0.0,3.0,409.45,0.04,19
ORD103089,2024-11-30,P-SPO-014,Sports,Skipping Rope,North,Lucknow,SUP-012,11.0,WH-NO-01,55.0,11.0,103.0,365.0,13.85,4855.7,8.0,Yes,No,Autumn,Cloudy,4751.12,,1.0,525.51,0.087,10
ORD103090,2024-12-14,P-SPO-003,Sports,Yoga Mat,South,Coimbatore,SUP-010,9.0,WH-SO-05,247.0,18.0,175.0,560.0,20.08,2569.91,13.6,No,No,Winter,Sunny,2223.87,1.0,2.0,438.69,0.174,20
ORD103091,2021-04-01,P-SPO-008,Sports,Yoga Mat,North,Jaipur,SUP-034,10.0,WH-NO-01,296.0,11.0,122.0,512.0,15.07,940.65,23.0,No,No,Summer,Cloudy,967.08,0.0,3.0,534.49,0.067,16
ORD103092,2023-04-22,P-BEA-008,Beauty,Face Wash 100ml,South,Coimbatore,SUP-018,5.0,WH-SO-01,113.0,23.0,146.0,695.0,22.15,803.3,4.7,,No,Summer,Sunny,870.6,0.0,0.0,312.44,0.044,24
ORD103093,2024-11-23,P-SPO-005,Sports,Cycling Helmet,Central,Raipur,SUP-024,10.0,WH-CE-05,48.0,14.0,67.0,288.0,9.38,,19.1,No,No,Autumn,Sunny,3706.67,0.0,4.0,542.21,0.21,11
ORD103094,2021-10-11,P-CLO-015,Clothing,Cotton Saree,North,Jaipur,SUP-002,9.0,WH-NO-04,247.0,33.0,186.0,763.0,21.81,2360.99,11.6,No,No,Autumn,Stormy,2398.14,0.0,0.0,295.02,0.071,15
ORD103095,2021-04-11,P-ELE-008,Electronics,Home Router,West,Pune,SUP-012,12.0,WH-WE-03,256.0,10.0,83.0,446.0,12.68,13384.56,12.9,No,Yes,Summer,Sunny,12978.0,0.0,1.0,357.83,0.109,19
ORD103096,2021-11-06,P-ELE-014,Electronics,Power Bank 10000mAh,North,Lucknow,SUP-009,10.0,WH-NO-01,49.0,15.0,63.0,258.0,9.51,5126.98,3.8,Yes,No,Autumn,Sunny,5010.07,0.0,0.0,371.02,0.107,10
ORD103097,2022-04-09,P-GRO-004,Grocery,Toor Dal 1kg,East,Patna,SUP-014,6.0,WH-EA-02,583.0,47.0,256.0,939.0,34.82,,15.8,No,No,Summer,Rainy,440.89,0.0,1.0,,0.128,27
ORD103098,2024-09-27,P-GRO-006,Grocery,Sunflower Oil 1L,South,Chennai,SUP-034,3.0,WH-SO-03,437.0,32.0,279.0,1148.0,40.92,184.94,13.2,No,No,Autumn,Sunny,197.65,0.0,0.0,188.48,0.206,46
ORD103099,2022-01-02,P-ELE-008,Electronics,Wireless Earbuds,Central,Gwalior,SUP-023,4.0,WH-CE-03,69.0,9.0,73.0,234.0,7.59,7450.69,6.4,No,No,Winter,Sunny,7224.69,,2.0,352.28,0.056,8
ORD103100,2022-05-01,P-SPO-009,Sports,Skipping Rope,North,Lucknow,SUP-037,,WH-NO-03,264.0,11.0,92.0,369.0,10.79,2862.94,18.0,Yes,No,Summer,Cloudy,3125.5,0.0,0.0,286.47,0.022,19
ORD103101,2022-01-15,P-ELE-004,Electronics,LED TV 43in,North,Delhi,SUP-017,9.0,WH-NO-01,160.0,3.0,69.0,198.0,7.41,14916.45,14.1,Yes,No,Winter,Sunny,14280.88,0.0,0.0,425.54,0.032,11
ORD103102,2022-07-27,P-SPO-005,Sports,Badminton Racket,West,Mumbai,SUP-031,8.0,WH-WE-05,137.0,11.0,153.0,544.0,18.29,4115.94,8.2,Yes,No,Autumn,Sunny,4098.33,0.0,1.0,328.08,0.257,21
ORD103103,2024-12-24,P-BEA-010,Beauty,Body Lotion 400ml,West,Nagpur,SUP-007,8.0,WH-WE-04,302.0,28.0,165.0,,22.71,941.56,17.6,,No,Winter,Cloudy,1035.66,0.0,1.0,199.95,,32
ORD103104,2021-05-03,P-FUR-005,Furniture,Plastic Storage Rack,West,Ahmedabad,SUP-033,3.0,WH-WE-02,32.0,2.0,19.0,130.0,3.78,3162.64,6.0,No,No,Summer,Stormy,3500.64,0.0,2.0,386.74,0.046,2
ORD103105,2022-11-01,P-FUR-012,Furniture,TV Unit,North,Chandigarh,SUP-025,3.0,WH-NO-05,73.0,8.0,39.0,173.0,5.3,13482.98,18.6,Yes,No,Autumn,Rainy,14390.36,2.0,3.0,464.07,0.056,6
ORD103106,2023-06-16,P-GRO-008,Grocery,Tea Powder 500g,South,Kochi,SUP-002,12.0,WH-SO-02,350.0,56.0,255.0,1161.0,43.31,180.76,1.8,No,No,Summer,Sunny,153.7,0.0,2.0,450.07,0.059,37
ORD103107,2021-06-24,P-FUR-015,Furniture,Dining Chair,West,Mumbai,SUP-028,19.0,WH-WE-01,25.0,7.0,31.0,188.0,5.79,5406.41,11.0,No,No,Summer,Cloudy,4854.07,,1.0,523.2,0.015,4
ORD103108,2021-03-06,P-ELE-004,Electronics,Smartphone Charger,East,Ranchi,SUP-020,14.0,WH-EA-05,76.0,3.0,46.0,163.0,5.61,4405.37,6.3,No,No,Summer,Cloudy,4652.47,0.0,1.0,425.1,0.07,6
ORD103109,2024-12-06,P-SPO-013,Sports,Badminton Racket,East,Guwahati,SUP-001,15.0,WH-EA-01,296.0,21.0,96.0,504.0,16.36,4027.03,5.5,No,No,Winter,Sunny,3802.02,0.0,1.0,579.17,0.034,26
ORD103110,2022-01-29,P-GRO-008,Grocery,Sunflower Oil 1L,South,,SUP-034,17.0,WH-SO-01,555.0,60.0,295.0,1225.0,46.92,268.37,3.6,No,No,Winter,Sunny,269.95,0.0,2.0,526.91,0.053,68
ORD103111,2021-12-21,P-GRO-002,Grocery,Basmati Rice 5kg,South,Hyderabad,SUP-022,13.0,WH-SO-04,429.0,75.0,387.0,1409.0,59.12,109.1,2.1,No,No,Winter,Cloudy,110.91,0.0,0.0,323.32,0.075,59
ORD103112,2022-05-25,P-FUR-011,Furniture,TV Unit,Central,Gwalior,SUP-025,4.0,WH-CE-02,70.0,6.0,32.0,128.0,4.41,9490.71,4.0,No,No,Summer,Sunny,9685.21,0.0,0.0,221.0,0.094,3
ORD103113,2021-04-16,P-FUR-004,Furniture,Foldable Bed,West,Pune,SUP-024,7.0,WH-WE-01,146.0,10.0,48.0,184.0,6.83,8104.87,3.5,Yes,No,Summer,Rainy,7420.34,0.0,,395.9,0.105,6
ORD103114,2021-08-03,P-CLO-003,Clothing,Denim Jeans,North,Lucknow,SUP-004,10.0,WH-NO-01,152.0,12.0,117.0,439.0,14.93,1873.82,11.2,No,No,Summer,Sunny,2027.15,0.0,1.0,459.12,0.077,15
ORD103115,2021-02-05,P-FUR-008,Furniture,Plastic Storage Rack,Central,Jabalpur,SUP-014,7.0,WH-CE-01,51.0,13.0,17.0,63.0,2.27,19577.78,1.0,No,No,Winter,Sunny,18756.37,0.0,1.0,395.87,0.061,1
ORD103116,2023-02-21,P-ELE-012,Electronics,Smartphone Charger,East,Patna,SUP-029,7.0,WH-EA-05,45.0,5.0,39.0,219.0,7.26,9586.86,33.2,No,No,Spring,,10039.25,0.0,1.0,322.24,0.025,6
ORD103117,2022-11-08,P-FUR-004,Furniture,Study Table,South,Coimbatore,SUP-014,5.0,WH-SO-04,,5.0,37.0,133.0,4.33,11698.54,3.8,No,No,Autumn,Rainy,11504.65,0.0,2.0,376.25,0.142,6
ORD103118,2022-02-05,P-GRO-010,Grocery,Masala Mix 200g,South,Kochi,SUP-036,3.0,WH-SO-05,198.0,44.0,279.0,1541.0,47.83,62.73,21.2,No,No,Spring,Sunny,72.37,1.0,0.0,166.23,0.063,41
ORD103119,2024-09-03,P-GRO-001,Grocery,Basmati Rice 5kg,West,Ahmedabad,SUP-013,4.0,WH-WE-04,1048.0,33.0,333.0,1797.0,55.81,552.9,0.4,No,No,Autumn,Rainy,616.97,0.0,0.0,242.24,0.084,59
ORD103120,2022-03-23,P-ELE-003,Electronics,Bluetooth Speaker,South,Chennai,SUP-019,16.0,WH-SO-03,219.0,10.0,84.0,323.0,9.51,11400.66,2.9,No,No,Spring,Rainy,13344.8,0.0,2.0,470.66,0.14,12
ORD103121,2021-01-25,P-GRO-012,Grocery,Sunflower Oil 1L,East,Ranchi,SUP-018,15.0,WH-EA-02,459.0,12.0,204.0,890.0,29.36,524.98,14.3,No,No,Winter,Sunny,594.39,0.0,0.0,567.86,0.031,41
ORD103122,2021-05-26,P-GRO-001,Grocery,Masala Mix 200g,West,Nagpur,SUP-001,3.0,WH-WE-05,525.0,43.0,346.0,1105.0,42.16,553.98,22.3,No,No,Summer,Cloudy,548.03,0.0,1.0,251.58,0.099,34
ORD103123,2023-11-26,P-CLO-006,Clothing,Women's Kurti,North,Chandigarh,SUP-033,2.0,WH-NO-05,,25.0,186.0,789.0,23.88,2335.41,17.9,Yes,No,Autumn,Cloudy,,0.0,0.0,275.71,0.012,41
ORD103124,2023-02-19,P-ELE-008,Electronics,Bluetooth Speaker,Central,Bhopal,SUP-006,12.0,WH-CE-03,154.0,7.0,56.0,232.0,7.53,4648.8,22.4,No,No,Spring,Sunny,4226.53,0.0,1.0,499.59,0.113,8
ORD103125,2022-01-16,P-ELE-001,Electronics,Power Bank 10000mAh,South,Hyderabad,SUP-019,5.0,WH-SO-01,103.0,10.0,50.0,261.0,8.05,1616.24,4.7,No,No,Winter,Rainy,1650.66,0.0,0.0,330.81,0.083,7
ORD103126,2021-12-28,P-CLO-015,Clothing,Kids Winter Jacket,South,Hyderabad,SUP-037,4.0,WH-SO-04,307.0,6.0,97.0,462.0,14.2,1795.31,14.0,Yes,No,Winter,Stormy,1798.81,0.0,0.0,223.83,0.029,18
ORD103127,2021-11-17,P-ELE-008,Electronics,Bluetooth Speaker,West,Mumbai,SUP-040,11.0,WH-WE-02,121.0,11.0,98.0,324.0,11.12,12037.37,21.3,No,No,Autumn,Cloudy,11995.95,0.0,0.0,495.35,0.09,11
ORD103128,2022-09-09,P-FUR-006,Furniture,Foldable Bed,East,Bhubaneswar,SUP-010,5.0,WH-EA-02,44.0,5.0,31.0,144.0,4.93,6123.4,17.6,Yes,No,Autumn,Sunny,5717.26,0.0,3.0,363.53,0.006,6
ORD103129,2023-10-26,P-SPO-015,Sports,Badminton Racket,South,Bengaluru,SUP-016,16.0,WH-SO-04,367.0,17.0,119.0,605.0,16.75,3745.67,23.5,Yes,No,Autumn,Rainy,3853.84,0.0,27.0,625.46,0.066,28
ORD103130,2023-07-22,P-CLO-009,Clothing,Denim Jeans,East,Guwahati,SUP-023,14.0,WH-EA-05,359.0,24.0,134.0,461.0,,1432.77,7.5,No,No,Autumn,Cloudy,1389.0,0.0,0.0,518.99,0.1,22
ORD103131,2023-12-29,P-SPO-011,Sports,Gym Dumbbells 5kg,Central,Raipur,SUP-028,3.0,WH-CE-04,36.0,9.0,74.0,322.0,11.27,2166.11,4.5,No,No,Winter,Sunny,2082.49,0.0,0.0,278.12,0.117,10
ORD103132,2021-03-02,P-ELE-002,Electronics,LED TV 43in,West,Surat,SUP-011,7.0,WH-WE-01,113.0,9.0,55.0,287.0,8.8,4904.11,5.6,No,No,Spring,Cloudy,4968.41,0.0,1.0,350.38,0.136,9
ORD103133,2023-03-28,P-ELE-003,Electronics,Home Router,West,Ahmedabad,SUP-022,11.0,WH-WE-04,200.0,9.0,61.0,262.0,8.92,5361.92,12.0,No,No,Summer,Cloudy,5328.52,0.0,2.0,450.68,0.178,7
ORD103134,2024-01-22,P-BEA-001,Beauty,Lipstick Set,South,Coimbatore,SUP-034,8.0,WH-SO-05,877.0,56.0,431.0,1792.0,63.39,697.6,4.6,No,Yes,Winter,Sunny,618.01,0.0,1.0,251.68,0.022,60
ORD103135,2021-10-23,P-BEA-008,Beauty,Body Lotion 400ml,South,Coimbatore,SUP-031,7.0,WH-SO-04,72.0,13.0,136.0,815.0,25.11,420.25,7.0,No,No,Autumn,Sunny,393.77,0.0,2.0,273.64,0.113,15
ORD103136,2023-05-02,P-BEA-013,Beauty,Herbal Shampoo 200ml,East,Kolkata,SUP-033,7.0,WH-EA-02,295.0,28.0,140.0,655.0,19.17,335.87,3.9,No,No,Summer,Rainy,350.18,0.0,1.0,379.03,0.021,16
ORD103137,2021-01-10,P-ELE-014,Electronics,Laptop Stand,North,Chandigarh,SUP-036,7.0,WH-NO-04,52.0,9.0,97.0,354.0,11.58,6689.36,6.5,Yes,No,Winter,Stormy,6663.82,1.0,0.0,288.77,0.072,10
ORD103138,2024-08-22,P-BEA-009,Beauty,Sunscreen Lotion,West,Surat,SUP-035,11.0,WH-WE-02,226.0,23.0,104.0,751.0,29.73,811.25,20.4,No,No,Summer,Sunny,685.18,0.0,0.0,314.43,0.113,27
ORD103139,2023-12-14,P-GRO-001,Grocery,Sugar 1kg,South,Hyderabad,SUP-021,4.0,WH-SO-05,189.0,15.0,325.0,1374.0,45.25,422.15,4.6,No,No,Winter,Sunny,445.75,0.0,0.0,289.35,0.039,42
ORD103140,2023-06-30,P-GRO-010,Grocery,Toor Dal 1kg,South,Chennai,SUP-039,5.0,WH-SO-05,732.0,33.0,126.0,1020.0,32.62,57.16,16.2,Yes,No,Summer,Sunny,56.93,0.0,1.0,244.01,0.026,26
ORD103141,2023-05-27,P-ELE-010,Electronics,Laptop Stand,South,Kochi,SUP-020,3.0,WH-SO-03,103.0,7.0,57.0,179.0,6.66,1354.5,4.8,Yes,,Summer,Cloudy,1239.45,0.0,1.0,286.49,0.093,6
ORD103142,2023-09-06,P-SPO-009,Sports,Cricket Bat,South,Bengaluru,SUP-029,5.0,WH-SO-01,170.0,,91.0,496.0,14.32,2535.76,17.5,No,No,Autumn,Sunny,2400.06,0.0,,234.97,0.046,16
ORD103143,2022-09-10,P-ELE-011,Electronics,Laptop Stand,South,Kochi,SUP-038,6.0,WH-SO-03,120.0,8.0,65.0,292.0,9.22,34212.31,10.1,No,No,Autumn,Cloudy,13060.49,0.0,0.0,339.28,0.031,9
ORD103144,2024-11-13,P-BEA-009,Beauty,Body Lotion 400ml,East,Guwahati,SUP-002,11.0,WH-EA-01,329.0,26.0,143.0,649.0,24.02,627.88,,No,Yes,Autumn,,516.94,1.0,1.0,387.14,0.17,28
ORD103145,2021-11-09,P-FUR-011,Furniture,Plastic Storage Rack,East,Patna,SUP-038,6.0,WH-EA-04,30.0,8.0,55.0,192.0,,12666.15,37.1,Yes,No,Autumn,Rainy,13092.26,0.0,2.0,430.42,0.086,7
ORD103146,2024-03-30,P-BEA-008,Beauty,Face Wash 100ml,South,Bengaluru,SUP-033,7.0,WH-SO-04,373.0,,280.0,966.0,30.49,1021.02,25.1,Yes,No,Spring,Rainy,1101.62,0.0,1.0,319.84,0.048,45
ORD103147,2024-01-19,P-FUR-003,Furniture,Foldable Bed,North,Kanpur,SUP-040,10.0,WH-NO-02,104.0,,47.0,226.0,8.05,2820.85,10.1,No,No,Winter,Rainy,3021.82,0.0,1.0,331.98,0.083,9
ORD103148,2024-05-08,P-BEA-002,Beauty,Body Lotion 400ml,West,Ahmedabad,SUP-031,15.0,WH-WE-05,332.0,18.0,117.0,538.0,,198.29,1.4,No,No,Summer,Sunny,216.6,0.0,1.0,467.25,0.027,26
ORD103149,2021-04-14,P-ELE-014,Electronics,Bluetooth Speaker,North,Kanpur,SUP-007,4.0,WH-NO-04,,16.0,90.0,333.0,11.43,13059.32,5.2,No,No,Summer,Cloudy,12244.48,0.0,0.0,321.58,0.064,8
ORD103150,2022-10-13,P-ELE-007,Electronics,Wireless Earbuds,East,Ranchi,SUP-013,5.0,WH-EA-05,110.0,,39.0,138.0,4.93,13173.35,14.3,No,No,Autumn,Sunny,14263.02,0.0,3.0,332.53,0.091,6
ORD103151,2023-07-28,P-CLO-005,Clothing,Formal Shirt,East,Kolkata,SUP-001,4.0,WH-EA-02,200.0,8.0,111.0,517.0,16.78,1555.08,31.8,No,No,Summer,Sunny,1588.96,0.0,0.0,195.53,0.079,18
ORD103152,2023-06-24,P-GRO-005,Grocery,Masala Mix 200g,East,Guwahati,SUP-025,4.0,WH-EA-01,340.0,48.0,253.0,1253.0,42.99,585.25,13.2,No,No,Autumn,Cloudy,546.14,0.0,3.0,328.76,0.01,30
ORD103153,2023-10-03,P-ELE-001,Electronics,LED TV 43in,West,Pune,SUP-018,12.0,WH-WE-03,116.0,10.0,67.0,246.0,7.82,3393.22,13.8,Yes,No,Autumn,Rainy,3519.94,0.0,1.0,520.49,0.063,13
ORD103154,2023-07-16,P-ELE-015,Electronics,Smartwatch,East,Ranchi,SUP-019,11.0,WH-EA-02,58.0,7.0,36.0,166.0,5.41,,8.1,Yes,No,Summer,Rainy,15174.11,0.0,4.0,483.02,0.098,5
ORD103155,2021-11-23,P-GRO-002,Grocery,Wheat Flour 5kg,Central,Indore,SUP-030,10.0,WH-CE-04,224.0,30.0,215.0,1044.0,32.29,439.82,21.9,No,No,Autumn,Sunny,494.02,0.0,5.0,621.35,0.096,38
ORD103156,2024-04-24,P-ELE-004,Electronics,Laptop Stand,West,Mumbai,SUP-033,8.0,WH-WE-03,320.0,13.0,104.0,465.0,14.6,10193.1,32.3,Yes,No,,Cloudy,11169.33,0.0,2.0,387.89,0.091,22
ORD103157,2022-12-08,P-ELE-007,Electronics,Bluetooth Speaker,North,,SUP-003,4.0,WH-NO-04,239.0,21.0,81.0,489.0,14.79,9219.89,17.7,No,No,Winter,Sunny,8710.53,0.0,1.0,267.34,0.017,19
ORD103158,2024-11-19,P-SPO-006,Sports,Badminton Racket,South,Hyderabad,SUP-037,16.0,WH-SO-01,387.0,21.0,123.0,,19.47,4605.43,1.1,Yes,No,Autumn,Cloudy,4730.95,0.0,1.0,522.76,0.057,17
ORD103159,2023-01-31,P-GRO-001,Grocery,Tea Powder 500g,South,Hyderabad,SUP-015,16.0,WH-SO-01,729.0,33.0,205.0,1147.0,34.5,278.38,7.7,No,No,Winter,Sunny,285.73,0.0,1.0,476.48,0.173,49
ORD103160,2023-02-25,P-SPO-005,Sports,Gym Dumbbells 5kg,South,Chennai,SUP-031,17.0,WH-SO-05,180.0,15.0,75.0,,15.2,2349.07,10.6,Yes,No,,Rainy,2396.3,0.0,5.0,720.77,0.019,19
ORD103161,2023-05-14,P-SPO-012,Sports,Badminton Racket,East,Bhubaneswar,SUP-024,21.0,WH-EA-03,475.0,20.0,121.0,670.0,19.84,3057.03,7.0,No,No,Summer,Rainy,2982.48,0.0,1.0,511.7,0.065,23
ORD103162,2024-06-26,P-ELE-004,Electronics,LED TV 43in,North,Kanpur,SUP-018,7.0,WH-NO-01,59.0,11.0,80.0,295.0,11.58,11056.17,14.9,Yes,No,,Sunny,12608.18,0.0,2.0,399.11,0.226,12
ORD103163,2024-08-09,P-FUR-013,Furniture,Study Table,North,Jaipur,SUP-009,10.0,WH-NO-05,35.0,5.0,24.0,137.0,3.92,18642.98,2.9,No,No,Autumn,Rainy,17713.64,0.0,0.0,282.54,0.024,4
ORD103164,2023-05-05,P-FUR-006,Furniture,Sofa Cushion Set,South,Kochi,SUP-008,10.0,WH-SO-01,55.0,8.0,48.0,229.0,7.06,7868.49,21.1,No,No,Summer,Cloudy,8917.45,0.0,1.0,297.01,0.168,9
ORD103165,2023-03-10,P-FUR-001,Furniture,Wooden Bookshelf,West,Pune,SUP-030,5.0,WH-WE-05,30.0,5.0,28.0,159.0,4.79,17842.35,11.3,No,No,Spring,Cloudy,15808.6,0.0,20.0,241.24,0.045,3
ORD103166,2021-03-21,P-ELE-002,Electronics,Smartwatch,West,Nagpur,SUP-013,13.0,WH-WE-02,171.0,8.0,65.0,236.0,8.56,11534.57,8.9,No,No,Spring,Cloudy,11182.61,0.0,1.0,420.67,0.028,5
ORD103167,2021-04-09,P-ELE-013,Electronics,Bluetooth Speaker,Central,Indore,SUP-010,4.0,WH-CE-03,36.0,10.0,69.0,220.0,8.61,6709.01,24.8,No,No,Summer,Sunny,7119.37,0.0,1.0,276.38,0.067,6
ORD103168,2023-12-13,P-ELE-007,Electronics,Power Bank 10000mAh,North,Kanpur,SUP-001,5.0,WH-NO-02,,6.0,68.0,,8.83,9091.7,16.1,Yes,No,Winter,Sunny,8325.94,0.0,3.0,315.62,0.257,11
ORD103169,2022-05-20,P-FUR-015,Furniture,Sofa Cushion Set,South,Kochi,SUP-034,8.0,WH-SO-01,39.0,5.0,36.0,145.0,5.07,16470.3,2.8,No,No,Summer,Sunny,15501.85,1.0,4.0,461.0,0.087,3
ORD103170,2022-10-01,P-SPO-012,Sports,Badminton Racket,Central,Bhopal,SUP-016,4.0,WH-CE-03,295.0,8.0,115.0,404.0,14.7,3512.52,3.8,No,No,Autumn,Cloudy,3662.84,0.0,1.0,279.92,0.103,16
ORD103171,2023-07-07,P-FUR-001,Furniture,Wooden Bookshelf,West,Nagpur,SUP-014,13.0,WH-WE-02,157.0,7.0,46.0,184.0,7.29,4955.59,22.1,No,No,Summer,Sunny,4270.38,0.0,2.0,565.93,0.091,13
ORD103172,2021-11-21,P-FUR-005,Furniture,Sofa Cushion Set,East,Guwahati,SUP-015,25.0,WH-EA-03,30.0,5.0,33.0,133.0,5.38,19302.54,15.3,No,No,Autumn,Cloudy,21008.55,0.0,2.0,685.0,0.039,4
ORD103173,2022-05-02,P-SPO-011,Sports,Cricket Bat,East,Guwahati,SUP-024,7.0,WH-EA-03,99.0,19.0,133.0,576.0,19.21,843.96,4.8,Yes,No,Summer,Rainy,943.79,0.0,2.0,275.84,0.161,24
ORD103174,2021-03-04,P-FUR-001,Furniture,Study Table,North,Chandigarh,SUP-020,5.0,WH-NO-04,16.0,5.0,36.0,182.0,5.54,19846.03,15.0,No,No,Spring,Cloudy,22261.65,0.0,1.0,274.77,0.103,8
ORD103175,2024-01-27,P-ELE-015,Electronics,Wireless Earbuds,West,Pune,SUP-022,5.0,WH-WE-01,194.0,13.0,97.0,355.0,11.48,9109.04,28.9,No,,Winter,Sunny,9346.26,,0.0,309.31,0.093,21
ORD103176,2023-01-13,P-SPO-003,Sports,Yoga Mat,East,,SUP-012,4.0,WH-EA-02,151.0,9.0,105.0,340.0,11.49,3916.25,3.4,No,No,Winter,Cloudy,3782.22,0.0,0.0,229.57,0.181,14
ORD103177,2021-10-05,P-GRO-012,Grocery,Toor Dal 1kg,East,Kolkata,SUP-012,11.0,WH-EA-05,551.0,34.0,266.0,928.0,27.23,452.86,11.4,No,No,Autumn,Sunny,439.73,0.0,0.0,317.79,0.054,41
ORD103178,2023-05-21,P-ELE-013,Electronics,LED TV 43in,East,Ranchi,SUP-035,6.0,WH-EA-05,121.0,8.0,42.0,183.0,5.31,910.9,18.8,No,No,Summer,Rainy,931.84,0.0,1.0,260.68,0.049,8
ORD103179,2021-07-28,P-CLO-008,Clothing,Women's Kurti,South,Chennai,SUP-018,6.0,WH-SO-03,243.0,18.0,199.0,735.0,27.04,2277.72,11.3,Yes,No,Autumn,Sunny,2301.33,0.0,1.0,333.06,0.165,39
ORD103180,2024-02-15,P-SPO-013,Sports,Yoga Mat,South,Coimbatore,SUP-039,2.0,WH-SO-02,154.0,18.0,73.0,452.0,14.77,370.27,12.4,No,Yes,Spring,Sunny,359.01,0.0,1.0,377.37,0.075,13
ORD103181,2021-12-04,P-GRO-014,Grocery,Toor Dal 1kg,West,Ahmedabad,SUP-034,6.0,WH-WE-03,650.0,81.0,580.0,2687.0,88.42,361.89,17.1,Yes,No,Winter,Rainy,,0.0,0.0,234.65,0.224,172
ORD103182,2022-01-30,P-CLO-012,Clothing,Denim Jeans,East,Patna,SUP-029,9.0,WH-EA-04,142.0,19.0,93.0,434.0,14.95,485.5,3.8,No,No,Winter,Sunny,475.94,0.0,3.0,524.84,0.057,15
ORD103183,2024-07-03,P-ELE-011,Electronics,Smartwatch,North,Lucknow,SUP-022,8.0,WH-NO-02,142.0,5.0,48.0,240.0,7.65,938.7,8.8,Yes,No,Autumn,Sunny,1046.63,0.0,3.0,465.7,0.017,9
ORD103184,2023-12-22,P-ELE-006,Electronics,Bluetooth Speaker,South,Chennai,SUP-034,4.0,WH-SO-05,,15.0,93.0,380.0,11.01,7484.0,35.2,No,No,Winter,Sunny,7543.83,0.0,0.0,225.53,0.09,17
ORD103185,2023-09-22,P-ELE-005,Electronics,Home Router,Central,Jabalpur,SUP-003,9.0,WH-CE-01,105.0,5.0,49.0,139.0,5.79,8730.28,1.1,No,No,Autumn,Sunny,8756.75,0.0,0.0,364.56,0.118,7
ORD103186,2023-05-30,P-BEA-014,Beauty,Talcum Powder,South,Coimbatore,SUP-020,9.0,WH-SO-04,326.0,20.0,143.0,672.0,21.88,136.0,12.9,No,Yes,Summer,Rainy,141.64,0.0,0.0,242.55,0.267,24
ORD103187,2023-01-30,P-SPO-004,Sports,Running Shoes,South,Coimbatore,SUP-029,7.0,WH-SO-03,394.0,17.0,114.0,548.0,,4915.75,13.7,No,No,Winter,Sunny,5114.37,0.0,0.0,344.92,0.207,26
ORD103188,2021-10-08,P-ELE-007,Electronics,Smartwatch,East,Guwahati,SUP-005,18.0,WH-EA-03,73.0,3.0,31.0,134.0,4.59,10842.54,9.8,No,No,Autumn,Sunny,10717.15,0.0,2.0,539.04,0.055,2
ORD103189,2022-03-15,P-GRO-008,Grocery,Basmati Rice 5kg,West,Ahmedabad,SUP-008,4.0,WH-WE-03,334.0,52.0,215.0,1368.0,42.35,419.42,8.0,Yes,No,,Rainy,438.37,0.0,0.0,255.39,0.038,50
ORD103190,2024-11-07,P-ELE-006,Electronics,Smartwatch,West,Nagpur,SUP-003,4.0,WH-WE-01,245.0,9.0,89.0,313.0,10.71,11488.55,4.1,No,,Autumn,Sunny,12120.47,0.0,0.0,262.23,0.099,12
ORD103191,2024-09-04,P-ELE-006,Electronics,Bluetooth Speaker,West,Pune,SUP-020,23.0,WH-WE-02,237.0,15.0,101.0,355.0,12.78,9118.09,22.2,No,No,Autumn,Sunny,10324.04,0.0,4.0,760.71,0.037,21
ORD103192,2023-11-28,P-CLO-009,Clothing,Denim Jeans,North,Kanpur,SUP-022,10.0,WH-NO-02,269.0,22.0,134.0,760.0,23.47,1522.11,8.0,Yes,No,Autumn,Sunny,1530.79,0.0,1.0,340.17,0.111,29
ORD103193,2024-07-22,P-FUR-005,Furniture,Dining Chair,Central,Indore,SUP-019,12.0,WH-CE-04,65.0,8.0,51.0,235.0,8.97,16397.88,0.7,No,No,Summer,Rainy,15373.56,0.0,0.0,244.75,,4
ORD103194,2024-03-20,P-FUR-015,Furniture,Study Table,Central,Indore,SUP-003,5.0,WH-CE-03,73.0,5.0,36.0,114.0,4.07,9852.64,10.9,Yes,No,Summer,Cloudy,9318.52,0.0,6.0,369.93,0.078,2
ORD103195,2022-08-07,P-GRO-003,Grocery,Wheat Flour 5kg,East,Bhubaneswar,SUP-020,6.0,WH-EA-03,384.0,13.0,187.0,652.0,,503.26,25.3,No,No,Summer,Cloudy,598.59,0.0,0.0,267.4,0.147,29
ORD103196,2023-11-12,P-CLO-006,Clothing,Track Pants,East,Guwahati,SUP-036,6.0,WH-EA-03,531.0,14.0,397.0,1557.0,44.38,1132.59,9.0,No,Yes,Autumn,Cloudy,962.27,0.0,1.0,464.43,0.059,41
ORD103197,2024-01-05,P-ELE-013,Electronics,Home Router,North,Jaipur,SUP-002,11.0,WH-NO-03,98.0,8.0,,,9.92,4838.39,4.0,Yes,No,Winter,Cloudy,4377.8,0.0,2.0,421.49,0.066,9
ORD103198,2021-07-22,P-ELE-008,Electronics,Smartwatch,South,Coimbatore,SUP-032,8.0,WH-SO-01,144.0,8.0,69.0,201.0,7.78,9594.2,7.1,Yes,,Autumn,Rainy,,0.0,1.0,446.71,0.158,8
ORD103199,2024-08-27,P-SPO-011,Sports,Gym Dumbbells 5kg,North,,SUP-011,13.0,WH-NO-05,43.0,9.0,56.0,287.0,9.34,2971.48,,No,No,Autumn,Rainy,2825.25,0.0,0.0,351.87,0.094,8
ORD103200,2022-12-22,P-BEA-010,Beauty,Talcum Powder,North,Delhi,SUP-003,7.0,WH-NO-05,355.0,19.0,177.0,654.0,24.57,507.94,8.3,No,No,Winter,Cloudy,541.21,0.0,1.0,390.38,0.027,30
ORD103201,2022-04-03,P-SPO-005,Sports,Cricket Bat,Central,Jabalpur,SUP-003,9.0,WH-CE-02,216.0,13.0,46.0,272.0,8.82,1089.87,6.6,No,No,Summer,Rainy,1153.64,0.0,0.0,297.77,0.058,11
ORD103202,2022-11-24,P-SPO-012,Sports,Badminton Racket,South,Kochi,SUP-001,12.0,WH-SO-04,269.0,16.0,78.0,311.0,11.98,3985.7,12.2,Yes,No,Autumn,Sunny,3815.22,0.0,4.0,457.52,0.04,13
ORD103203,2022-04-26,P-FUR-004,Furniture,Office Chair,East,Kolkata,SUP-017,,WH-EA-02,16.0,1.0,20.0,71.0,2.81,13942.07,15.4,No,No,Summer,Cloudy,15619.29,1.0,,686.14,0.031,1
ORD103204,2022-05-01,P-SPO-012,Sports,Badminton Racket,South,Kochi,SUP-020,5.0,WH-SO-01,148.0,10.0,84.0,406.0,12.64,4269.26,20.2,Yes,No,Summer,Cloudy,3892.43,0.0,1.0,327.92,0.024,14
ORD103205,2023-03-09,P-GRO-002,Grocery,Masala Mix 200g,South,Chennai,SUP-025,2.0,WH-SO-05,975.0,48.0,331.0,1205.0,42.87,564.9,5.4,No,No,Spring,Sunny,531.58,0.0,0.0,243.43,0.133,51
ORD103206,2024-12-28,P-ELE-011,Electronics,Smartwatch,South,Kochi,SUP-004,9.0,WH-SO-02,,9.0,49.0,266.0,7.87,4489.17,16.0,Yes,No,Winter,Sunny,5053.89,1.0,3.0,520.05,0.095,11
ORD103207,2022-08-20,P-ELE-002,Electronics,Home Router,South,Kochi,SUP-027,11.0,WH-SO-02,73.0,7.0,61.0,203.0,8.68,12409.57,4.1,No,No,Autumn,Sunny,11113.59,0.0,2.0,477.73,0.06,5
ORD103208,2021-11-10,P-ELE-014,Electronics,Smartwatch,East,Guwahati,SUP-030,9.0,WH-EA-03,62.0,10.0,47.0,223.0,7.02,6811.09,12.2,No,No,Autumn,Sunny,7000.1,0.0,0.0,412.82,0.038,9
ORD103209,2024-01-18,P-ELE-010,Electronics,Power Bank 10000mAh,Central,Bhopal,SUP-003,10.0,WH-CE-03,23.0,6.0,54.0,228.0,8.0,13508.37,8.4,No,No,Winter,Rainy,,0.0,0.0,427.3,0.146,8
ORD103210,2022-03-07,P-GRO-001,Grocery,Sunflower Oil 1L,South,Coimbatore,SUP-028,4.0,WH-SO-02,1288.0,58.0,462.0,1884.0,58.52,488.16,5.2,Yes,No,Spring,Sunny,386.65,0.0,0.0,257.9,,54
ORD103211,2023-02-24,P-FUR-002,Furniture,Wooden Bookshelf,Central,Bhopal,SUP-005,11.0,WH-CE-05,38.0,5.0,33.0,148.0,5.15,2992.06,0.3,No,No,Winter,Cloudy,2911.23,0.0,0.0,256.39,0.059,4
ORD103212,2022-01-06,P-BEA-003,Beauty,Moisturizer Cream,West,Pune,SUP-018,18.0,WH-WE-02,224.0,23.0,149.0,694.0,21.79,621.8,6.7,No,No,Winter,Sunny,668.94,0.0,4.0,603.19,0.061,21
ORD103213,2021-11-06,P-CLO-015,Clothing,Track Pants,East,Guwahati,SUP-027,13.0,WH-EA-03,191.0,14.0,113.0,504.0,,1741.64,5.7,No,No,Autumn,Cloudy,1704.01,0.0,1.0,464.61,0.138,15
ORD103214,2022-01-04,P-ELE-009,Electronics,Smartwatch,North,Delhi,SUP-035,3.0,WH-NO-04,285.0,15.0,115.0,400.0,13.2,2616.7,22.2,Yes,Yes,Winter,Sunny,2629.12,0.0,1.0,292.48,0.256,26
ORD103215,2022-06-05,P-BEA-005,Beauty,Herbal Shampoo 200ml,North,Lucknow,SUP-022,11.0,WH-NO-05,51.0,13.0,125.0,606.0,17.86,803.52,5.1,No,No,Summer,Sunny,815.61,0.0,0.0,468.89,0.065,12
ORD103216,2024-10-28,P-GRO-005,Grocery,Sunflower Oil 1L,West,Surat,SUP-018,6.0,WH-WE-03,198.0,39.0,247.0,1063.0,35.22,542.74,24.6,Yes,No,Autumn,Cloudy,556.32,0.0,0.0,369.6,0.123,48
ORD103217,2023-09-08,P-ELE-001,Electronics,Bluetooth Speaker,East,Kolkata,SUP-034,5.0,WH-EA-03,140.0,5.0,42.0,176.0,,10817.73,16.7,No,No,Autumn,Sunny,10120.31,0.0,0.0,313.26,0.128,6
ORD103218,2023-10-14,P-GRO-004,Grocery,Sunflower Oil 1L,South,Chennai,SUP-009,17.0,WH-SO-05,310.0,,302.0,1096.0,40.41,362.13,14.4,No,No,Autumn,Sunny,384.33,0.0,2.0,551.08,0.071,47
ORD103219,2021-03-20,P-GRO-013,Grocery,Sugar 1kg,West,Mumbai,SUP-009,7.0,WH-WE-03,263.0,36.0,253.0,1210.0,38.47,236.14,7.3,No,No,Summer,Cloudy,240.96,0.0,3.0,406.99,0.204,30
ORD103220,2021-01-16,P-GRO-009,Grocery,Instant Noodles Pack,South,Coimbatore,SUP-019,14.0,WH-SO-02,449.0,31.0,190.0,970.0,29.06,418.33,10.9,Yes,No,Winter,Rainy,379.97,0.0,1.0,495.13,0.182,45
ORD103221,2022-05-15,P-BEA-006,Beauty,Talcum Powder,West,Mumbai,SUP-005,9.0,WH-WE-01,186.0,30.0,150.0,735.0,22.97,225.45,6.9,Yes,No,Summer,Cloudy,217.05,0.0,1.0,372.47,0.086,31
ORD103222,2024-07-20,P-BEA-001,Beauty,Herbal Shampoo 200ml,South,Chennai,SUP-001,8.0,WH-SO-02,462.0,28.0,187.0,929.0,26.38,746.02,20.7,No,No,Autumn,Cloudy,661.68,0.0,2.0,333.01,0.177,26
ORD103223,2021-01-24,P-FUR-006,Furniture,Plastic Storage Rack,Central,Raipur,SUP-015,12.0,WH-CE-01,,8.0,52.0,197.0,6.39,18540.7,11.0,No,No,Winter,Cloudy,18857.88,0.0,0.0,449.54,0.131,10
ORD103224,2024-01-25,P-ELE-006,Electronics,Smartwatch,South,Chennai,SUP-007,6.0,WH-SO-02,171.0,5.0,49.0,206.0,7.27,6896.35,2.9,No,No,Winter,Cloudy,7167.05,0.0,1.0,213.81,0.025,6
ORD103225,2024-04-14,P-BEA-002,Beauty,Lipstick Set,North,Lucknow,SUP-026,,WH-NO-03,411.0,22.0,109.0,657.0,19.27,994.34,12.0,No,No,Summer,Cloudy,1011.22,0.0,2.0,402.97,0.049,17
ORD103226,2022-02-10,P-FUR-010,Furniture,Plastic Storage Rack,West,Nagpur,SUP-022,10.0,WH-WE-03,109.0,5.0,27.0,,4.98,5602.52,3.6,Yes,No,Winter,Cloudy,5848.95,2.0,0.0,325.56,0.173,7
ORD103227,2021-06-21,P-ELE-010,Electronics,Smartphone Charger,North,Jaipur,SUP-020,12.0,WH-NO-01,134.0,7.0,59.0,161.0,5.85,2608.78,26.8,No,No,Summer,Cloudy,2636.64,0.0,1.0,363.27,0.045,9
ORD103228,2021-08-13,P-FUR-015,Furniture,Study Table,Central,Bhopal,SUP-020,22.0,WH-CE-03,27.0,3.0,14.0,70.0,2.3,14759.1,15.7,No,No,Summer,Rainy,,,2.0,554.58,0.008,2
ORD103229,2021-04-23,P-CLO-006,Clothing,Formal Shirt,East,Ranchi,SUP-004,8.0,WH-EA-03,317.0,22.0,171.0,512.0,19.0,1608.53,3.5,No,No,Summer,Sunny,1592.07,0.0,2.0,410.35,0.222,25
ORD103230,2024-05-17,P-CLO-005,Clothing,Men's Cotton T-Shirt,North,Chandigarh,SUP-017,7.0,WH-NO-01,230.0,25.0,138.0,646.0,20.43,1149.14,3.0,No,No,Summer,Sunny,1213.66,0.0,0.0,276.12,0.101,20
ORD103231,2024-02-24,P-ELE-013,Electronics,Wireless Earbuds,North,Delhi,SUP-003,10.0,WH-NO-02,126.0,14.0,64.0,307.0,10.7,8738.02,8.2,No,No,Winter,Cloudy,7839.14,0.0,0.0,379.51,0.031,13
ORD103232,2023-09-10,P-CLO-006,Clothing,Kids Winter Jacket,Central,Jabalpur,SUP-015,6.0,WH-CE-04,176.0,7.0,124.0,596.0,17.97,1800.95,5.0,Yes,No,Autumn,Rainy,1599.64,0.0,3.0,415.26,0.067,16
ORD103233,2021-05-11,P-ELE-010,Electronics,Power Bank 10000mAh,East,Patna,SUP-028,7.0,WH-EA-01,111.0,5.0,52.0,213.0,6.76,3808.32,22.7,No,No,Summer,Rainy,3834.71,0.0,0.0,309.04,0.152,11
ORD103234,2024-10-20,P-ELE-012,Electronics,Smartwatch,West,Pune,SUP-040,7.0,WH-WE-02,87.0,9.0,58.0,307.0,8.61,4951.46,2.1,No,No,Autumn,Sunny,5222.59,0.0,1.0,381.57,0.166,10
ORD103235,2023-09-27,P-ELE-014,Electronics,Wireless Earbuds,North,Delhi,SUP-012,8.0,WH-NO-03,111.0,8.0,77.0,297.0,12.03,7278.34,7.3,No,No,Autumn,Cloudy,7117.19,0.0,1.0,,0.205,10
ORD103236,2024-04-24,P-SPO-005,Sports,Skipping Rope,Central,Jabalpur,SUP-011,2.0,WH-CE-01,150.0,12.0,67.0,395.0,12.56,1262.42,5.1,Yes,No,Summer,Stormy,1326.87,0.0,0.0,109.75,0.038,12
ORD103237,2022-07-09,P-GRO-010,Grocery,Sugar 1kg,East,Patna,SUP-027,11.0,WH-EA-04,,,213.0,1019.0,33.52,355.93,21.5,Yes,No,Autumn,Sunny,364.75,0.0,1.0,448.42,0.166,62
ORD103238,2021-10-16,P-GRO-002,Grocery,Wheat Flour 5kg,West,Ahmedabad,SUP-037,8.0,WH-WE-04,636.0,51.0,256.0,1046.0,34.45,80.92,19.5,Yes,No,Autumn,Cloudy,67.66,0.0,1.0,348.45,0.073,55
ORD103239,2024-04-15,P-GRO-012,Grocery,Wheat Flour 5kg,South,Chennai,SUP-012,3.0,WH-SO-02,346.0,,222.0,1188.0,41.34,366.73,25.2,Yes,No,Summer,Sunny,434.89,0.0,0.0,273.88,0.018,60
ORD103240,2021-03-17,P-SPO-001,Sports,Cycling Helmet,North,Kanpur,SUP-034,15.0,WH-NO-02,299.0,17.0,91.0,430.0,13.87,493.9,19.4,No,No,Summer,Rainy,444.17,0.0,0.0,263.76,0.085,15
ORD103241,2021-09-25,P-CLO-011,Clothing,Formal Shirt,Central,Gwalior,SUP-013,17.0,WH-CE-04,67.0,15.0,105.0,346.0,14.38,1455.97,5.3,No,No,Autumn,Sunny,1345.93,0.0,1.0,,0.049,12
ORD103242,2021-08-13,P-SPO-004,Sports,Football,Central,Raipur,SUP-026,7.0,WH-CE-02,117.0,5.0,94.0,272.0,11.36,2765.13,3.4,No,No,Summer,Cloudy,3019.43,1.0,0.0,293.9,0.195,11
ORD103243,2021-05-04,P-GRO-007,Grocery,Wheat Flour 5kg,South,Chennai,SUP-009,6.0,WH-SO-01,223.0,37.0,272.0,1284.0,46.68,,22.5,No,No,Summer,Sunny,280.02,0.0,1.0,338.49,0.158,33
ORD103244,2023-03-17,P-ELE-002,Electronics,LED TV 43in,Central,Gwalior,SUP-011,10.0,WH-CE-01,124.0,4.0,73.0,191.0,7.96,5973.92,8.8,Yes,No,Summer,Sunny,5606.97,0.0,0.0,411.58,0.152,10
ORD103245,2021-11-30,P-CLO-011,Clothing,Formal Shirt,North,Chandigarh,SUP-040,12.0,WH-NO-01,606.0,31.0,197.0,822.0,26.39,671.81,20.0,No,No,Autumn,Sunny,646.57,1.0,0.0,341.79,0.059,46
ORD103246,2024-11-12,P-GRO-008,Grocery,Wheat Flour 5kg,North,Kanpur,SUP-016,6.0,WH-NO-05,302.0,64.0,361.0,,62.51,253.26,21.2,,Yes,Autumn,Sunny,235.42,0.0,0.0,163.74,0.15,88
ORD103247,2024-09-23,P-BEA-010,Beauty,Sunscreen Lotion,North,Jaipur,SUP-001,7.0,WH-NO-05,530.0,35.0,235.0,979.0,32.89,1100.5,8.0,No,No,Autumn,,1030.04,0.0,0.0,248.3,0.054,44
ORD103248,2021-09-04,P-SPO-006,Sports,Yoga Mat,South,Bengaluru,SUP-031,15.0,WH-SO-03,264.0,15.0,79.0,391.0,12.69,3310.66,10.5,Yes,No,Autumn,Sunny,3519.71,0.0,1.0,444.26,0.033,26
ORD103249,2024-04-26,P-CLO-001,Clothing,Cotton Saree,North,Kanpur,SUP-006,16.0,WH-NO-05,381.0,21.0,129.0,711.0,24.12,1685.63,11.3,No,No,Summer,Sunny,1618.46,0.0,1.0,504.23,0.042,23
ORD103250,2021-02-27,P-SPO-009,Sports,Badminton Racket,South,Bengaluru,SUP-005,7.0,WH-SO-04,386.0,10.0,117.0,547.0,17.12,1090.84,10.1,No,No,Winter,Rainy,997.6,0.0,1.0,365.77,0.047,12
ORD103251,2022-02-22,P-CLO-011,Clothing,Woolen Sweater,North,Lucknow,SUP-034,6.0,WH-NO-03,325.0,20.0,159.0,660.0,23.15,310.03,1.8,No,No,Spring,Sunny,291.18,0.0,8.0,539.66,,18
ORD103252,2023-08-23,P-GRO-010,Grocery,Instant Noodles Pack,West,Ahmedabad,SUP-014,5.0,WH-WE-04,498.0,50.0,,1295.0,43.54,448.45,11.0,No,No,Summer,Cloudy,442.88,0.0,1.0,374.66,0.104,38
ORD103253,2021-10-29,P-CLO-004,Clothing,Denim Jeans,West,,SUP-006,9.0,WH-WE-03,152.0,13.0,154.0,730.0,25.7,2101.72,4.2,No,No,Autumn,Sunny,1975.77,0.0,,242.35,0.047,19
ORD103254,2021-04-24,P-ELE-011,Electronics,Wireless Earbuds,West,Nagpur,SUP-040,5.0,WH-WE-05,111.0,8.0,46.0,245.0,7.49,6319.76,12.4,No,No,Summer,,6164.05,0.0,0.0,424.46,0.007,7
ORD103255,2021-08-18,P-BEA-009,Beauty,Sunscreen Lotion,North,Kanpur,SUP-012,13.0,WH-NO-05,220.0,18.0,228.0,740.0,28.57,1089.74,10.9,No,No,Autumn,Cloudy,1120.09,0.0,1.0,421.62,0.056,30
ORD103256,2023-08-21,P-ELE-004,Electronics,LED TV 43in,West,Mumbai,SUP-026,6.0,WH-WE-05,241.0,16.0,107.0,426.0,13.72,6437.8,12.4,No,No,Autumn,Sunny,6190.17,0.0,0.0,218.71,0.183,21
ORD103257,2021-11-20,P-GRO-002,Grocery,Masala Mix 200g,South,Chennai,SUP-011,4.0,WH-SO-03,1236.0,39.0,364.0,2209.0,63.98,536.81,4.9,Yes,No,Autumn,Cloudy,499.89,0.0,2.0,312.62,0.141,53
ORD103258,2021-12-26,P-CLO-005,Clothing,Formal Shirt,West,,SUP-024,3.0,WH-WE-03,270.0,29.0,121.0,723.0,23.08,2289.59,31.8,No,No,Winter,,2161.96,8.0,0.0,184.97,0.218,20
ORD103259,2021-10-27,P-ELE-001,Electronics,LED TV 43in,East,Guwahati,SUP-028,6.0,WH-EA-01,177.0,7.0,72.0,348.0,12.38,1041.02,10.0,No,No,Autumn,Sunny,1156.96,0.0,1.0,274.06,0.018,13
ORD103260,2024-07-12,P-ELE-011,Electronics,LED TV 43in,South,Hyderabad,SUP-031,6.0,WH-SO-04,164.0,6.0,73.0,274.0,8.87,6015.86,17.3,No,No,Summer,Sunny,7062.59,0.0,0.0,333.58,0.074,8
ORD103261,2024-07-21,P-FUR-001,Furniture,Dining Chair,North,Jaipur,SUP-017,6.0,WH-NO-01,97.0,8.0,27.0,192.0,6.87,16328.33,11.3,Yes,No,Autumn,Cloudy,16388.57,0.0,0.0,352.47,0.128,9
ORD103262,2024-03-22,P-ELE-001,Electronics,Wireless Earbuds,West,Mumbai,SUP-025,9.0,WH-WE-03,82.0,9.0,60.0,310.0,9.35,6387.77,11.2,Yes,No,Spring,Cloudy,6758.21,0.0,0.0,312.79,0.082,10
ORD103263,2021-01-30,P-CLO-003,Clothing,Woolen Sweater,Central,Raipur,SUP-034,11.0,WH-CE-01,509.0,10.0,193.0,756.0,24.17,425.36,16.1,No,No,Winter,Sunny,393.38,0.0,2.0,432.75,0.015,24
ORD103264,2022-01-02,P-GRO-005,Grocery,Sunflower Oil 1L,West,,SUP-034,,WH-WE-03,1067.0,59.0,351.0,,48.71,158.43,26.5,No,No,Winter,Rainy,150.95,,0.0,350.65,0.049,50
ORD103265,2024-07-09,P-GRO-001,Grocery,Instant Noodles Pack,Central,Indore,SUP-030,6.0,WH-CE-04,431.0,10.0,193.0,962.0,28.16,487.19,1.7,No,No,Autumn,Sunny,504.73,0.0,1.0,393.11,0.014,24
ORD103266,2023-03-21,P-ELE-010,Electronics,Smartwatch,Central,Gwalior,SUP-016,8.0,WH-CE-02,38.0,8.0,70.0,266.0,8.82,9216.84,9.2,Yes,No,Spring,Cloudy,,0.0,0.0,287.43,0.119,6
ORD103267,2021-03-02,P-BEA-002,Beauty,Sunscreen Lotion,North,Delhi,SUP-022,,WH-NO-04,,33.0,138.0,521.0,20.41,670.32,0.6,No,No,Spring,Sunny,711.75,0.0,1.0,,0.093,21
ORD103268,2021-12-30,P-SPO-013,Sports,Football,West,Mumbai,SUP-039,9.0,WH-WE-02,417.0,,110.0,517.0,17.16,2939.55,11.6,Yes,No,Winter,,2806.78,0.0,1.0,386.19,0.047,24
ORD103269,2024-04-23,P-ELE-009,Electronics,Laptop Stand,South,Hyderabad,SUP-010,22.0,WH-SO-02,122.0,5.0,47.0,176.0,6.05,7629.03,26.1,Yes,No,Summer,Cloudy,6971.18,0.0,1.0,538.52,0.024,8
ORD103270,2024-07-08,P-SPO-002,Sports,Running Shoes,East,Guwahati,SUP-028,8.0,WH-EA-01,288.0,14.0,132.0,436.0,14.61,2774.04,9.4,Yes,No,Autumn,Cloudy,2860.18,1.0,1.0,293.02,0.059,25
ORD103271,2022-09-15,P-CLO-007,Clothing,Formal Shirt,North,Chandigarh,SUP-032,6.0,WH-NO-01,198.0,9.0,60.0,409.0,13.01,,10.8,Yes,No,Autumn,Rainy,923.28,0.0,0.0,392.32,0.01,16
ORD103272,2021-08-10,P-FUR-003,Furniture,Plastic Storage Rack,Central,Bhopal,SUP-020,,WH-CE-02,39.0,4.0,24.0,126.0,3.94,19437.15,18.0,Yes,No,Summer,Cloudy,18950.42,0.0,24.0,464.86,0.026,6
ORD103273,2021-04-23,P-FUR-015,Furniture,Foldable Bed,West,Surat,SUP-035,4.0,WH-WE-01,29.0,7.0,29.0,114.0,4.29,16740.46,21.2,No,No,Summer,Rainy,17131.7,0.0,1.0,297.05,0.198,2
ORD103274,2021-11-26,P-FUR-009,Furniture,Plastic Storage Rack,South,,SUP-018,8.0,WH-SO-05,62.0,4.0,29.0,137.0,4.57,16633.8,10.3,No,No,Autumn,Stormy,17237.52,1.0,2.0,463.32,0.041,5
ORD103275,2024-03-13,P-BEA-013,Beauty,Talcum Powder,South,Coimbatore,SUP-034,15.0,WH-SO-04,95.0,19.0,178.0,739.0,25.19,1089.17,14.1,No,No,Summer,Stormy,1110.08,0.0,0.0,436.04,0.077,17
ORD103276,2024-04-22,P-CLO-006,Clothing,Men's Cotton T-Shirt,South,Chennai,SUP-026,4.0,WH-SO-02,408.0,20.0,123.0,537.0,17.58,535.34,8.8,No,No,Summer,Sunny,492.65,0.0,0.0,236.27,0.075,16
ORD103277,2022-01-10,P-CLO-003,Clothing,Denim Jeans,West,Nagpur,SUP-003,9.0,WH-WE-05,221.0,35.0,164.0,892.0,28.63,1986.61,5.0,No,No,Winter,Sunny,2022.13,0.0,2.0,325.46,0.123,34
ORD103278,2024-11-28,P-GRO-004,Grocery,Instant Noodles Pack,Central,Indore,SUP-033,6.0,WH-CE-02,467.0,32.0,234.0,914.0,30.77,143.28,2.6,No,No,Autumn,Cloudy,145.39,0.0,0.0,211.16,0.156,34
ORD103279,2024-07-06,P-ELE-007,Electronics,Power Bank 10000mAh,South,Kochi,SUP-028,6.0,WH-SO-03,175.0,9.0,69.0,265.0,10.1,3250.1,26.8,No,No,Autumn,Sunny,2540.36,0.0,1.0,379.14,0.088,11
ORD103280,2024-12-13,P-FUR-012,Furniture,Wooden Bookshelf,South,Chennai,SUP-009,5.0,WH-SO-04,46.0,6.0,,153.0,5.16,14549.6,18.0,Yes,No,Winter,Rainy,15547.79,1.0,5.0,439.1,0.058,6
ORD103281,2024-01-05,P-ELE-007,Electronics,Smartwatch,East,Guwahati,SUP-029,10.0,WH-EA-04,229.0,6.0,81.0,333.0,9.98,9148.36,22.3,Yes,No,Winter,Sunny,8047.88,0.0,3.0,412.21,0.042,11
ORD103282,2023-04-18,P-GRO-014,Grocery,Basmati Rice 5kg,South,Hyderabad,SUP-021,4.0,WH-SO-01,169.0,36.0,287.0,1124.0,42.31,367.05,10.0,Yes,No,Summer,Rainy,370.82,0.0,1.0,341.84,0.086,30
ORD103283,2024-12-05,P-ELE-006,Electronics,Smartphone Charger,East,Kolkata,SUP-038,11.0,WH-EA-02,178.0,3.0,71.0,321.0,9.44,1298.18,19.6,No,No,Winter,Sunny,1455.81,0.0,0.0,342.83,0.019,14
ORD103284,2023-10-04,P-ELE-004,Electronics,Home Router,North,Delhi,SUP-013,3.0,WH-NO-02,148.0,11.0,51.0,278.0,11.17,5532.47,5.2,No,No,Autumn,Rainy,5424.56,0.0,0.0,215.9,0.026,10
ORD103285,2024-04-30,P-FUR-008,Furniture,Sofa Cushion Set,North,Chandigarh,SUP-011,12.0,WH-NO-03,57.0,6.0,33.0,209.0,6.84,12167.96,22.2,No,No,Summer,Cloudy,11149.64,2.0,1.0,335.06,,5
ORD103286,2022-08-12,P-FUR-002,Furniture,Study Table,South,Bengaluru,SUP-003,6.0,WH-SO-05,75.0,9.0,55.0,188.0,6.71,2274.84,7.2,No,No,Autumn,Sunny,2376.6,0.0,0.0,217.84,0.028,8
ORD103287,2021-12-19,P-CLO-011,Clothing,Track Pants,Central,Gwalior,SUP-032,6.0,WH-CE-03,107.0,,126.0,549.0,18.38,409.86,11.0,No,No,Winter,Cloudy,455.83,0.0,,328.93,0.088,19
ORD103288,2023-04-18,P-ELE-002,Electronics,Bluetooth Speaker,South,Bengaluru,SUP-040,10.0,WH-SO-03,39.0,16.0,101.0,391.0,12.18,9605.62,1.8,Yes,No,Summer,Cloudy,8753.71,0.0,4.0,502.93,0.024,12
ORD103289,2022-08-21,P-CLO-010,Clothing,Kids Winter Jacket,South,Hyderabad,SUP-028,15.0,WH-SO-01,393.0,21.0,185.0,742.0,22.69,1467.5,21.4,No,No,Autumn,Rainy,1190.48,0.0,1.0,441.0,0.104,21
ORD103290,2022-05-28,P-GRO-006,Grocery,Instant Noodles Pack,West,Pune,SUP-015,11.0,WH-WE-03,133.0,45.0,205.0,1286.0,38.11,516.51,10.4,No,No,Summer,Cloudy,565.38,0.0,2.0,537.34,0.092,33
ORD103291,2023-10-15,P-BEA-006,Beauty,Body Lotion 400ml,Central,Bhopal,SUP-036,10.0,WH-CE-03,630.0,32.0,199.0,653.0,25.87,691.37,4.2,Yes,No,Autumn,Cloudy,738.61,0.0,2.0,427.0,0.116,39
ORD103292,2023-06-12,P-CLO-010,Clothing,Women's Kurti,South,Chennai,SUP-011,11.0,WH-SO-04,,29.0,175.0,771.0,28.29,1123.48,16.1,,No,Autumn,Sunny,1158.07,0.0,3.0,504.82,0.029,27
ORD103293,2022-04-07,P-CLO-011,Clothing,Denim Jeans,North,Chandigarh,SUP-028,11.0,WH-NO-05,466.0,21.0,131.0,552.0,19.59,1939.45,6.2,Yes,No,Summer,Cloudy,1660.2,1.0,1.0,327.25,0.079,21
ORD103294,2021-12-19,P-CLO-014,Clothing,Denim Jeans,West,Pune,SUP-024,5.0,WH-WE-03,649.0,23.0,157.0,768.0,27.8,1688.05,6.0,No,No,Winter,Sunny,1768.76,0.0,0.0,262.83,0.053,39
ORD103295,2023-03-10,P-SPO-005,Sports,Cycling Helmet,South,Chennai,SUP-035,9.0,WH-SO-01,179.0,21.0,125.0,484.0,15.53,4358.91,20.7,No,No,Summer,Stormy,4719.32,,0.0,318.91,0.102,18
ORD103296,2022-04-23,P-BEA-013,Beauty,Body Lotion 400ml,West,Pune,SUP-039,16.0,WH-WE-05,455.0,49.0,204.0,877.0,27.17,180.69,3.6,,No,Summer,Cloudy,211.86,0.0,1.0,444.95,0.028,44
ORD103297,2021-12-14,P-CLO-013,Clothing,Cotton Saree,South,Chennai,SUP-015,6.0,WH-SO-03,236.0,11.0,126.0,479.0,19.71,1474.42,8.4,Yes,Yes,Winter,Rainy,1441.22,0.0,0.0,414.47,0.053,23
ORD103298,2021-11-21,P-CLO-015,Clothing,Men's Cotton T-Shirt,North,Chandigarh,SUP-004,6.0,WH-NO-03,158.0,16.0,98.0,420.0,15.79,1382.87,7.8,Yes,No,Autumn,,1400.47,0.0,0.0,276.07,0.02,19
ORD103299,2023-08-27,P-ELE-015,Electronics,Power Bank 10000mAh,South,Kochi,SUP-007,5.0,WH-SO-05,210.0,8.0,66.0,247.0,8.42,9660.55,1.3,Yes,No,Summer,Sunny,7996.87,0.0,0.0,289.18,0.205,10
ORD103300,2022-08-30,P-SPO-012,Sports,Gym Dumbbells 5kg,West,Ahmedabad,SUP-030,17.0,WH-WE-03,342.0,17.0,95.0,458.0,15.34,4134.4,3.3,No,No,Autumn,Sunny,4454.69,0.0,2.0,567.52,0.091,19
ORD103301,2022-05-15,P-GRO-005,Grocery,Wheat Flour 5kg,South,Hyderabad,SUP-015,10.0,WH-SO-04,,16.0,192.0,1043.0,30.12,548.21,16.1,No,No,Summer,Sunny,589.62,0.0,0.0,338.83,0.062,36
ORD103302,2021-06-18,P-GRO-011,Grocery,Toor Dal 1kg,North,Jaipur,SUP-006,9.0,WH-NO-05,1896.0,16.0,142.0,599.0,22.86,219.64,3.3,Yes,No,Summer,Sunny,226.74,0.0,1.0,371.77,0.077,23
ORD103303,2021-03-22,P-SPO-012,Sports,Badminton Racket,South,Hyderabad,SUP-033,6.0,WH-SO-03,247.0,21.0,84.0,382.0,13.51,920.2,8.5,Yes,No,Summer,Sunny,1007.63,0.0,0.0,336.41,0.003,17
ORD103304,2023-10-13,P-FUR-005,Furniture,Wooden Bookshelf,West,Nagpur,SUP-026,7.0,WH-WE-05,41.0,9.0,49.0,214.0,6.34,19495.01,10.4,Yes,No,Autumn,Rainy,18275.75,0.0,1.0,261.78,0.054,11
ORD103305,2024-11-14,P-ELE-013,Electronics,Home Router,North,Chandigarh,SUP-006,18.0,WH-NO-01,183.0,6.0,83.0,325.0,11.47,3361.83,13.2,No,No,Autumn,Cloudy,3303.16,0.0,1.0,601.88,0.132,13
ORD103306,2022-04-20,P-ELE-011,Electronics,Home Router,West,Pune,SUP-029,5.0,WH-WE-05,121.0,25.0,100.0,502.0,15.66,5616.49,14.8,No,No,Summer,Cloudy,5536.03,0.0,1.0,335.88,0.165,17
ORD103307,2024-05-17,P-ELE-008,Electronics,Wireless Earbuds,West,Ahmedabad,SUP-026,5.0,WH-WE-05,70.0,5.0,41.0,196.0,6.88,7299.3,10.5,No,No,Summer,Cloudy,7941.18,1.0,2.0,443.59,0.101,7
ORD103308,2023-05-29,P-CLO-013,Clothing,Woolen Sweater,South,Coimbatore,SUP-040,8.0,WH-SO-01,174.0,28.0,158.0,658.0,22.64,1993.8,16.4,No,No,Summer,Sunny,2172.71,0.0,3.0,477.94,,33
ORD103309,2022-03-20,P-ELE-002,Electronics,Bluetooth Speaker,Central,Indore,SUP-040,12.0,WH-CE-01,159.0,13.0,87.0,408.0,12.94,6642.29,11.6,No,No,Summer,Sunny,6811.11,0.0,0.0,272.26,0.058,13
ORD103310,2023-04-09,P-SPO-011,Sports,Skipping Rope,West,Pune,SUP-040,11.0,WH-WE-01,143.0,11.0,81.0,303.0,10.42,3622.99,5.5,No,No,Summer,Sunny,3699.89,0.0,1.0,351.09,0.208,12
ORD103311,2021-07-09,P-SPO-012,Sports,Skipping Rope,South,Hyderabad,SUP-036,9.0,WH-SO-02,187.0,12.0,71.0,314.0,11.37,2663.48,11.1,Yes,No,Autumn,Rainy,2780.87,0.0,0.0,309.44,0.054,15
ORD103312,2022-05-09,P-CLO-001,Clothing,Kids Winter Jacket,North,Kanpur,SUP-032,12.0,WH-NO-05,324.0,33.0,189.0,809.0,25.3,1323.74,12.0,No,No,Summer,Cloudy,1288.1,0.0,,369.71,0.037,25
ORD103313,2023-12-11,P-FUR-007,Furniture,Sofa Cushion Set,South,Chennai,SUP-027,11.0,WH-SO-01,147.0,6.0,45.0,180.0,6.63,9805.96,9.0,No,No,Winter,Sunny,10874.18,0.0,0.0,352.47,0.032,11
ORD103314,2024-05-28,P-GRO-008,Grocery,Sugar 1kg,North,Chandigarh,SUP-022,12.0,WH-NO-01,206.0,65.0,302.0,1328.0,41.34,500.38,16.8,No,No,Summer,Cloudy,482.29,0.0,0.0,306.76,0.098,32
ORD103315,2021-11-19,P-ELE-004,Electronics,Power Bank 10000mAh,East,Guwahati,SUP-032,9.0,WH-EA-03,102.0,12.0,81.0,266.0,9.25,10532.84,15.8,Yes,No,Autumn,Cloudy,10894.79,0.0,1.0,354.6,0.065,21
ORD103316,2024-08-23,P-BEA-014,Beauty,Lipstick Set,Central,Gwalior,SUP-039,9.0,WH-CE-02,688.0,28.0,208.0,839.0,30.94,1171.04,4.3,No,Yes,Autumn,,1115.18,0.0,0.0,280.85,0.237,38
ORD103317,2023-06-04,P-ELE-010,Electronics,Laptop Stand,West,Mumbai,SUP-005,12.0,WH-WE-04,46.0,12.0,104.0,364.0,11.25,11310.67,1.0,No,No,Autumn,Sunny,12167.41,0.0,4.0,526.45,0.048,11
ORD103318,2021-12-01,P-ELE-005,Electronics,Home Router,South,Chennai,SUP-006,9.0,WH-SO-04,237.0,12.0,79.0,331.0,11.6,1380.22,20.7,,No,Winter,Sunny,1369.22,0.0,1.0,444.2,0.025,17
ORD103319,2024-02-13,P-GRO-007,Grocery,Masala Mix 200g,South,Kochi,SUP-020,5.0,WH-SO-05,84.0,25.0,168.0,,28.53,533.33,13.7,No,No,Spring,Rainy,621.5,,0.0,227.91,0.212,21
ORD103320,2024-07-11,P-ELE-002,Electronics,Smartphone Charger,North,Kanpur,SUP-012,10.0,WH-NO-03,137.0,11.0,102.0,282.0,11.81,11382.8,5.6,No,No,Autumn,,11267.65,0.0,2.0,440.75,0.079,9
ORD103321,2022-02-03,P-CLO-002,Clothing,Formal Shirt,East,Guwahati,SUP-022,10.0,WH-EA-03,525.0,30.0,213.0,631.0,23.95,1194.57,25.4,No,No,Spring,Cloudy,1284.15,0.0,1.0,333.94,0.104,28
ORD103322,2021-06-04,P-FUR-012,Furniture,Foldable Bed,North,Delhi,SUP-013,7.0,WH-NO-01,53.0,9.0,44.0,242.0,7.27,16240.58,16.0,Yes,No,Summer,Sunny,15421.41,0.0,0.0,335.38,0.048,11
ORD103323,2022-02-20,P-BEA-015,Beauty,Sunscreen Lotion,Central,Raipur,SUP-032,17.0,WH-CE-05,135.0,18.0,131.0,645.0,21.19,102.87,10.2,No,No,Spring,Sunny,100.34,,0.0,413.85,0.081,15
ORD103324,2024-01-11,P-FUR-005,Furniture,Sofa Cushion Set,West,Mumbai,SUP-036,7.0,WH-WE-02,97.0,11.0,83.0,353.0,10.6,8479.78,7.6,Yes,No,Winter,Sunny,8451.26,0.0,1.0,367.82,0.116,14
ORD103325,2021-04-01,P-BEA-004,Beauty,Body Lotion 400ml,North,Lucknow,SUP-012,11.0,WH-NO-03,286.0,18.0,193.0,751.0,25.41,414.37,12.7,No,No,Summer,Sunny,426.02,0.0,1.0,287.91,0.06,26
ORD103326,2022-02-27,P-GRO-011,Grocery,Tea Powder 500g,West,Nagpur,SUP-031,9.0,WH-WE-05,867.0,78.0,317.0,1552.0,51.59,145.03,22.7,Yes,No,Spring,Cloudy,136.37,0.0,0.0,252.72,0.268,67
ORD103327,2022-04-13,P-BEA-008,Beauty,Hair Oil 250ml,East,Patna,SUP-005,6.0,WH-EA-04,429.0,39.0,192.0,1106.0,31.75,151.02,17.1,No,No,Summer,Sunny,144.12,0.0,0.0,318.35,0.143,36
ORD103328,2021-01-25,P-CLO-003,Clothing,Woolen Sweater,West,Mumbai,SUP-032,5.0,WH-WE-04,470.0,21.0,,,21.74,306.96,12.3,No,No,Winter,Sunny,309.15,0.0,0.0,348.5,0.013,27
ORD103329,2023-05-23,P-GRO-011,Grocery,Basmati Rice 5kg,South,Coimbatore,SUP-028,11.0,WH-SO-01,1282.0,59.0,385.0,1952.0,56.1,261.6,,No,No,Summer,,269.94,0.0,1.0,461.44,0.228,59
ORD103330,2024-03-23,P-SPO-004,Sports,Running Shoes,North,Jaipur,SUP-029,12.0,WH-NO-04,215.0,12.0,76.0,284.0,9.97,2491.41,7.0,No,No,Summer,Sunny,2484.17,0.0,5.0,592.28,0.106,12
ORD103331,2021-08-16,P-GRO-002,Grocery,Wheat Flour 5kg,East,,SUP-020,15.0,WH-EA-01,567.0,23.0,203.0,776.0,26.65,476.94,9.0,No,No,Summer,Cloudy,470.09,0.0,2.0,464.32,0.187,31
ORD103332,2024-07-19,P-ELE-007,Electronics,Home Router,North,Kanpur,SUP-005,6.0,WH-NO-04,153.0,7.0,58.0,199.0,7.23,13274.77,34.8,No,No,Autumn,,11865.12,0.0,0.0,212.84,0.114,6
ORD103333,2024-10-24,P-GRO-012,Grocery,Tea Powder 500g,East,Guwahati,SUP-034,4.0,WH-EA-03,289.0,31.0,123.0,798.0,25.31,58.1,,No,Yes,Autumn,Cloudy,60.43,0.0,0.0,248.34,0.02,32
ORD103334,2024-06-26,P-GRO-008,Grocery,Tea Powder 500g,North,Jaipur,SUP-005,2.0,WH-NO-03,718.0,22.0,303.0,918.0,33.8,394.17,6.7,No,No,Autumn,Stormy,420.75,0.0,0.0,163.33,0.055,38
ORD103335,2023-11-22,P-GRO-010,Grocery,Instant Noodles Pack,West,Nagpur,SUP-020,12.0,WH-WE-04,348.0,53.0,341.0,1579.0,45.19,278.05,20.6,No,No,Autumn,Cloudy,299.43,0.0,3.0,469.55,0.182,48
ORD103336,2022-10-17,P-CLO-004,Clothing,Women's Kurti,West,Pune,SUP-007,12.0,WH-WE-04,481.0,37.0,138.0,527.0,21.09,854.25,11.8,Yes,No,Autumn,Rainy,864.51,0.0,,484.72,0.153,28
ORD103337,2021-10-25,P-SPO-008,Sports,Gym Dumbbells 5kg,North,Chandigarh,SUP-034,10.0,WH-NO-02,220.0,5.0,69.0,301.0,10.08,1062.98,20.8,No,No,Autumn,Cloudy,1011.67,0.0,1.0,351.9,0.029,13
ORD103338,2024-08-26,P-GRO-011,Grocery,Instant Noodles Pack,South,Hyderabad,SUP-023,6.0,WH-SO-02,409.0,28.0,168.0,614.0,21.82,334.63,22.4,Yes,No,Summer,Rainy,326.02,0.0,1.0,301.13,0.094,28
ORD103339,2023-02-15,P-CLO-008,Clothing,Track Pants,West,Surat,SUP-021,13.0,WH-WE-03,390.0,13.0,,605.0,19.73,1082.2,5.6,No,No,Winter,Sunny,1095.56,0.0,3.0,499.82,0.097,25
ORD103340,2022-10-23,P-GRO-004,Grocery,Sunflower Oil 1L,North,Chandigarh,SUP-013,8.0,WH-NO-01,767.0,19.0,,903.0,32.7,280.1,8.0,,No,Autumn,,279.68,0.0,0.0,343.99,0.119,41
ORD103341,2022-07-26,P-BEA-015,Beauty,Body Lotion 400ml,East,Bhubaneswar,SUP-032,2.0,WH-EA-02,735.0,31.0,241.0,1069.0,34.98,698.03,0.9,No,No,Autumn,Sunny,650.83,0.0,1.0,247.76,0.045,33
ORD103342,2021-11-15,P-ELE-002,Electronics,Smartphone Charger,West,Mumbai,SUP-009,7.0,WH-WE-01,164.0,12.0,88.0,313.0,10.07,13777.46,3.0,No,No,Autumn,Cloudy,11923.18,0.0,0.0,375.24,0.086,12
ORD103343,2022-07-13,P-ELE-014,Electronics,LED TV 43in,South,Coimbatore,SUP-029,18.0,WH-SO-03,358.0,18.0,110.0,473.0,15.01,1594.94,3.8,No,No,Autumn,Sunny,1524.05,1.0,1.0,554.45,0.103,11
ORD103344,2024-03-12,P-CLO-011,Clothing,Track Pants,West,Mumbai,SUP-039,9.0,WH-WE-02,216.0,18.0,149.0,639.0,18.17,1552.2,4.9,No,No,Summer,Stormy,1517.82,0.0,0.0,406.26,0.219,20
ORD103345,2023-03-30,P-FUR-002,Furniture,Foldable Bed,East,Bhubaneswar,SUP-011,4.0,WH-EA-02,130.0,4.0,54.0,174.0,5.85,9937.11,7.3,No,No,Spring,Cloudy,10182.88,0.0,0.0,280.62,0.108,8
ORD103346,2022-08-01,P-BEA-004,Beauty,Sunscreen Lotion,East,Bhubaneswar,SUP-028,7.0,WH-EA-05,415.0,21.0,177.0,642.0,22.1,724.18,17.7,,No,Summer,Sunny,700.45,0.0,1.0,436.37,0.058,26
ORD103347,2021-06-08,P-CLO-006,Clothing,Kids Winter Jacket,North,Jaipur,SUP-013,16.0,WH-NO-01,379.0,7.0,119.0,475.0,16.21,1764.71,12.6,Yes,No,Summer,Cloudy,1729.2,0.0,0.0,449.47,0.215,16
ORD103348,2022-08-30,P-BEA-015,Beauty,Talcum Powder,North,Chandigarh,SUP-038,6.0,WH-NO-01,218.0,32.0,131.0,660.0,25.86,801.72,10.2,No,No,Summer,Rainy,808.88,0.0,0.0,318.67,0.085,20
ORD103349,2021-11-11,P-GRO-008,Grocery,Sunflower Oil 1L,North,Delhi,SUP-036,7.0,WH-NO-02,418.0,34.0,252.0,1259.0,38.39,157.46,14.7,No,No,Autumn,Rainy,177.19,0.0,7.0,485.96,0.049,47
ORD103350,2022-08-05,P-ELE-004,Electronics,LED TV 43in,Central,Raipur,SUP-013,15.0,WH-CE-01,,9.0,61.0,179.0,6.62,13348.76,6.7,Yes,No,Summer,Cloudy,13171.09,0.0,,485.95,0.203,10
ORD103351,2021-08-07,P-ELE-014,Electronics,Bluetooth Speaker,West,Pune,SUP-010,8.0,WH-WE-05,123.0,5.0,47.0,211.0,6.38,3124.62,,No,No,Summer,Sunny,2737.5,0.0,0.0,354.84,0.206,8
ORD103352,2024-10-16,P-ELE-002,Electronics,Power Bank 10000mAh,West,Pune,SUP-004,14.0,WH-WE-05,247.0,19.0,93.0,451.0,16.56,5604.51,28.6,No,No,Autumn,Rainy,5297.6,0.0,1.0,472.61,0.065,21
ORD103353,2021-09-12,P-GRO-013,Grocery,Tea Powder 500g,North,Lucknow,SUP-028,6.0,WH-NO-05,324.0,22.0,314.0,1153.0,46.3,241.65,16.5,No,No,Autumn,Rainy,276.6,,1.0,379.32,0.068,40
ORD103354,2021-07-01,P-CLO-013,Clothing,Cotton Saree,East,Kolkata,SUP-037,8.0,WH-EA-04,148.0,18.0,74.0,292.0,12.88,2416.07,7.6,No,No,Summer,Rainy,2693.27,0.0,1.0,377.77,0.041,12
ORD103355,2023-08-16,P-GRO-006,Grocery,Instant Noodles Pack,West,Nagpur,SUP-006,7.0,WH-WE-01,997.0,53.0,304.0,1516.0,46.59,523.58,8.5,No,No,Summer,Cloudy,562.94,0.0,0.0,297.09,0.023,88
ORD103356,2022-05-18,P-CLO-001,Clothing,Woolen Sweater,West,Pune,SUP-033,3.0,WH-WE-03,322.0,18.0,131.0,673.0,19.93,872.56,9.0,No,No,Summer,Sunny,921.53,0.0,0.0,321.85,0.132,23
ORD103357,2024-12-26,P-CLO-014,Clothing,Formal Shirt,North,Chandigarh,SUP-031,7.0,WH-NO-01,549.0,27.0,197.0,958.0,30.85,1474.93,6.6,Yes,No,Winter,Stormy,1559.06,0.0,0.0,237.83,0.026,24
ORD103358,2022-08-14,P-FUR-015,Furniture,Plastic Storage Rack,West,Nagpur,SUP-019,5.0,WH-WE-02,31.0,5.0,42.0,158.0,5.88,10053.48,20.7,No,No,Autumn,Sunny,9861.28,0.0,2.0,399.59,0.009,5
ORD103359,2023-08-10,P-FUR-006,Furniture,Study Table,North,Lucknow,SUP-009,7.0,WH-NO-03,81.0,6.0,28.0,151.0,5.71,19815.15,2.3,No,No,Autumn,Sunny,21190.0,1.0,,341.43,0.118,3
ORD103360,2024-05-03,P-GRO-003,Grocery,Basmati Rice 5kg,North,Kanpur,SUP-027,6.0,WH-NO-04,737.0,17.0,254.0,942.0,33.0,386.03,3.9,No,No,Summer,Cloudy,414.02,,2.0,393.48,0.05,30
ORD103361,2024-12-09,P-GRO-005,Grocery,Toor Dal 1kg,Central,Raipur,SUP-024,13.0,WH-CE-02,878.0,35.0,328.0,1260.0,38.59,312.49,10.7,No,No,Winter,Cloudy,333.6,0.0,2.0,441.53,0.042,49
ORD103362,2024-03-28,P-CLO-003,Clothing,Cotton Saree,East,Ranchi,SUP-033,8.0,WH-EA-02,,15.0,82.0,469.0,16.13,1951.09,9.6,,No,Spring,Rainy,1857.65,2.0,0.0,354.18,0.128,11
ORD103363,2023-04-24,P-CLO-010,Clothing,Track Pants,South,Hyderabad,SUP-023,,WH-SO-05,637.0,37.0,231.0,,28.41,948.68,14.0,Yes,No,Summer,Cloudy,924.04,0.0,2.0,474.53,0.029,53
ORD103364,2024-04-04,P-GRO-008,Grocery,Toor Dal 1kg,East,Kolkata,SUP-002,5.0,WH-EA-02,328.0,30.0,275.0,973.0,35.72,438.33,7.2,Yes,No,Summer,,415.83,0.0,1.0,289.76,0.236,38
ORD103365,2022-02-18,P-GRO-006,Grocery,Tea Powder 500g,Central,Jabalpur,SUP-009,11.0,WH-CE-03,642.0,38.0,405.0,1672.0,54.81,151.05,10.8,No,No,Spring,Cloudy,163.1,0.0,0.0,379.01,0.124,62
ORD103366,2024-06-25,P-FUR-010,Furniture,Dining Chair,North,Kanpur,SUP-016,12.0,WH-NO-02,108.0,5.0,39.0,187.0,5.58,14916.35,3.7,Yes,No,Autumn,Rainy,5541.13,1.0,2.0,409.91,0.094,6
ORD103367,2024-06-28,P-FUR-010,Furniture,Wooden Bookshelf,West,Nagpur,SUP-020,3.0,WH-WE-05,40.0,6.0,38.0,165.0,5.19,10782.67,5.7,Yes,No,,Rainy,11120.94,0.0,3.0,427.41,0.098,4
ORD103368,2022-07-15,P-ELE-001,Electronics,Smartphone Charger,South,Bengaluru,SUP-014,9.0,WH-SO-03,155.0,8.0,64.0,221.0,8.08,6219.6,3.2,No,No,Autumn,Sunny,6505.98,0.0,2.0,475.53,0.007,10
ORD103369,2021-04-09,P-CLO-007,Clothing,Woolen Sweater,North,Kanpur,SUP-036,6.0,WH-NO-01,293.0,17.0,120.0,494.0,16.57,1484.19,2.0,No,,Summer,Sunny,1316.53,0.0,0.0,253.08,0.054,13
ORD103370,2023-09-28,P-SPO-013,Sports,Gym Dumbbells 5kg,South,Chennai,SUP-012,7.0,WH-SO-01,227.0,15.0,146.0,488.0,,3813.93,21.1,No,Yes,Autumn,Sunny,4083.0,0.0,2.0,425.68,0.086,27
ORD103371,2021-05-30,P-ELE-012,Electronics,Smartphone Charger,East,Ranchi,SUP-028,7.0,WH-EA-05,266.0,11.0,70.0,329.0,11.05,5045.6,12.6,Yes,No,Summer,Rainy,4827.28,0.0,1.0,311.64,0.053,11
ORD103372,2021-01-26,P-BEA-013,Beauty,Moisturizer Cream,North,Kanpur,SUP-015,9.0,WH-NO-05,588.0,26.0,272.0,782.0,31.15,254.4,8.2,Yes,Yes,Winter,Cloudy,245.24,0.0,0.0,425.0,0.076,48
ORD103373,2024-10-16,P-ELE-015,Electronics,LED TV 43in,South,Bengaluru,SUP-040,6.0,WH-SO-04,45.0,8.0,72.0,291.0,10.44,4984.94,16.2,No,No,Autumn,Cloudy,4651.66,0.0,0.0,155.24,0.073,10
ORD103374,2023-04-10,P-CLO-001,Clothing,Women's Kurti,East,Patna,SUP-037,3.0,WH-EA-01,36.0,12.0,81.0,250.0,12.37,1191.72,12.5,No,No,Summer,Sunny,1199.35,0.0,2.0,371.9,0.08,11
ORD103375,2023-08-08,P-CLO-005,Clothing,Formal Shirt,East,Patna,SUP-032,18.0,WH-EA-04,364.0,19.0,137.0,525.0,17.03,1143.81,2.2,No,No,Summer,Rainy,1137.7,0.0,4.0,680.38,0.137,23
ORD103376,2024-07-10,P-ELE-007,Electronics,Power Bank 10000mAh,West,Pune,SUP-031,6.0,WH-WE-04,53.0,6.0,38.0,191.0,5.64,3205.67,23.8,No,No,Autumn,Rainy,2848.93,0.0,1.0,289.49,0.119,6
ORD103377,2024-09-19,P-SPO-008,Sports,Running Shoes,West,Ahmedabad,SUP-026,7.0,WH-WE-05,122.0,8.0,147.0,571.0,16.61,4381.32,12.6,Yes,,Autumn,Cloudy,3754.23,0.0,0.0,328.83,0.116,17
ORD103378,2024-10-29,P-CLO-012,Clothing,Woolen Sweater,South,Hyderabad,SUP-024,8.0,WH-SO-03,294.0,24.0,119.0,568.0,,391.03,5.8,No,No,Autumn,Sunny,,0.0,0.0,282.11,0.106,23
ORD103379,2021-07-14,P-SPO-011,Sports,Skipping Rope,South,Coimbatore,SUP-023,7.0,WH-SO-03,373.0,12.0,173.0,565.0,20.72,1265.89,5.9,No,No,Summer,Cloudy,1348.32,1.0,3.0,385.32,0.089,20
ORD103380,2022-04-19,P-GRO-011,Grocery,Wheat Flour 5kg,East,Guwahati,SUP-002,2.0,WH-EA-04,624.0,25.0,311.0,1194.0,40.74,95.91,20.0,No,No,Summer,Rainy,101.41,0.0,0.0,288.85,0.094,49
ORD103381,2024-01-28,P-SPO-003,Sports,Cricket Bat,East,Patna,SUP-038,13.0,WH-EA-01,285.0,10.0,104.0,462.0,15.21,438.21,1.5,No,No,Winter,Cloudy,473.29,,1.0,523.76,0.023,21
ORD103382,2021-02-12,P-SPO-011,Sports,Football,North,Delhi,SUP-040,8.0,WH-NO-04,135.0,9.0,61.0,342.0,10.14,3163.0,8.0,No,No,Spring,Rainy,3112.96,0.0,1.0,306.86,0.112,10
ORD103383,2021-12-10,P-CLO-012,Clothing,Track Pants,South,Coimbatore,SUP-022,3.0,WH-SO-03,558.0,24.0,149.0,776.0,24.98,304.53,6.8,Yes,No,Winter,Sunny,295.91,0.0,,306.37,0.052,45
ORD103384,2023-01-23,P-GRO-012,Grocery,Wheat Flour 5kg,North,Delhi,SUP-035,8.0,WH-NO-01,1246.0,89.0,422.0,1722.0,69.09,351.73,23.3,Yes,No,Winter,Sunny,348.61,0.0,2.0,455.16,0.099,93
ORD103385,2022-05-17,P-FUR-009,Furniture,Sofa Cushion Set,South,Bengaluru,SUP-017,8.0,WH-SO-05,56.0,6.0,39.0,155.0,4.79,4361.77,11.2,No,No,Summer,Sunny,4642.49,0.0,0.0,,0.126,4
ORD103386,2021-09-10,P-CLO-002,Clothing,Formal Shirt,Central,Gwalior,SUP-005,8.0,WH-CE-02,,7.0,96.0,331.0,13.67,914.58,4.5,No,No,Autumn,Sunny,1032.57,1.0,1.0,320.62,0.114,19
ORD103387,2024-08-06,P-SPO-003,Sports,Cycling Helmet,East,Patna,SUP-034,5.0,WH-EA-05,43.0,5.0,90.0,352.0,11.52,4912.03,22.8,No,No,Summer,Sunny,4731.13,0.0,0.0,216.84,0.137,10
ORD103388,2022-10-17,P-CLO-012,Clothing,Kids Winter Jacket,South,Bengaluru,SUP-021,4.0,WH-SO-02,558.0,31.0,166.0,813.0,23.23,,2.6,No,No,Autumn,Cloudy,2253.69,0.0,1.0,,0.084,21
ORD103389,2022-08-24,P-GRO-014,Grocery,Masala Mix 200g,East,Patna,SUP-038,6.0,WH-EA-03,390.0,37.0,,984.0,39.25,56.33,21.9,No,No,Summer,Sunny,56.47,0.0,2.0,325.53,0.072,49
ORD103390,2023-08-19,P-ELE-013,Electronics,LED TV 43in,West,Ahmedabad,SUP-009,12.0,WH-WE-03,83.0,10.0,107.0,430.0,14.52,10158.02,12.3,No,Yes,Autumn,Rainy,9942.46,0.0,2.0,459.97,0.017,15
ORD103391,2023-09-07,P-FUR-007,Furniture,Dining Chair,South,Kochi,SUP-020,11.0,WH-SO-04,64.0,8.0,49.0,191.0,6.43,10641.26,17.2,Yes,No,,Sunny,10146.92,0.0,0.0,419.58,0.271,8
ORD103392,2022-12-21,P-SPO-009,Sports,Gym Dumbbells 5kg,South,Kochi,SUP-027,17.0,WH-SO-01,234.0,17.0,66.0,382.0,12.75,3490.43,7.3,Yes,No,Winter,Sunny,3455.34,,2.0,563.92,0.013,15
ORD103393,2024-07-20,P-ELE-003,Electronics,Smartphone Charger,West,Surat,SUP-006,7.0,WH-WE-02,91.0,18.0,102.0,517.0,15.93,9042.41,15.8,No,No,Summer,Sunny,8470.45,0.0,1.0,305.67,0.07,15
ORD103394,2022-03-09,P-BEA-009,Beauty,Herbal Shampoo 200ml,North,Kanpur,SUP-040,4.0,WH-NO-01,350.0,26.0,208.0,946.0,33.85,119.17,9.1,No,No,Spring,Sunny,126.09,0.0,0.0,314.62,0.017,31
ORD103395,2024-06-26,P-SPO-003,Sports,Yoga Mat,East,Bhubaneswar,SUP-025,12.0,WH-EA-02,133.0,5.0,76.0,430.0,13.43,1487.71,6.3,No,No,Autumn,Cloudy,1663.12,0.0,0.0,435.34,0.005,15
ORD103396,2024-06-22,P-ELE-012,Electronics,Smartphone Charger,East,Bhubaneswar,SUP-007,14.0,WH-EA-03,30.0,,74.0,303.0,10.4,9512.0,2.1,Yes,No,Summer,Cloudy,9295.92,0.0,2.0,548.33,0.028,8
ORD103397,2021-01-14,P-ELE-012,Electronics,Home Router,West,Nagpur,SUP-030,6.0,WH-WE-03,63.0,10.0,77.0,320.0,10.55,,8.6,No,No,Winter,Cloudy,9294.67,0.0,2.0,421.7,0.14,10
ORD103398,2024-01-08,P-FUR-001,Furniture,Office Chair,Central,Indore,SUP-036,5.0,WH-CE-05,50.0,3.0,30.0,94.0,3.64,11600.35,21.2,No,No,Winter,Rainy,11500.18,2.0,0.0,,0.065,4
ORD103399,2021-08-20,P-FUR-015,Furniture,Foldable Bed,West,Nagpur,SUP-015,8.0,WH-WE-03,39.0,4.0,60.0,253.0,7.62,4028.04,6.1,No,No,Summer,Sunny,3803.3,0.0,1.0,409.0,0.056,8
ORD103400,2022-12-11,P-ELE-012,Electronics,Smartwatch,East,Ranchi,SUP-025,13.0,WH-EA-03,138.0,6.0,41.0,186.0,6.09,3935.87,4.7,No,No,Winter,Cloudy,4151.98,0.0,3.0,495.13,0.054,8
ORD103401,2024-09-04,P-BEA-006,Beauty,Sunscreen Lotion,North,Lucknow,SUP-030,11.0,WH-NO-01,228.0,36.0,288.0,1368.0,43.07,392.25,31.0,No,No,Autumn,Sunny,363.25,0.0,0.0,343.78,0.011,48
ORD103402,2021-10-13,P-CLO-007,Clothing,Cotton Saree,East,Guwahati,SUP-006,13.0,WH-EA-01,68.0,14.0,120.0,453.0,13.59,683.74,11.9,Yes,No,Autumn,Sunny,717.87,0.0,1.0,434.19,0.04,19
ORD103403,2023-04-02,P-SPO-002,Sports,Cycling Helmet,West,Surat,SUP-022,10.0,WH-WE-04,213.0,27.0,157.0,608.0,20.86,4401.84,1.3,Yes,No,Summer,Sunny,4491.26,0.0,25.0,352.99,,31
ORD103404,2024-02-11,P-SPO-015,Sports,Cycling Helmet,Central,Gwalior,SUP-023,11.0,WH-CE-04,279.0,13.0,135.0,482.0,16.5,2828.9,16.4,Yes,,Spring,Cloudy,2737.54,,24.0,295.27,0.11,15
ORD103405,2022-12-03,P-BEA-002,Beauty,Body Lotion 400ml,West,Pune,SUP-013,20.0,WH-WE-03,494.0,43.0,145.0,647.0,26.27,156.65,37.8,No,Yes,,Rainy,150.27,1.0,1.0,,0.039,35
ORD103406,2021-04-25,P-CLO-014,Clothing,Formal Shirt,North,Kanpur,SUP-012,,WH-NO-03,107.0,14.0,75.0,427.0,13.99,391.75,17.9,,No,Summer,Sunny,364.4,0.0,2.0,496.68,0.019,14
ORD103407,2021-04-06,P-GRO-010,Grocery,Sugar 1kg,West,Ahmedabad,SUP-026,5.0,WH-WE-03,337.0,60.0,320.0,1660.0,48.68,131.52,9.4,No,No,Summer,Sunny,142.37,0.0,1.0,326.51,,43
ORD103408,2023-01-27,P-CLO-014,Clothing,Women's Kurti,West,Mumbai,SUP-031,5.0,WH-WE-05,301.0,30.0,285.0,1060.0,35.54,1645.47,10.5,Yes,No,Winter,Rainy,1616.15,,0.0,187.95,0.044,40
ORD103409,2021-02-06,P-ELE-006,Electronics,Home Router,West,Mumbai,SUP-016,11.0,WH-WE-01,,15.0,111.0,353.0,12.82,9125.58,13.3,No,No,Winter,Rainy,9352.78,0.0,1.0,354.93,0.062,16
ORD103410,2021-01-23,P-FUR-014,Furniture,Office Chair,West,Surat,SUP-006,3.0,WH-WE-03,75.0,4.0,34.0,178.0,5.46,14417.72,23.6,No,No,Winter,Cloudy,14405.03,0.0,0.0,220.89,0.086,6
ORD103411,2024-10-24,P-ELE-007,Electronics,Wireless Earbuds,East,Bhubaneswar,SUP-032,5.0,WH-EA-02,299.0,18.0,112.0,381.0,14.83,10082.92,16.5,No,Yes,Autumn,Sunny,9911.83,0.0,0.0,296.33,0.108,18
ORD103412,2023-02-18,P-CLO-006,Clothing,Track Pants,East,Kolkata,SUP-007,14.0,WH-EA-01,733.0,58.0,247.0,935.0,33.21,2406.72,3.6,No,No,Winter,Sunny,2469.56,0.0,3.0,579.57,0.064,53
ORD103413,2022-11-24,P-ELE-006,Electronics,Power Bank 10000mAh,South,Hyderabad,SUP-001,,WH-SO-04,134.0,5.0,45.0,217.0,7.77,1537.31,,Yes,No,Autumn,Cloudy,1600.28,0.0,6.0,563.42,0.126,9
ORD103414,2021-05-27,P-GRO-015,Grocery,Sunflower Oil 1L,North,Chandigarh,SUP-013,13.0,WH-NO-04,561.0,13.0,264.0,1413.0,43.25,444.38,17.2,No,No,Summer,,449.3,0.0,3.0,562.31,0.06,58
ORD103415,2024-02-23,P-GRO-007,Grocery,Masala Mix 200g,West,Mumbai,SUP-033,7.0,WH-WE-05,1295.0,45.0,380.0,1693.0,55.19,545.89,17.2,Yes,No,Winter,Cloudy,537.64,0.0,1.0,306.13,0.123,87
ORD103416,2023-01-16,P-FUR-008,Furniture,Study Table,Central,Indore,SUP-031,6.0,WH-CE-01,33.0,5.0,26.0,131.0,4.64,16817.77,12.3,No,No,Winter,Sunny,15355.76,0.0,0.0,261.08,0.028,7
ORD103417,2021-11-18,P-BEA-010,Beauty,Face Wash 100ml,West,Ahmedabad,SUP-013,4.0,WH-WE-01,161.0,23.0,219.0,645.0,22.66,138.81,3.8,Yes,No,Autumn,Cloudy,132.11,0.0,2.0,330.56,0.116,26
ORD103418,2024-01-05,P-ELE-009,Electronics,Home Router,South,Coimbatore,SUP-021,9.0,WH-SO-03,111.0,7.0,47.0,241.0,7.9,14825.9,27.4,No,No,Winter,,14462.86,0.0,,303.87,0.113,7
ORD103419,2021-12-13,P-BEA-009,Beauty,Herbal Shampoo 200ml,North,,SUP-039,8.0,WH-NO-05,151.0,23.0,113.0,531.0,17.36,390.34,27.0,No,No,Winter,Sunny,390.84,0.0,1.0,379.1,0.224,27
ORD103420,2023-01-06,P-SPO-006,Sports,Football,South,Bengaluru,SUP-029,5.0,WH-SO-05,394.0,17.0,142.0,585.0,19.2,2695.87,10.6,No,No,Winter,,2320.8,0.0,0.0,232.73,0.078,22
ORD103421,2023-03-30,P-GRO-003,Grocery,Instant Noodles Pack,West,Surat,SUP-031,11.0,WH-WE-04,353.0,46.0,262.0,1010.0,36.07,206.9,4.6,,No,Spring,Sunny,217.15,0.0,0.0,393.77,0.071,38
ORD103422,2022-02-12,P-FUR-015,Furniture,Foldable Bed,East,Ranchi,SUP-004,9.0,WH-EA-05,168.0,6.0,53.0,231.0,6.94,16596.51,22.3,No,No,Spring,Rainy,17022.82,0.0,3.0,459.3,0.052,8
ORD103423,2024-07-03,P-GRO-008,Grocery,Tea Powder 500g,Central,Bhopal,SUP-010,13.0,WH-CE-05,750.0,28.0,227.0,1329.0,38.2,260.44,21.1,,No,Autumn,Rainy,248.32,0.0,,438.17,0.094,42
ORD103424,2023-10-25,P-ELE-015,Electronics,Home Router,South,Kochi,SUP-005,5.0,WH-SO-02,172.0,10.0,54.0,330.0,9.65,9032.95,14.5,No,,Autumn,Sunny,8370.81,0.0,2.0,407.55,0.086,10
ORD103425,2022-02-26,P-CLO-007,Clothing,Men's Cotton T-Shirt,East,Kolkata,SUP-040,11.0,WH-EA-03,413.0,,194.0,918.0,27.27,378.63,14.8,Yes,No,Winter,Sunny,357.83,0.0,,547.98,0.09,37
ORD103426,2021-08-17,P-ELE-009,Electronics,Home Router,West,Surat,SUP-014,11.0,WH-WE-04,238.0,16.0,61.0,375.0,10.11,9864.32,12.6,Yes,No,Autumn,Rainy,8819.74,0.0,2.0,458.1,0.006,12
ORD103427,2022-04-26,P-SPO-009,Sports,Yoga Mat,North,Lucknow,SUP-020,4.0,WH-NO-02,267.0,13.0,73.0,326.0,11.69,569.21,13.1,Yes,No,Summer,Rainy,553.76,0.0,1.0,266.27,0.102,15
ORD103428,2022-11-11,P-SPO-015,Sports,Gym Dumbbells 5kg,Central,Gwalior,SUP-023,23.0,WH-CE-05,110.0,15.0,84.0,385.0,13.71,585.15,22.1,No,No,Autumn,Rainy,576.75,0.0,1.0,493.82,0.044,12
ORD103429,2023-03-16,P-BEA-002,Beauty,Moisturizer Cream,East,Ranchi,SUP-021,5.0,WH-EA-04,61.0,18.0,108.0,453.0,17.52,1198.72,13.6,No,No,Spring,Sunny,1286.8,0.0,,375.78,0.014,11
ORD103430,2022-08-08,P-CLO-008,Clothing,Denim Jeans,North,Kanpur,SUP-003,5.0,WH-NO-03,461.0,17.0,115.0,615.0,,1927.28,21.5,No,No,Summer,Sunny,2000.41,0.0,,434.45,0.064,22
ORD103431,2021-02-28,P-CLO-003,Clothing,Denim Jeans,North,Kanpur,SUP-037,18.0,WH-NO-03,77.0,19.0,123.0,551.0,20.95,494.12,11.5,No,No,Spring,Stormy,543.42,0.0,1.0,354.72,0.105,18
ORD103432,2023-09-15,P-SPO-014,Sports,Gym Dumbbells 5kg,West,Nagpur,SUP-016,10.0,WH-WE-04,271.0,13.0,103.0,530.0,15.6,3022.71,13.9,No,No,Autumn,Cloudy,3049.85,0.0,3.0,525.27,0.042,18
ORD103433,2022-07-08,P-GRO-008,Grocery,Masala Mix 200g,East,Patna,SUP-037,19.0,WH-EA-02,814.0,40.0,316.0,1183.0,38.56,424.56,9.1,No,No,Autumn,Sunny,393.61,0.0,2.0,498.67,0.12,51
ORD103434,2022-05-06,P-ELE-014,Electronics,Wireless Earbuds,West,Ahmedabad,SUP-031,17.0,WH-WE-02,39.0,6.0,98.0,312.0,10.75,8889.48,3.6,Yes,No,Summer,Rainy,10127.39,0.0,1.0,530.78,0.029,9
ORD103435,2023-03-24,P-CLO-005,Clothing,Cotton Saree,West,Surat,SUP-028,16.0,WH-WE-03,183.0,,183.0,615.0,22.99,554.5,8.2,No,No,Summer,Cloudy,540.37,0.0,1.0,417.6,0.113,23
ORD103436,2024-05-05,P-GRO-003,Grocery,Instant Noodles Pack,South,Bengaluru,SUP-029,15.0,WH-SO-01,742.0,28.0,259.0,936.0,35.77,492.69,,Yes,No,,Sunny,431.77,0.0,0.0,462.67,0.039,42
ORD103437,2021-01-08,P-GRO-010,Grocery,Sugar 1kg,West,Ahmedabad,SUP-040,5.0,WH-WE-03,681.0,27.0,291.0,1026.0,36.06,193.12,26.5,No,No,Winter,Stormy,196.52,0.0,1.0,386.22,,43
ORD103438,2024-11-04,P-ELE-003,Electronics,Home Router,Central,,SUP-013,4.0,WH-CE-03,58.0,7.0,43.0,219.0,6.27,10608.22,6.5,No,No,Autumn,Cloudy,9258.98,0.0,1.0,302.99,0.029,8
ORD103439,2023-07-22,P-CLO-006,Clothing,Men's Cotton T-Shirt,North,Kanpur,SUP-014,5.0,WH-NO-03,167.0,14.0,123.0,565.0,16.9,2356.19,24.9,No,No,Summer,Sunny,2340.24,0.0,1.0,343.98,0.166,16
ORD103440,2023-03-10,P-GRO-005,Grocery,Wheat Flour 5kg,West,Mumbai,SUP-027,4.0,WH-WE-03,1195.0,58.0,389.0,1621.0,50.22,504.39,3.5,No,No,Summer,Sunny,485.21,0.0,3.0,394.27,0.043,65
ORD103441,2021-03-16,P-ELE-004,Electronics,Bluetooth Speaker,South,,SUP-010,5.0,WH-SO-05,73.0,,108.0,337.0,14.33,10127.19,3.5,No,No,Summer,Cloudy,10551.47,0.0,0.0,229.82,0.072,10
ORD103442,2023-11-06,P-ELE-002,Electronics,Smartwatch,South,Bengaluru,SUP-033,12.0,WH-SO-02,133.0,16.0,78.0,289.0,9.74,12147.97,6.5,,No,Autumn,Cloudy,13074.65,0.0,0.0,372.4,0.106,18
ORD103443,2023-11-18,P-GRO-010,Grocery,Wheat Flour 5kg,South,Hyderabad,SUP-002,15.0,WH-SO-03,681.0,53.0,448.0,1699.0,58.03,584.98,14.7,No,No,Autumn,,569.78,0.0,3.0,576.42,0.196,50
ORD103444,2023-03-30,P-SPO-012,Sports,Yoga Mat,West,,SUP-036,14.0,WH-WE-04,170.0,14.0,76.0,342.0,12.24,,7.0,No,No,Summer,Cloudy,3961.8,0.0,1.0,527.76,0.117,14
ORD103445,2024-03-17,P-GRO-006,Grocery,Instant Noodles Pack,North,Chandigarh,SUP-014,14.0,WH-NO-02,443.0,29.0,274.0,1077.0,35.69,98.38,20.4,No,No,Spring,Sunny,104.35,0.0,0.0,375.41,0.117,41
ORD103446,2024-05-10,P-FUR-005,Furniture,Office Chair,South,Chennai,SUP-001,8.0,WH-SO-04,44.0,5.0,35.0,152.0,5.57,14990.61,8.4,,No,Summer,Sunny,14071.06,0.0,1.0,388.32,0.014,5
ORD103447,2024-05-10,P-BEA-003,Beauty,Talcum Powder,West,Pune,SUP-025,11.0,WH-WE-05,644.0,35.0,241.0,881.0,31.02,983.73,2.5,No,No,Summer,,988.8,0.0,3.0,464.15,0.109,33
ORD103448,2022-04-23,P-GRO-011,Grocery,Basmati Rice 5kg,North,Chandigarh,SUP-012,12.0,WH-NO-02,535.0,33.0,219.0,913.0,33.3,173.38,10.8,No,No,Summer,Sunny,180.89,0.0,1.0,457.17,0.113,30
ORD103449,2023-09-11,P-BEA-013,Beauty,Lipstick Set,West,Mumbai,SUP-013,12.0,WH-WE-02,507.0,41.0,190.0,948.0,33.73,1414.99,25.1,No,No,Autumn,Rainy,466.44,0.0,1.0,462.85,0.092,34
ORD103450,2021-03-25,P-FUR-009,Furniture,Foldable Bed,Central,,SUP-020,6.0,WH-CE-01,110.0,6.0,27.0,99.0,4.9,4106.35,13.3,No,No,Summer,Sunny,4007.59,0.0,,282.78,0.124,7
ORD103451,2023-04-01,P-CLO-007,Clothing,Woolen Sweater,North,Delhi,SUP-024,5.0,WH-NO-01,374.0,34.0,193.0,629.0,20.81,1827.72,7.4,No,No,Summer,Sunny,1842.47,0.0,3.0,420.28,0.036,26
ORD103452,2021-08-02,P-ELE-010,Electronics,Power Bank 10000mAh,North,Jaipur,SUP-006,12.0,WH-NO-02,95.0,9.0,45.0,246.0,7.7,3093.96,4.1,,No,Summer,Sunny,3423.34,0.0,1.0,330.9,0.051,9
ORD103453,2022-03-26,P-ELE-014,Electronics,Wireless Earbuds,Central,Raipur,SUP-002,7.0,WH-CE-05,90.0,5.0,36.0,125.0,4.52,3124.87,3.8,No,No,Spring,Rainy,2822.51,0.0,0.0,338.94,0.055,5
ORD103454,2023-09-16,P-SPO-015,Sports,Running Shoes,North,Kanpur,SUP-019,1.0,WH-NO-02,287.0,11.0,96.0,416.0,12.46,3839.89,23.0,No,No,Autumn,Sunny,3794.06,0.0,0.0,237.55,0.134,17
ORD103455,2022-09-13,P-BEA-003,Beauty,Moisturizer Cream,North,Jaipur,SUP-015,2.0,WH-NO-05,225.0,24.0,246.0,844.0,30.82,513.7,13.4,No,No,Autumn,Sunny,569.33,0.0,2.0,372.31,0.138,38
ORD103456,2024-06-15,P-SPO-008,Sports,Skipping Rope,Central,Raipur,SUP-024,13.0,WH-CE-05,85.0,6.0,43.0,191.0,7.25,4721.59,,No,No,Autumn,Sunny,5088.49,0.0,,324.84,0.046,8
ORD103457,2021-05-08,P-SPO-014,Sports,Skipping Rope,West,Surat,SUP-030,6.0,WH-WE-04,187.0,10.0,64.0,326.0,9.82,2662.98,6.0,,No,Summer,Cloudy,2604.27,0.0,0.0,283.78,0.148,13
ORD103458,2024-11-20,P-ELE-010,Electronics,Smartphone Charger,East,Kolkata,SUP-025,5.0,WH-EA-05,130.0,10.0,44.0,210.0,7.4,3918.03,2.0,Yes,No,Autumn,Sunny,,0.0,4.0,362.29,0.133,10
ORD103459,2023-10-31,P-BEA-013,Beauty,Moisturizer Cream,East,Kolkata,SUP-005,5.0,WH-EA-03,122.0,20.0,142.0,544.0,17.71,1122.83,13.2,Yes,No,Autumn,Sunny,1164.1,0.0,2.0,284.88,0.056,26
ORD103460,2022-09-21,P-CLO-015,Clothing,Track Pants,Central,Raipur,SUP-040,11.0,WH-CE-05,489.0,34.0,323.0,966.0,37.7,1508.43,8.3,No,No,Autumn,Cloudy,1566.37,0.0,0.0,244.83,0.133,31
ORD103461,2021-02-06,P-BEA-002,Beauty,Talcum Powder,East,Ranchi,SUP-029,10.0,WH-EA-03,261.0,13.0,147.0,623.0,21.09,828.18,17.2,No,No,Spring,Rainy,919.49,0.0,1.0,405.23,0.109,22
ORD103462,2021-03-03,P-ELE-010,Electronics,Smartwatch,East,Ranchi,SUP-002,4.0,WH-EA-01,72.0,6.0,75.0,237.0,8.16,14481.04,23.1,No,Yes,Spring,Rainy,15791.82,0.0,1.0,264.26,0.196,14
ORD103463,2022-08-28,P-GRO-008,Grocery,Sunflower Oil 1L,West,Pune,SUP-031,4.0,WH-WE-05,515.0,63.0,429.0,1702.0,58.97,449.38,24.4,No,No,Autumn,,399.69,0.0,4.0,426.58,0.088,61
ORD103464,2023-04-17,P-BEA-005,Beauty,Lipstick Set,East,Patna,SUP-036,6.0,WH-EA-05,358.0,24.0,139.0,593.0,20.5,1020.67,5.3,No,No,Summer,Sunny,890.43,0.0,3.0,417.71,0.157,18
ORD103465,2023-01-10,P-BEA-010,Beauty,Body Lotion 400ml,East,Ranchi,SUP-023,5.0,WH-EA-05,479.0,29.0,159.0,682.0,22.33,1050.9,5.6,No,No,Winter,Sunny,1005.19,0.0,1.0,340.39,0.046,28
ORD103466,2022-03-11,P-FUR-002,Furniture,Foldable Bed,South,Hyderabad,SUP-034,15.0,WH-SO-03,211.0,12.0,69.0,277.0,9.13,12997.15,9.3,No,No,Summer,Sunny,,0.0,1.0,502.47,0.099,7
ORD103467,2023-08-08,P-GRO-008,Grocery,Sunflower Oil 1L,East,Kolkata,SUP-036,2.0,WH-EA-01,87.0,18.0,140.0,813.0,25.78,70.19,21.5,Yes,Yes,Autumn,Rainy,77.56,0.0,1.0,348.23,0.12,33
ORD103468,2023-06-17,P-GRO-007,Grocery,Wheat Flour 5kg,East,Patna,SUP-039,12.0,WH-EA-03,250.0,21.0,189.0,626.0,26.03,206.21,34.2,Yes,No,Summer,Cloudy,181.53,0.0,1.0,416.32,0.066,20
ORD103469,2022-05-17,P-SPO-006,Sports,Football,South,Kochi,SUP-039,4.0,WH-SO-05,300.0,20.0,108.0,547.0,15.86,3217.4,8.9,No,No,Summer,Cloudy,3140.4,0.0,0.0,238.89,0.203,18
ORD103470,2022-04-21,P-CLO-010,Clothing,Formal Shirt,South,Kochi,SUP-008,5.0,WH-SO-05,252.0,22.0,110.0,481.0,16.4,620.46,1.3,Yes,No,Summer,Cloudy,577.22,0.0,1.0,245.6,0.08,23
ORD103471,2022-10-09,P-CLO-015,Clothing,Formal Shirt,West,Nagpur,SUP-002,5.0,WH-WE-04,404.0,18.0,,509.0,17.91,1507.87,11.6,Yes,No,Autumn,Cloudy,1316.42,0.0,2.0,384.7,0.24,20
ORD103472,2023-12-22,P-CLO-015,Clothing,Kids Winter Jacket,South,Bengaluru,SUP-027,6.0,WH-SO-04,665.0,41.0,225.0,870.0,28.04,390.11,21.0,Yes,No,Winter,Cloudy,426.96,0.0,1.0,281.78,0.122,54
ORD103473,2023-05-09,P-GRO-011,Grocery,Masala Mix 200g,North,Kanpur,SUP-028,4.0,WH-NO-01,197.0,44.0,228.0,961.0,32.64,514.49,18.2,No,No,Summer,Sunny,490.75,0.0,0.0,271.22,0.184,38
ORD103474,2021-07-05,P-CLO-005,Clothing,Cotton Saree,South,Bengaluru,SUP-023,9.0,WH-SO-04,119.0,27.0,133.0,693.0,22.84,1137.47,2.3,Yes,No,Summer,Cloudy,1311.01,1.0,1.0,494.56,0.209,31
ORD103475,2024-09-10,P-CLO-015,Clothing,Kids Winter Jacket,North,Kanpur,SUP-010,4.0,WH-NO-01,305.0,22.0,138.0,564.0,19.55,1835.01,21.3,No,No,Autumn,Sunny,2041.32,0.0,1.0,207.93,,25
ORD103476,2021-10-23,P-BEA-015,Beauty,Moisturizer Cream,West,Nagpur,SUP-038,8.0,WH-WE-04,391.0,15.0,205.0,965.0,30.42,286.22,27.1,No,No,Autumn,Sunny,286.15,0.0,0.0,252.1,0.108,28
ORD103477,2023-09-09,P-SPO-013,Sports,Running Shoes,South,Chennai,SUP-017,,WH-SO-01,121.0,10.0,99.0,357.0,14.19,3247.79,4.2,No,No,Autumn,Sunny,2703.4,0.0,0.0,220.76,0.184,10
ORD103478,2021-01-25,P-SPO-014,Sports,Cycling Helmet,South,Bengaluru,SUP-030,6.0,WH-SO-03,167.0,18.0,130.0,576.0,18.74,2086.92,20.5,No,No,Winter,Stormy,2030.12,0.0,0.0,222.54,0.027,16
ORD103479,2022-01-07,P-CLO-013,Clothing,Men's Cotton T-Shirt,West,Surat,SUP-025,12.0,WH-WE-05,505.0,45.0,223.0,861.0,30.24,1528.73,4.0,No,No,Winter,Stormy,1808.29,0.0,3.0,572.26,0.065,29
ORD103480,2023-04-06,P-CLO-012,Clothing,Denim Jeans,North,Delhi,SUP-036,8.0,WH-NO-01,142.0,23.0,92.0,410.0,16.69,1769.12,,No,No,Summer,Rainy,1829.72,0.0,,300.16,0.062,21
ORD103481,2024-05-22,P-FUR-011,Furniture,Study Table,North,Chandigarh,SUP-029,12.0,WH-NO-03,150.0,3.0,21.0,123.0,3.69,,27.3,No,No,Summer,,14226.61,0.0,2.0,455.4,0.097,3
ORD103482,2023-04-03,P-BEA-010,Beauty,Herbal Shampoo 200ml,West,Pune,SUP-026,13.0,WH-WE-01,,33.0,177.0,742.0,25.69,117.72,3.5,No,No,Summer,Sunny,111.96,0.0,1.0,460.87,,27
ORD103483,2021-03-22,P-CLO-010,Clothing,Men's Cotton T-Shirt,East,Bhubaneswar,SUP-034,7.0,WH-EA-04,262.0,11.0,,486.0,14.72,510.64,2.7,Yes,No,Summer,,546.88,0.0,1.0,263.98,0.064,21
ORD103484,2024-10-28,P-FUR-006,Furniture,Foldable Bed,West,Nagpur,SUP-003,15.0,WH-WE-05,116.0,1.0,32.0,170.0,5.29,15548.05,13.7,,,Autumn,,16007.91,0.0,1.0,467.54,0.132,6
ORD103485,2022-02-02,P-BEA-014,Beauty,Body Lotion 400ml,West,Nagpur,SUP-029,9.0,WH-WE-01,,26.0,80.0,456.0,16.41,395.08,19.4,Yes,No,Spring,Sunny,404.05,0.0,0.0,416.19,0.086,19
ORD103486,2022-06-17,P-FUR-010,Furniture,TV Unit,Central,Raipur,SUP-024,13.0,WH-CE-03,27.0,1.0,29.0,135.0,4.03,14623.92,8.4,Yes,No,Summer,Cloudy,15953.07,0.0,1.0,,0.108,6
ORD103487,2021-06-08,P-BEA-010,Beauty,Herbal Shampoo 200ml,North,Lucknow,SUP-032,11.0,WH-NO-04,499.0,4.0,167.0,,25.68,753.85,12.4,No,,Autumn,Sunny,819.13,0.0,1.0,381.72,0.168,28
ORD103488,2023-10-15,P-GRO-012,Grocery,Sugar 1kg,West,Nagpur,SUP-009,9.0,WH-WE-01,491.0,41.0,280.0,1069.0,38.2,424.91,17.1,No,No,Autumn,Rainy,439.77,0.0,0.0,376.15,0.093,40
ORD103489,2022-10-16,P-CLO-002,Clothing,Denim Jeans,West,Ahmedabad,SUP-024,,WH-WE-03,527.0,20.0,164.0,608.0,22.49,1956.85,7.7,No,No,Autumn,Cloudy,1708.43,0.0,2.0,216.3,0.024,24
ORD103490,2021-11-17,P-CLO-014,Clothing,Denim Jeans,North,Delhi,SUP-012,16.0,WH-NO-01,522.0,27.0,189.0,675.0,24.46,2401.64,24.9,Yes,No,Autumn,Sunny,2212.91,0.0,1.0,445.39,0.192,33
ORD103491,2023-07-20,P-ELE-009,Electronics,Smartwatch,Central,Jabalpur,SUP-005,8.0,WH-CE-05,127.0,20.0,75.0,396.0,12.72,5869.9,3.3,Yes,Yes,Summer,Rainy,5580.36,0.0,1.0,269.08,0.069,17
ORD103492,2021-10-14,P-BEA-015,Beauty,Hair Oil 250ml,South,Kochi,SUP-024,6.0,WH-SO-03,865.0,50.0,274.0,1086.0,39.08,1099.4,21.6,No,No,Autumn,Rainy,1096.12,,1.0,343.36,0.026,48
ORD103493,2023-02-15,P-FUR-002,Furniture,Foldable Bed,West,Pune,SUP-001,8.0,WH-WE-03,34.0,7.0,52.0,176.0,5.62,13132.84,7.1,No,No,Winter,Cloudy,14707.74,0.0,1.0,363.95,0.019,10
ORD103494,2023-08-28,P-ELE-004,Electronics,Wireless Earbuds,East,Kolkata,SUP-004,6.0,WH-EA-05,23.0,,45.0,178.0,6.27,5289.68,15.3,No,No,Summer,Sunny,6158.29,0.0,0.0,235.15,0.211,4
ORD103495,2024-03-31,P-BEA-015,Beauty,Lipstick Set,East,Kolkata,SUP-022,6.0,WH-EA-04,145.0,12.0,120.0,461.0,14.02,439.48,4.8,No,No,Spring,Sunny,453.25,0.0,0.0,351.05,0.144,14
ORD103496,2023-10-13,P-FUR-011,Furniture,Wooden Bookshelf,North,Chandigarh,SUP-036,21.0,WH-NO-02,158.0,8.0,55.0,204.0,7.08,14963.24,9.9,Yes,No,Autumn,Cloudy,15621.87,0.0,1.0,435.01,0.095,10
ORD103497,2023-04-10,P-BEA-010,Beauty,Face Wash 100ml,Central,,SUP-029,14.0,WH-CE-04,359.0,18.0,125.0,605.0,20.56,1035.14,0.2,No,No,Summer,Cloudy,909.99,0.0,1.0,546.88,0.125,16
ORD103498,2021-02-19,P-GRO-007,Grocery,Basmati Rice 5kg,East,Guwahati,SUP-001,5.0,WH-EA-02,863.0,64.0,492.0,1528.0,51.66,402.39,11.4,Yes,No,Winter,Sunny,388.78,0.0,2.0,,0.098,117
ORD103499,2021-12-06,P-BEA-009,Beauty,Lipstick Set,North,,SUP-005,9.0,WH-NO-03,378.0,30.0,235.0,849.0,27.8,,5.8,Yes,No,Winter,Rainy,791.75,0.0,1.0,380.31,0.044,37
ORD103500,2023-04-25,P-GRO-009,Grocery,Basmati Rice 5kg,North,Delhi,SUP-018,8.0,WH-NO-05,132.0,32.0,189.0,1011.0,33.57,386.6,15.9,No,No,Summer,Sunny,366.91,3.0,,287.11,0.091,21
ORD103501,2023-02-23,P-CLO-003,Clothing,Cotton Saree,West,Nagpur,SUP-018,13.0,WH-WE-05,274.0,27.0,140.0,555.0,20.45,2291.93,30.3,No,No,Spring,Stormy,2398.22,0.0,4.0,538.21,0.023,21
ORD103502,2023-02-19,P-ELE-009,Electronics,Wireless Earbuds,North,Delhi,SUP-002,6.0,WH-NO-05,147.0,7.0,71.0,284.0,7.96,4056.19,2.9,No,No,Spring,Sunny,3909.85,0.0,1.0,347.54,0.12,11
ORD103503,2023-12-11,P-FUR-008,Furniture,Office Chair,East,Kolkata,SUP-011,10.0,WH-EA-03,,3.0,33.0,138.0,4.32,17267.98,5.7,No,No,Winter,Rainy,14649.96,0.0,1.0,349.64,0.103,4
ORD103504,2024-08-15,P-FUR-005,Furniture,TV Unit,West,Surat,SUP-006,6.0,WH-WE-05,112.0,11.0,39.0,253.0,7.71,12032.4,18.8,No,Yes,Summer,Sunny,12843.48,0.0,0.0,280.01,0.063,13
ORD103505,2023-01-05,P-CLO-006,Clothing,Cotton Saree,South,Coimbatore,SUP-023,6.0,WH-SO-05,249.0,18.0,115.0,614.0,18.3,447.85,5.9,No,No,Winter,Rainy,490.97,0.0,0.0,307.99,0.091,23
ORD103506,2021-07-16,P-CLO-012,Clothing,Kids Winter Jacket,East,Ranchi,SUP-027,4.0,WH-EA-03,499.0,22.0,149.0,707.0,24.08,471.84,15.5,No,No,Summer,Rainy,482.72,0.0,0.0,293.54,0.218,19
ORD103507,2022-10-08,P-BEA-011,Beauty,Face Wash 100ml,South,Hyderabad,SUP-016,4.0,WH-SO-01,218.0,17.0,148.0,562.0,17.31,819.96,10.1,Yes,No,Autumn,Sunny,808.93,0.0,0.0,339.61,0.104,20
ORD103508,2022-01-05,P-FUR-008,Furniture,Study Table,Central,Raipur,SUP-023,7.0,WH-CE-01,136.0,5.0,50.0,225.0,6.6,4187.99,0.6,No,No,Winter,Sunny,3886.66,0.0,2.0,471.78,0.059,5
ORD103509,2023-02-13,P-GRO-010,Grocery,Masala Mix 200g,West,Surat,SUP-009,9.0,WH-WE-04,584.0,73.0,273.0,1399.0,40.82,326.05,12.3,Yes,No,Winter,Stormy,304.21,0.0,0.0,328.85,0.103,53
ORD103510,2023-05-12,P-SPO-004,Sports,Skipping Rope,South,Coimbatore,SUP-035,9.0,WH-SO-05,156.0,4.0,41.0,220.0,6.7,313.34,,No,No,Summer,Stormy,340.19,0.0,2.0,319.47,0.066,5
ORD103511,2023-03-12,P-FUR-008,Furniture,TV Unit,East,Guwahati,SUP-001,5.0,WH-EA-05,16.0,3.0,22.0,84.0,2.87,16595.2,7.5,No,No,Spring,Rainy,15601.64,0.0,0.0,272.74,0.05,4
ORD103512,2023-04-30,P-SPO-009,Sports,Skipping Rope,East,Patna,SUP-021,10.0,WH-EA-02,212.0,12.0,77.0,380.0,11.15,4242.83,12.1,No,No,Summer,Sunny,4925.98,0.0,1.0,468.13,0.027,17
ORD103513,2022-03-30,P-SPO-004,Sports,Cricket Bat,Central,Jabalpur,SUP-013,2.0,WH-CE-05,48.0,11.0,66.0,240.0,9.18,615.33,17.4,No,No,,Sunny,662.08,0.0,1.0,262.5,0.097,7
ORD103514,2021-09-16,P-SPO-003,Sports,Skipping Rope,South,Chennai,SUP-019,10.0,WH-SO-05,381.0,14.0,123.0,452.0,16.08,4808.54,1.9,No,No,Autumn,Sunny,4939.2,0.0,1.0,484.83,0.036,22
ORD103515,2024-06-02,P-BEA-008,Beauty,Lipstick Set,East,Patna,SUP-021,6.0,WH-EA-03,426.0,27.0,141.0,452.0,19.58,887.91,19.3,No,No,Autumn,Cloudy,1080.73,0.0,1.0,255.2,0.114,35
ORD103516,2022-08-10,P-FUR-015,Furniture,Sofa Cushion Set,Central,Indore,SUP-026,7.0,WH-CE-02,60.0,5.0,30.0,158.0,,13728.81,7.4,No,No,Autumn,Sunny,15129.95,0.0,1.0,369.28,0.107,6
ORD103517,2021-10-31,P-ELE-007,Electronics,Bluetooth Speaker,North,Lucknow,SUP-038,6.0,WH-NO-03,192.0,8.0,73.0,266.0,9.26,7635.96,10.2,No,No,Autumn,Sunny,7373.02,0.0,1.0,354.21,0.162,8
ORD103518,2024-12-25,P-CLO-014,Clothing,Cotton Saree,East,Patna,SUP-023,4.0,WH-EA-04,132.0,28.0,222.0,783.0,27.4,1405.07,14.7,No,Yes,Winter,Rainy,1290.01,0.0,0.0,1264.85,0.045,30
ORD103519,2021-02-17,P-BEA-013,Beauty,Body Lotion 400ml,North,Chandigarh,SUP-010,4.0,WH-NO-05,570.0,36.0,304.0,968.0,32.99,662.69,34.0,Yes,No,Winter,Cloudy,640.21,0.0,3.0,382.73,0.042,44
ORD103520,2022-05-22,P-CLO-012,Clothing,Woolen Sweater,East,Guwahati,SUP-021,9.0,WH-EA-01,449.0,26.0,123.0,516.0,19.31,1429.14,2.4,No,No,Summer,Cloudy,1417.4,0.0,,480.54,0.082,16
ORD103521,2023-12-20,P-SPO-014,Sports,Gym Dumbbells 5kg,South,Hyderabad,SUP-021,4.0,WH-SO-02,45.0,9.0,118.0,449.0,14.09,4266.11,9.5,No,No,Winter,Rainy,4007.3,0.0,0.0,300.52,0.113,7
ORD103522,2022-08-24,P-ELE-007,Electronics,LED TV 43in,Central,Jabalpur,SUP-035,7.0,WH-CE-01,117.0,13.0,85.0,299.0,10.19,13655.49,24.5,No,No,Summer,Cloudy,12427.09,0.0,3.0,359.83,0.098,10
ORD103523,2024-05-15,P-GRO-012,Grocery,Tea Powder 500g,South,Hyderabad,SUP-023,6.0,WH-SO-05,322.0,52.0,323.0,1154.0,39.75,471.71,0.2,No,No,Summer,Sunny,480.59,0.0,1.0,294.18,0.13,33
ORD103524,2022-06-09,P-CLO-003,Clothing,Formal Shirt,North,Chandigarh,SUP-035,9.0,WH-NO-03,229.0,20.0,119.0,430.0,16.55,2178.53,8.0,No,No,Summer,Rainy,2333.33,0.0,3.0,474.32,0.095,12
ORD103525,2023-07-29,P-CLO-005,Clothing,Women's Kurti,West,Mumbai,SUP-026,10.0,WH-WE-02,416.0,,124.0,551.0,20.47,1079.97,11.8,Yes,No,Autumn,Stormy,1240.47,0.0,1.0,400.11,0.002,37
ORD103526,2022-09-17,P-ELE-009,Electronics,Laptop Stand,West,Nagpur,SUP-023,20.0,WH-WE-02,128.0,10.0,75.0,303.0,11.14,10373.34,8.3,No,No,Autumn,Sunny,10436.99,0.0,4.0,642.24,0.181,14
ORD103527,2022-11-17,P-ELE-001,Electronics,Wireless Earbuds,West,Mumbai,SUP-014,16.0,WH-WE-01,140.0,15.0,76.0,408.0,12.98,3466.21,12.2,No,No,Autumn,Sunny,,0.0,0.0,463.51,0.014,15
ORD103528,2022-12-29,P-BEA-012,Beauty,Lipstick Set,West,Mumbai,SUP-011,8.0,WH-WE-03,469.0,37.0,186.0,1316.0,34.37,840.95,18.0,No,No,Winter,Sunny,716.41,0.0,1.0,369.23,0.056,54
ORD103529,2024-11-25,P-CLO-014,Clothing,Cotton Saree,South,Kochi,SUP-004,3.0,WH-SO-04,221.0,14.0,201.0,791.0,25.75,1407.57,24.8,Yes,No,Autumn,Sunny,1504.26,0.0,0.0,301.97,0.216,37
ORD103530,2024-01-16,P-ELE-002,Electronics,Home Router,East,Bhubaneswar,SUP-022,10.0,WH-EA-02,156.0,10.0,46.0,244.0,7.55,12690.4,10.8,Yes,No,Winter,Sunny,11666.19,0.0,,357.39,0.069,15
ORD103531,2022-06-26,P-ELE-015,Electronics,Smartwatch,North,Delhi,SUP-037,5.0,WH-NO-03,76.0,10.0,60.0,395.0,12.12,14226.17,6.9,No,No,Autumn,Sunny,14573.06,0.0,0.0,292.82,0.119,12
ORD103532,2022-09-01,P-CLO-002,Clothing,Woolen Sweater,North,Chandigarh,SUP-001,13.0,WH-NO-04,393.0,17.0,148.0,523.0,20.82,708.32,2.5,Yes,No,Autumn,Cloudy,705.88,0.0,2.0,451.71,0.023,23
ORD103533,2022-08-17,P-ELE-002,Electronics,Power Bank 10000mAh,Central,Raipur,SUP-039,6.0,WH-CE-02,48.0,9.0,51.0,218.0,6.53,10925.37,18.4,No,No,Autumn,Sunny,10713.97,1.0,0.0,258.57,0.162,6
ORD103534,2023-12-12,P-FUR-012,Furniture,Office Chair,West,Mumbai,SUP-035,2.0,WH-WE-04,52.0,4.0,31.0,126.0,4.1,14202.31,20.9,No,No,Winter,Rainy,12516.53,0.0,1.0,346.36,0.09,5
ORD103535,2023-05-14,P-BEA-011,Beauty,Body Lotion 400ml,North,,SUP-018,22.0,WH-NO-02,616.0,27.0,168.0,937.0,28.22,972.6,1.6,Yes,No,Summer,Cloudy,913.7,0.0,3.0,706.95,0.146,25
ORD103536,2023-02-20,P-GRO-015,Grocery,Wheat Flour 5kg,North,Jaipur,SUP-013,8.0,WH-NO-03,441.0,28.0,202.0,854.0,31.74,525.91,7.2,,No,Spring,Sunny,,0.0,0.0,,0.078,20
ORD103537,2022-09-21,P-CLO-007,Clothing,Cotton Saree,Central,Bhopal,SUP-024,17.0,WH-CE-05,86.0,12.0,95.0,395.0,12.83,2379.84,8.6,No,No,Autumn,Rainy,2266.73,0.0,3.0,542.0,0.159,9
ORD103538,2022-08-06,P-ELE-009,Electronics,Smartphone Charger,North,,SUP-035,5.0,WH-NO-05,25.0,6.0,51.0,205.0,6.4,9229.46,19.1,No,No,Summer,Cloudy,10102.52,1.0,0.0,353.44,0.087,8
ORD103539,2023-03-23,P-GRO-003,Grocery,Tea Powder 500g,South,Chennai,SUP-002,9.0,WH-SO-03,732.0,72.0,359.0,1432.0,48.15,487.54,14.8,No,No,Spring,Rainy,473.78,0.0,2.0,,0.05,51
ORD103540,2024-04-29,P-SPO-011,Sports,Running Shoes,North,Jaipur,SUP-018,10.0,WH-NO-02,207.0,6.0,109.0,367.0,13.81,787.78,10.5,No,No,Summer,Rainy,745.37,0.0,0.0,263.45,0.028,10
ORD103541,2024-11-13,P-CLO-015,Clothing,Woolen Sweater,North,Lucknow,SUP-002,5.0,WH-NO-05,688.0,52.0,202.0,732.0,29.54,522.08,14.2,No,Yes,Autumn,Rainy,549.21,0.0,0.0,237.85,0.171,54
ORD103542,2021-03-31,P-SPO-009,Sports,Cycling Helmet,South,Chennai,SUP-026,7.0,WH-SO-03,282.0,21.0,93.0,401.0,12.5,873.53,4.9,No,No,Spring,Rainy,896.35,0.0,2.0,351.93,0.281,15
ORD103543,2021-12-13,P-GRO-014,Grocery,Instant Noodles Pack,Central,Raipur,SUP-004,6.0,WH-CE-02,608.0,31.0,250.0,1096.0,,315.48,5.1,No,No,Winter,Cloudy,366.77,0.0,0.0,276.2,0.111,38
ORD103544,2023-09-29,P-GRO-006,Grocery,Tea Powder 500g,South,Hyderabad,SUP-013,,WH-SO-03,181.0,44.0,245.0,1170.0,41.9,478.18,13.1,Yes,No,Autumn,Sunny,516.86,0.0,2.0,525.92,0.015,41
ORD103545,2021-08-06,P-CLO-015,Clothing,Woolen Sweater,East,,SUP-030,14.0,WH-EA-03,198.0,14.0,69.0,432.0,13.33,2284.16,25.9,No,No,Autumn,Cloudy,1920.73,1.0,1.0,440.88,0.023,14
ORD103546,2023-06-11,P-CLO-009,Clothing,Men's Cotton T-Shirt,West,Nagpur,SUP-031,7.0,WH-WE-05,187.0,37.0,170.0,791.0,27.92,2254.04,12.8,Yes,No,Autumn,Cloudy,2399.23,0.0,2.0,424.1,0.103,36
ORD103547,2022-09-11,P-SPO-003,Sports,Cycling Helmet,East,Guwahati,SUP-010,5.0,WH-EA-02,53.0,10.0,60.0,259.0,9.58,3764.45,15.8,Yes,No,Autumn,,3971.09,0.0,0.0,256.26,0.066,9
ORD103548,2021-10-06,P-ELE-006,Electronics,Smartphone Charger,West,Ahmedabad,SUP-021,5.0,WH-WE-01,197.0,10.0,74.0,276.0,8.84,10339.15,17.5,No,No,Autumn,Cloudy,11711.77,0.0,1.0,288.98,0.078,15
ORD103549,2023-01-07,P-BEA-008,Beauty,Lipstick Set,West,Pune,SUP-008,10.0,WH-WE-03,215.0,43.0,219.0,790.0,31.91,748.32,10.1,No,No,Winter,Sunny,736.44,1.0,0.0,342.73,0.028,33
ORD103550,2023-01-14,P-SPO-002,Sports,Cycling Helmet,East,Bhubaneswar,SUP-024,11.0,WH-EA-05,333.0,7.0,98.0,492.0,16.09,2855.23,25.3,No,No,Winter,Cloudy,3105.66,0.0,2.0,459.02,0.006,18
ORD103551,2023-11-08,P-CLO-014,Clothing,Cotton Saree,East,Kolkata,SUP-001,5.0,WH-EA-01,113.0,15.0,,380.0,15.26,363.58,17.9,No,No,Autumn,Sunny,353.27,0.0,0.0,280.7,0.197,10
ORD103552,2024-04-21,P-GRO-004,Grocery,Instant Noodles Pack,West,Nagpur,SUP-033,8.0,WH-WE-05,336.0,55.0,369.0,1354.0,51.12,465.44,12.3,,No,Summer,Cloudy,476.25,0.0,1.0,378.3,0.121,53
ORD103553,2024-10-27,P-CLO-011,Clothing,Cotton Saree,West,Mumbai,SUP-001,7.0,WH-WE-01,329.0,22.0,162.0,713.0,24.72,1994.69,13.6,No,No,Autumn,Cloudy,1826.35,0.0,1.0,342.2,0.099,25
ORD103554,2022-10-04,P-GRO-014,Grocery,Tea Powder 500g,West,Surat,SUP-025,8.0,WH-WE-03,300.0,21.0,268.0,1344.0,41.89,300.67,1.6,No,No,Autumn,Rainy,267.61,0.0,0.0,284.91,0.01,35
ORD103555,2023-10-04,P-BEA-007,Beauty,Herbal Shampoo 200ml,North,Lucknow,SUP-017,7.0,WH-NO-03,486.0,25.0,164.0,593.0,24.88,143.14,25.9,No,No,Autumn,Sunny,153.1,0.0,2.0,403.6,0.081,36
ORD103556,2024-02-25,P-CLO-010,Clothing,Woolen Sweater,West,Surat,SUP-009,3.0,WH-WE-01,565.0,19.0,168.0,748.0,23.24,1009.43,6.7,No,No,Winter,Stormy,,0.0,0.0,151.48,0.071,32
ORD103557,2024-12-13,P-SPO-008,Sports,Running Shoes,West,Pune,SUP-022,4.0,WH-WE-04,255.0,15.0,114.0,563.0,16.8,3349.89,3.1,No,No,Winter,Rainy,3006.66,0.0,0.0,293.42,,17
ORD103558,2023-08-09,P-FUR-012,Furniture,Sofa Cushion Set,South,Bengaluru,SUP-006,2.0,WH-SO-01,63.0,8.0,52.0,248.0,8.07,6942.83,29.1,No,No,Autumn,,7395.23,0.0,0.0,283.38,0.064,9
ORD103559,2021-12-26,P-CLO-001,Clothing,Formal Shirt,West,Nagpur,SUP-024,7.0,WH-WE-03,551.0,13.0,159.0,754.0,25.61,755.59,3.3,Yes,No,Winter,,590.23,0.0,1.0,279.53,0.078,29
ORD103560,2022-05-15,P-FUR-006,Furniture,TV Unit,South,Coimbatore,SUP-026,7.0,WH-SO-03,59.0,5.0,40.0,161.0,5.39,4268.71,13.8,No,No,Summer,Rainy,3992.14,0.0,0.0,360.36,0.027,5
ORD103561,2021-11-02,P-CLO-010,Clothing,Formal Shirt,South,Bengaluru,SUP-019,5.0,WH-SO-03,231.0,,128.0,500.0,19.46,1155.49,1.8,No,,Autumn,Rainy,1001.97,0.0,1.0,402.41,0.062,16
ORD103562,2021-10-16,P-SPO-002,Sports,Football,West,Mumbai,SUP-015,8.0,WH-WE-01,163.0,10.0,119.0,469.0,15.73,1662.78,6.1,No,No,Autumn,Sunny,1822.3,0.0,1.0,307.73,0.041,14
ORD103563,2022-03-24,P-ELE-013,Electronics,Smartphone Charger,South,Hyderabad,SUP-019,5.0,WH-SO-03,190.0,9.0,71.0,254.0,8.21,11250.87,8.2,Yes,No,,Cloudy,10860.64,0.0,0.0,290.75,0.092,10
ORD103564,2022-12-30,P-SPO-010,Sports,Running Shoes,South,Kochi,SUP-039,6.0,WH-SO-04,46.0,6.0,57.0,399.0,9.73,4453.35,,Yes,No,Winter,,4481.46,0.0,1.0,306.73,0.019,11
ORD103565,2024-02-24,P-BEA-001,Beauty,Hair Oil 250ml,South,Hyderabad,SUP-031,4.0,WH-SO-03,164.0,43.0,250.0,1254.0,37.06,661.66,12.7,Yes,No,Winter,Cloudy,677.76,0.0,0.0,249.34,0.108,52
ORD103566,2022-03-02,P-SPO-001,Sports,Football,West,Mumbai,SUP-001,5.0,WH-WE-04,129.0,17.0,71.0,394.0,13.37,2851.97,8.5,No,No,Spring,Sunny,3036.46,1.0,,283.1,0.037,13
ORD103567,2021-09-30,P-CLO-003,Clothing,Cotton Saree,South,Coimbatore,SUP-012,10.0,WH-SO-04,359.0,,140.0,562.0,20.82,2328.85,25.1,No,No,Autumn,Sunny,2458.39,0.0,1.0,315.4,0.144,29
ORD103568,2021-07-04,P-BEA-010,Beauty,Talcum Powder,West,Ahmedabad,SUP-001,12.0,WH-WE-01,151.0,50.0,334.0,1154.0,37.23,,11.6,No,No,Summer,Sunny,805.17,0.0,1.0,505.18,0.034,33
ORD103569,2021-10-14,P-GRO-008,Grocery,Tea Powder 500g,West,Surat,SUP-010,8.0,WH-WE-05,572.0,66.0,297.0,1161.0,38.95,233.76,2.2,Yes,No,Autumn,Cloudy,228.79,0.0,1.0,356.28,0.008,54
ORD103570,2022-09-25,P-BEA-008,Beauty,Talcum Powder,East,Patna,SUP-032,9.0,WH-EA-05,579.0,28.0,153.0,753.0,24.23,1062.89,11.2,No,No,,Sunny,1135.43,0.0,1.0,381.6,0.018,34
ORD103571,2022-08-25,P-ELE-009,Electronics,Smartphone Charger,Central,Bhopal,SUP-035,10.0,WH-CE-05,108.0,6.0,53.0,192.0,7.13,13003.51,18.4,No,No,Summer,Cloudy,12321.7,0.0,0.0,,0.053,6
ORD103572,2022-08-06,P-GRO-008,Grocery,Toor Dal 1kg,West,Mumbai,SUP-019,6.0,WH-WE-05,573.0,62.0,268.0,1151.0,46.06,275.57,1.7,No,No,Summer,Rainy,266.71,0.0,0.0,321.35,0.331,44
ORD103573,2022-04-09,P-CLO-006,Clothing,Kids Winter Jacket,South,Coimbatore,SUP-028,10.0,WH-SO-02,330.0,8.0,104.0,558.0,17.91,1147.54,2.8,No,No,Summer,Cloudy,1006.46,1.0,0.0,320.49,0.105,14
ORD103574,2022-10-25,P-GRO-001,Grocery,Wheat Flour 5kg,Central,Gwalior,SUP-015,12.0,WH-CE-04,856.0,70.0,315.0,1170.0,41.02,321.26,4.7,No,No,Autumn,Rainy,364.34,0.0,0.0,352.14,0.061,58
ORD103575,2023-08-03,P-GRO-001,Grocery,Basmati Rice 5kg,East,Patna,SUP-020,6.0,WH-EA-03,933.0,56.0,360.0,1617.0,54.02,130.82,9.4,No,No,Autumn,Rainy,120.42,0.0,1.0,314.53,0.129,49
ORD103576,2021-03-07,P-BEA-011,Beauty,Lipstick Set,North,Delhi,SUP-034,,WH-NO-05,227.0,20.0,124.0,489.0,18.28,105.75,10.9,No,No,Spring,Sunny,117.69,0.0,0.0,413.83,0.067,16
ORD103577,2024-07-24,P-GRO-012,Grocery,Wheat Flour 5kg,South,Coimbatore,SUP-012,5.0,WH-SO-05,294.0,27.0,356.0,1703.0,51.2,170.16,8.1,,No,Autumn,Sunny,177.47,0.0,3.0,370.35,0.135,49
ORD103578,2022-03-23,P-BEA-004,Beauty,Herbal Shampoo 200ml,East,Kolkata,SUP-013,7.0,WH-EA-01,,26.0,137.0,533.0,20.41,153.43,5.3,No,No,Spring,Cloudy,155.88,0.0,1.0,310.52,0.021,20
ORD103579,2021-07-22,P-ELE-004,Electronics,LED TV 43in,North,Delhi,SUP-006,5.0,WH-NO-05,138.0,10.0,81.0,314.0,9.67,10153.12,19.3,Yes,No,Summer,Cloudy,10451.21,0.0,0.0,240.45,0.106,12
ORD103580,2021-09-13,P-BEA-007,Beauty,Lipstick Set,East,Bhubaneswar,SUP-009,7.0,WH-EA-04,407.0,23.0,134.0,729.0,24.46,504.73,6.8,No,No,Autumn,Stormy,461.72,0.0,0.0,,0.013,19
ORD103581,2023-03-10,P-BEA-010,Beauty,Talcum Powder,South,Coimbatore,SUP-002,10.0,WH-SO-03,235.0,14.0,109.0,518.0,17.69,983.26,2.2,No,No,Spring,Sunny,1109.55,0.0,2.0,449.76,0.055,18
ORD103582,2023-01-31,P-GRO-009,Grocery,Toor Dal 1kg,East,Ranchi,SUP-033,7.0,WH-EA-03,682.0,22.0,215.0,906.0,29.73,106.01,7.6,No,No,Winter,,102.94,0.0,0.0,466.06,0.039,35
ORD103583,2021-05-10,P-BEA-009,Beauty,Lipstick Set,North,Jaipur,SUP-035,11.0,WH-NO-03,555.0,18.0,132.0,669.0,22.82,632.76,13.0,Yes,No,Summer,Rainy,684.03,0.0,4.0,456.21,0.124,24
ORD103584,2022-12-31,P-SPO-001,Sports,Badminton Racket,West,,SUP-017,6.0,WH-WE-04,272.0,11.0,134.0,626.0,21.55,2957.71,9.3,No,No,Winter,Rainy,2829.16,3.0,0.0,223.53,0.024,20
ORD103585,2021-11-20,P-BEA-007,Beauty,Sunscreen Lotion,South,Coimbatore,SUP-024,10.0,WH-SO-04,164.0,26.0,195.0,737.0,24.67,435.78,13.9,No,No,Autumn,Cloudy,385.88,0.0,1.0,483.69,0.265,18
ORD103586,2024-08-24,P-GRO-012,Grocery,Wheat Flour 5kg,North,Kanpur,SUP-010,6.0,WH-NO-03,276.0,67.0,278.0,1294.0,45.44,89.76,12.7,No,No,Autumn,Cloudy,104.0,0.0,0.0,158.06,0.065,49
ORD103587,2022-03-28,P-CLO-009,Clothing,Track Pants,South,Bengaluru,SUP-002,8.0,WH-SO-05,333.0,24.0,166.0,651.0,21.08,796.09,3.8,No,No,Summer,Rainy,757.66,0.0,3.0,498.61,0.1,16
ORD103588,2024-12-31,P-BEA-013,Beauty,Lipstick Set,East,Kolkata,SUP-021,2.0,WH-EA-02,85.0,17.0,129.0,784.0,23.16,862.58,15.8,,No,Winter,Cloudy,894.45,3.0,1.0,226.49,0.088,21
ORD103589,2023-04-27,P-GRO-011,Grocery,Toor Dal 1kg,East,Guwahati,SUP-007,3.0,WH-EA-03,239.0,38.0,315.0,1291.0,34.36,,4.0,No,No,Summer,Rainy,273.84,0.0,0.0,236.67,0.107,26
ORD103590,2024-11-09,P-BEA-014,Beauty,Face Wash 100ml,East,Ranchi,SUP-034,7.0,WH-EA-03,355.0,4.0,137.0,586.0,17.77,654.8,15.5,Yes,No,Autumn,Rainy,651.08,0.0,0.0,296.25,0.054,23
ORD103591,2023-03-22,P-GRO-009,Grocery,Masala Mix 200g,North,Jaipur,SUP-012,4.0,WH-NO-01,186.0,324.0,287.0,1189.0,37.13,433.94,11.2,No,No,Summer,Sunny,454.91,0.0,4.0,508.6,0.024,47
ORD103592,2021-07-04,P-BEA-009,Beauty,Lipstick Set,West,Pune,SUP-030,8.0,WH-WE-03,164.0,21.0,166.0,597.0,25.12,731.09,10.2,No,No,Autumn,Sunny,739.43,0.0,0.0,299.21,0.028,21
ORD103593,2023-07-29,P-ELE-009,Electronics,Smartphone Charger,South,Hyderabad,SUP-011,7.0,WH-SO-05,238.0,11.0,67.0,282.0,9.54,8346.95,11.1,No,No,Autumn,Rainy,8281.5,0.0,1.0,393.65,0.156,10
ORD103594,2022-11-29,P-ELE-004,Electronics,Smartphone Charger,North,Delhi,SUP-006,15.0,WH-NO-04,137.0,8.0,77.0,218.0,7.8,3390.79,1.9,Yes,No,,,3333.54,0.0,0.0,397.6,0.09,13
ORD103595,2024-04-11,P-SPO-007,Sports,Yoga Mat,West,Pune,SUP-022,,WH-WE-04,468.0,27.0,134.0,580.0,22.82,4955.74,8.7,No,No,Summer,Sunny,5300.89,0.0,1.0,373.05,0.116,25
ORD103596,2022-07-26,P-SPO-003,Sports,Skipping Rope,West,Surat,SUP-008,26.0,WH-WE-01,142.0,16.0,61.0,313.0,9.46,3926.27,6.8,No,No,Summer,Cloudy,3519.93,0.0,2.0,631.8,0.09,13
ORD103597,2021-10-01,P-SPO-007,Sports,Cricket Bat,East,Kolkata,SUP-016,23.0,WH-EA-01,125.0,3.0,52.0,196.0,7.82,3537.39,5.2,Yes,No,Autumn,,3470.4,0.0,3.0,637.33,0.1,9
ORD103598,2021-06-15,P-SPO-003,Sports,Cricket Bat,South,Hyderabad,SUP-012,10.0,WH-SO-03,251.0,21.0,138.0,531.0,19.28,4373.25,4.9,No,Yes,Summer,Sunny,,0.0,0.0,271.15,0.009,30
ORD103599,2023-12-23,P-CLO-008,Clothing,Kids Winter Jacket,South,Chennai,SUP-036,4.0,WH-SO-02,199.0,30.0,216.0,693.0,27.98,1430.34,2.7,No,,Winter,Cloudy,1260.68,0.0,1.0,282.62,0.138,30
ORD103600,2021-12-07,P-GRO-015,Grocery,Toor Dal 1kg,East,Bhubaneswar,SUP-021,9.0,WH-EA-01,1293.0,48.0,407.0,1601.0,54.13,387.49,30.3,Yes,No,Winter,Sunny,384.19,0.0,1.0,,0.062,110
ORD103601,2023-09-02,P-ELE-007,Electronics,Home Router,North,Jaipur,SUP-029,7.0,WH-NO-03,195.0,7.0,51.0,289.0,8.65,6114.0,10.4,No,No,Autumn,Sunny,5574.36,0.0,0.0,349.73,0.128,10
ORD103602,2021-07-16,P-CLO-012,Clothing,Track Pants,South,Kochi,SUP-024,17.0,WH-SO-04,157.0,28.0,170.0,574.0,21.8,1171.65,2.1,No,No,Autumn,Sunny,1199.86,0.0,3.0,572.57,,18
ORD103603,2021-04-27,P-GRO-007,Grocery,Sugar 1kg,Central,Raipur,SUP-037,7.0,WH-CE-04,691.0,35.0,276.0,1006.0,35.41,449.8,28.7,Yes,No,Summer,Cloudy,450.99,,2.0,408.69,0.144,83
ORD103604,2023-11-05,P-SPO-014,Sports,Yoga Mat,West,Nagpur,SUP-018,10.0,WH-WE-01,190.0,22.0,152.0,698.0,21.55,4957.46,1.3,No,No,Autumn,Rainy,4583.08,0.0,2.0,408.59,0.166,16
ORD103605,2022-05-19,P-ELE-004,Electronics,Laptop Stand,South,Coimbatore,SUP-035,8.0,WH-SO-04,,6.0,42.0,225.0,6.66,2001.23,14.6,No,No,Summer,Cloudy,2005.11,,1.0,364.88,0.051,9
ORD103606,2023-04-09,P-ELE-013,Electronics,Smartwatch,North,Kanpur,SUP-036,4.0,WH-NO-02,184.0,9.0,,278.0,9.26,11145.09,,Yes,No,Summer,Rainy,11203.71,0.0,0.0,282.23,0.084,16
ORD103607,2021-02-10,P-GRO-011,Grocery,Wheat Flour 5kg,West,Surat,SUP-037,6.0,WH-WE-01,936.0,64.0,364.0,1428.0,54.32,273.58,20.9,No,No,Winter,Sunny,260.25,0.0,0.0,209.35,0.133,71
ORD103608,2021-10-02,P-ELE-014,Electronics,LED TV 43in,South,Hyderabad,SUP-028,8.0,WH-SO-03,215.0,13.0,77.0,323.0,11.13,14890.56,10.1,Yes,Yes,Autumn,Sunny,14394.32,0.0,0.0,348.7,0.14,21
ORD103609,2021-05-12,P-GRO-002,Grocery,Masala Mix 200g,North,Jaipur,SUP-040,7.0,WH-NO-02,891.0,33.0,302.0,1235.0,43.0,489.53,3.4,No,No,Summer,Sunny,464.15,0.0,1.0,372.72,0.07,43
ORD103610,2022-02-13,P-FUR-014,Furniture,Foldable Bed,North,Lucknow,SUP-030,4.0,WH-NO-04,77.0,5.0,32.0,146.0,5.18,15943.35,10.7,Yes,No,Winter,Rainy,13034.67,0.0,,220.49,,8
ORD103611,2022-02-19,P-GRO-014,Grocery,Toor Dal 1kg,West,Surat,SUP-013,12.0,WH-WE-04,294.0,71.0,385.0,1422.0,54.62,461.23,4.6,No,No,,Cloudy,495.43,0.0,1.0,,0.064,41
ORD103612,2022-07-02,P-FUR-005,Furniture,Dining Chair,East,Guwahati,SUP-007,6.0,WH-EA-04,44.0,5.0,25.0,98.0,3.04,2414.27,35.2,Yes,No,Summer,Rainy,2645.04,0.0,1.0,388.45,0.051,5
ORD103613,2021-12-22,P-SPO-010,Sports,Yoga Mat,North,Jaipur,SUP-009,16.0,WH-NO-01,259.0,20.0,105.0,393.0,13.58,4118.91,24.9,No,No,Winter,Sunny,3542.19,0.0,1.0,548.57,0.061,17
ORD103614,2022-10-30,P-FUR-009,Furniture,Office Chair,North,Delhi,SUP-023,9.0,WH-NO-02,86.0,12.0,57.0,204.0,8.32,8943.43,14.1,No,Yes,Autumn,Rainy,9807.75,0.0,1.0,351.71,0.207,14
ORD103615,2024-08-08,P-FUR-001,Furniture,TV Unit,East,,SUP-007,6.0,WH-EA-03,96.0,5.0,,146.0,4.61,10913.94,10.6,No,No,Autumn,Rainy,11264.48,0.0,0.0,327.79,0.274,5
ORD103616,2021-05-06,P-GRO-008,Grocery,Instant Noodles Pack,East,Guwahati,SUP-010,6.0,WH-EA-05,555.0,54.0,362.0,1434.0,40.95,441.05,12.2,No,No,Summer,Rainy,402.16,0.0,,379.98,0.25,38
ORD103617,2024-07-29,P-ELE-010,Electronics,Bluetooth Speaker,West,Mumbai,SUP-026,6.0,WH-WE-03,101.0,11.0,60.0,303.0,9.83,2162.71,9.0,No,No,Summer,Sunny,2126.51,0.0,0.0,302.29,0.041,12
ORD103618,2022-08-26,P-GRO-004,Grocery,Masala Mix 200g,North,Jaipur,SUP-014,19.0,WH-NO-04,1009.0,34.0,335.0,1174.0,43.59,471.3,,No,No,Autumn,Sunny,444.7,0.0,,449.58,0.291,39
ORD103619,2023-04-25,P-SPO-006,Sports,Yoga Mat,West,Nagpur,SUP-028,4.0,WH-WE-02,227.0,16.0,138.0,606.0,16.69,4090.03,12.6,No,No,Summer,Cloudy,4392.14,0.0,1.0,271.94,0.062,21
ORD103620,2023-09-09,P-FUR-009,Furniture,Sofa Cushion Set,Central,Raipur,SUP-040,2.0,WH-CE-02,14.0,4.0,27.0,138.0,4.61,1822.47,10.7,No,No,Autumn,Cloudy,1688.69,1.0,0.0,142.16,0.1,4
ORD103621,2023-12-10,P-GRO-014,Grocery,Basmati Rice 5kg,East,Ranchi,SUP-004,4.0,WH-EA-04,221.0,31.0,,774.0,23.95,177.3,11.4,No,No,,Rainy,207.41,0.0,1.0,375.28,0.069,29
ORD103622,2024-10-10,P-CLO-001,Clothing,Cotton Saree,North,Kanpur,SUP-026,7.0,WH-NO-05,220.0,40.0,263.0,929.0,32.22,292.78,9.2,No,No,Autumn,Sunny,319.92,0.0,1.0,467.73,0.082,34
ORD103623,2024-12-31,P-BEA-015,Beauty,Herbal Shampoo 200ml,West,Ahmedabad,SUP-033,12.0,WH-WE-01,918.0,40.0,255.0,1148.0,40.95,571.17,13.0,No,No,Winter,Cloudy,515.2,0.0,0.0,403.78,0.069,44
ORD103624,2021-05-24,P-FUR-013,Furniture,Office Chair,South,Kochi,SUP-006,12.0,WH-SO-03,63.0,6.0,50.0,223.0,6.92,12544.62,22.0,No,No,Summer,Sunny,14188.9,0.0,1.0,367.24,0.155,10
ORD103625,2022-08-23,P-CLO-013,Clothing,Track Pants,North,Kanpur,SUP-032,13.0,WH-NO-04,250.0,14.0,100.0,491.0,18.13,669.17,0.8,Yes,No,Summer,Cloudy,708.24,0.0,0.0,448.89,,22
ORD103626,2023-02-27,P-SPO-001,Sports,Football,South,Bengaluru,SUP-021,5.0,WH-SO-01,188.0,15.0,112.0,487.0,16.98,1199.3,11.8,No,No,Winter,Sunny,1184.85,0.0,1.0,262.08,0.04,15
ORD103627,2023-02-03,P-FUR-009,Furniture,Plastic Storage Rack,Central,Jabalpur,SUP-026,4.0,WH-CE-04,39.0,3.0,27.0,94.0,3.17,3713.09,0.6,Yes,No,Winter,Rainy,3913.82,0.0,0.0,374.25,,4
ORD103628,2024-12-19,P-FUR-006,Furniture,TV Unit,South,Bengaluru,SUP-003,,WH-SO-03,66.0,5.0,24.0,145.0,4.28,5966.79,14.6,No,No,Winter,Sunny,6408.17,0.0,1.0,296.3,0.101,3
ORD103629,2023-08-10,P-ELE-014,Electronics,Home Router,West,Ahmedabad,SUP-018,9.0,WH-WE-03,196.0,19.0,,477.0,18.49,7050.78,4.0,Yes,No,Autumn,Cloudy,6623.04,0.0,0.0,345.24,0.167,15
ORD103630,2022-08-11,P-ELE-012,Electronics,Bluetooth Speaker,East,Ranchi,SUP-015,4.0,WH-EA-03,31.0,4.0,39.0,184.0,5.55,10741.08,28.5,No,No,Summer,Sunny,11458.55,0.0,1.0,354.16,0.095,4
ORD103631,2024-09-06,P-SPO-010,Sports,Cricket Bat,East,Guwahati,SUP-007,9.0,WH-EA-05,214.0,9.0,83.0,356.0,11.01,4404.72,16.9,No,No,Autumn,Sunny,4252.24,3.0,0.0,345.12,0.08,14
ORD103632,2023-12-04,P-CLO-001,Clothing,Denim Jeans,North,Lucknow,SUP-031,12.0,WH-NO-01,258.0,22.0,146.0,715.0,22.53,288.77,17.8,No,No,Winter,Cloudy,307.58,0.0,2.0,353.34,0.05,30
ORD103633,2024-03-10,P-GRO-014,Grocery,Tea Powder 500g,East,Guwahati,SUP-021,9.0,WH-EA-02,711.0,40.0,229.0,1102.0,34.34,363.19,27.2,No,No,,Sunny,359.23,0.0,1.0,403.33,0.024,45
ORD103634,2023-07-06,P-CLO-008,Clothing,Denim Jeans,North,Lucknow,SUP-036,9.0,WH-NO-02,256.0,18.0,162.0,553.0,20.79,1424.94,6.1,No,No,,Cloudy,1310.11,0.0,1.0,326.4,0.017,22
ORD103635,2021-04-05,P-ELE-003,Electronics,Laptop Stand,South,Chennai,SUP-007,9.0,WH-SO-05,216.0,5.0,70.0,217.0,8.42,1224.89,5.1,No,No,Summer,Sunny,1286.65,1.0,0.0,349.44,0.103,7
ORD103636,2024-11-19,P-BEA-014,Beauty,Talcum Powder,South,Kochi,SUP-030,1.0,WH-SO-03,641.0,17.0,196.0,637.0,25.95,897.56,18.7,No,No,Autumn,Cloudy,870.37,0.0,1.0,181.08,0.058,22
ORD103637,2023-11-08,P-GRO-014,Grocery,Tea Powder 500g,South,Bengaluru,SUP-025,5.0,WH-SO-01,1301.0,62.0,450.0,1622.0,56.27,476.22,6.6,No,No,Autumn,Rainy,482.11,0.0,0.0,288.56,0.104,64
ORD103638,2021-08-07,P-BEA-008,Beauty,Sunscreen Lotion,East,Ranchi,SUP-027,4.0,WH-EA-01,348.0,28.0,170.0,754.0,24.39,117.14,21.6,Yes,No,Summer,Rainy,120.97,,0.0,298.08,0.017,22
ORD103639,2022-01-04,P-CLO-010,Clothing,Kids Winter Jacket,North,Chandigarh,SUP-013,14.0,WH-NO-05,146.0,21.0,164.0,697.0,25.78,1692.99,7.3,No,No,Winter,Sunny,1891.99,0.0,3.0,593.18,0.028,25
ORD103640,2022-05-14,P-GRO-010,Grocery,Sunflower Oil 1L,South,Bengaluru,SUP-028,17.0,WH-SO-01,,18.0,135.0,789.0,24.9,104.38,9.0,No,No,Summer,Cloudy,100.74,0.0,2.0,585.81,0.148,23
ORD103641,2022-01-08,P-ELE-005,Electronics,Smartwatch,Central,Gwalior,SUP-010,12.0,WH-CE-01,109.0,5.0,50.0,263.0,8.92,7041.92,21.5,No,No,Winter,Sunny,6564.13,0.0,1.0,510.45,0.103,13
ORD103642,2023-06-27,P-BEA-012,Beauty,Talcum Powder,North,Delhi,SUP-031,4.0,WH-NO-03,115.0,16.0,180.0,786.0,26.23,101.85,10.4,No,No,Autumn,Sunny,115.26,1.0,0.0,298.38,0.053,31
ORD103643,2023-03-11,P-ELE-015,Electronics,Laptop Stand,South,,SUP-018,11.0,WH-SO-03,105.0,7.0,63.0,239.0,7.51,12085.83,14.2,No,No,Spring,Rainy,12088.91,0.0,3.0,,0.096,9
ORD103644,2021-11-07,P-ELE-015,Electronics,Power Bank 10000mAh,South,Chennai,SUP-020,17.0,WH-SO-02,289.0,8.0,92.0,460.0,15.34,4963.55,7.6,No,No,Autumn,Sunny,4747.08,0.0,2.0,543.43,0.179,12
ORD103645,2023-10-15,P-BEA-011,Beauty,Body Lotion 400ml,South,Coimbatore,SUP-024,14.0,WH-SO-01,317.0,19.0,189.0,487.0,18.44,851.11,5.8,Yes,No,Autumn,Sunny,875.78,0.0,3.0,574.89,0.081,23
ORD103646,2022-02-24,P-GRO-006,Grocery,Toor Dal 1kg,West,Pune,SUP-004,6.0,WH-WE-01,819.0,46.0,272.0,1383.0,39.91,185.89,2.0,No,No,Spring,Rainy,180.78,0.0,1.0,234.81,0.178,54
ORD103647,2021-08-21,P-GRO-014,Grocery,Wheat Flour 5kg,South,Coimbatore,SUP-015,14.0,WH-SO-03,1275.0,32.0,323.0,1716.0,54.32,319.96,20.8,No,No,Summer,Sunny,313.11,0.0,2.0,370.88,0.083,54
ORD103648,2024-10-29,P-GRO-014,Grocery,Masala Mix 200g,South,Bengaluru,SUP-009,6.0,WH-SO-05,872.0,30.0,283.0,1172.0,44.03,277.8,8.4,Yes,No,Autumn,Sunny,335.0,0.0,1.0,348.81,0.028,72
ORD103649,2022-04-05,P-BEA-001,Beauty,Lipstick Set,East,Guwahati,SUP-039,10.0,WH-EA-01,204.0,12.0,88.0,373.0,12.73,129.32,17.4,Yes,No,Summer,Rainy,119.1,0.0,0.0,478.48,0.095,13
ORD103650,2021-12-06,P-GRO-006,Grocery,Sugar 1kg,South,Coimbatore,SUP-017,16.0,WH-SO-03,1093.0,48.0,535.0,1935.0,63.48,552.85,3.7,No,No,Winter,Sunny,489.25,0.0,4.0,667.0,0.065,81
ORD103651,2023-11-13,P-GRO-009,Grocery,Sugar 1kg,Central,Indore,SUP-001,16.0,WH-CE-01,419.0,28.0,190.0,705.0,26.73,462.85,,No,Yes,Autumn,Rainy,508.23,0.0,0.0,422.35,0.152,33
ORD103652,2024-01-21,P-GRO-009,Grocery,Basmati Rice 5kg,Central,Jabalpur,SUP-002,4.0,WH-CE-04,211.0,33.0,,820.0,25.37,72.46,14.7,No,No,Winter,Sunny,70.26,0.0,1.0,360.22,0.11,27
ORD103653,2021-08-11,P-GRO-011,Grocery,Wheat Flour 5kg,North,Chandigarh,SUP-037,11.0,WH-NO-01,300.0,46.0,435.0,1308.0,49.14,305.92,9.8,No,No,Summer,Stormy,313.73,0.0,1.0,388.46,0.032,43
ORD103654,2021-03-23,P-GRO-008,Grocery,Wheat Flour 5kg,South,Coimbatore,SUP-007,9.0,WH-SO-02,507.0,15.0,192.0,1061.0,30.26,469.41,17.0,Yes,,Spring,Rainy,493.38,0.0,0.0,287.31,0.134,42
ORD103655,2024-05-26,P-ELE-001,Electronics,Smartphone Charger,North,Delhi,SUP-001,8.0,WH-NO-01,210.0,9.0,51.0,271.0,8.27,10167.77,2.7,No,No,Summer,Sunny,8744.43,0.0,0.0,242.89,0.036,6
ORD103656,2023-01-07,P-ELE-003,Electronics,Power Bank 10000mAh,North,Kanpur,SUP-009,,WH-NO-04,66.0,7.0,57.0,,7.57,9424.24,30.1,No,No,,Stormy,10284.18,0.0,0.0,252.97,0.254,9
ORD103657,2022-10-29,P-GRO-012,Grocery,Masala Mix 200g,East,Patna,SUP-009,10.0,WH-EA-04,738.0,41.0,284.0,945.0,35.28,417.96,4.9,No,No,Autumn,Sunny,399.19,0.0,1.0,343.32,0.085,37
ORD103658,2022-09-07,P-SPO-011,Sports,Cycling Helmet,East,Guwahati,SUP-004,6.0,WH-EA-01,221.0,27.0,128.0,487.0,16.02,4441.7,2.5,No,No,Autumn,Rainy,5116.44,0.0,0.0,342.37,0.148,20
ORD103659,2023-05-07,P-ELE-010,Electronics,Smartphone Charger,South,Bengaluru,SUP-040,19.0,WH-SO-03,105.0,4.0,32.0,161.0,6.23,10740.44,20.7,No,No,,Cloudy,10056.27,0.0,1.0,432.56,,6
ORD103660,2023-09-12,P-GRO-007,Grocery,Toor Dal 1kg,South,Bengaluru,SUP-003,3.0,WH-SO-02,616.0,35.0,392.0,1325.0,45.0,345.71,2.2,No,No,Autumn,Sunny,389.01,0.0,2.0,365.44,0.125,69
ORD103661,2021-04-28,P-SPO-005,Sports,Football,South,,SUP-030,6.0,WH-SO-01,81.0,10.0,53.0,269.0,9.01,3106.15,34.4,Yes,No,Summer,Cloudy,3540.2,0.0,1.0,279.56,0.043,15
ORD103662,2022-01-23,P-SPO-005,Sports,Cricket Bat,Central,Jabalpur,SUP-034,9.0,WH-CE-01,453.0,25.0,152.0,617.0,19.83,3357.95,14.9,No,No,Winter,Sunny,3226.45,0.0,1.0,386.54,0.021,21
ORD103663,2024-10-26,P-FUR-011,Furniture,Foldable Bed,Central,Indore,SUP-026,10.0,WH-CE-05,41.0,6.0,28.0,122.0,3.71,19881.02,18.4,No,No,Autumn,Cloudy,19578.34,0.0,1.0,350.79,0.067,5
ORD103664,2021-09-01,P-GRO-008,Grocery,Instant Noodles Pack,North,Kanpur,SUP-006,2.0,WH-NO-04,269.0,41.0,355.0,1513.0,46.53,96.86,21.0,Yes,No,Autumn,,94.43,0.0,1.0,328.42,0.046,58
ORD103665,2024-08-18,P-GRO-002,Grocery,Basmati Rice 5kg,East,Bhubaneswar,SUP-030,21.0,WH-EA-04,399.0,28.0,252.0,1225.0,37.28,553.32,10.8,No,No,Autumn,Sunny,620.59,0.0,1.0,539.87,0.039,50
ORD103666,2022-08-10,P-GRO-006,Grocery,Sugar 1kg,South,,SUP-014,8.0,WH-SO-02,744.0,32.0,343.0,1300.0,41.81,278.3,29.5,No,No,Summer,Rainy,282.29,0.0,0.0,366.2,0.263,65
ORD103667,2021-10-05,P-ELE-013,Electronics,Wireless Earbuds,West,Ahmedabad,SUP-017,6.0,WH-WE-02,125.0,8.0,64.0,,9.07,4210.24,6.0,Yes,No,Autumn,Rainy,4389.68,0.0,0.0,305.93,0.06,16
ORD103668,2023-05-19,P-GRO-009,Grocery,Instant Noodles Pack,East,Bhubaneswar,SUP-011,6.0,WH-EA-04,198.0,22.0,199.0,657.0,23.49,129.82,13.4,Yes,No,Summer,Cloudy,128.33,0.0,0.0,347.45,0.187,23
ORD103669,2023-08-27,P-CLO-013,Clothing,Men's Cotton T-Shirt,West,Pune,SUP-032,8.0,WH-WE-03,751.0,33.0,183.0,756.0,31.42,1866.25,4.7,No,No,Summer,Cloudy,1936.74,0.0,3.0,410.32,0.063,28
ORD103670,2022-05-27,P-GRO-008,Grocery,Toor Dal 1kg,North,Jaipur,SUP-024,15.0,WH-NO-01,482.0,31.0,271.0,927.0,30.48,96.42,21.3,No,No,Summer,Sunny,100.56,0.0,0.0,511.46,0.095,31
ORD103671,2024-03-04,P-FUR-008,Furniture,Study Table,South,Kochi,SUP-007,4.0,WH-SO-03,134.0,3.0,29.0,148.0,5.61,11865.04,12.6,No,No,Summer,Stormy,11298.56,0.0,0.0,229.39,0.136,2
ORD103672,2021-04-04,P-GRO-015,Grocery,Toor Dal 1kg,Central,Jabalpur,SUP-017,10.0,WH-CE-03,498.0,15.0,252.0,869.0,28.65,481.64,14.2,No,No,Summer,Rainy,549.94,0.0,2.0,436.31,0.059,33
ORD103673,2021-06-28,P-GRO-008,Grocery,Toor Dal 1kg,North,Chandigarh,SUP-032,6.0,WH-NO-03,211.0,50.0,335.0,1199.0,51.69,387.01,1.0,No,No,Autumn,Rainy,380.7,0.0,2.0,365.08,0.04,25
ORD103674,2023-06-28,P-BEA-003,Beauty,Sunscreen Lotion,North,Kanpur,SUP-038,23.0,WH-NO-03,,35.0,334.0,1181.0,44.87,470.91,19.1,No,No,Autumn,Rainy,509.71,0.0,4.0,750.27,0.041,50
ORD103675,2023-04-24,P-SPO-007,Sports,Skipping Rope,West,Nagpur,SUP-038,5.0,WH-WE-05,153.0,10.0,80.0,338.0,12.22,3231.73,6.8,No,No,Summer,Sunny,2905.52,0.0,2.0,443.6,0.098,10
ORD103676,2023-10-19,P-GRO-010,Grocery,Masala Mix 200g,West,,SUP-006,,WH-WE-02,740.0,58.0,277.0,1809.0,45.84,188.44,6.3,No,No,Autumn,Sunny,198.75,0.0,1.0,342.12,0.06,72
ORD103677,2024-05-27,P-CLO-006,Clothing,Denim Jeans,West,Surat,SUP-035,,WH-WE-03,472.0,34.0,187.0,789.0,28.44,717.78,3.0,No,No,Summer,Cloudy,778.93,0.0,0.0,348.3,0.086,44
ORD103678,2024-09-20,P-GRO-007,Grocery,Masala Mix 200g,West,Surat,SUP-023,23.0,WH-WE-05,1375.0,55.0,486.0,1770.0,61.76,343.17,9.3,No,No,Autumn,Sunny,350.47,0.0,1.0,520.11,0.023,90
ORD103679,2023-01-11,P-ELE-014,Electronics,Bluetooth Speaker,West,Mumbai,SUP-030,13.0,WH-WE-05,44.0,,95.0,384.0,12.72,3190.35,19.8,No,Yes,Winter,Cloudy,3464.95,0.0,1.0,452.33,0.14,14
ORD103680,2023-01-03,P-BEA-007,Beauty,Face Wash 100ml,North,Jaipur,SUP-016,7.0,WH-NO-05,420.0,34.0,215.0,834.0,25.8,502.96,11.8,No,No,Winter,Sunny,474.5,0.0,2.0,482.88,,36
ORD103681,2024-09-11,P-ELE-005,Electronics,Smartwatch,East,Ranchi,SUP-027,13.0,WH-EA-04,47.0,15.0,83.0,304.0,10.92,1040.14,19.9,No,No,Autumn,Cloudy,1079.46,0.0,1.0,440.37,0.053,8
ORD103682,2024-11-04,P-CLO-002,Clothing,Cotton Saree,West,Pune,SUP-011,,WH-WE-01,,21.0,106.0,346.0,14.35,2061.28,17.2,No,No,Autumn,Cloudy,1810.51,0.0,0.0,358.34,0.096,12
ORD103683,2021-03-11,P-CLO-007,Clothing,Denim Jeans,West,Nagpur,SUP-021,3.0,WH-WE-05,339.0,24.0,229.0,658.0,26.0,1174.83,7.5,No,No,Spring,Sunny,1188.79,0.0,0.0,312.04,0.099,23
ORD103684,2023-01-09,P-ELE-012,Electronics,Smartwatch,South,Kochi,SUP-010,10.0,WH-SO-01,160.0,11.0,62.0,240.0,8.29,7620.96,3.5,No,No,Winter,,7137.55,0.0,1.0,358.78,0.172,9
ORD103685,2024-09-04,P-ELE-005,Electronics,Bluetooth Speaker,North,Jaipur,SUP-016,13.0,WH-NO-03,52.0,9.0,58.0,,9.59,3453.1,10.8,No,No,Autumn,Sunny,3434.11,0.0,1.0,561.12,0.156,12
ORD103686,2021-03-16,P-GRO-008,Grocery,Sunflower Oil 1L,West,Surat,SUP-017,5.0,WH-WE-03,150.0,59.0,246.0,1157.0,42.93,570.56,19.0,Yes,No,Summer,Sunny,633.52,2.0,1.0,300.79,0.067,45
ORD103687,2024-11-28,P-SPO-010,Sports,Badminton Racket,South,Hyderabad,SUP-035,13.0,WH-SO-04,171.0,12.0,112.0,403.0,12.48,2861.26,10.5,No,No,Autumn,Sunny,3259.05,0.0,4.0,577.41,0.315,19
ORD103688,2023-12-31,P-FUR-014,Furniture,Plastic Storage Rack,North,Chandigarh,SUP-026,12.0,WH-NO-04,44.0,7.0,45.0,186.0,6.53,19413.04,23.5,No,No,Winter,Sunny,17421.42,0.0,0.0,283.19,0.15,6
ORD103689,2021-08-16,P-GRO-013,Grocery,Wheat Flour 5kg,West,Ahmedabad,SUP-026,17.0,WH-WE-04,552.0,28.0,287.0,1190.0,40.48,321.21,9.1,No,No,Autumn,Sunny,353.21,0.0,0.0,521.69,0.129,54
ORD103690,2023-07-26,P-ELE-005,Electronics,Home Router,East,Bhubaneswar,SUP-012,26.0,WH-EA-02,47.0,7.0,65.0,270.0,10.2,10047.14,2.5,No,No,Autumn,Sunny,11171.71,1.0,1.0,647.95,0.026,9
ORD103691,2022-09-22,P-FUR-003,Furniture,Plastic Storage Rack,South,Hyderabad,SUP-018,10.0,WH-SO-04,111.0,6.0,27.0,155.0,4.99,10613.74,13.4,No,No,Autumn,Sunny,10889.4,1.0,2.0,422.45,0.02,6
ORD103692,2022-05-04,P-ELE-011,Electronics,Laptop Stand,North,Kanpur,SUP-019,5.0,WH-NO-04,50.0,9.0,62.0,215.0,6.79,8598.33,9.6,No,No,Summer,Sunny,9532.42,0.0,0.0,216.5,0.11,8
ORD103693,2023-06-26,P-CLO-004,Clothing,Men's Cotton T-Shirt,North,Jaipur,SUP-032,9.0,WH-NO-01,242.0,14.0,117.0,508.0,20.4,360.66,32.6,No,No,Summer,Cloudy,348.69,0.0,0.0,453.83,0.099,18
ORD103694,2023-12-11,P-BEA-006,Beauty,Moisturizer Cream,West,Pune,SUP-008,5.0,WH-WE-04,259.0,40.0,171.0,785.0,28.57,775.19,5.8,Yes,No,Winter,Rainy,743.32,0.0,1.0,347.34,0.124,42
ORD103695,2024-07-29,P-CLO-002,Clothing,Woolen Sweater,East,Bhubaneswar,SUP-003,3.0,WH-EA-01,3502.0,35.0,174.0,770.0,26.0,2337.32,4.8,No,No,Autumn,Sunny,2242.03,0.0,0.0,348.59,0.056,16
ORD103696,2022-09-02,P-GRO-012,Grocery,Masala Mix 200g,North,Lucknow,SUP-021,12.0,WH-NO-03,245.0,45.0,262.0,1267.0,40.17,264.85,8.2,No,No,Autumn,Sunny,279.98,1.0,1.0,438.1,0.003,36
ORD103697,2021-08-22,P-ELE-003,Electronics,Home Router,South,Bengaluru,SUP-033,11.0,WH-SO-02,121.0,16.0,78.0,449.0,12.1,12638.75,16.0,No,Yes,Autumn,Sunny,12540.41,0.0,1.0,424.61,0.063,22
ORD103698,2024-06-15,P-ELE-006,Electronics,Wireless Earbuds,North,Lucknow,SUP-030,12.0,WH-NO-02,74.0,5.0,51.0,183.0,6.52,12187.51,18.6,No,No,Summer,Sunny,11489.59,0.0,0.0,397.73,0.044,6
ORD103699,2022-05-04,P-CLO-007,Clothing,Track Pants,North,,SUP-033,11.0,WH-NO-02,522.0,12.0,171.0,457.0,20.82,1810.25,12.4,No,,Summer,Sunny,1713.52,1.0,1.0,369.34,0.144,14
ORD103700,2024-01-15,P-SPO-001,Sports,Yoga Mat,South,Kochi,SUP-016,13.0,WH-SO-05,236.0,10.0,80.0,322.0,11.41,1161.9,,Yes,No,Winter,Cloudy,1162.01,0.0,1.0,,0.041,18
ORD103701,2024-03-11,P-GRO-012,Grocery,Basmati Rice 5kg,East,Kolkata,SUP-010,6.0,WH-EA-05,272.0,43.0,232.0,979.0,31.56,219.31,20.6,Yes,No,Summer,Cloudy,204.41,0.0,0.0,295.72,0.034,37
ORD103702,2021-03-27,P-CLO-010,Clothing,Men's Cotton T-Shirt,North,Lucknow,SUP-027,16.0,WH-NO-04,259.0,21.0,91.0,472.0,15.03,1515.75,4.4,No,No,Spring,Rainy,1596.8,0.0,1.0,588.69,0.018,18
ORD103703,2022-08-23,P-FUR-009,Furniture,Dining Chair,South,Chennai,SUP-002,5.0,WH-SO-04,149.0,4.0,53.0,202.0,6.88,16363.36,11.7,No,No,,Rainy,17927.81,0.0,1.0,181.79,0.31,6
ORD103704,2021-05-04,P-ELE-003,Electronics,Smartwatch,South,Chennai,SUP-036,9.0,WH-SO-02,162.0,6.0,61.0,240.0,8.99,19677.7,6.7,No,No,Summer,Rainy,6391.14,1.0,3.0,530.56,,10
ORD103705,2023-06-03,P-ELE-001,Electronics,Smartwatch,South,Chennai,SUP-029,9.0,WH-SO-01,253.0,9.0,86.0,,12.9,5007.0,15.0,No,No,Autumn,Sunny,6173.07,0.0,2.0,358.77,0.094,13
ORD103706,2024-03-07,P-GRO-001,Grocery,Masala Mix 200g,North,Jaipur,SUP-021,18.0,WH-NO-03,707.0,12.0,230.0,866.0,28.59,150.25,31.9,No,No,Spring,Sunny,155.19,0.0,1.0,504.95,0.023,31
ORD103707,2023-03-30,P-FUR-010,Furniture,Study Table,North,Kanpur,SUP-008,2.0,WH-NO-03,106.0,4.0,29.0,163.0,5.3,2202.82,3.1,No,No,Spring,Cloudy,2501.56,0.0,2.0,279.46,,3
ORD103708,2022-04-19,P-CLO-012,Clothing,Men's Cotton T-Shirt,North,Delhi,SUP-011,4.0,WH-NO-02,84.0,23.0,166.0,569.0,20.47,340.48,6.7,No,No,,Cloudy,345.49,0.0,1.0,340.58,0.159,16
ORD103709,2024-11-22,P-BEA-012,Beauty,Talcum Powder,South,Chennai,SUP-040,7.0,WH-SO-02,327.0,3.0,179.0,833.0,25.62,949.67,19.8,No,No,Autumn,Cloudy,928.52,0.0,0.0,393.14,0.035,23
ORD103710,2021-05-06,P-SPO-013,Sports,Gym Dumbbells 5kg,West,Ahmedabad,SUP-001,8.0,WH-WE-01,,19.0,124.0,579.0,18.96,3391.2,13.4,No,No,Summer,Cloudy,3423.52,0.0,0.0,364.07,0.073,20
ORD103711,2021-07-26,P-BEA-006,Beauty,Body Lotion 400ml,North,Lucknow,SUP-001,9.0,WH-NO-05,604.0,34.0,211.0,705.0,23.77,1004.01,19.2,No,No,Summer,Stormy,1017.37,0.0,0.0,286.54,0.015,28
ORD103712,2022-06-19,P-SPO-001,Sports,Gym Dumbbells 5kg,West,Surat,SUP-014,7.0,WH-WE-02,161.0,15.0,,386.0,,2083.21,15.2,Yes,No,Autumn,Cloudy,2062.61,0.0,4.0,479.83,,19
ORD103713,2024-10-17,P-BEA-004,Beauty,Herbal Shampoo 200ml,West,Pune,SUP-010,7.0,WH-WE-05,892.0,43.0,202.0,1109.0,38.34,408.17,6.4,No,Yes,Autumn,Rainy,372.82,0.0,0.0,357.19,0.064,41
ORD103714,2024-07-30,P-BEA-012,Beauty,Sunscreen Lotion,North,Chandigarh,SUP-028,11.0,WH-NO-04,289.0,41.0,319.0,1294.0,39.63,278.54,1.8,No,No,Autumn,Stormy,256.72,0.0,0.0,386.82,0.145,30
ORD103715,2023-04-05,P-BEA-012,Beauty,Talcum Powder,North,Chandigarh,SUP-002,7.0,WH-NO-01,246.0,27.0,156.0,576.0,20.39,1178.88,10.0,No,No,Summer,Sunny,1285.75,0.0,2.0,431.34,0.046,33
ORD103716,2024-10-23,P-BEA-008,Beauty,Face Wash 100ml,North,Lucknow,SUP-032,12.0,WH-NO-01,194.0,29.0,142.0,661.0,24.89,148.12,10.4,No,No,Autumn,Sunny,158.0,0.0,2.0,526.46,0.15,23
ORD103717,2024-08-13,P-BEA-001,Beauty,Herbal Shampoo 200ml,North,Jaipur,SUP-032,5.0,WH-NO-03,502.0,24.0,186.0,798.0,26.65,995.2,19.4,No,No,Autumn,Sunny,1136.82,0.0,0.0,245.01,0.03,42
ORD103718,2023-05-08,P-SPO-012,Sports,Yoga Mat,East,Guwahati,SUP-010,2.0,WH-EA-01,278.0,18.0,113.0,341.0,14.3,2821.56,9.2,Yes,No,Summer,Sunny,2732.9,0.0,1.0,271.67,0.086,17
ORD103719,2021-06-22,P-CLO-013,Clothing,Formal Shirt,North,Chandigarh,SUP-024,10.0,WH-NO-05,205.0,14.0,122.0,740.0,23.86,281.45,6.6,Yes,No,Summer,Rainy,270.51,0.0,0.0,374.73,0.009,29
ORD103720,2024-08-07,P-FUR-004,Furniture,Sofa Cushion Set,West,Ahmedabad,SUP-027,6.0,WH-WE-05,114.0,8.0,49.0,205.0,6.21,6888.32,14.7,No,No,Summer,Stormy,6255.04,0.0,0.0,338.91,0.14,4
ORD103721,2023-07-27,P-CLO-013,Clothing,Women's Kurti,East,Ranchi,SUP-034,10.0,WH-EA-04,283.0,18.0,101.0,569.0,15.27,1520.88,10.9,No,No,Summer,Sunny,1649.36,0.0,0.0,359.64,0.039,18
ORD103722,2021-07-26,P-BEA-010,Beauty,Talcum Powder,West,Nagpur,SUP-030,7.0,WH-WE-02,569.0,25.0,161.0,779.0,23.55,122.14,18.1,Yes,No,Summer,Sunny,113.42,0.0,1.0,254.36,0.026,33
ORD103723,2024-05-12,P-CLO-014,Clothing,Women's Kurti,West,Nagpur,SUP-039,5.0,WH-WE-05,105.0,25.0,201.0,865.0,24.44,2227.27,2.9,Yes,No,Summer,Rainy,2221.77,0.0,2.0,358.58,0.087,23
ORD103724,2022-08-06,P-BEA-010,Beauty,Herbal Shampoo 200ml,East,Kolkata,SUP-005,9.0,WH-EA-04,302.0,26.0,108.0,536.0,17.35,633.63,2.1,Yes,No,Summer,Cloudy,649.51,0.0,0.0,324.5,0.041,25
ORD103725,2024-02-24,P-BEA-002,Beauty,Talcum Powder,Central,Jabalpur,SUP-025,8.0,WH-CE-02,261.0,18.0,78.0,452.0,13.21,805.64,11.7,Yes,No,Spring,Rainy,704.87,0.0,0.0,284.5,0.068,15
ORD103726,2022-01-18,P-SPO-010,Sports,Badminton Racket,Central,Jabalpur,SUP-031,4.0,WH-CE-05,128.0,16.0,86.0,338.0,11.06,4535.23,2.0,No,No,Winter,Sunny,4817.12,0.0,1.0,242.72,0.039,16
ORD103727,2021-01-15,P-GRO-002,Grocery,Tea Powder 500g,South,Kochi,SUP-010,12.0,WH-SO-02,309.0,45.0,278.0,1330.0,38.83,550.69,26.2,No,No,Winter,Sunny,595.19,0.0,3.0,435.18,0.193,60
ORD103728,2022-10-26,P-FUR-004,Furniture,Plastic Storage Rack,North,,SUP-009,9.0,WH-NO-03,20.0,7.0,34.0,123.0,5.24,6739.65,10.6,No,No,Autumn,Sunny,6888.88,0.0,21.0,348.64,0.033,8
ORD103729,2022-10-23,P-BEA-014,Beauty,Moisturizer Cream,South,Chennai,SUP-004,12.0,WH-SO-04,633.0,34.0,170.0,810.0,30.37,625.49,17.9,No,No,Autumn,Sunny,621.15,,1.0,382.24,0.077,36
ORD103730,2024-06-15,P-SPO-015,Sports,Gym Dumbbells 5kg,North,Jaipur,SUP-040,4.0,WH-NO-05,67.0,13.0,89.0,390.0,13.52,813.13,8.3,No,No,Summer,Sunny,811.03,0.0,0.0,243.26,0.023,13
ORD103731,2021-06-18,P-SPO-008,Sports,Skipping Rope,East,Bhubaneswar,SUP-035,3.0,WH-EA-01,91.0,13.0,68.0,349.0,10.68,,13.9,No,No,Summer,Sunny,5327.27,0.0,1.0,266.98,0.062,13
ORD103732,2024-08-26,P-CLO-005,Clothing,Men's Cotton T-Shirt,South,Kochi,SUP-005,8.0,WH-SO-02,280.0,14.0,104.0,496.0,15.43,1706.79,4.8,Yes,No,Summer,Cloudy,1714.07,0.0,1.0,290.68,0.072,23
ORD103733,2021-08-12,P-CLO-006,Clothing,Woolen Sweater,East,Patna,SUP-010,23.0,WH-EA-05,,21.0,82.0,417.0,15.36,262.47,2.1,No,No,Summer,Rainy,262.05,0.0,2.0,490.81,,12
ORD103734,2024-09-27,P-ELE-004,Electronics,Smartphone Charger,West,Surat,SUP-019,10.0,WH-WE-03,31.0,5.0,53.0,217.0,8.43,1966.85,8.0,,Yes,Autumn,Sunny,1858.81,0.0,1.0,468.48,0.215,10
ORD103735,2023-10-29,P-SPO-009,Sports,Cycling Helmet,South,Coimbatore,SUP-036,6.0,WH-SO-04,246.0,11.0,89.0,354.0,11.95,2970.51,8.5,Yes,No,Autumn,Rainy,2305.33,0.0,1.0,348.59,0.106,14
ORD103736,2022-06-10,P-GRO-007,Grocery,Masala Mix 200g,East,Ranchi,SUP-034,5.0,WH-EA-04,447.0,22.0,187.0,772.0,27.02,144.43,8.8,No,No,Summer,Sunny,157.1,0.0,0.0,233.04,0.093,30
ORD103737,2024-10-29,P-BEA-001,Beauty,Talcum Powder,South,Bengaluru,SUP-036,16.0,WH-SO-02,138.0,57.0,227.0,960.0,33.34,721.18,4.5,Yes,Yes,Autumn,Cloudy,721.01,0.0,1.0,480.35,0.029,38
ORD103738,2022-06-09,P-BEA-010,Beauty,Hair Oil 250ml,West,Nagpur,SUP-034,11.0,WH-WE-02,613.0,23.0,169.0,823.0,28.21,127.9,5.0,No,No,Autumn,Sunny,118.94,0.0,,539.64,0.148,22
ORD103739,2023-07-16,P-CLO-010,Clothing,Woolen Sweater,East,Patna,SUP-026,10.0,WH-EA-03,280.0,16.0,96.0,468.0,15.96,1685.54,14.8,No,No,Summer,Rainy,1970.1,0.0,2.0,514.4,0.045,22
ORD103740,2021-01-24,P-GRO-011,Grocery,Instant Noodles Pack,North,Kanpur,SUP-012,10.0,WH-NO-01,580.0,12.0,213.0,1045.0,31.76,80.04,9.4,No,No,Winter,Sunny,82.85,0.0,1.0,293.3,0.101,48
ORD103741,2021-05-30,P-ELE-015,Electronics,Laptop Stand,West,Mumbai,SUP-025,3.0,WH-WE-04,187.0,12.0,55.0,256.0,7.84,11540.48,3.7,No,Yes,Summer,Sunny,11350.28,0.0,0.0,234.83,0.053,8
ORD103742,2022-06-01,P-BEA-011,Beauty,Talcum Powder,North,Lucknow,SUP-020,8.0,WH-NO-01,324.0,26.0,208.0,974.0,33.96,269.65,3.2,No,No,Summer,Stormy,291.61,0.0,1.0,377.31,0.126,28
ORD103743,2021-12-23,P-CLO-011,Clothing,Denim Jeans,West,Surat,SUP-039,9.0,WH-WE-05,393.0,28.0,139.0,555.0,19.26,1034.37,8.8,Yes,No,Winter,Sunny,1064.82,0.0,,419.14,0.028,22
ORD103744,2021-11-29,P-ELE-004,Electronics,Power Bank 10000mAh,East,Bhubaneswar,SUP-018,16.0,WH-EA-04,185.0,5.0,53.0,239.0,7.37,7846.11,36.5,No,No,Autumn,Rainy,8064.87,0.0,1.0,,0.048,6
ORD103745,2022-07-08,P-FUR-007,Furniture,TV Unit,South,Coimbatore,SUP-031,3.0,WH-SO-02,44.0,4.0,30.0,158.0,5.12,2791.29,7.0,No,No,Summer,Cloudy,2655.37,0.0,2.0,322.58,0.029,5
ORD103746,2023-06-09,P-GRO-007,Grocery,Sugar 1kg,West,Ahmedabad,SUP-007,27.0,WH-WE-01,977.0,69.0,455.0,1800.0,54.9,128.5,23.0,Yes,No,Autumn,Sunny,135.66,0.0,1.0,591.58,0.068,121
ORD103747,2021-07-03,P-SPO-015,Sports,Cricket Bat,West,Mumbai,SUP-028,10.0,WH-WE-04,205.0,8.0,96.0,491.0,15.58,4764.16,7.6,No,No,Summer,Sunny,5122.53,0.0,3.0,447.98,0.076,16
ORD103748,2024-01-04,P-GRO-008,Grocery,Sunflower Oil 1L,West,Surat,SUP-019,3.0,WH-WE-03,693.0,44.0,234.0,1157.0,38.69,150.37,17.0,No,No,Winter,Rainy,143.11,0.0,0.0,248.94,0.064,49
ORD103749,2024-05-23,P-GRO-011,Grocery,Sunflower Oil 1L,East,Bhubaneswar,SUP-018,13.0,WH-EA-01,774.0,36.0,298.0,1440.0,47.03,283.65,17.1,No,Yes,Summer,Rainy,240.65,0.0,1.0,384.04,0.179,42
ORD103750,2024-05-05,P-ELE-009,Electronics,Smartwatch,West,Ahmedabad,SUP-031,15.0,WH-WE-03,,11.0,38.0,168.0,6.89,5575.42,5.3,Yes,No,Summer,Sunny,5999.18,0.0,1.0,441.56,0.166,9
ORD103751,2021-10-12,P-CLO-001,Clothing,Formal Shirt,South,Chennai,SUP-020,4.0,WH-SO-05,305.0,33.0,110.0,597.0,21.24,524.57,3.3,No,No,Autumn,Rainy,550.94,0.0,1.0,305.49,0.222,23
ORD103752,2024-07-10,P-CLO-015,Clothing,Track Pants,West,Nagpur,SUP-003,6.0,WH-WE-04,72.0,14.0,83.0,353.0,10.26,2076.0,6.7,No,No,Summer,,2215.86,0.0,0.0,343.4,0.034,15
ORD103753,2021-07-09,P-BEA-011,Beauty,Moisturizer Cream,West,Surat,SUP-016,15.0,WH-WE-04,700.0,51.0,240.0,997.0,30.1,708.63,3.9,No,No,Autumn,Cloudy,711.25,0.0,,456.89,0.06,41
ORD103754,2021-06-06,P-CLO-004,Clothing,Women's Kurti,North,Delhi,SUP-039,19.0,WH-NO-03,209.0,15.0,114.0,547.0,18.7,1547.02,17.3,No,No,Autumn,Rainy,1666.17,0.0,0.0,507.51,0.069,20
ORD103755,2023-11-27,P-GRO-001,Grocery,Tea Powder 500g,North,Delhi,SUP-038,9.0,WH-NO-01,539.0,47.0,293.0,1019.0,38.2,550.3,,Yes,No,Autumn,Sunny,521.56,0.0,1.0,368.71,0.014,63
ORD103756,2024-01-16,P-GRO-015,Grocery,Sunflower Oil 1L,South,Bengaluru,SUP-025,13.0,WH-SO-05,,43.0,379.0,1915.0,59.89,124.15,,No,No,Winter,Cloudy,122.3,0.0,1.0,480.97,0.032,52
ORD103757,2021-07-05,P-GRO-005,Grocery,Masala Mix 200g,North,Delhi,SUP-026,7.0,WH-NO-04,336.0,40.0,190.0,774.0,31.99,130.39,27.0,Yes,No,Summer,Stormy,119.47,0.0,2.0,289.07,0.273,23
ORD103758,2022-08-31,P-SPO-001,Sports,Cricket Bat,South,Coimbatore,SUP-011,7.0,WH-SO-03,70.0,13.0,82.0,383.0,12.17,1243.05,22.2,No,No,Autumn,Rainy,1358.15,0.0,0.0,246.74,0.035,11
ORD103759,2022-08-23,P-ELE-010,Electronics,Bluetooth Speaker,North,Jaipur,SUP-032,5.0,WH-NO-04,40.0,4.0,43.0,,6.37,10790.56,13.5,No,No,Autumn,Sunny,10750.2,3.0,1.0,,0.108,6
ORD103760,2023-11-22,P-SPO-001,Sports,Cycling Helmet,East,Bhubaneswar,SUP-024,,WH-EA-02,148.0,12.0,97.0,351.0,12.02,555.16,35.2,No,No,Autumn,Cloudy,565.46,0.0,1.0,235.77,0.281,13
ORD103761,2023-01-24,P-GRO-004,Grocery,Tea Powder 500g,North,Chandigarh,SUP-002,13.0,WH-NO-04,4444.0,43.0,187.0,1378.0,41.54,290.53,12.5,No,No,Winter,Sunny,300.6,0.0,2.0,482.33,0.079,49
ORD103762,2023-05-28,P-ELE-014,Electronics,Power Bank 10000mAh,South,Kochi,SUP-038,11.0,WH-SO-05,76.0,11.0,74.0,362.0,11.08,4692.29,6.8,No,No,Summer,Sunny,,0.0,4.0,522.71,0.041,9
ORD103763,2021-04-28,P-GRO-001,Grocery,Toor Dal 1kg,West,Nagpur,SUP-035,6.0,WH-WE-02,1008.0,64.0,393.0,1353.0,41.88,547.08,15.8,No,No,Summer,Sunny,583.07,0.0,0.0,309.96,0.149,64
ORD103764,2024-11-28,P-ELE-012,Electronics,Power Bank 10000mAh,South,Hyderabad,SUP-004,12.0,WH-SO-01,180.0,7.0,49.0,365.0,10.52,7588.07,13.3,No,No,Autumn,Sunny,8594.56,0.0,1.0,427.87,0.15,13
ORD103765,2023-03-24,P-BEA-010,Beauty,Hair Oil 250ml,South,Hyderabad,SUP-017,8.0,WH-SO-04,634.0,23.0,185.0,820.0,28.94,1010.48,8.8,No,No,Summer,Cloudy,1089.68,0.0,3.0,556.95,0.056,34
ORD103766,2023-09-04,P-CLO-005,Clothing,Kids Winter Jacket,West,Ahmedabad,SUP-030,8.0,WH-WE-05,489.0,3.0,166.0,708.0,24.92,1879.52,9.6,No,No,Autumn,Sunny,,0.0,1.0,403.11,0.269,23
ORD103767,2022-12-03,P-GRO-005,Grocery,Basmati Rice 5kg,Central,Jabalpur,SUP-030,11.0,WH-CE-05,355.0,40.0,237.0,1000.0,33.11,559.92,17.5,No,No,Winter,Rainy,564.84,0.0,0.0,398.71,0.138,50
ORD103768,2021-12-26,P-FUR-008,Furniture,TV Unit,East,Guwahati,SUP-007,5.0,WH-EA-05,106.0,7.0,46.0,210.0,5.92,19113.88,5.5,No,No,Winter,Rainy,19351.23,0.0,0.0,264.69,0.104,6
ORD103769,2023-09-04,P-FUR-008,Furniture,Study Table,North,Lucknow,SUP-002,15.0,WH-NO-02,206.0,11.0,61.0,213.0,8.48,10836.56,11.9,No,Yes,Autumn,Cloudy,11913.5,0.0,2.0,603.7,0.068,19
ORD103770,2022-02-26,P-SPO-014,Sports,Yoga Mat,North,Kanpur,SUP-040,6.0,WH-NO-05,59.0,18.0,161.0,529.0,18.62,3218.75,,No,No,Winter,Sunny,3077.36,0.0,0.0,273.03,0.029,16
ORD103771,2021-11-17,P-SPO-004,Sports,Running Shoes,Central,Indore,SUP-036,10.0,WH-CE-02,482.0,15.0,131.0,558.0,19.84,2776.25,23.9,Yes,No,Autumn,Stormy,2545.17,0.0,1.0,425.09,0.038,16
ORD103772,2023-03-19,P-FUR-009,Furniture,Dining Chair,West,Surat,SUP-030,4.0,WH-WE-03,116.0,3.0,38.0,148.0,4.7,12469.97,11.0,No,No,Summer,Sunny,13303.57,0.0,1.0,281.12,0.146,6
ORD103773,2022-06-06,P-BEA-011,Beauty,Sunscreen Lotion,West,,SUP-027,10.0,WH-WE-05,334.0,37.0,217.0,841.0,31.67,703.27,6.5,No,No,Autumn,Cloudy,702.19,0.0,0.0,364.21,0.228,39
ORD103774,2024-07-30,P-BEA-001,Beauty,Lipstick Set,West,Nagpur,SUP-028,13.0,WH-WE-05,372.0,20.0,207.0,799.0,26.46,649.43,10.5,No,No,Summer,Sunny,617.02,0.0,3.0,545.4,0.06,23
ORD103775,2023-08-22,P-CLO-014,Clothing,Formal Shirt,North,Delhi,SUP-019,11.0,WH-NO-04,259.0,10.0,132.0,733.0,20.87,621.4,17.8,No,No,Summer,Rainy,608.47,0.0,1.0,459.99,0.044,15
ORD103776,2022-06-30,P-FUR-015,Furniture,TV Unit,South,Chennai,SUP-028,8.0,WH-SO-03,89.0,9.0,42.0,184.0,6.98,11128.53,7.1,No,No,Summer,Sunny,9872.26,0.0,2.0,336.79,,3
ORD103777,2021-02-22,P-ELE-002,Electronics,LED TV 43in,West,Surat,SUP-013,6.0,WH-WE-03,82.0,10.0,63.0,306.0,11.18,6990.66,15.9,No,No,Winter,Stormy,7085.8,,1.0,339.29,0.018,6
ORD103778,2022-05-14,P-BEA-004,Beauty,Body Lotion 400ml,West,Mumbai,SUP-004,3.0,WH-WE-05,383.0,21.0,137.0,618.0,20.35,,20.4,No,No,Summer,Stormy,1158.15,0.0,0.0,,0.126,19
ORD103779,2021-06-19,P-SPO-012,Sports,Cricket Bat,North,Delhi,SUP-013,4.0,WH-NO-05,104.0,0.0,76.0,399.0,12.17,3753.97,16.1,Yes,No,Autumn,Rainy,3914.03,2.0,0.0,239.05,0.07,12
ORD103780,2021-11-17,P-ELE-013,Electronics,Laptop Stand,East,Patna,SUP-012,7.0,WH-EA-02,51.0,9.0,67.0,279.0,9.14,4637.27,30.3,No,No,Autumn,Rainy,4561.24,0.0,16.0,,0.069,8
ORD103781,2022-02-19,P-BEA-003,Beauty,Hair Oil 250ml,North,Chandigarh,SUP-013,6.0,WH-NO-01,55.0,18.0,147.0,626.0,19.03,528.81,12.6,No,No,Spring,,530.31,0.0,0.0,307.22,0.016,16
ORD103782,2023-08-12,P-SPO-014,Sports,Running Shoes,Central,Bhopal,SUP-019,13.0,WH-CE-05,33.0,13.0,69.0,280.0,8.52,3126.82,6.5,No,No,Autumn,Stormy,3012.93,0.0,1.0,432.73,0.033,6
ORD103783,2021-06-05,P-GRO-005,Grocery,Toor Dal 1kg,South,Bengaluru,SUP-006,21.0,WH-SO-05,740.0,35.0,295.0,997.0,37.47,572.96,8.5,No,No,Summer,Sunny,561.29,3.0,1.0,497.8,0.101,38
ORD103784,2021-08-25,P-CLO-005,Clothing,Cotton Saree,West,Pune,SUP-017,3.0,WH-WE-01,244.0,1.0,123.0,448.0,15.14,511.28,9.9,No,No,Summer,Rainy,465.07,1.0,1.0,331.94,0.138,15
ORD103785,2021-02-27,P-SPO-006,Sports,Badminton Racket,North,Chandigarh,SUP-019,13.0,WH-NO-03,43.0,10.0,80.0,250.0,10.41,2717.15,2.8,Yes,No,Spring,Sunny,2941.52,0.0,0.0,296.41,0.085,9
ORD103786,2024-09-01,P-SPO-011,Sports,Gym Dumbbells 5kg,East,Bhubaneswar,SUP-008,9.0,WH-EA-03,459.0,19.0,112.0,609.0,19.29,4541.96,5.8,No,No,Autumn,Sunny,4526.81,0.0,4.0,,0.021,22
ORD103787,2024-12-13,P-ELE-004,Electronics,Home Router,East,Guwahati,SUP-019,5.0,WH-EA-01,70.0,10.0,53.0,263.0,7.22,12024.25,28.9,Yes,No,Winter,Sunny,10110.82,0.0,0.0,282.31,0.064,12
ORD103788,2022-03-12,P-GRO-009,Grocery,Sugar 1kg,South,Kochi,SUP-027,11.0,WH-SO-04,966.0,42.0,264.0,1196.0,42.37,119.78,5.6,No,No,Spring,Stormy,104.59,0.0,,488.75,0.181,25
ORD103789,2022-10-28,P-FUR-002,Furniture,Sofa Cushion Set,West,Mumbai,SUP-017,17.0,WH-WE-05,82.0,4.0,35.0,150.0,5.15,6098.44,11.2,No,No,Autumn,Sunny,6604.63,0.0,1.0,575.81,0.142,4
ORD103790,2022-03-17,P-GRO-003,Grocery,Masala Mix 200g,West,Surat,SUP-001,6.0,WH-WE-02,910.0,45.0,327.0,1314.0,47.11,438.05,7.0,No,No,Spring,Cloudy,436.53,0.0,1.0,342.71,0.128,53
ORD103791,2023-02-19,P-GRO-012,Grocery,Sunflower Oil 1L,West,Mumbai,SUP-029,14.0,WH-WE-04,1018.0,82.0,190.0,1494.0,43.35,406.06,16.3,No,No,Winter,Cloudy,405.41,0.0,2.0,596.59,0.082,56
ORD103792,2023-03-17,P-ELE-006,Electronics,Smartwatch,South,Chennai,SUP-024,15.0,WH-SO-01,259.0,13.0,67.0,360.0,11.26,10844.17,8.3,No,No,Summer,Cloudy,10841.83,0.0,1.0,553.18,0.189,11
ORD103793,2022-01-08,P-ELE-012,Electronics,Laptop Stand,West,Pune,SUP-017,14.0,WH-WE-02,134.0,9.0,63.0,284.0,9.76,8177.37,26.8,No,No,Winter,Sunny,8496.2,0.0,0.0,,0.103,12
ORD103794,2023-08-01,P-CLO-012,Clothing,Cotton Saree,East,Guwahati,SUP-001,14.0,WH-EA-03,64.0,20.0,62.0,392.0,15.13,1407.65,7.7,No,No,Summer,,1580.01,1.0,1.0,451.87,0.235,11
ORD103795,2021-01-12,P-FUR-015,Furniture,Office Chair,East,Patna,SUP-004,12.0,WH-EA-05,116.0,3.0,42.0,145.0,4.98,18599.61,8.9,No,No,Winter,Cloudy,19261.93,0.0,,394.13,,7
ORD103796,2023-07-31,P-FUR-003,Furniture,Dining Chair,South,Kochi,SUP-004,4.0,WH-SO-05,65.0,5.0,43.0,162.0,6.06,13876.38,6.9,No,No,Autumn,Rainy,14217.59,2.0,1.0,377.85,0.03,7
ORD103797,2024-01-02,P-BEA-015,Beauty,Herbal Shampoo 200ml,East,Patna,SUP-035,11.0,WH-EA-05,254.0,20.0,,716.0,24.11,524.03,0.7,Yes,No,Winter,Stormy,500.08,0.0,0.0,398.11,0.07,23
ORD103798,2021-03-19,P-GRO-014,Grocery,Toor Dal 1kg,North,Kanpur,SUP-013,3.0,WH-NO-05,554.0,14.0,249.0,940.0,30.89,66.76,1.4,No,No,Spring,Sunny,58.52,0.0,1.0,220.24,0.084,26
ORD103799,2023-11-24,P-GRO-007,Grocery,Sugar 1kg,South,Kochi,SUP-018,4.0,WH-SO-05,670.0,44.0,262.0,928.0,33.83,419.76,9.4,No,No,Autumn,Sunny,435.69,0.0,0.0,312.77,0.114,34
ORD103800,2023-12-14,P-ELE-003,Electronics,LED TV 43in,North,Chandigarh,SUP-028,10.0,WH-NO-02,104.0,5.0,53.0,195.0,6.78,10615.69,9.4,No,No,Winter,Cloudy,11087.24,0.0,1.0,396.87,0.046,7
ORD103801,2024-11-21,P-GRO-003,Grocery,Sunflower Oil 1L,South,,SUP-027,7.0,WH-SO-01,731.0,38.0,295.0,1205.0,36.57,433.34,9.6,No,No,Autumn,Cloudy,471.46,0.0,1.0,399.08,0.023,44
ORD103802,2024-03-23,P-GRO-008,Grocery,Sugar 1kg,North,Jaipur,SUP-003,,WH-NO-05,113.0,21.0,185.0,710.0,25.28,411.16,23.4,No,,Summer,Cloudy,467.48,0.0,,168.86,0.129,26
ORD103803,2021-01-31,P-ELE-001,Electronics,LED TV 43in,North,Chandigarh,SUP-038,,WH-NO-01,154.0,8.0,51.0,244.0,7.01,2069.46,3.0,No,No,,Rainy,1877.43,0.0,0.0,314.98,0.158,7
ORD103804,2021-04-30,P-ELE-002,Electronics,Power Bank 10000mAh,West,Pune,SUP-011,10.0,WH-WE-03,131.0,15.0,68.0,287.0,9.09,6903.58,7.3,No,No,Summer,Sunny,6564.47,0.0,2.0,455.16,0.094,13
ORD103805,2021-07-20,P-ELE-008,Electronics,Home Router,East,Bhubaneswar,SUP-031,,WH-EA-04,91.0,8.0,51.0,285.0,9.17,9322.15,11.6,No,No,Autumn,,9820.52,0.0,1.0,341.81,0.041,6
ORD103806,2023-04-30,P-FUR-009,Furniture,Wooden Bookshelf,North,Lucknow,SUP-034,12.0,WH-NO-01,46.0,4.0,24.0,159.0,5.07,3786.62,1.9,No,No,Summer,Sunny,3786.98,0.0,1.0,448.98,0.136,4
ORD103807,2023-11-07,P-FUR-013,Furniture,Sofa Cushion Set,West,Pune,SUP-022,12.0,WH-WE-05,162.0,6.0,50.0,243.0,10.41,10043.1,25.6,No,No,Autumn,Stormy,11202.79,0.0,2.0,429.77,0.148,8
ORD103808,2023-08-20,P-SPO-015,Sports,Football,Central,Jabalpur,SUP-007,,WH-CE-02,219.0,10.0,89.0,379.0,11.55,1820.02,8.2,No,No,Summer,Sunny,1791.83,,0.0,271.83,0.13,14
ORD103809,2022-04-28,P-BEA-005,Beauty,Talcum Powder,West,Pune,SUP-022,3.0,WH-WE-02,555.0,11.0,180.0,937.0,27.95,181.42,5.9,No,No,Summer,Rainy,210.46,0.0,0.0,294.06,0.024,26
ORD103810,2021-10-21,P-CLO-005,Clothing,Women's Kurti,West,Ahmedabad,SUP-010,8.0,WH-WE-02,230.0,25.0,115.0,543.0,17.16,1437.71,14.7,No,No,Autumn,Sunny,1444.15,0.0,4.0,501.66,0.02,20
ORD103811,2021-04-04,P-ELE-003,Electronics,Home Router,Central,Gwalior,SUP-034,11.0,WH-CE-03,43.0,7.0,59.0,213.0,8.26,6392.21,13.0,Yes,No,Summer,Cloudy,7224.56,0.0,0.0,280.37,0.131,6
ORD103812,2022-07-01,P-CLO-004,Clothing,Track Pants,East,Patna,SUP-031,9.0,WH-EA-03,256.0,14.0,167.0,616.0,19.65,1559.62,8.0,No,No,Summer,Sunny,1259.32,3.0,1.0,461.78,0.074,13
ORD103813,2022-03-16,P-ELE-007,Electronics,LED TV 43in,Central,Gwalior,SUP-033,8.0,WH-CE-01,66.0,5.0,41.0,144.0,,10940.56,8.6,No,No,Spring,Cloudy,11366.24,0.0,0.0,371.61,0.102,5
ORD103814,2022-03-20,P-CLO-015,Clothing,Track Pants,Central,Jabalpur,SUP-034,16.0,WH-CE-01,52.0,20.0,117.0,521.0,16.22,1924.53,16.1,,No,Summer,Rainy,,0.0,0.0,459.87,0.211,19
ORD103815,2021-05-09,P-GRO-014,Grocery,Sugar 1kg,South,Kochi,SUP-008,3.0,WH-SO-03,887.0,54.0,441.0,1887.0,59.26,168.63,20.2,Yes,No,Summer,Rainy,140.39,0.0,1.0,397.45,0.08,49
ORD103816,2022-03-02,P-CLO-014,Clothing,Cotton Saree,West,Mumbai,SUP-002,3.0,WH-WE-02,378.0,31.0,217.0,671.0,23.2,1743.09,3.2,No,No,Summer,Cloudy,1740.95,,0.0,242.36,0.079,26
ORD103817,2024-05-08,P-GRO-007,Grocery,Toor Dal 1kg,West,Ahmedabad,SUP-026,8.0,WH-WE-04,1176.0,56.0,389.0,,65.34,232.8,36.2,No,Yes,Summer,Sunny,209.75,0.0,0.0,,0.098,81
ORD103818,2021-12-18,P-FUR-010,Furniture,Office Chair,West,Mumbai,SUP-025,3.0,WH-WE-05,28.0,5.0,51.0,188.0,6.08,1527.26,34.6,No,No,Winter,Stormy,1463.77,1.0,2.0,213.63,0.068,3
ORD103819,2024-07-05,P-BEA-011,Beauty,Hair Oil 250ml,West,Surat,SUP-035,6.0,WH-WE-01,141.0,18.0,126.0,608.0,17.95,961.5,11.3,No,No,Autumn,Sunny,984.97,0.0,0.0,381.37,0.023,17
ORD103820,2021-05-07,P-BEA-004,Beauty,Face Wash 100ml,South,Chennai,SUP-026,12.0,WH-SO-01,455.0,27.0,198.0,902.0,28.66,174.49,5.0,No,No,Summer,Cloudy,172.77,0.0,1.0,465.33,0.041,24
ORD103821,2023-07-20,P-FUR-007,Furniture,Wooden Bookshelf,South,Kochi,SUP-033,15.0,WH-SO-04,114.0,7.0,42.0,150.0,5.55,13982.75,3.1,Yes,No,Summer,Sunny,14381.33,0.0,0.0,518.78,0.037,5
ORD103822,2021-06-07,P-CLO-009,Clothing,Women's Kurti,East,Kolkata,SUP-014,9.0,WH-EA-01,126.0,24.0,,468.0,18.93,1771.58,18.4,No,No,Autumn,Rainy,1793.86,0.0,1.0,339.88,0.094,20
ORD103823,2022-07-18,P-ELE-006,Electronics,Wireless Earbuds,West,Nagpur,SUP-005,7.0,WH-WE-04,112.0,9.0,60.0,350.0,10.24,8215.49,31.5,No,No,Autumn,,9762.88,0.0,0.0,433.76,0.077,13
ORD103824,2024-10-25,P-BEA-008,Beauty,Face Wash 100ml,West,Pune,SUP-002,17.0,WH-WE-03,335.0,11.0,170.0,596.0,22.87,249.77,11.5,Yes,No,Autumn,Sunny,254.95,0.0,1.0,542.88,0.028,28
ORD103825,2024-01-29,P-CLO-007,Clothing,Men's Cotton T-Shirt,West,Nagpur,SUP-018,8.0,WH-WE-03,345.0,29.0,181.0,642.0,24.19,643.75,17.2,No,No,Winter,Sunny,649.54,0.0,1.0,412.11,0.086,30
ORD103826,2023-01-21,P-GRO-001,Grocery,Masala Mix 200g,West,Mumbai,SUP-001,4.0,WH-WE-04,652.0,24.0,300.0,1131.0,39.49,354.57,6.0,No,No,Winter,Cloudy,366.51,0.0,0.0,209.0,0.08,58
ORD103827,2023-07-12,P-GRO-012,Grocery,Instant Noodles Pack,Central,Indore,SUP-021,7.0,WH-CE-05,344.0,24.0,196.0,726.0,,126.13,22.4,No,No,Autumn,Sunny,125.87,0.0,2.0,417.39,0.28,24
ORD103828,2023-08-23,P-SPO-014,Sports,Cycling Helmet,North,Lucknow,SUP-017,4.0,WH-NO-01,223.0,19.0,,407.0,16.09,1576.26,35.9,No,No,Summer,Rainy,1376.52,0.0,0.0,,0.075,18
ORD103829,2024-03-03,P-FUR-012,Furniture,Study Table,Central,Jabalpur,SUP-011,6.0,WH-CE-01,22.0,5.0,22.0,104.0,3.44,11186.3,6.8,No,No,Spring,Rainy,11805.43,0.0,2.0,379.15,0.033,2
ORD103830,2023-05-17,P-CLO-015,Clothing,Woolen Sweater,North,,SUP-024,10.0,WH-NO-04,69.0,33.0,142.0,,19.12,1190.74,12.7,Yes,No,Summer,Stormy,1313.69,0.0,0.0,378.62,0.157,21
ORD103831,2023-01-17,P-FUR-007,Furniture,Foldable Bed,East,Ranchi,SUP-028,3.0,WH-EA-01,82.0,5.0,32.0,129.0,4.14,18227.65,14.7,No,No,Winter,Sunny,20495.51,0.0,3.0,271.84,0.005,9
ORD103832,2021-04-21,P-GRO-001,Grocery,Instant Noodles Pack,North,Chandigarh,SUP-002,16.0,WH-NO-03,676.0,20.0,409.0,1744.0,55.39,137.31,9.0,,No,Summer,Cloudy,144.88,0.0,2.0,579.7,0.09,75
ORD103833,2024-11-01,P-CLO-005,Clothing,Track Pants,East,Guwahati,SUP-020,12.0,WH-EA-03,200.0,13.0,139.0,671.0,20.14,1599.95,20.7,No,No,Autumn,Cloudy,1565.54,0.0,2.0,411.37,0.03,17
ORD103834,2023-04-08,P-GRO-013,Grocery,Wheat Flour 5kg,South,Coimbatore,SUP-038,7.0,WH-SO-02,723.0,30.0,195.0,989.0,31.53,434.31,7.2,,No,Summer,Rainy,443.45,0.0,1.0,344.97,0.176,34
ORD103835,2022-02-28,P-CLO-003,Clothing,Cotton Saree,North,Jaipur,SUP-012,11.0,WH-NO-03,204.0,17.0,128.0,605.0,18.93,1416.95,12.2,,No,Spring,Sunny,1619.45,0.0,2.0,431.79,0.061,24
ORD103836,2021-07-17,P-FUR-009,Furniture,Sofa Cushion Set,East,Ranchi,SUP-032,8.0,WH-EA-01,89.0,5.0,42.0,127.0,4.98,19025.73,25.0,No,No,Autumn,Sunny,18684.85,0.0,1.0,361.04,0.028,8
ORD103837,2023-06-02,P-ELE-001,Electronics,Bluetooth Speaker,West,Nagpur,SUP-014,12.0,WH-WE-02,34.0,10.0,92.0,273.0,9.92,6236.93,15.1,Yes,No,Summer,Sunny,5641.43,0.0,1.0,338.79,0.039,9
ORD103838,2024-02-18,P-BEA-005,Beauty,Lipstick Set,North,Chandigarh,SUP-011,9.0,WH-NO-01,236.0,12.0,102.0,585.0,19.79,162.43,15.3,No,No,Spring,Cloudy,191.14,0.0,1.0,1117.95,0.087,17
ORD103839,2024-03-26,P-GRO-002,Grocery,Sunflower Oil 1L,West,Ahmedabad,SUP-035,3.0,WH-WE-05,180.0,41.0,239.0,,34.01,141.14,15.7,Yes,No,Spring,Rainy,129.64,0.0,24.0,223.81,0.039,35
ORD103840,2024-07-18,P-FUR-002,Furniture,Office Chair,North,Jaipur,SUP-015,7.0,WH-NO-05,1258.0,6.0,43.0,250.0,8.36,3316.28,15.6,Yes,No,Autumn,Sunny,2899.27,0.0,2.0,285.91,0.078,11
ORD103841,2024-07-29,P-FUR-003,Furniture,TV Unit,North,Jaipur,SUP-035,16.0,WH-NO-02,85.0,5.0,29.0,135.0,4.62,3155.69,6.2,Yes,No,Autumn,Cloudy,3236.26,0.0,1.0,420.02,0.092,6
ORD103842,2023-06-30,P-FUR-009,Furniture,Sofa Cushion Set,North,Kanpur,SUP-027,11.0,WH-NO-01,51.0,7.0,31.0,135.0,4.25,18133.18,2.5,No,No,Summer,Sunny,18726.17,0.0,2.0,478.37,0.159,7
ORD103843,2024-10-15,P-FUR-011,Furniture,Foldable Bed,East,Guwahati,SUP-033,6.0,WH-EA-02,60.0,2.0,18.0,76.0,3.14,10973.88,9.5,No,No,Autumn,Sunny,11376.01,0.0,1.0,309.5,0.039,4
ORD103844,2021-04-19,P-SPO-005,Sports,Running Shoes,West,Nagpur,SUP-033,10.0,WH-WE-05,329.0,14.0,89.0,366.0,13.6,4078.76,13.3,No,No,Summer,Stormy,4365.33,0.0,1.0,374.43,0.142,14
ORD103845,2022-08-01,P-CLO-013,Clothing,Formal Shirt,East,Guwahati,SUP-037,5.0,WH-EA-05,137.0,11.0,82.0,394.0,12.91,934.53,18.4,Yes,No,Autumn,Rainy,922.44,0.0,1.0,,0.057,11
ORD103846,2022-12-08,P-BEA-006,Beauty,Herbal Shampoo 200ml,West,Nagpur,SUP-023,6.0,WH-WE-04,792.0,34.0,363.0,1517.0,50.4,311.62,8.0,No,No,Winter,Stormy,307.95,,0.0,140.33,0.188,40
ORD103847,2023-10-19,P-FUR-012,Furniture,TV Unit,East,Guwahati,SUP-039,,WH-EA-05,40.0,4.0,23.0,111.0,,10189.04,4.1,Yes,No,Autumn,Sunny,9721.8,0.0,1.0,361.11,0.204,4
ORD103848,2022-03-14,P-GRO-008,Grocery,Masala Mix 200g,West,Nagpur,SUP-003,15.0,WH-WE-01,698.0,25.0,273.0,1023.0,33.21,59.18,14.0,No,No,Spring,Rainy,59.83,0.0,1.0,474.16,0.166,37
ORD103849,2022-02-28,P-GRO-011,Grocery,Sunflower Oil 1L,Central,Bhopal,SUP-020,4.0,WH-CE-03,181.0,64.0,355.0,1597.0,51.21,151.81,11.0,No,No,Spring,Cloudy,158.39,0.0,1.0,325.03,0.14,45
ORD103850,2024-08-12,P-CLO-015,Clothing,Track Pants,South,Kochi,SUP-016,8.0,WH-SO-04,110.0,33.0,166.0,769.0,27.23,2374.61,8.1,No,No,Summer,Cloudy,2546.87,0.0,1.0,278.08,0.143,26
ORD103851,2023-08-07,P-GRO-015,Grocery,Toor Dal 1kg,North,Lucknow,SUP-004,15.0,WH-NO-01,615.0,39.0,137.0,870.0,25.6,91.54,22.8,No,No,Autumn,Sunny,84.97,0.0,6.0,686.06,,41
ORD103852,2023-07-17,P-GRO-009,Grocery,Sugar 1kg,North,Jaipur,SUP-035,8.0,WH-NO-03,588.0,48.0,236.0,1038.0,38.69,205.19,2.4,No,No,Summer,Sunny,184.73,0.0,1.0,335.12,0.079,41
ORD103853,2021-09-27,P-GRO-015,Grocery,Basmati Rice 5kg,East,Patna,SUP-033,3.0,WH-EA-02,419.0,44.0,249.0,1076.0,36.76,468.18,24.2,No,No,Autumn,Sunny,501.33,0.0,0.0,327.92,0.018,46
ORD103854,2023-01-01,P-FUR-011,Furniture,Plastic Storage Rack,East,Bhubaneswar,SUP-030,16.0,WH-EA-01,59.0,1.0,30.0,122.0,4.04,12059.6,2.1,No,No,Winter,Cloudy,11549.22,0.0,1.0,531.57,0.121,4
ORD103855,2022-09-08,P-GRO-005,Grocery,Basmati Rice 5kg,North,Jaipur,SUP-026,11.0,WH-NO-02,962.0,61.0,365.0,,47.12,482.35,8.8,No,No,Autumn,Rainy,444.33,0.0,3.0,469.09,0.185,55
ORD103856,2023-06-26,P-BEA-015,Beauty,Body Lotion 400ml,West,Ahmedabad,SUP-025,2.0,WH-WE-05,137.0,23.0,148.0,506.0,18.6,582.78,12.7,Yes,No,Summer,Cloudy,496.52,0.0,1.0,268.24,0.086,13
ORD103857,2024-09-06,P-CLO-003,Clothing,Formal Shirt,Central,Gwalior,SUP-016,12.0,WH-CE-03,146.0,8.0,83.0,326.0,10.97,565.43,2.2,,No,Autumn,Sunny,629.09,,0.0,,0.015,16
ORD103858,2022-02-11,P-FUR-008,Furniture,Wooden Bookshelf,South,Bengaluru,SUP-028,6.0,WH-SO-01,143.0,11.0,56.0,231.0,6.97,10128.43,14.4,No,No,Spring,Rainy,10351.79,0.0,0.0,300.91,0.079,8
ORD103859,2024-03-30,P-ELE-003,Electronics,Laptop Stand,North,Kanpur,SUP-040,11.0,WH-NO-04,124.0,13.0,64.0,290.0,9.68,6697.97,0.2,No,No,Spring,Sunny,6990.26,0.0,2.0,441.92,0.042,9
ORD103860,2023-07-15,P-CLO-012,Clothing,Woolen Sweater,North,Chandigarh,SUP-011,12.0,WH-NO-03,645.0,34.0,213.0,957.0,31.39,2442.92,26.1,No,No,Summer,Rainy,2528.41,0.0,2.0,446.4,0.059,35
ORD103861,2022-12-27,P-ELE-014,Electronics,LED TV 43in,South,Coimbatore,SUP-014,5.0,WH-SO-02,166.0,12.0,62.0,284.0,9.83,10970.66,10.8,No,No,Winter,Sunny,11157.19,0.0,0.0,392.42,0.098,11
ORD103862,2024-10-20,P-FUR-013,Furniture,Sofa Cushion Set,West,Pune,SUP-005,10.0,WH-WE-02,95.0,11.0,57.0,280.0,9.32,12863.96,6.5,No,No,Autumn,Cloudy,12840.07,0.0,3.0,521.87,0.058,13
ORD103863,2021-08-03,P-GRO-002,Grocery,Sugar 1kg,East,Bhubaneswar,SUP-037,7.0,WH-EA-03,710.0,32.0,253.0,899.0,30.05,89.24,8.6,No,No,Autumn,Sunny,88.74,0.0,1.0,363.47,0.022,38
ORD103864,2023-09-19,P-SPO-005,Sports,Badminton Racket,North,Chandigarh,SUP-022,3.0,WH-NO-05,291.0,17.0,125.0,,18.43,1952.69,2.1,,No,Autumn,Sunny,1800.08,0.0,0.0,281.36,0.075,17
ORD103865,2022-08-06,P-GRO-006,Grocery,Instant Noodles Pack,South,Bengaluru,SUP-024,7.0,WH-SO-04,1123.0,93.0,390.0,1772.0,,363.66,5.6,No,No,Autumn,Cloudy,312.3,0.0,0.0,261.89,0.2,72
ORD103866,2023-09-24,P-CLO-002,Clothing,Women's Kurti,North,Chandigarh,SUP-011,11.0,WH-NO-03,99.0,9.0,100.0,488.0,16.5,2009.64,12.0,No,No,Autumn,Cloudy,2370.67,0.0,0.0,352.09,0.113,15
ORD103867,2021-07-22,P-GRO-008,Grocery,Masala Mix 200g,South,Coimbatore,SUP-002,13.0,WH-SO-02,297.0,27.0,237.0,784.0,25.78,98.43,17.3,No,No,Summer,Sunny,98.73,0.0,3.0,447.78,0.086,29
ORD103868,2023-12-12,P-FUR-001,Furniture,Plastic Storage Rack,South,Kochi,SUP-033,8.0,WH-SO-01,82.0,10.0,48.0,216.0,6.67,19057.78,10.5,No,No,Winter,Cloudy,18390.68,0.0,1.0,357.78,0.048,9
ORD103869,2021-04-11,P-CLO-010,Clothing,Men's Cotton T-Shirt,East,Ranchi,SUP-035,4.0,WH-EA-01,91.0,19.0,133.0,570.0,17.82,1591.4,16.3,No,No,Summer,Sunny,1489.43,0.0,1.0,,0.147,17
ORD103870,2022-05-25,P-GRO-009,Grocery,Masala Mix 200g,East,Patna,SUP-014,5.0,WH-EA-01,355.0,49.0,255.0,1356.0,39.65,152.9,1.3,No,Yes,Summer,,165.74,0.0,2.0,335.7,0.122,37
ORD103871,2024-08-17,P-GRO-009,Grocery,Instant Noodles Pack,West,Surat,SUP-031,8.0,WH-WE-05,843.0,54.0,250.0,1615.0,53.7,481.32,18.6,No,No,Summer,Sunny,486.89,0.0,1.0,345.76,0.027,50
ORD103872,2023-07-14,P-ELE-014,Electronics,Power Bank 10000mAh,North,Delhi,SUP-023,7.0,WH-NO-03,146.0,5.0,39.0,182.0,6.96,1734.48,6.5,No,No,Autumn,Sunny,1614.68,0.0,0.0,268.42,0.013,3
ORD103873,2022-12-19,P-ELE-012,Electronics,Smartphone Charger,West,Nagpur,SUP-026,4.0,WH-WE-01,250.0,13.0,65.0,305.0,10.24,12701.76,23.6,No,No,Winter,Cloudy,12393.28,0.0,1.0,350.72,0.089,12
ORD103874,2022-04-29,P-SPO-004,Sports,Skipping Rope,North,Kanpur,SUP-007,11.0,WH-NO-05,247.0,16.0,69.0,274.0,10.88,2946.46,7.8,Yes,No,Summer,Rainy,3019.84,0.0,1.0,544.65,0.07,14
ORD103875,2021-05-11,P-GRO-009,Grocery,Sugar 1kg,South,Kochi,SUP-025,7.0,WH-SO-01,664.0,50.0,423.0,1523.0,60.62,584.6,21.0,Yes,No,Summer,Sunny,566.52,0.0,0.0,214.37,0.076,85
ORD103876,2021-06-12,P-ELE-013,Electronics,Home Router,West,Ahmedabad,SUP-007,8.0,WH-WE-04,258.0,14.0,96.0,344.0,12.25,1614.48,11.9,No,No,Autumn,Cloudy,1719.75,0.0,,407.09,0.141,17
ORD103877,2023-11-14,P-SPO-013,Sports,Yoga Mat,West,Pune,SUP-009,3.0,WH-WE-01,275.0,14.0,89.0,,12.69,3186.03,1.9,Yes,No,Autumn,Rainy,3727.42,0.0,0.0,239.94,0.175,15
ORD103878,2022-02-05,P-ELE-010,Electronics,Home Router,North,Jaipur,SUP-015,12.0,WH-NO-03,216.0,8.0,,227.0,8.48,,16.1,,No,Spring,Sunny,2593.37,0.0,0.0,311.25,0.146,8
ORD103879,2021-04-19,P-GRO-002,Grocery,Sugar 1kg,East,Guwahati,SUP-009,15.0,WH-EA-03,709.0,43.0,251.0,1074.0,31.61,199.39,5.2,No,No,Summer,,194.84,0.0,3.0,499.33,0.14,42
ORD103880,2022-10-03,P-FUR-007,Furniture,Wooden Bookshelf,West,Pune,SUP-037,11.0,WH-WE-05,16.0,4.0,39.0,139.0,4.54,12710.68,9.0,Yes,No,Autumn,Sunny,11866.76,0.0,1.0,412.97,0.065,4
ORD103881,2022-08-02,P-SPO-013,Sports,Football,Central,Raipur,SUP-002,4.0,WH-CE-04,377.0,11.0,100.0,562.0,16.66,1683.99,7.4,No,No,Autumn,Rainy,1663.31,0.0,2.0,,0.058,17
ORD103882,2024-10-31,P-FUR-002,Furniture,TV Unit,East,Guwahati,SUP-037,3.0,WH-EA-03,19.0,4.0,33.0,156.0,4.44,7433.6,2.6,No,No,Autumn,Sunny,6267.79,0.0,0.0,265.53,0.125,4
ORD103883,2021-12-03,P-CLO-009,Clothing,Cotton Saree,North,Chandigarh,SUP-007,9.0,WH-NO-03,658.0,45.0,350.0,1547.0,46.94,,18.0,No,No,Winter,Sunny,584.02,0.0,3.0,405.64,0.086,72
ORD103884,2022-01-26,P-SPO-009,Sports,Cricket Bat,East,Patna,SUP-035,3.0,WH-EA-04,285.0,12.0,113.0,447.0,15.64,1972.01,6.3,No,Yes,Winter,Rainy,1761.53,0.0,2.0,215.93,0.061,15
ORD103885,2021-08-29,P-ELE-004,Electronics,Smartphone Charger,North,Lucknow,SUP-014,7.0,WH-NO-03,195.0,10.0,83.0,339.0,12.61,12304.99,9.2,No,No,,Rainy,11511.26,0.0,0.0,310.82,0.028,11
ORD103886,2021-10-02,P-SPO-006,Sports,Skipping Rope,North,Chandigarh,SUP-037,8.0,WH-NO-04,210.0,11.0,104.0,473.0,17.43,491.29,2.9,No,Yes,Autumn,,494.58,0.0,0.0,383.2,0.067,25
ORD103887,2023-02-19,P-BEA-015,Beauty,Herbal Shampoo 200ml,East,,SUP-022,2.0,WH-EA-03,453.0,19.0,145.0,650.0,21.36,146.2,8.6,No,No,Spring,Sunny,162.31,0.0,0.0,158.9,0.045,26
ORD103888,2021-11-22,P-SPO-009,Sports,Football,West,Pune,SUP-020,12.0,WH-WE-05,190.0,14.0,99.0,392.0,13.67,1613.82,4.7,Yes,No,Autumn,,1503.53,0.0,1.0,462.63,0.074,20
ORD103889,2023-11-18,P-GRO-015,Grocery,Tea Powder 500g,North,Delhi,SUP-006,8.0,WH-NO-01,533.0,19.0,209.0,693.0,25.77,477.22,15.0,No,,Autumn,Rainy,470.09,,0.0,330.53,0.067,22
ORD103890,2024-04-09,P-ELE-008,Electronics,Power Bank 10000mAh,West,Pune,SUP-018,4.0,WH-WE-04,73.0,10.0,100.0,466.0,14.65,6117.33,4.4,No,No,Summer,Sunny,6260.98,0.0,0.0,341.84,0.113,13
ORD103891,2022-12-13,P-FUR-013,Furniture,Wooden Bookshelf,West,Surat,SUP-023,8.0,WH-WE-05,47.0,4.0,33.0,179.0,5.67,5447.6,6.3,No,No,Winter,Sunny,5154.92,0.0,1.0,388.57,0.03,5
ORD103892,2021-12-16,P-CLO-010,Clothing,Cotton Saree,West,Pune,SUP-040,9.0,WH-WE-04,554.0,33.0,203.0,934.0,34.31,1518.79,5.9,Yes,No,Winter,Rainy,1504.15,0.0,1.0,484.87,0.197,52
ORD103893,2024-04-14,P-CLO-014,Clothing,Cotton Saree,South,Bengaluru,SUP-011,17.0,WH-SO-05,548.0,29.0,200.0,993.0,35.06,447.86,14.0,Yes,No,Summer,Rainy,390.87,0.0,1.0,565.9,0.131,42
ORD103894,2024-11-12,P-SPO-005,Sports,Gym Dumbbells 5kg,South,Kochi,SUP-004,11.0,WH-SO-03,112.0,8.0,106.0,394.0,15.39,1832.63,23.4,No,Yes,Autumn,Sunny,1755.27,0.0,,375.13,0.041,17
ORD103895,2024-09-02,P-FUR-006,Furniture,Sofa Cushion Set,North,Chandigarh,SUP-011,,WH-NO-03,111.0,3.0,26.0,141.0,4.67,19373.14,12.9,No,No,Autumn,Rainy,21280.16,0.0,1.0,371.02,0.051,6
ORD103896,2024-09-06,P-GRO-001,Grocery,Sunflower Oil 1L,North,Chandigarh,SUP-010,6.0,WH-NO-01,195.0,34.0,214.0,1000.0,34.93,238.13,21.6,No,No,Autumn,Cloudy,253.67,0.0,2.0,266.39,0.01,34
ORD103897,2024-03-25,P-GRO-004,Grocery,Tea Powder 500g,South,Hyderabad,SUP-038,13.0,WH-SO-02,168.0,22.0,217.0,826.0,25.07,481.51,3.3,No,No,Summer,Rainy,464.42,0.0,1.0,2375.31,0.177,25
ORD103898,2023-12-15,P-ELE-003,Electronics,Wireless Earbuds,South,Hyderabad,SUP-007,11.0,WH-SO-01,222.0,11.0,75.0,330.0,11.03,7323.84,3.0,No,No,Winter,Sunny,6730.27,0.0,1.0,391.06,0.222,9
ORD103899,2024-10-29,P-ELE-003,Electronics,Laptop Stand,North,Chandigarh,SUP-040,11.0,WH-NO-04,131.0,19.0,90.0,354.0,12.77,6093.16,5.5,No,No,Autumn,Sunny,5989.64,0.0,0.0,386.74,0.108,12
ORD103900,2022-05-11,P-ELE-005,Electronics,Power Bank 10000mAh,North,Jaipur,SUP-005,11.0,WH-NO-04,79.0,7.0,39.0,209.0,6.96,2121.26,8.5,Yes,No,Summer,Cloudy,1872.88,0.0,,299.81,0.024,8
ORD103901,2024-09-19,P-BEA-014,Beauty,Body Lotion 400ml,Central,Jabalpur,SUP-033,1.0,WH-CE-01,581.0,10.0,160.0,672.0,23.12,552.59,24.1,No,No,Autumn,Sunny,543.89,0.0,0.0,114.68,0.055,23
ORD103902,2021-01-31,P-FUR-006,Furniture,Study Table,West,Nagpur,SUP-017,8.0,WH-WE-05,77.0,5.0,33.0,173.0,6.25,12218.89,,No,No,Winter,Sunny,11818.08,0.0,23.0,372.26,0.013,5
ORD103903,2024-05-01,P-CLO-013,Clothing,Woolen Sweater,South,Hyderabad,SUP-003,3.0,WH-SO-02,105.0,22.0,140.0,580.0,,2346.84,21.0,Yes,No,Summer,Cloudy,2262.99,0.0,0.0,237.2,0.122,19
ORD103904,2022-05-04,P-GRO-013,Grocery,Toor Dal 1kg,Central,Indore,SUP-025,4.0,WH-CE-04,733.0,24.0,176.0,807.0,31.08,363.65,10.0,No,No,Summer,Cloudy,359.54,,1.0,248.69,0.006,35
ORD103905,2022-03-04,P-FUR-015,Furniture,Study Table,North,Delhi,SUP-030,6.0,WH-NO-05,95.0,4.0,50.0,182.0,5.99,11983.35,12.1,No,No,Summer,Sunny,12497.94,0.0,1.0,318.69,0.038,8
ORD103906,2023-09-14,P-BEA-008,Beauty,Sunscreen Lotion,South,Hyderabad,SUP-034,,WH-SO-05,188.0,29.0,204.0,694.0,22.69,629.16,5.5,No,No,Autumn,Sunny,576.88,0.0,2.0,498.3,0.035,22
ORD103907,2021-09-12,P-SPO-013,Sports,Gym Dumbbells 5kg,West,Nagpur,SUP-008,4.0,WH-WE-01,78.0,13.0,96.0,504.0,15.22,378.99,12.7,No,No,Autumn,Cloudy,408.03,0.0,4.0,443.99,0.106,13
ORD103908,2024-12-22,P-CLO-007,Clothing,Formal Shirt,South,Chennai,SUP-025,10.0,WH-SO-01,247.0,14.0,104.0,595.0,19.58,892.61,24.3,No,No,Winter,Cloudy,972.96,0.0,3.0,451.26,0.072,15
ORD103909,2023-11-29,P-BEA-010,Beauty,Hair Oil 250ml,North,Kanpur,SUP-023,2.0,WH-NO-01,613.0,19.0,170.0,707.0,26.23,221.88,7.0,No,No,Autumn,Cloudy,260.93,0.0,1.0,320.03,0.155,47
ORD103910,2021-01-29,P-CLO-013,Clothing,Kids Winter Jacket,South,Coimbatore,SUP-018,7.0,WH-SO-05,255.0,27.0,95.0,375.0,18.09,1148.91,13.5,No,No,Winter,Sunny,1176.15,1.0,1.0,,,18
ORD103911,2024-05-20,P-CLO-003,Clothing,Women's Kurti,East,Guwahati,SUP-036,8.0,WH-EA-03,288.0,14.0,141.0,568.0,21.34,1682.74,8.8,No,No,Summer,Sunny,1881.04,0.0,1.0,452.61,0.062,24
ORD103912,2021-06-07,P-SPO-001,Sports,Gym Dumbbells 5kg,East,Bhubaneswar,SUP-017,8.0,WH-EA-01,135.0,10.0,63.0,321.0,10.39,4168.87,2.1,No,No,Summer,Rainy,4494.52,0.0,0.0,415.81,0.012,11
ORD103913,2024-04-17,P-GRO-003,Grocery,Wheat Flour 5kg,South,Coimbatore,SUP-016,10.0,WH-SO-03,260.0,28.0,241.0,993.0,29.57,350.48,1.8,No,No,Summer,Rainy,355.82,0.0,1.0,367.23,0.006,25
ORD103914,2024-04-02,P-GRO-011,Grocery,Basmati Rice 5kg,South,Bengaluru,SUP-022,6.0,WH-SO-03,491.0,46.0,183.0,1157.0,38.3,494.83,8.7,No,No,Summer,Cloudy,446.65,0.0,1.0,257.73,0.059,35
ORD103915,2023-07-30,P-GRO-008,Grocery,Wheat Flour 5kg,South,Bengaluru,SUP-038,13.0,WH-SO-03,251.0,,222.0,1090.0,39.67,432.89,13.6,,No,Summer,Cloudy,463.89,0.0,2.0,456.97,,28
ORD103916,2023-05-28,P-CLO-005,Clothing,Woolen Sweater,East,Kolkata,SUP-035,3.0,WH-EA-04,331.0,11.0,119.0,461.0,15.05,292.18,3.4,No,No,Summer,Sunny,297.78,0.0,1.0,311.47,0.099,19
ORD103917,2024-04-27,P-CLO-012,Clothing,Kids Winter Jacket,North,Jaipur,SUP-029,5.0,WH-NO-01,107.0,16.0,84.0,301.0,13.26,1469.36,6.4,No,No,Summer,Sunny,1679.46,0.0,1.0,299.64,0.066,11
ORD103918,2024-05-27,P-FUR-001,Furniture,Wooden Bookshelf,West,Ahmedabad,SUP-004,3.0,WH-WE-02,66.0,10.0,50.0,176.0,5.84,2116.61,19.8,Yes,No,Summer,Cloudy,2241.95,0.0,1.0,271.84,0.037,11
ORD103919,2023-10-31,P-CLO-003,Clothing,Denim Jeans,West,Pune,SUP-013,9.0,WH-WE-04,408.0,,166.0,753.0,23.71,1858.39,7.3,Yes,No,Autumn,Cloudy,2015.36,0.0,1.0,380.98,0.206,38
ORD103920,2021-09-07,P-GRO-008,Grocery,Instant Noodles Pack,South,Bengaluru,SUP-001,10.0,WH-SO-05,613.0,38.0,340.0,1298.0,47.06,583.91,5.2,No,No,Autumn,Sunny,556.9,0.0,2.0,405.0,0.112,46
ORD103921,2023-08-31,P-SPO-014,Sports,Running Shoes,West,,SUP-004,7.0,WH-WE-02,408.0,32.0,136.0,614.0,18.66,4461.14,22.4,No,No,Summer,Sunny,4548.43,0.0,1.0,303.0,0.113,33
ORD103922,2021-10-22,P-GRO-012,Grocery,Instant Noodles Pack,North,Lucknow,SUP-034,,WH-NO-03,169.0,40.0,339.0,1567.0,45.81,249.47,32.4,No,No,Autumn,Rainy,211.08,0.0,0.0,245.43,0.058,45
ORD103923,2021-03-10,P-SPO-011,Sports,Gym Dumbbells 5kg,South,Bengaluru,SUP-033,12.0,WH-SO-05,145.0,,102.0,477.0,15.05,1133.21,3.7,No,No,Summer,,1183.48,0.0,0.0,436.19,0.011,13
ORD103924,2021-08-10,P-GRO-011,Grocery,Masala Mix 200g,South,Bengaluru,SUP-005,,WH-SO-04,578.0,49.0,318.0,1449.0,46.59,575.28,3.1,Yes,No,Summer,Rainy,631.32,0.0,0.0,280.63,0.205,54
ORD103925,2022-11-04,P-CLO-005,Clothing,Cotton Saree,South,Coimbatore,SUP-019,17.0,WH-SO-02,250.0,21.0,156.0,370.0,18.9,716.35,31.4,No,No,Autumn,Cloudy,796.12,0.0,0.0,487.17,0.007,21
ORD103926,2024-11-09,P-CLO-007,Clothing,Formal Shirt,West,Surat,SUP-012,4.0,WH-WE-03,710.0,31.0,179.0,888.0,28.75,596.52,13.1,Yes,No,Autumn,Rainy,579.58,0.0,0.0,259.2,0.012,38
ORD103927,2021-02-19,P-BEA-014,Beauty,Moisturizer Cream,Central,Indore,SUP-003,7.0,WH-CE-01,202.0,27.0,151.0,694.0,21.09,160.65,23.4,No,No,Winter,Sunny,137.34,0.0,0.0,263.0,0.107,24
ORD103928,2021-04-19,P-ELE-011,Electronics,Wireless Earbuds,South,Hyderabad,SUP-016,17.0,WH-SO-03,185.0,5.0,58.0,261.0,8.81,9441.52,19.9,No,No,Summer,Sunny,9035.46,0.0,1.0,470.05,0.095,8
ORD103929,2021-05-15,P-SPO-009,Sports,Skipping Rope,South,Chennai,SUP-005,9.0,WH-SO-03,74.0,9.0,78.0,329.0,10.15,3145.57,17.1,No,No,Summer,Cloudy,3125.98,0.0,2.0,322.05,0.199,9
ORD103930,2021-10-06,P-CLO-002,Clothing,Woolen Sweater,East,Bhubaneswar,SUP-030,4.0,WH-EA-01,371.0,26.0,166.0,605.0,,1347.21,2.4,No,No,Autumn,Cloudy,1391.27,0.0,2.0,355.92,0.03,34
ORD103931,2023-03-02,P-CLO-011,Clothing,Cotton Saree,South,,SUP-039,,WH-SO-02,550.0,8.0,173.0,811.0,26.92,1457.26,1.3,No,Yes,Spring,Sunny,1220.67,0.0,,515.03,0.062,25
ORD103932,2024-04-15,P-CLO-006,Clothing,Formal Shirt,North,Kanpur,SUP-017,3.0,WH-NO-05,,18.0,178.0,939.0,29.87,1237.87,17.7,Yes,Yes,Summer,Cloudy,1227.52,1.0,1.0,299.28,0.261,34
ORD103933,2021-03-11,P-ELE-006,Electronics,Smartphone Charger,Central,Gwalior,SUP-010,6.0,WH-CE-04,27.0,6.0,30.0,142.0,4.81,10584.8,0.5,No,No,Spring,Sunny,9706.27,1.0,0.0,341.35,0.024,5
ORD103934,2024-03-21,P-CLO-011,Clothing,Cotton Saree,West,Nagpur,SUP-020,9.0,WH-WE-03,391.0,27.0,207.0,721.0,26.01,915.12,8.0,Yes,No,Summer,Sunny,1021.02,0.0,1.0,301.95,0.032,41
ORD103935,2024-08-27,P-GRO-006,Grocery,Sunflower Oil 1L,Central,Indore,SUP-039,3.0,WH-CE-02,551.0,25.0,227.0,915.0,31.3,505.2,,No,No,Autumn,Stormy,410.83,0.0,1.0,168.23,0.056,15
ORD103936,2021-04-26,P-GRO-009,Grocery,Tea Powder 500g,North,Kanpur,SUP-007,16.0,WH-NO-01,715.0,34.0,213.0,893.0,30.84,321.45,0.9,No,,Summer,Cloudy,347.49,0.0,1.0,457.06,0.135,32
ORD103937,2022-10-20,P-FUR-001,Furniture,Wooden Bookshelf,North,Chandigarh,SUP-028,7.0,WH-NO-03,91.0,6.0,35.0,160.0,5.14,18490.16,18.2,No,No,Autumn,Sunny,18254.18,0.0,0.0,457.5,0.172,5
ORD103938,2024-04-05,P-CLO-003,Clothing,Track Pants,South,Bengaluru,SUP-004,17.0,WH-SO-03,207.0,12.0,106.0,463.0,16.95,1172.12,,Yes,No,Summer,Sunny,980.18,0.0,1.0,390.37,0.029,19
ORD103939,2023-10-20,P-ELE-009,Electronics,Home Router,Central,Indore,SUP-013,6.0,WH-CE-01,189.0,8.0,64.0,272.0,8.12,3497.06,1.4,No,No,Autumn,Rainy,3966.34,0.0,0.0,356.75,0.09,8
ORD103940,2021-09-28,P-ELE-015,Electronics,Smartphone Charger,North,Kanpur,SUP-018,4.0,WH-NO-05,108.0,5.0,60.0,,8.29,11479.83,24.7,Yes,No,Autumn,Rainy,12719.85,0.0,,357.61,0.115,15
ORD103941,2021-08-04,P-ELE-012,Electronics,LED TV 43in,North,Jaipur,SUP-016,11.0,WH-NO-03,63.0,12.0,77.0,290.0,8.64,2217.19,19.0,Yes,No,Summer,Sunny,2438.91,0.0,1.0,438.38,0.093,14
ORD103942,2022-10-14,P-ELE-007,Electronics,Home Router,North,Jaipur,SUP-008,6.0,WH-NO-01,195.0,4.0,57.0,240.0,8.22,11802.43,10.5,No,No,Autumn,Sunny,11890.35,0.0,0.0,302.44,0.122,13
ORD103943,2024-05-23,P-FUR-015,Furniture,Study Table,West,Pune,SUP-032,8.0,WH-WE-01,,6.0,43.0,152.0,,10187.65,9.9,No,No,Summer,Cloudy,9640.32,0.0,0.0,285.35,0.081,7
ORD103944,2024-10-17,P-ELE-005,Electronics,Smartwatch,West,Surat,SUP-027,6.0,WH-WE-05,81.0,9.0,50.0,200.0,7.62,10758.97,9.7,No,No,Autumn,,10815.01,0.0,2.0,347.29,0.05,9
ORD103945,2022-11-30,P-SPO-014,Sports,Football,West,Nagpur,SUP-018,16.0,WH-WE-02,194.0,15.0,58.0,258.0,9.19,2377.24,20.6,Yes,No,Autumn,Cloudy,2481.09,0.0,2.0,,0.054,21
ORD103946,2023-02-13,P-GRO-007,Grocery,Toor Dal 1kg,North,,SUP-017,9.0,WH-NO-02,1981.0,77.0,569.0,2204.0,82.17,325.45,2.3,Yes,No,Winter,Sunny,311.33,0.0,2.0,468.01,0.007,85
ORD103947,2023-03-28,P-ELE-002,Electronics,Wireless Earbuds,West,Pune,SUP-003,7.0,WH-WE-01,95.0,17.0,77.0,235.0,9.29,13752.06,10.2,No,No,Spring,Sunny,12808.33,0.0,0.0,213.41,,11
ORD103948,2022-12-18,P-SPO-001,Sports,Football,South,Bengaluru,SUP-027,13.0,WH-SO-05,264.0,21.0,206.0,970.0,31.74,900.74,28.6,No,No,Winter,Cloudy,936.28,0.0,2.0,479.03,0.04,40
ORD103949,2023-08-06,P-GRO-015,Grocery,Toor Dal 1kg,North,Delhi,SUP-010,7.0,WH-NO-05,657.0,47.0,257.0,1230.0,39.67,546.08,4.6,Yes,No,Autumn,Sunny,554.62,,0.0,285.99,0.095,55
ORD103950,2022-02-04,P-CLO-010,Clothing,Men's Cotton T-Shirt,South,Kochi,SUP-013,6.0,WH-SO-02,313.0,16.0,108.0,576.0,19.65,952.66,7.7,No,No,Spring,Cloudy,1023.23,0.0,0.0,214.13,0.051,22
ORD103951,2023-02-28,P-SPO-003,Sports,Skipping Rope,East,Patna,SUP-035,9.0,WH-EA-04,236.0,17.0,111.0,395.0,11.54,417.33,12.8,Yes,No,Winter,Sunny,468.18,0.0,2.0,489.32,0.014,28
ORD103952,2023-06-15,P-SPO-015,Sports,Gym Dumbbells 5kg,South,Bengaluru,SUP-026,4.0,WH-SO-03,380.0,16.0,102.0,477.0,15.94,3418.69,3.5,No,No,Summer,Cloudy,3652.9,0.0,0.0,237.99,0.143,24
ORD103953,2023-04-03,P-FUR-001,Furniture,Plastic Storage Rack,Central,Bhopal,SUP-028,6.0,WH-CE-01,16.0,3.0,25.0,133.0,4.57,19995.38,18.8,No,No,Summer,Rainy,18152.13,2.0,2.0,377.88,0.102,1
ORD103954,2024-11-25,P-ELE-006,Electronics,Bluetooth Speaker,South,Kochi,SUP-011,5.0,WH-SO-04,61.0,9.0,50.0,201.0,6.91,12351.67,4.6,No,No,Autumn,Cloudy,12338.83,0.0,3.0,467.18,0.107,11
ORD103955,2023-12-24,P-CLO-012,Clothing,Track Pants,South,Hyderabad,SUP-021,7.0,WH-SO-01,98.0,15.0,127.0,563.0,17.46,811.74,10.7,No,No,Winter,Cloudy,836.87,1.0,1.0,397.13,0.202,14
ORD103956,2023-12-09,P-SPO-001,Sports,Skipping Rope,West,Surat,SUP-001,,WH-WE-05,119.0,7.0,91.0,303.0,11.69,674.54,2.8,No,No,Winter,Cloudy,718.21,0.0,2.0,449.0,0.151,13
ORD103957,2024-03-24,P-SPO-014,Sports,Cricket Bat,East,Patna,SUP-010,12.0,WH-EA-01,89.0,11.0,84.0,285.0,11.63,4487.81,7.4,No,No,Summer,Rainy,4795.89,1.0,,355.02,0.041,7
ORD103958,2023-02-10,P-ELE-011,Electronics,Laptop Stand,North,Jaipur,SUP-033,14.0,WH-NO-02,191.0,13.0,52.0,,10.02,12791.84,19.0,Yes,No,Winter,Cloudy,12732.44,0.0,0.0,503.98,0.059,11
ORD103959,2022-03-24,P-GRO-015,Grocery,Toor Dal 1kg,East,Ranchi,SUP-019,9.0,WH-EA-02,714.0,32.0,210.0,1039.0,33.91,373.09,11.8,No,No,Summer,Sunny,358.45,0.0,3.0,420.55,0.094,50
ORD103960,2023-02-22,P-GRO-013,Grocery,Instant Noodles Pack,South,Coimbatore,SUP-026,2.0,WH-SO-02,579.0,28.0,260.0,1020.0,32.09,235.79,8.1,No,No,Spring,Sunny,254.82,0.0,4.0,336.27,0.142,43
ORD103961,2024-09-09,P-ELE-013,Electronics,Power Bank 10000mAh,South,Hyderabad,SUP-032,7.0,WH-SO-03,124.0,7.0,57.0,213.0,7.13,14399.44,6.4,No,No,Autumn,Cloudy,14834.45,0.0,0.0,336.99,0.032,8
ORD103962,2024-07-08,P-FUR-004,Furniture,Sofa Cushion Set,West,Pune,SUP-038,6.0,WH-WE-04,162.0,2.0,62.0,296.0,8.38,4605.51,16.4,No,No,Autumn,Rainy,4709.22,0.0,0.0,264.82,0.133,7
ORD103963,2022-06-02,P-GRO-004,Grocery,Sugar 1kg,East,Patna,SUP-004,24.0,WH-EA-02,480.0,67.0,310.0,1180.0,36.33,72.76,22.4,No,No,Autumn,Sunny,68.66,0.0,2.0,685.4,0.169,43
ORD103964,2022-12-07,P-GRO-004,Grocery,Sunflower Oil 1L,South,Hyderabad,SUP-024,13.0,WH-SO-03,317.0,50.0,344.0,1178.0,50.98,214.8,5.9,No,No,Winter,Cloudy,250.88,0.0,1.0,389.0,0.115,48
ORD103965,2022-02-02,P-ELE-003,Electronics,Power Bank 10000mAh,North,Chandigarh,SUP-040,2.0,WH-NO-05,146.0,16.0,100.0,316.0,12.22,12789.54,12.0,Yes,No,Winter,Cloudy,13044.35,0.0,1.0,276.89,0.141,18
ORD103966,2021-01-18,P-CLO-010,Clothing,Cotton Saree,East,Kolkata,SUP-008,11.0,WH-EA-03,115.0,16.0,73.0,271.0,11.12,1312.26,5.4,No,No,Winter,Sunny,1303.15,0.0,2.0,544.58,0.013,9
ORD103967,2022-03-31,P-ELE-001,Electronics,LED TV 43in,South,Bengaluru,SUP-035,,WH-SO-04,35.0,6.0,78.0,269.0,8.9,12108.98,7.1,No,No,Spring,,12350.29,0.0,1.0,360.02,0.084,7
ORD103968,2021-05-28,P-CLO-007,Clothing,Women's Kurti,Central,Raipur,SUP-024,12.0,WH-CE-02,405.0,13.0,137.0,,21.15,1140.2,11.0,No,No,Summer,Sunny,1128.19,0.0,1.0,,0.172,23
ORD103969,2022-06-08,P-ELE-009,Electronics,Smartwatch,East,Kolkata,SUP-013,,WH-EA-01,92.0,8.0,32.0,194.0,5.53,3584.99,4.2,No,No,Summer,Cloudy,3215.37,,0.0,369.25,0.064,3
ORD103970,2021-03-20,P-SPO-009,Sports,Yoga Mat,West,Ahmedabad,SUP-032,8.0,WH-WE-02,169.0,8.0,62.0,302.0,10.87,4011.39,10.7,Yes,No,Summer,,4107.24,0.0,0.0,181.08,0.052,14
ORD103971,2022-04-09,P-ELE-008,Electronics,Laptop Stand,South,Chennai,SUP-035,6.0,WH-SO-01,86.0,6.0,58.0,188.0,6.9,11522.05,13.7,,No,Summer,Stormy,10184.02,0.0,0.0,276.59,0.056,6
ORD103972,2023-11-10,P-CLO-004,Clothing,Formal Shirt,West,Pune,SUP-006,7.0,WH-WE-05,256.0,12.0,133.0,476.0,15.46,1229.63,12.3,No,No,Autumn,Cloudy,1239.77,1.0,3.0,350.31,0.024,18
ORD103973,2024-05-17,P-ELE-002,Electronics,Smartphone Charger,North,Delhi,SUP-028,6.0,WH-NO-01,161.0,1.0,61.0,273.0,10.13,9784.43,0.5,Yes,No,Summer,Sunny,8537.35,0.0,0.0,272.29,0.094,8
ORD103974,2024-07-20,P-ELE-015,Electronics,Bluetooth Speaker,South,Hyderabad,SUP-038,9.0,WH-SO-05,91.0,9.0,61.0,282.0,9.63,14454.2,8.8,No,No,Summer,Cloudy,11963.09,0.0,1.0,305.82,0.049,8
ORD103975,2023-03-31,P-GRO-007,Grocery,Instant Noodles Pack,North,Delhi,SUP-027,11.0,WH-NO-01,164.0,27.0,126.0,920.0,28.06,169.54,23.0,No,No,Summer,Rainy,177.85,0.0,2.0,460.75,0.076,22
ORD103976,2023-03-10,P-ELE-009,Electronics,Power Bank 10000mAh,North,Jaipur,SUP-022,3.0,WH-NO-01,72.0,7.0,32.0,179.0,5.54,,6.8,No,No,Summer,Sunny,10051.11,0.0,0.0,125.4,0.01,6
ORD103977,2024-11-14,P-ELE-009,Electronics,LED TV 43in,Central,Jabalpur,SUP-006,11.0,WH-CE-03,113.0,5.0,40.0,199.0,5.99,4485.99,,No,No,Autumn,Sunny,4641.82,0.0,0.0,359.93,0.172,9
ORD103978,2023-03-23,P-CLO-006,Clothing,Track Pants,West,Nagpur,SUP-019,9.0,WH-WE-01,459.0,23.0,189.0,,28.22,250.52,3.0,Yes,No,Summer,Sunny,253.91,0.0,0.0,413.49,0.313,38
ORD103979,2021-05-03,P-FUR-011,Furniture,Study Table,East,Guwahati,SUP-037,5.0,WH-EA-01,56.0,4.0,,111.0,3.49,7534.79,6.9,Yes,No,Summer,Cloudy,7623.32,0.0,2.0,412.02,0.131,2
ORD103980,2024-09-29,P-ELE-006,Electronics,Home Router,East,Ranchi,SUP-032,16.0,WH-EA-04,73.0,6.0,28.0,152.0,5.06,,10.8,No,No,Autumn,Sunny,2973.55,0.0,1.0,474.58,0.079,8
ORD103981,2023-06-17,P-CLO-007,Clothing,Track Pants,East,Ranchi,SUP-019,5.0,WH-EA-01,193.0,11.0,151.0,628.0,16.93,1808.58,35.8,No,No,Autumn,Sunny,1789.62,0.0,3.0,454.71,0.073,13
ORD103982,2023-09-01,P-CLO-013,Clothing,Men's Cotton T-Shirt,East,Guwahati,SUP-013,7.0,WH-EA-03,78.0,5.0,106.0,415.0,12.91,355.47,5.9,No,No,Autumn,Cloudy,336.81,0.0,2.0,378.91,0.101,9
ORD103983,2021-05-21,P-GRO-005,Grocery,Sugar 1kg,West,Pune,SUP-033,9.0,WH-WE-01,1367.0,105.0,451.0,1895.0,63.13,120.97,20.8,Yes,No,Summer,Stormy,130.11,0.0,4.0,496.61,0.068,82
ORD103984,2022-11-18,P-GRO-011,Grocery,Toor Dal 1kg,East,Bhubaneswar,SUP-039,8.0,WH-EA-01,209.0,51.0,252.0,1162.0,35.13,419.94,3.9,No,No,Autumn,Sunny,403.71,0.0,0.0,264.48,0.045,43
ORD103985,2022-11-02,P-ELE-010,Electronics,Home Router,West,Nagpur,SUP-012,2.0,WH-WE-04,76.0,7.0,63.0,285.0,8.98,4795.28,29.8,No,No,,Cloudy,4699.99,0.0,0.0,217.31,0.111,10
ORD103986,2024-04-05,P-GRO-001,Grocery,Sunflower Oil 1L,South,Coimbatore,SUP-033,23.0,WH-SO-02,170.0,32.0,247.0,1162.0,35.99,267.63,6.8,No,No,Summer,Rainy,283.57,0.0,1.0,646.9,0.025,28
ORD103987,2022-07-14,P-CLO-011,Clothing,Woolen Sweater,Central,Indore,SUP-013,23.0,WH-CE-01,224.0,13.0,95.0,425.0,13.49,715.08,19.8,,No,Summer,Stormy,679.52,0.0,4.0,744.21,0.088,10
ORD103988,2022-05-17,P-SPO-013,Sports,Skipping Rope,North,Delhi,SUP-034,14.0,WH-NO-04,277.0,8.0,61.0,329.0,11.39,3704.17,21.0,No,No,Summer,Sunny,3173.37,0.0,2.0,595.54,,12
ORD103989,2023-09-22,P-SPO-005,Sports,Yoga Mat,South,Bengaluru,SUP-039,9.0,WH-SO-05,208.0,21.0,174.0,746.0,25.87,4260.98,22.3,No,No,Autumn,Sunny,3899.32,2.0,1.0,427.07,0.2,25
ORD103990,2021-01-23,P-SPO-014,Sports,Badminton Racket,West,Pune,SUP-027,5.0,WH-WE-03,,19.0,96.0,631.0,19.65,801.11,8.0,No,No,Winter,Sunny,868.77,0.0,2.0,294.71,0.07,27
ORD103991,2023-12-26,P-CLO-001,Clothing,Cotton Saree,North,,SUP-020,14.0,WH-NO-02,477.0,11.0,136.0,564.0,20.03,2057.77,4.5,No,No,Winter,Sunny,2071.37,0.0,3.0,408.08,0.02,28
ORD103992,2021-01-11,P-ELE-003,Electronics,Smartphone Charger,North,Chandigarh,SUP-013,10.0,WH-NO-05,163.0,17.0,74.0,303.0,9.92,7618.0,14.1,No,No,Winter,Cloudy,7796.05,,1.0,422.09,0.06,13
ORD103993,2021-12-14,P-GRO-015,Grocery,Masala Mix 200g,South,Bengaluru,SUP-003,8.0,WH-SO-02,181.0,17.0,229.0,1126.0,35.72,102.01,2.8,No,No,Winter,Cloudy,104.42,2.0,3.0,478.97,0.123,20
ORD103994,2022-12-28,P-GRO-013,Grocery,Sunflower Oil 1L,South,Kochi,SUP-003,10.0,WH-SO-04,1289.0,20.0,402.0,1567.0,55.34,229.84,16.0,No,No,Winter,Rainy,262.72,0.0,1.0,391.93,0.14,71
ORD103995,2021-10-11,P-ELE-012,Electronics,Smartphone Charger,Central,Raipur,SUP-034,6.0,WH-CE-03,29.0,4.0,22.0,98.0,3.13,10065.62,4.1,No,No,Autumn,Cloudy,8394.6,0.0,0.0,385.13,0.07,2
ORD103996,2021-02-21,P-ELE-010,Electronics,Smartwatch,West,Pune,SUP-027,7.0,WH-WE-04,214.0,8.0,66.0,266.0,8.83,3854.31,27.6,No,No,Winter,Rainy,3814.9,0.0,0.0,317.74,0.015,10
ORD103997,2022-09-05,P-CLO-004,Clothing,Formal Shirt,South,Kochi,SUP-010,18.0,WH-SO-03,98.0,18.0,118.0,463.0,16.03,2464.34,12.2,No,No,Autumn,Cloudy,2470.27,1.0,1.0,568.48,0.045,16
ORD103998,2023-10-31,P-GRO-008,Grocery,Basmati Rice 5kg,Central,Indore,SUP-023,9.0,WH-CE-03,897.0,39.0,240.0,1271.0,,127.23,5.3,Yes,No,Autumn,Cloudy,127.02,0.0,1.0,393.02,0.059,53
ORD103999,2021-12-20,P-ELE-009,Electronics,Home Router,East,Guwahati,SUP-036,7.0,WH-EA-03,192.0,7.0,44.0,208.0,7.91,4106.05,13.6,No,,Winter,Sunny,4368.67,0.0,1.0,357.39,0.042,11
ORD104000,2022-02-05,P-FUR-002,Furniture,Office Chair,West,Nagpur,SUP-026,13.0,WH-WE-02,,5.0,28.0,134.0,5.09,5386.39,13.7,No,Yes,Winter,Rainy,5741.84,0.0,,466.29,0.13,5
ORD104001,2023-09-16,P-GRO-009,Grocery,Basmati Rice 5kg,South,Hyderabad,SUP-037,6.0,WH-SO-03,733.0,44.0,236.0,1182.0,39.17,379.23,9.0,No,No,Autumn,Cloudy,372.67,0.0,0.0,,0.046,47
ORD104002,2024-10-16,P-BEA-002,Beauty,Sunscreen Lotion,East,Guwahati,SUP-005,13.0,WH-EA-01,485.0,28.0,162.0,549.0,20.6,445.83,14.8,No,No,Autumn,Sunny,385.57,0.0,1.0,431.65,0.108,18
ORD104003,2023-01-27,P-GRO-002,Grocery,Masala Mix 200g,North,Lucknow,SUP-003,10.0,WH-NO-02,691.0,44.0,449.0,1964.0,57.94,284.8,,No,No,Winter,Sunny,341.95,0.0,3.0,508.7,0.091,63
ORD104004,2023-03-28,P-CLO-003,Clothing,Men's Cotton T-Shirt,North,Kanpur,SUP-027,6.0,WH-NO-01,526.0,27.0,156.0,696.0,23.98,,17.4,No,Yes,Spring,Cloudy,2479.58,0.0,0.0,318.37,0.066,31
ORD104005,2024-04-23,P-ELE-003,Electronics,Bluetooth Speaker,West,Mumbai,SUP-024,6.0,WH-WE-02,162.0,8.0,60.0,233.0,9.03,5086.48,8.4,Yes,No,Summer,Sunny,5122.08,0.0,1.0,316.45,0.029,11
ORD104006,2021-04-07,P-CLO-002,Clothing,Woolen Sweater,North,Lucknow,SUP-028,6.0,WH-NO-02,208.0,17.0,106.0,562.0,19.01,1582.52,9.3,No,No,Summer,Rainy,1742.33,0.0,0.0,243.71,0.171,18
ORD104007,2024-12-04,P-ELE-015,Electronics,Home Router,East,,SUP-040,,WH-EA-01,7.0,3.0,,156.0,4.41,12263.42,1.8,No,No,Winter,Sunny,11877.58,2.0,3.0,535.91,0.054,2
ORD104008,2022-11-27,P-ELE-013,Electronics,Smartphone Charger,West,Ahmedabad,SUP-005,8.0,WH-WE-02,150.0,7.0,58.0,213.0,7.78,5988.97,13.9,No,No,Autumn,Cloudy,6607.85,0.0,1.0,451.01,0.147,8
ORD104009,2022-07-07,P-FUR-008,Furniture,Foldable Bed,North,Delhi,SUP-038,4.0,WH-NO-04,44.0,2.0,22.0,94.0,3.33,8510.24,17.8,No,No,Autumn,Sunny,8301.53,0.0,,343.62,0.133,3
ORD104010,2023-06-22,P-GRO-006,Grocery,Instant Noodles Pack,South,Hyderabad,SUP-003,3.0,WH-SO-05,1373.0,43.0,440.0,2097.0,66.16,563.81,17.1,No,No,Autumn,Cloudy,646.31,0.0,1.0,261.33,0.085,81
ORD104011,2024-08-25,P-ELE-003,Electronics,Laptop Stand,West,Pune,SUP-022,18.0,WH-WE-04,111.0,6.0,62.0,276.0,8.07,1913.01,8.9,No,No,Summer,Rainy,1982.69,0.0,3.0,655.27,0.09,10
ORD104012,2024-10-01,P-SPO-015,Sports,Running Shoes,West,Ahmedabad,SUP-034,11.0,WH-WE-04,94.0,5.0,126.0,455.0,16.84,3246.44,10.3,No,No,Autumn,Sunny,3071.01,1.0,3.0,432.37,0.156,13
ORD104013,2024-02-10,P-ELE-012,Electronics,Power Bank 10000mAh,South,Chennai,SUP-028,3.0,WH-SO-04,615.0,5.0,43.0,178.0,6.43,8539.5,40.0,No,No,Spring,Sunny,10029.04,0.0,1.0,310.75,0.098,12
ORD104014,2022-12-08,P-CLO-012,Clothing,Formal Shirt,Central,Indore,SUP-009,16.0,WH-CE-05,320.0,16.0,155.0,477.0,18.79,833.68,7.8,No,Yes,Winter,Sunny,873.86,0.0,1.0,505.37,,26
ORD104015,2021-08-06,P-CLO-008,Clothing,Men's Cotton T-Shirt,West,Nagpur,SUP-025,3.0,WH-WE-05,246.0,21.0,121.0,564.0,18.83,2128.38,3.2,No,No,Summer,Sunny,2024.71,0.0,6.0,492.62,0.157,24
ORD104016,2021-10-06,P-GRO-001,Grocery,Sugar 1kg,East,Kolkata,SUP-037,4.0,WH-EA-01,246.0,21.0,223.0,1144.0,37.19,384.81,12.4,No,No,Autumn,Cloudy,341.49,,0.0,326.3,0.045,22
ORD104017,2024-05-06,P-CLO-010,Clothing,Cotton Saree,South,Coimbatore,SUP-009,5.0,WH-SO-03,105.0,18.0,107.0,617.0,18.83,1713.23,19.5,Yes,No,Summer,Sunny,1808.84,0.0,0.0,298.24,0.038,20
ORD104018,2021-07-02,P-ELE-008,Electronics,Power Bank 10000mAh,West,Mumbai,SUP-038,5.0,WH-WE-05,,9.0,64.0,241.0,7.71,884.47,7.8,No,No,Summer,,982.4,0.0,0.0,277.06,0.035,6
ORD104019,2022-12-05,P-BEA-005,Beauty,Talcum Powder,West,Ahmedabad,SUP-027,17.0,WH-WE-05,,15.0,104.0,496.0,16.35,815.59,11.9,Yes,No,Winter,Cloudy,840.84,1.0,2.0,505.09,0.062,18
ORD104020,2022-08-19,P-GRO-005,Grocery,Wheat Flour 5kg,South,Coimbatore,SUP-004,14.0,WH-SO-03,1195.0,91.0,609.0,2674.0,86.83,470.84,2.3,,Yes,Autumn,Rainy,483.27,0.0,1.0,442.17,0.034,141
ORD104021,2023-11-03,P-ELE-001,Electronics,Home Router,Central,Jabalpur,SUP-014,4.0,WH-CE-03,84.0,,55.0,196.0,,10366.6,5.5,No,No,Autumn,Sunny,11659.2,0.0,1.0,277.76,0.04,8
ORD104022,2022-05-17,P-GRO-014,Grocery,Basmati Rice 5kg,Central,Indore,SUP-035,8.0,WH-CE-01,319.0,23.0,164.0,704.0,26.59,234.28,20.0,No,No,Summer,Rainy,245.49,0.0,5.0,506.92,0.034,28
ORD104023,2023-10-24,P-SPO-003,Sports,Cycling Helmet,East,Kolkata,SUP-014,6.0,WH-EA-03,221.0,9.0,86.0,371.0,12.05,1270.05,6.4,No,Yes,Autumn,Stormy,1203.21,0.0,0.0,334.52,0.075,15
ORD104024,2023-01-13,P-BEA-013,Beauty,Herbal Shampoo 200ml,West,Surat,SUP-038,3.0,WH-WE-03,887.0,40.0,276.0,971.0,,767.86,32.0,No,No,Winter,Cloudy,730.08,0.0,2.0,1009.24,0.138,50
ORD104025,2024-07-18,P-SPO-015,Sports,Running Shoes,East,Ranchi,SUP-017,5.0,WH-EA-04,144.0,6.0,64.0,301.0,9.01,2742.88,27.3,No,No,Summer,Cloudy,2864.79,0.0,1.0,363.89,0.189,10
ORD104026,2021-09-30,P-FUR-001,Furniture,Sofa Cushion Set,West,Ahmedabad,SUP-014,5.0,WH-WE-03,126.0,2.0,42.0,186.0,5.25,19567.74,16.4,Yes,No,Autumn,,20353.78,0.0,0.0,332.98,0.119,7
ORD104027,2024-01-18,P-FUR-010,Furniture,Sofa Cushion Set,West,Mumbai,SUP-035,7.0,WH-WE-02,64.0,5.0,48.0,185.0,6.53,9173.39,9.7,No,No,Winter,Sunny,9971.81,0.0,5.0,599.29,0.012,8
ORD104028,2023-11-21,P-CLO-002,Clothing,Woolen Sweater,North,Chandigarh,SUP-032,6.0,WH-NO-05,479.0,22.0,190.0,819.0,26.45,2468.94,21.3,Yes,No,Autumn,Stormy,2541.75,0.0,0.0,328.36,0.157,39
ORD104029,2024-04-19,P-SPO-013,Sports,Gym Dumbbells 5kg,North,Lucknow,SUP-010,9.0,WH-NO-02,297.0,13.0,108.0,401.0,12.37,1985.19,8.8,Yes,No,Summer,Rainy,2093.16,0.0,5.0,557.62,0.108,11
ORD104030,2022-12-18,P-CLO-008,Clothing,Women's Kurti,South,Hyderabad,SUP-032,14.0,WH-SO-02,520.0,22.0,118.0,751.0,,1485.48,5.9,Yes,No,Winter,Sunny,1526.85,,1.0,500.16,0.039,28
ORD104031,2022-04-14,P-GRO-001,Grocery,Tea Powder 500g,Central,Bhopal,SUP-011,,WH-CE-03,136.0,23.0,164.0,844.0,28.48,464.96,13.6,No,No,Summer,Sunny,500.83,0.0,0.0,329.33,0.075,25
ORD104032,2023-01-26,P-FUR-012,Furniture,Wooden Bookshelf,South,Chennai,SUP-036,23.0,WH-SO-02,105.0,7.0,46.0,184.0,6.6,16801.36,0.4,Yes,Yes,Winter,Sunny,17803.86,0.0,2.0,677.1,0.07,15
ORD104033,2024-11-22,P-CLO-012,Clothing,Kids Winter Jacket,West,Nagpur,SUP-001,16.0,WH-WE-01,190.0,43.0,256.0,1067.0,33.95,1433.89,35.3,No,No,Autumn,Cloudy,1404.25,0.0,1.0,405.61,0.14,27
ORD104034,2021-10-12,P-ELE-014,Electronics,Bluetooth Speaker,South,Bengaluru,SUP-027,3.0,WH-SO-04,78.0,7.0,52.0,252.0,7.42,12757.47,8.7,No,No,Autumn,Rainy,12565.22,0.0,0.0,189.43,0.082,7
ORD104035,2023-08-25,P-GRO-008,Grocery,Basmati Rice 5kg,South,Kochi,SUP-007,19.0,WH-SO-02,725.0,30.0,265.0,1269.0,41.95,454.13,4.0,No,No,Summer,Sunny,465.9,0.0,1.0,480.79,0.127,44
ORD104036,2021-11-24,P-GRO-014,Grocery,Sugar 1kg,Central,Raipur,SUP-028,6.0,WH-CE-05,651.0,23.0,222.0,910.0,26.7,594.99,15.3,Yes,No,Autumn,,600.32,0.0,1.0,421.3,,34
ORD104037,2024-02-05,P-BEA-010,Beauty,Face Wash 100ml,East,Bhubaneswar,SUP-040,3.0,WH-EA-04,477.0,26.0,170.0,714.0,21.59,239.27,10.3,No,No,Spring,Rainy,264.43,0.0,0.0,,0.037,25
ORD104038,2022-09-11,P-GRO-008,Grocery,Wheat Flour 5kg,South,Kochi,SUP-027,14.0,WH-SO-03,456.0,22.0,250.0,1264.0,39.21,413.64,,No,No,Autumn,Sunny,420.65,0.0,0.0,479.96,0.03,39
ORD104039,2024-06-08,P-BEA-006,Beauty,Sunscreen Lotion,North,Lucknow,SUP-018,,WH-NO-03,255.0,29.0,211.0,725.0,24.22,201.1,2.6,No,No,Summer,Cloudy,178.2,0.0,0.0,315.47,0.138,26
ORD104040,2021-08-27,P-CLO-005,Clothing,Woolen Sweater,North,Kanpur,SUP-033,7.0,WH-NO-05,326.0,16.0,131.0,585.0,19.96,348.54,25.1,No,No,Autumn,Sunny,315.58,0.0,1.0,350.9,0.168,17
ORD104041,2021-06-30,P-BEA-010,Beauty,Moisturizer Cream,North,Lucknow,SUP-008,5.0,WH-NO-01,55.0,24.0,122.0,637.0,18.11,305.58,5.2,Yes,No,Autumn,Sunny,299.73,1.0,4.0,451.18,0.164,16
ORD104042,2024-10-21,P-ELE-012,Electronics,LED TV 43in,South,Chennai,SUP-022,17.0,WH-SO-02,161.0,10.0,48.0,245.0,8.95,3162.62,5.7,,No,Autumn,Cloudy,3345.24,0.0,1.0,374.39,0.134,12
ORD104043,2022-05-07,P-SPO-001,Sports,Yoga Mat,East,Bhubaneswar,SUP-039,8.0,WH-EA-01,30.0,8.0,49.0,213.0,6.76,875.23,4.3,Yes,No,Summer,Sunny,824.45,0.0,1.0,325.73,0.04,8
ORD104044,2021-05-04,P-CLO-007,Clothing,Kids Winter Jacket,South,,SUP-015,5.0,WH-SO-01,78.0,26.0,186.0,647.0,20.63,687.41,11.8,No,No,Summer,Cloudy,723.23,0.0,0.0,304.05,0.024,18
ORD104045,2024-05-06,P-GRO-001,Grocery,Sunflower Oil 1L,North,Lucknow,SUP-002,5.0,WH-NO-05,284.0,42.0,287.0,991.0,31.92,553.88,15.1,Yes,No,Summer,Sunny,519.89,0.0,1.0,366.17,,43
ORD104046,2022-08-28,P-GRO-006,Grocery,Tea Powder 500g,South,Coimbatore,SUP-018,9.0,WH-SO-01,309.0,44.0,238.0,960.0,35.88,526.8,3.3,No,No,Summer,Rainy,533.49,0.0,3.0,506.86,0.058,25
ORD104047,2024-09-09,P-GRO-012,Grocery,Instant Noodles Pack,South,Bengaluru,SUP-020,7.0,WH-SO-05,781.0,28.0,258.0,1210.0,40.03,555.3,28.1,Yes,No,Autumn,Cloudy,573.72,0.0,2.0,390.97,0.063,59
ORD104048,2022-10-02,P-GRO-011,Grocery,Basmati Rice 5kg,Central,Gwalior,SUP-033,7.0,WH-CE-04,,48.0,280.0,1132.0,39.84,365.24,22.5,No,Yes,Autumn,Rainy,331.83,0.0,0.0,387.4,0.078,55
ORD104049,2024-01-10,P-FUR-002,Furniture,TV Unit,South,Coimbatore,SUP-033,10.0,WH-SO-04,19.0,2.0,28.0,109.0,3.33,15472.46,18.6,Yes,No,Winter,Cloudy,15962.18,0.0,1.0,386.86,0.086,6
ORD104050,2023-04-26,P-SPO-011,Sports,Gym Dumbbells 5kg,North,Chandigarh,SUP-014,14.0,WH-NO-04,131.0,7.0,82.0,348.0,11.3,3752.31,12.7,No,No,Summer,Cloudy,4237.27,2.0,2.0,511.61,0.066,10
ORD104051,2022-12-06,P-FUR-001,Furniture,Sofa Cushion Set,East,Guwahati,SUP-031,2.0,WH-EA-01,87.0,5.0,41.0,179.0,5.19,7012.06,34.1,No,No,Winter,Sunny,6901.24,0.0,1.0,306.81,0.089,6
ORD104052,2022-12-12,P-CLO-001,Clothing,Kids Winter Jacket,Central,Gwalior,SUP-006,4.0,WH-CE-01,161.0,,189.0,840.0,24.49,1750.57,7.0,Yes,No,Winter,Sunny,1761.28,0.0,1.0,268.46,0.135,32
ORD104053,2022-01-02,P-CLO-014,Clothing,Woolen Sweater,West,Nagpur,SUP-008,4.0,WH-WE-02,673.0,40.0,350.0,1231.0,42.7,2485.99,11.4,No,No,Winter,Cloudy,2536.38,0.0,3.0,407.74,0.037,55
ORD104054,2023-12-13,P-BEA-001,Beauty,Hair Oil 250ml,West,Pune,SUP-025,5.0,WH-WE-04,584.0,33.0,355.0,1543.0,44.95,1061.79,8.4,Yes,No,Winter,Cloudy,1069.49,0.0,0.0,262.7,0.02,58
ORD104055,2023-02-07,P-BEA-004,Beauty,Talcum Powder,Central,Raipur,SUP-029,12.0,WH-CE-02,250.0,20.0,106.0,474.0,16.82,1124.83,17.3,Yes,No,Winter,Cloudy,1126.99,0.0,1.0,408.71,0.086,30
ORD104056,2021-01-03,P-GRO-002,Grocery,Wheat Flour 5kg,East,Bhubaneswar,SUP-033,5.0,WH-EA-01,921.0,33.0,280.0,1330.0,39.09,173.19,18.1,No,No,Winter,Sunny,172.45,0.0,0.0,301.98,,47
ORD104057,2022-08-04,P-SPO-009,Sports,Football,Central,Indore,SUP-025,16.0,WH-CE-04,217.0,15.0,87.0,354.0,13.36,1718.79,9.5,No,,Summer,Sunny,1503.26,0.0,1.0,517.89,0.032,11
ORD104058,2022-08-17,P-GRO-008,Grocery,Sugar 1kg,North,Kanpur,SUP-006,7.0,WH-NO-04,1023.0,44.0,344.0,1484.0,43.04,371.77,23.3,No,No,Summer,Sunny,385.24,,0.0,312.03,0.043,78
ORD104059,2024-07-17,P-BEA-013,Beauty,Herbal Shampoo 200ml,West,Ahmedabad,SUP-028,6.0,WH-WE-03,114.0,17.0,188.0,694.0,24.89,673.77,11.0,No,No,Summer,Sunny,615.83,1.0,1.0,329.1,0.056,15
ORD104060,2022-09-16,P-SPO-015,Sports,Cricket Bat,West,Ahmedabad,SUP-018,11.0,WH-WE-03,337.0,20.0,117.0,449.0,15.48,877.65,8.8,No,No,Autumn,Rainy,904.08,0.0,3.0,514.0,0.051,15
ORD104061,2023-04-09,P-FUR-012,Furniture,Office Chair,Central,Bhopal,SUP-011,8.0,WH-CE-04,41.0,2.0,35.0,138.0,4.69,12228.22,15.9,No,No,Summer,Cloudy,12914.15,,0.0,332.74,0.054,3
ORD104062,2021-05-02,P-ELE-008,Electronics,LED TV 43in,South,Hyderabad,SUP-014,8.0,WH-SO-04,79.0,5.0,41.0,214.0,7.57,12793.32,11.1,No,No,Summer,Cloudy,13209.77,0.0,0.0,273.18,0.188,7
ORD104063,2022-07-27,P-CLO-001,Clothing,Men's Cotton T-Shirt,West,Surat,SUP-033,2.0,WH-WE-02,147.0,26.0,169.0,758.0,22.22,1320.16,16.5,Yes,No,Summer,Sunny,1226.83,0.0,1.0,330.3,0.175,28
ORD104064,2022-02-20,P-ELE-014,Electronics,Laptop Stand,North,Chandigarh,SUP-008,4.0,WH-NO-01,68.0,11.0,34.0,147.0,5.91,10442.14,5.1,Yes,No,Spring,Rainy,10705.62,0.0,,259.27,0.022,10
ORD104065,2022-12-30,P-BEA-009,Beauty,Sunscreen Lotion,East,Guwahati,SUP-023,8.0,WH-EA-05,583.0,18.0,235.0,1250.0,39.62,1092.5,9.3,No,No,Winter,Sunny,1073.83,0.0,2.0,465.44,0.067,41
ORD104066,2024-08-05,P-GRO-004,Grocery,Sunflower Oil 1L,South,Bengaluru,SUP-004,37.0,WH-SO-01,629.0,34.0,291.0,1132.0,35.57,556.92,39.6,Yes,No,Summer,Sunny,530.64,1.0,3.0,911.59,0.126,49
ORD104067,2024-09-25,P-FUR-009,Furniture,Wooden Bookshelf,East,Kolkata,SUP-030,7.0,WH-EA-03,70.0,2.0,36.0,148.0,5.5,17256.6,0.8,No,No,Autumn,Rainy,20105.44,0.0,0.0,338.76,0.011,8
ORD104068,2022-02-24,P-SPO-006,Sports,Cycling Helmet,West,Pune,SUP-006,8.0,WH-WE-05,395.0,15.0,91.0,468.0,16.33,4433.25,16.5,No,No,Winter,Cloudy,4114.7,0.0,0.0,391.7,0.139,16
ORD104069,2023-06-15,P-ELE-006,Electronics,Home Router,South,Chennai,SUP-038,13.0,WH-SO-03,150.0,7.0,59.0,250.0,9.27,2199.45,4.2,Yes,No,Summer,Sunny,2286.5,0.0,0.0,419.01,0.112,12
ORD104070,2024-10-26,P-GRO-007,Grocery,Basmati Rice 5kg,North,Kanpur,SUP-036,11.0,WH-NO-05,409.0,46.0,357.0,1332.0,45.85,585.16,6.7,Yes,No,Autumn,Sunny,656.59,2.0,3.0,625.81,0.123,52
ORD104071,2021-12-01,P-FUR-012,Furniture,Foldable Bed,South,Kochi,SUP-035,8.0,WH-SO-03,142.0,11.0,53.0,267.0,8.16,12809.59,8.4,No,No,Winter,Sunny,13201.86,,1.0,360.46,0.126,13
ORD104072,2022-10-03,P-GRO-003,Grocery,Wheat Flour 5kg,West,Ahmedabad,SUP-014,7.0,WH-WE-04,843.0,55.0,362.0,1278.0,44.28,570.39,7.8,No,No,Autumn,,542.32,0.0,0.0,189.02,0.025,44
ORD104073,2023-01-01,P-ELE-015,Electronics,LED TV 43in,West,Ahmedabad,SUP-032,4.0,WH-WE-03,46.0,11.0,101.0,391.0,12.66,4036.1,13.1,No,No,Winter,Sunny,3858.11,0.0,1.0,281.65,0.067,10
ORD104074,2021-01-05,P-ELE-001,Electronics,Smartwatch,West,Pune,SUP-006,16.0,WH-WE-02,223.0,14.0,94.0,346.0,11.65,4028.21,12.7,No,No,Winter,Cloudy,3578.03,0.0,1.0,570.51,0.073,12
ORD104075,2022-11-12,P-GRO-003,Grocery,Masala Mix 200g,North,Chandigarh,SUP-012,8.0,WH-NO-05,152.0,36.0,275.0,1291.0,35.83,292.6,20.2,Yes,Yes,Autumn,Sunny,294.79,2.0,0.0,454.76,0.129,42
ORD104076,2021-06-27,P-FUR-011,Furniture,Foldable Bed,West,Surat,SUP-006,11.0,WH-WE-03,86.0,4.0,34.0,181.0,5.95,6401.2,18.0,No,No,Summer,Cloudy,6467.9,0.0,3.0,616.45,0.107,8
ORD104077,2022-03-30,P-CLO-003,Clothing,Woolen Sweater,West,Surat,SUP-003,,WH-WE-03,51.0,,129.0,527.0,19.2,315.46,13.9,No,No,Spring,,309.13,0.0,6.0,623.2,0.064,12
ORD104078,2021-06-18,P-ELE-012,Electronics,Power Bank 10000mAh,North,Kanpur,SUP-015,11.0,WH-NO-04,74.0,11.0,75.0,310.0,10.08,3721.41,4.2,No,No,Summer,Rainy,4145.3,0.0,4.0,532.61,0.083,12
ORD104079,2023-12-12,P-CLO-012,Clothing,Track Pants,South,Hyderabad,SUP-023,21.0,WH-SO-05,433.0,56.0,164.0,,26.59,1148.95,11.7,No,No,Winter,Sunny,1145.52,0.0,1.0,547.6,0.052,36
ORD104080,2024-05-04,P-GRO-007,Grocery,Instant Noodles Pack,South,Chennai,SUP-035,10.0,WH-SO-05,,57.0,308.0,1161.0,40.9,492.38,4.2,No,No,Summer,Sunny,431.32,1.0,0.0,472.49,0.06,41
ORD104081,2022-01-27,P-GRO-007,Grocery,Instant Noodles Pack,South,Bengaluru,SUP-002,6.0,WH-SO-02,402.0,,389.0,1622.0,47.89,318.71,11.5,Yes,No,Winter,Sunny,357.38,0.0,0.0,329.59,0.123,70
ORD104082,2021-02-28,P-BEA-015,Beauty,Moisturizer Cream,North,,SUP-017,9.0,WH-NO-02,234.0,13.0,172.0,742.0,29.5,244.54,20.7,No,Yes,Spring,,222.07,0.0,3.0,441.33,0.236,26
ORD104083,2022-12-21,P-GRO-012,Grocery,Masala Mix 200g,North,Kanpur,SUP-029,5.0,WH-NO-02,814.0,38.0,184.0,1034.0,36.0,430.45,2.4,No,No,Winter,Sunny,449.31,0.0,0.0,335.82,0.029,35
ORD104084,2021-06-17,P-CLO-010,Clothing,Woolen Sweater,North,Chandigarh,SUP-009,13.0,WH-NO-02,413.0,38.0,189.0,801.0,26.63,534.2,17.2,No,No,Summer,Sunny,563.2,0.0,1.0,366.32,0.053,33
ORD104085,2022-10-07,P-SPO-003,Sports,Gym Dumbbells 5kg,North,Kanpur,SUP-030,12.0,WH-NO-02,325.0,18.0,151.0,521.0,15.83,932.78,2.3,No,No,Autumn,Rainy,929.92,0.0,2.0,412.47,0.078,20
ORD104086,2023-03-06,P-CLO-009,Clothing,Cotton Saree,South,Chennai,SUP-023,9.0,WH-SO-03,680.0,55.0,287.0,1415.0,41.33,2409.37,21.1,No,Yes,Summer,Rainy,2597.32,1.0,1.0,296.86,0.113,47
ORD104087,2022-11-14,P-FUR-001,Furniture,TV Unit,West,Mumbai,SUP-023,9.0,WH-WE-01,30.0,7.0,34.0,204.0,5.97,17468.65,7.5,No,No,Autumn,Cloudy,17634.93,1.0,2.0,428.34,0.052,7
ORD104088,2023-02-02,P-ELE-004,Electronics,Smartphone Charger,East,Guwahati,SUP-005,5.0,WH-EA-03,111.0,8.0,47.0,188.0,6.16,5550.62,7.6,Yes,No,Spring,Sunny,5409.73,0.0,0.0,332.76,0.077,11
ORD104089,2023-04-09,P-ELE-011,Electronics,Wireless Earbuds,South,Bengaluru,SUP-007,7.0,WH-SO-05,48.0,3.0,40.0,180.0,5.39,13688.96,23.2,No,No,Summer,Cloudy,11452.35,0.0,0.0,331.91,0.039,5
ORD104090,2021-08-28,P-ELE-007,Electronics,Home Router,West,Mumbai,SUP-036,5.0,WH-WE-03,313.0,27.0,136.0,571.0,17.85,3982.8,25.0,Yes,No,Autumn,Cloudy,3444.56,0.0,1.0,238.77,0.052,28
ORD104091,2023-09-26,P-BEA-015,Beauty,Sunscreen Lotion,East,Guwahati,SUP-036,14.0,WH-EA-01,349.0,31.0,229.0,749.0,24.65,2277.08,7.1,No,No,Autumn,Cloudy,,0.0,3.0,550.26,0.037,41
ORD104092,2023-09-04,P-BEA-015,Beauty,Hair Oil 250ml,North,Chandigarh,SUP-019,9.0,WH-NO-02,753.0,42.0,176.0,875.0,30.7,813.63,21.0,Yes,No,Autumn,,864.29,0.0,1.0,342.81,0.12,68
ORD104093,2021-07-28,P-ELE-002,Electronics,Smartwatch,North,Jaipur,SUP-024,3.0,WH-NO-02,194.0,14.0,105.0,413.0,13.45,13959.16,9.9,No,No,Summer,Rainy,15410.37,0.0,3.0,300.7,0.053,10
ORD104094,2022-09-26,P-GRO-014,Grocery,Tea Powder 500g,North,Jaipur,SUP-022,21.0,WH-NO-03,899.0,48.0,291.0,1410.0,41.71,287.35,12.3,No,No,Autumn,Sunny,346.18,0.0,1.0,489.39,0.036,59
ORD104095,2022-02-26,P-GRO-013,Grocery,Basmati Rice 5kg,East,Patna,SUP-021,7.0,WH-EA-02,127.0,32.0,195.0,795.0,26.27,216.41,9.1,No,No,Spring,Sunny,210.97,0.0,1.0,411.9,0.057,25
ORD104096,2022-08-04,P-CLO-002,Clothing,Denim Jeans,South,Coimbatore,SUP-029,10.0,WH-SO-02,151.0,25.0,163.0,749.0,25.96,567.95,3.7,Yes,No,Summer,Sunny,563.74,0.0,1.0,1391.59,0.101,25
ORD104097,2024-02-04,P-FUR-006,Furniture,Study Table,South,Hyderabad,SUP-023,9.0,WH-SO-04,28.0,5.0,33.0,199.0,5.95,11789.06,4.9,Yes,No,Winter,Sunny,10278.53,0.0,2.0,476.58,0.032,6
ORD104098,2023-05-22,P-FUR-015,Furniture,Plastic Storage Rack,East,Bhubaneswar,SUP-006,4.0,WH-EA-01,67.0,2.0,26.0,86.0,2.99,19630.16,26.0,Yes,No,Summer,Stormy,19251.46,0.0,0.0,390.74,0.035,3
ORD104099,2024-08-19,P-SPO-001,Sports,Cricket Bat,Central,Gwalior,SUP-004,21.0,WH-CE-05,137.0,19.0,173.0,617.0,19.49,1265.46,6.2,,Yes,Summer,Cloudy,1238.39,,1.0,,0.129,24
ORD104100,2023-04-12,P-GRO-001,Grocery,Instant Noodles Pack,South,Chennai,SUP-035,14.0,WH-SO-02,726.0,23.0,277.0,954.0,30.61,293.06,20.9,No,No,Summer,Rainy,285.04,0.0,3.0,607.65,0.048,31
ORD104101,2021-03-07,P-FUR-008,Furniture,Wooden Bookshelf,East,Bhubaneswar,SUP-030,11.0,WH-EA-05,73.0,3.0,23.0,122.0,3.73,13629.08,2.0,Yes,No,Spring,Stormy,14828.56,0.0,0.0,347.21,0.064,5
ORD104102,2023-11-06,P-CLO-015,Clothing,Cotton Saree,East,Bhubaneswar,SUP-008,7.0,WH-EA-01,232.0,31.0,148.0,699.0,21.57,515.19,13.1,No,No,Autumn,Cloudy,546.69,0.0,0.0,300.51,0.104,27
ORD104103,2021-04-18,P-GRO-005,Grocery,Basmati Rice 5kg,West,Mumbai,SUP-003,5.0,WH-WE-02,496.0,38.0,211.0,815.0,,218.84,8.5,No,No,Summer,Rainy,235.81,0.0,1.0,338.01,0.074,29
ORD104104,2022-05-15,P-SPO-012,Sports,Cricket Bat,West,Pune,SUP-009,8.0,WH-WE-02,202.0,13.0,101.0,429.0,14.77,411.46,23.5,Yes,No,Summer,Rainy,,0.0,0.0,329.25,0.275,15
ORD104105,2024-09-26,P-ELE-011,Electronics,Bluetooth Speaker,West,Mumbai,SUP-024,,WH-WE-03,,15.0,67.0,305.0,10.73,8605.15,11.6,Yes,No,Autumn,Sunny,8658.54,0.0,1.0,567.19,0.073,20
ORD104106,2024-12-16,P-FUR-003,Furniture,Dining Chair,North,Delhi,SUP-024,4.0,WH-NO-01,173.0,7.0,58.0,243.0,7.85,9803.79,8.1,Yes,No,Winter,Sunny,10111.46,0.0,3.0,304.5,0.097,13
ORD104107,2021-08-05,P-BEA-005,Beauty,Body Lotion 400ml,South,Hyderabad,SUP-007,9.0,WH-SO-02,172.0,26.0,168.0,904.0,29.43,594.26,15.0,Yes,No,Summer,Sunny,685.38,,0.0,401.91,0.084,48
ORD104108,2024-12-10,P-SPO-010,Sports,Gym Dumbbells 5kg,West,Nagpur,SUP-008,7.0,WH-WE-05,118.0,21.0,97.0,709.0,18.95,,22.6,Yes,No,,Cloudy,2773.51,0.0,1.0,312.85,0.12,26
ORD104109,2024-12-01,P-CLO-008,Clothing,Kids Winter Jacket,South,Kochi,SUP-009,8.0,WH-SO-05,235.0,22.0,269.0,882.0,28.38,1279.97,15.6,Yes,No,Winter,Rainy,1268.19,0.0,1.0,,0.129,37
ORD104110,2024-07-07,P-GRO-004,Grocery,Sugar 1kg,Central,Gwalior,SUP-018,4.0,WH-CE-03,836.0,42.0,314.0,1424.0,47.02,282.75,14.2,No,No,Autumn,Sunny,308.43,0.0,1.0,318.32,0.077,59
ORD104111,2024-04-25,P-BEA-004,Beauty,Hair Oil 250ml,South,Hyderabad,SUP-010,,WH-SO-01,242.0,32.0,177.0,638.0,22.54,911.57,19.7,No,No,Summer,Rainy,896.28,0.0,1.0,429.21,0.016,25
ORD104112,2021-04-20,P-BEA-009,Beauty,Hair Oil 250ml,East,Patna,SUP-019,2.0,WH-EA-02,326.0,,108.0,435.0,16.14,622.49,18.6,No,No,Summer,Cloudy,648.32,0.0,0.0,281.33,0.037,17
ORD104113,2021-06-26,P-CLO-013,Clothing,Men's Cotton T-Shirt,South,Chennai,SUP-001,10.0,WH-SO-05,112.0,18.0,119.0,417.0,16.35,1469.3,21.2,No,No,Summer,Sunny,1526.78,1.0,1.0,370.68,0.075,17
ORD104114,2023-06-16,P-BEA-007,Beauty,Lipstick Set,South,Coimbatore,SUP-038,2.0,WH-SO-05,560.0,29.0,219.0,830.0,30.97,1042.12,,No,No,Autumn,Cloudy,1002.81,0.0,1.0,153.37,0.048,49
ORD104115,2021-05-30,P-GRO-014,Grocery,Instant Noodles Pack,West,Nagpur,SUP-036,6.0,WH-WE-05,961.0,35.0,213.0,1141.0,39.14,422.73,10.0,Yes,No,Summer,Rainy,400.99,0.0,1.0,373.58,0.112,41
ORD104116,2022-01-02,P-CLO-011,Clothing,Formal Shirt,North,Kanpur,SUP-014,19.0,WH-NO-05,440.0,19.0,118.0,612.0,18.6,1863.92,7.8,No,No,Winter,Sunny,1859.21,,1.0,608.44,0.043,29
ORD104117,2024-11-28,P-SPO-007,Sports,Football,East,Patna,SUP-033,13.0,WH-EA-04,311.0,19.0,120.0,484.0,15.46,4178.96,9.2,No,No,Autumn,Sunny,,0.0,3.0,466.67,0.058,16
ORD104118,2024-08-23,P-GRO-011,Grocery,Sugar 1kg,East,Bhubaneswar,SUP-022,3.0,WH-EA-04,491.0,44.0,292.0,1077.0,39.79,160.41,8.8,No,No,Autumn,Cloudy,141.18,0.0,2.0,355.79,0.004,29
ORD104119,2022-01-08,P-CLO-007,Clothing,Denim Jeans,West,Ahmedabad,SUP-002,14.0,WH-WE-04,151.0,41.0,245.0,990.0,35.1,1077.96,18.3,No,No,Winter,Sunny,1140.18,2.0,2.0,521.48,0.108,30
ORD104120,2023-02-27,P-SPO-012,Sports,Gym Dumbbells 5kg,East,Kolkata,SUP-012,10.0,WH-EA-04,,5.0,56.0,342.0,11.52,4300.76,3.6,,No,Spring,Sunny,4496.99,0.0,1.0,463.44,0.058,11
ORD104121,2023-02-26,P-BEA-015,Beauty,Sunscreen Lotion,Central,Bhopal,SUP-003,5.0,WH-CE-02,77.0,19.0,201.0,774.0,26.71,249.44,8.5,No,Yes,Spring,Rainy,234.62,0.0,0.0,247.02,0.012,19
ORD104122,2022-01-19,P-SPO-012,Sports,Running Shoes,West,Mumbai,SUP-029,4.0,WH-WE-04,364.0,15.0,116.0,490.0,17.86,3795.77,15.5,No,Yes,Winter,Sunny,3540.76,1.0,0.0,314.82,0.025,24
ORD104123,2021-12-12,P-GRO-003,Grocery,Masala Mix 200g,South,Coimbatore,SUP-032,8.0,WH-SO-02,,29.0,165.0,588.0,25.98,422.19,2.0,No,No,Winter,Sunny,438.69,0.0,1.0,345.19,0.078,24
ORD104124,2022-10-01,P-SPO-002,Sports,Running Shoes,West,Pune,SUP-025,11.0,WH-WE-04,288.0,15.0,81.0,355.0,13.23,2515.33,22.7,No,No,Autumn,Rainy,2867.9,0.0,0.0,310.68,0.008,13
ORD104125,2023-05-28,P-ELE-013,Electronics,Home Router,Central,Gwalior,SUP-001,6.0,WH-CE-02,,7.0,42.0,160.0,5.93,8141.92,13.1,Yes,No,Summer,Cloudy,8806.81,1.0,2.0,,0.151,8
ORD104126,2024-03-21,P-CLO-013,Clothing,Men's Cotton T-Shirt,South,Chennai,SUP-010,8.0,WH-SO-03,241.0,13.0,102.0,494.0,14.79,2268.22,0.6,No,No,Summer,Sunny,2486.08,0.0,,322.75,0.156,16
ORD104127,2024-05-12,P-CLO-009,Clothing,Track Pants,East,Guwahati,SUP-019,14.0,WH-EA-01,48.0,18.0,117.0,606.0,17.72,1596.86,20.3,No,No,Summer,Sunny,1557.96,0.0,2.0,526.66,0.259,13
ORD104128,2021-01-30,P-BEA-004,Beauty,Lipstick Set,South,Bengaluru,SUP-006,9.0,WH-SO-05,785.0,54.0,294.0,852.0,34.96,119.05,8.6,No,No,Winter,Sunny,123.01,,1.0,391.49,0.181,53
ORD104129,2023-08-18,P-SPO-014,Sports,Running Shoes,East,Patna,SUP-005,7.0,WH-EA-04,,10.0,,325.0,10.07,4480.43,8.4,No,No,Summer,Sunny,4432.97,2.0,1.0,327.23,0.046,12
ORD104130,2023-06-20,P-BEA-007,Beauty,Face Wash 100ml,North,Lucknow,SUP-013,10.0,WH-NO-01,428.0,12.0,153.0,942.0,27.99,515.93,4.9,Yes,No,Autumn,Rainy,485.96,1.0,0.0,334.69,,31
ORD104131,2021-03-10,P-FUR-005,Furniture,Foldable Bed,West,Ahmedabad,SUP-024,7.0,WH-WE-03,25.0,6.0,33.0,145.0,5.22,9564.26,4.3,No,No,Summer,Sunny,9713.97,0.0,0.0,231.82,0.129,6
ORD104132,2024-05-04,P-CLO-006,Clothing,Men's Cotton T-Shirt,South,Hyderabad,SUP-004,3.0,WH-SO-03,350.0,27.0,144.0,502.0,19.98,356.37,2.0,No,No,Summer,Sunny,331.63,0.0,4.0,297.32,0.104,22
ORD104133,2023-05-20,P-CLO-005,Clothing,Cotton Saree,East,Kolkata,SUP-040,,WH-EA-05,303.0,20.0,113.0,511.0,14.62,326.87,1.3,No,No,Summer,Rainy,307.38,,1.0,292.54,0.035,19
ORD104134,2023-11-17,P-CLO-005,Clothing,Women's Kurti,North,Jaipur,SUP-019,5.0,WH-NO-04,497.0,20.0,133.0,659.0,22.39,1304.74,19.3,No,No,Autumn,Rainy,1258.28,0.0,0.0,193.62,0.014,20
ORD104135,2023-08-24,P-ELE-005,Electronics,Smartphone Charger,West,Nagpur,SUP-007,4.0,WH-WE-05,184.0,10.0,67.0,378.0,11.17,10367.69,1.8,No,No,,Cloudy,10086.95,0.0,0.0,357.71,0.021,8
ORD104136,2022-05-04,P-CLO-011,Clothing,Men's Cotton T-Shirt,East,Kolkata,SUP-001,6.0,WH-EA-03,,32.0,196.0,789.0,26.08,1238.71,11.3,No,No,Summer,Sunny,1235.79,0.0,2.0,397.45,0.151,26
ORD104137,2021-10-21,P-BEA-001,Beauty,Moisturizer Cream,East,Kolkata,SUP-039,6.0,WH-EA-01,455.0,20.0,134.0,,18.86,241.47,10.4,No,No,Autumn,,201.55,,1.0,379.98,0.027,26
ORD104138,2022-07-07,P-FUR-006,Furniture,TV Unit,South,Kochi,SUP-024,7.0,WH-SO-04,85.0,6.0,40.0,172.0,5.47,17781.95,5.4,Yes,No,Summer,Stormy,16455.63,0.0,1.0,365.46,0.229,5
ORD104139,2024-01-19,P-BEA-003,Beauty,Talcum Powder,North,Jaipur,SUP-035,6.0,WH-NO-02,175.0,29.0,221.0,1018.0,35.19,297.04,22.2,No,No,Winter,Cloudy,334.37,0.0,2.0,337.94,0.11,33
ORD104140,2023-07-20,P-GRO-010,Grocery,Basmati Rice 5kg,South,Kochi,SUP-032,8.0,WH-SO-04,933.0,43.0,306.0,1111.0,38.89,90.49,4.7,No,No,Autumn,Rainy,90.43,0.0,5.0,500.8,0.055,45
ORD104141,2023-07-05,P-CLO-015,Clothing,Woolen Sweater,Central,Gwalior,SUP-040,11.0,WH-CE-03,,16.0,149.0,539.0,19.08,1267.84,7.4,No,No,Autumn,Sunny,1324.78,0.0,0.0,254.16,0.119,22
ORD104142,2021-07-10,P-ELE-012,Electronics,Smartwatch,North,Jaipur,SUP-036,5.0,WH-NO-02,61.0,8.0,62.0,239.0,8.14,12240.61,4.7,Yes,No,Autumn,Rainy,12648.13,0.0,0.0,238.05,0.055,14
ORD104143,2021-01-14,P-GRO-004,Grocery,Wheat Flour 5kg,West,Mumbai,SUP-031,5.0,WH-WE-01,175.0,34.0,333.0,1522.0,51.08,50.88,17.6,,No,Winter,Stormy,50.44,0.0,,,0.066,48
ORD104144,2023-09-03,P-CLO-008,Clothing,Woolen Sweater,North,Chandigarh,SUP-035,14.0,WH-NO-05,,18.0,157.0,,24.13,378.68,7.2,No,No,Autumn,Sunny,351.93,6.0,1.0,340.96,0.056,14
ORD104145,2024-10-20,P-GRO-001,Grocery,Sunflower Oil 1L,West,Pune,SUP-035,8.0,WH-WE-04,926.0,35.0,417.0,,61.33,178.17,7.3,No,No,Autumn,Sunny,170.33,0.0,0.0,356.87,0.065,58
ORD104146,2022-06-08,P-ELE-007,Electronics,Smartphone Charger,North,Kanpur,SUP-011,9.0,WH-NO-02,31.0,4.0,38.0,,7.29,14398.43,6.3,No,No,Summer,Sunny,16654.27,0.0,4.0,480.51,0.052,5
ORD104147,2022-10-13,P-FUR-005,Furniture,Office Chair,South,Bengaluru,SUP-024,7.0,WH-SO-04,161.0,5.0,45.0,238.0,6.84,19640.99,4.1,No,No,Autumn,Cloudy,18803.07,1.0,3.0,496.02,0.062,7
ORD104148,2024-10-31,P-CLO-008,Clothing,Women's Kurti,South,Bengaluru,SUP-040,5.0,WH-SO-05,144.0,24.0,166.0,649.0,21.02,369.86,0.6,No,No,Autumn,Sunny,420.8,0.0,0.0,343.38,0.115,27
ORD104149,2021-12-06,P-GRO-007,Grocery,Toor Dal 1kg,North,Chandigarh,SUP-035,5.0,WH-NO-04,666.0,30.0,171.0,997.0,28.04,161.3,14.9,No,No,Winter,Sunny,155.94,,3.0,507.96,0.084,38
ORD104150,2023-02-02,P-GRO-011,Grocery,Sunflower Oil 1L,South,Kochi,SUP-005,11.0,WH-SO-05,654.0,41.0,293.0,1133.0,32.93,508.24,9.1,No,No,Spring,Cloudy,495.26,0.0,2.0,514.25,0.065,45
ORD104151,2021-05-06,P-CLO-009,Clothing,Women's Kurti,South,Kochi,SUP-005,17.0,WH-SO-03,2587.0,15.0,97.0,502.0,17.24,386.73,3.9,No,No,Summer,Cloudy,389.09,0.0,2.0,554.18,0.06,18
ORD104152,2022-01-21,P-CLO-015,Clothing,Denim Jeans,East,Bhubaneswar,SUP-009,4.0,WH-EA-02,89.0,11.0,124.0,652.0,20.73,1901.34,13.6,No,No,Winter,Sunny,1874.55,0.0,1.0,293.94,0.053,20
ORD104153,2022-07-02,P-CLO-002,Clothing,Cotton Saree,Central,Raipur,SUP-030,9.0,WH-CE-05,73.0,14.0,81.0,385.0,12.91,1603.28,7.1,No,No,Summer,Rainy,1482.9,1.0,1.0,343.28,0.177,6
ORD104154,2023-09-29,P-CLO-015,Clothing,Track Pants,South,Chennai,SUP-016,11.0,WH-SO-04,531.0,22.0,169.0,766.0,22.28,557.04,19.6,No,No,Autumn,Sunny,556.41,0.0,0.0,,0.036,30
ORD104155,2022-03-26,P-ELE-012,Electronics,Wireless Earbuds,Central,Jabalpur,SUP-026,11.0,WH-CE-04,29.0,7.0,47.0,196.0,7.16,838.19,19.4,No,,Summer,Cloudy,739.47,0.0,0.0,306.35,0.06,6
ORD104156,2022-11-04,P-SPO-011,Sports,Running Shoes,South,Bengaluru,SUP-006,8.0,WH-SO-04,126.0,11.0,97.0,440.0,17.07,3905.52,5.8,Yes,No,Autumn,Cloudy,4019.38,0.0,1.0,358.27,0.07,17
ORD104157,2022-03-12,P-ELE-013,Electronics,Wireless Earbuds,North,Delhi,SUP-003,9.0,WH-NO-05,54.0,7.0,59.0,235.0,7.83,6453.47,2.4,Yes,No,Summer,Cloudy,6569.53,0.0,0.0,340.77,0.079,11
ORD104158,2021-07-26,P-CLO-001,Clothing,Woolen Sweater,North,Chandigarh,SUP-031,17.0,WH-NO-04,215.0,17.0,104.0,395.0,14.36,1219.73,19.7,No,,Autumn,Cloudy,1290.81,0.0,1.0,496.67,0.102,10
ORD104159,2024-03-04,P-GRO-004,Grocery,Wheat Flour 5kg,South,Chennai,SUP-012,4.0,WH-SO-05,1043.0,31.0,299.0,1337.0,48.53,465.82,15.1,Yes,No,Spring,Cloudy,447.3,0.0,0.0,160.33,0.221,55
ORD104160,2023-09-11,P-CLO-001,Clothing,Track Pants,South,Hyderabad,SUP-002,6.0,WH-SO-01,368.0,,166.0,558.0,18.93,,5.6,No,No,,Rainy,2511.69,0.0,0.0,288.43,0.165,19
ORD104161,2023-08-02,P-GRO-012,Grocery,Instant Noodles Pack,West,Nagpur,SUP-009,18.0,WH-WE-04,530.0,61.0,451.0,1673.0,58.28,416.51,17.1,No,No,Autumn,Rainy,430.86,0.0,3.0,575.63,0.075,67
ORD104162,2023-05-02,P-SPO-006,Sports,Yoga Mat,West,Pune,SUP-013,6.0,WH-WE-02,260.0,14.0,137.0,526.0,18.03,4479.43,14.6,Yes,Yes,Summer,Stormy,4525.13,0.0,1.0,399.08,0.025,28
ORD104163,2021-07-14,P-GRO-006,Grocery,Wheat Flour 5kg,East,Ranchi,SUP-017,7.0,WH-EA-01,725.0,43.0,224.0,1037.0,35.26,438.44,5.1,No,No,Autumn,Rainy,507.79,0.0,3.0,491.65,0.064,49
ORD104164,2023-01-23,P-FUR-010,Furniture,Wooden Bookshelf,East,Patna,SUP-036,6.0,WH-EA-02,37.0,5.0,36.0,186.0,6.03,9091.53,24.2,No,No,Winter,Cloudy,,0.0,1.0,280.32,0.018,8
ORD104165,2023-11-01,P-GRO-007,Grocery,Toor Dal 1kg,South,Chennai,SUP-008,7.0,WH-SO-05,373.0,34.0,422.0,1397.0,49.75,414.64,9.0,Yes,No,Autumn,Cloudy,399.25,0.0,1.0,408.93,0.056,49
ORD104166,2022-12-24,P-ELE-010,Electronics,Bluetooth Speaker,East,Kolkata,SUP-025,6.0,WH-EA-05,82.0,8.0,49.0,,8.13,3342.24,7.0,No,No,Winter,Sunny,3753.01,0.0,3.0,367.97,0.074,9
ORD104167,2023-11-24,P-GRO-015,Grocery,Sugar 1kg,North,Jaipur,SUP-011,5.0,WH-NO-02,523.0,36.0,273.0,1184.0,36.26,504.55,6.2,No,No,Autumn,Cloudy,525.14,0.0,1.0,284.98,0.077,42
ORD104168,2022-04-26,P-CLO-005,Clothing,Formal Shirt,North,Kanpur,SUP-020,6.0,WH-NO-01,477.0,19.0,156.0,659.0,19.62,405.56,12.7,No,No,Summer,Sunny,463.27,0.0,0.0,294.65,0.058,32
ORD104169,2023-01-22,P-CLO-014,Clothing,Track Pants,South,Kochi,SUP-012,17.0,WH-SO-03,359.0,10.0,80.0,513.0,14.5,675.59,9.1,No,No,Winter,Sunny,575.33,0.0,1.0,530.67,0.188,19
ORD104170,2022-07-11,P-SPO-008,Sports,Badminton Racket,North,Delhi,SUP-014,16.0,WH-NO-02,387.0,,120.0,534.0,17.71,1425.49,22.1,No,No,Autumn,Rainy,1391.21,0.0,1.0,410.64,0.095,22
ORD104171,2024-12-25,P-FUR-006,Furniture,Wooden Bookshelf,West,Surat,SUP-024,5.0,WH-WE-03,50.0,5.0,40.0,223.0,6.67,4515.85,5.4,No,Yes,Winter,Cloudy,4408.15,0.0,2.0,385.93,0.135,6
ORD104172,2021-09-19,P-SPO-014,Sports,Yoga Mat,North,Delhi,SUP-024,4.0,WH-NO-04,312.0,17.0,90.0,355.0,12.19,3126.04,,,No,Autumn,Sunny,2653.78,0.0,0.0,243.81,0.142,17
ORD104173,2022-02-19,P-GRO-008,Grocery,Sugar 1kg,North,Jaipur,SUP-006,3.0,WH-NO-02,617.0,16.0,203.0,1046.0,33.27,343.64,13.7,No,No,Spring,Cloudy,348.2,0.0,0.0,208.3,0.115,34
ORD104174,2023-09-23,P-BEA-002,Beauty,Herbal Shampoo 200ml,Central,Gwalior,SUP-007,7.0,WH-CE-01,561.0,,137.0,685.0,22.59,152.53,5.6,No,No,Autumn,Sunny,147.99,0.0,0.0,238.48,0.043,22
ORD104175,2021-03-27,P-CLO-005,Clothing,Denim Jeans,Central,Bhopal,SUP-010,10.0,WH-CE-01,354.0,17.0,83.0,522.0,14.81,1126.63,25.0,No,No,Spring,Rainy,946.47,0.0,0.0,370.99,0.141,14
ORD104176,2023-01-20,P-FUR-013,Furniture,Wooden Bookshelf,East,Kolkata,SUP-036,10.0,WH-EA-04,56.0,6.0,42.0,172.0,6.11,2235.87,18.3,No,No,Winter,Sunny,2098.81,0.0,5.0,601.59,0.047,5
ORD104177,2021-02-12,P-SPO-008,Sports,Running Shoes,East,Kolkata,SUP-013,14.0,WH-EA-01,44.0,6.0,64.0,339.0,12.29,401.43,3.5,No,No,Spring,Cloudy,445.95,0.0,1.0,362.61,0.044,7
ORD104178,2023-02-11,P-FUR-009,Furniture,Office Chair,West,Surat,SUP-024,5.0,WH-WE-02,93.0,5.0,46.0,163.0,5.39,7463.89,21.9,No,No,Winter,Cloudy,8006.5,0.0,0.0,208.67,0.058,7
ORD104179,2022-04-14,P-SPO-011,Sports,Badminton Racket,North,Jaipur,SUP-018,15.0,WH-NO-05,256.0,5.0,73.0,262.0,10.8,2750.99,22.3,Yes,No,Summer,Cloudy,2594.35,1.0,4.0,527.25,0.065,12
ORD104180,2021-10-05,P-BEA-003,Beauty,Hair Oil 250ml,South,Bengaluru,SUP-015,6.0,WH-SO-01,106.0,21.0,195.0,752.0,24.88,573.66,5.4,No,No,Autumn,Sunny,539.66,0.0,1.0,356.25,0.101,16
ORD104181,2022-12-29,P-ELE-002,Electronics,Home Router,North,Chandigarh,SUP-002,4.0,WH-NO-04,173.0,14.0,80.0,262.0,11.55,2954.85,20.3,Yes,No,Winter,Rainy,3158.34,0.0,0.0,288.71,0.061,17
ORD104182,2022-04-29,P-FUR-007,Furniture,Plastic Storage Rack,South,Coimbatore,SUP-018,11.0,WH-SO-01,55.0,8.0,60.0,226.0,8.25,7826.61,5.7,Yes,Yes,Summer,Rainy,6595.91,0.0,1.0,413.55,0.068,9
ORD104183,2021-04-25,P-CLO-014,Clothing,Woolen Sweater,Central,Indore,SUP-040,7.0,WH-CE-05,219.0,18.0,106.0,565.0,18.83,780.79,7.1,Yes,No,Summer,Sunny,817.87,0.0,2.0,297.44,0.102,23
ORD104184,2023-02-18,P-SPO-002,Sports,Gym Dumbbells 5kg,West,Surat,SUP-038,12.0,WH-WE-04,271.0,21.0,112.0,373.0,14.88,4421.36,1.6,No,No,Winter,Sunny,3773.45,,1.0,413.06,0.279,15
ORD104185,2023-04-07,P-BEA-011,Beauty,Body Lotion 400ml,Central,Indore,SUP-013,1.0,WH-CE-05,110.0,26.0,144.0,776.0,25.23,910.96,13.9,No,No,Summer,Cloudy,1030.62,0.0,0.0,108.78,0.077,25
ORD104186,2023-08-26,P-ELE-015,Electronics,Smartphone Charger,West,Pune,SUP-022,7.0,WH-WE-04,254.0,16.0,88.0,247.0,10.54,2887.76,11.8,No,No,Summer,Sunny,3039.86,0.0,1.0,357.46,0.088,16
ORD104187,2024-08-09,P-ELE-002,Electronics,Home Router,East,Patna,SUP-012,7.0,WH-EA-03,,6.0,42.0,194.0,6.52,10878.83,16.6,Yes,No,Summer,Sunny,9273.94,2.0,2.0,,0.138,6
ORD104188,2023-10-24,P-ELE-002,Electronics,LED TV 43in,West,Pune,SUP-037,7.0,WH-WE-05,127.0,15.0,91.0,381.0,11.84,1526.2,9.8,No,Yes,Autumn,Cloudy,1479.74,0.0,1.0,212.93,0.036,15
ORD104189,2024-03-10,P-CLO-014,Clothing,Women's Kurti,East,Bhubaneswar,SUP-023,3.0,WH-EA-04,267.0,,118.0,698.0,20.84,606.7,10.2,No,No,Summer,Cloudy,622.1,0.0,,147.04,0.037,24
ORD104190,2023-08-05,P-ELE-002,Electronics,Wireless Earbuds,South,Chennai,SUP-037,10.0,WH-SO-01,103.0,15.0,104.0,466.0,13.46,12681.49,23.6,No,No,Summer,Rainy,10665.75,0.0,2.0,384.4,,10
ORD104191,2023-09-10,P-BEA-012,Beauty,Hair Oil 250ml,South,Chennai,SUP-035,4.0,WH-SO-03,119.0,13.0,90.0,473.0,17.28,712.34,12.4,No,No,Autumn,Stormy,709.86,0.0,2.0,301.64,0.083,15
ORD104192,2024-03-05,P-CLO-012,Clothing,Cotton Saree,East,Guwahati,SUP-014,10.0,WH-EA-03,93.0,19.0,91.0,498.0,17.31,2440.0,11.0,Yes,No,Spring,Cloudy,2534.01,0.0,0.0,349.0,0.044,17
ORD104193,2023-08-25,P-BEA-005,Beauty,Herbal Shampoo 200ml,South,Chennai,SUP-019,3.0,WH-SO-02,340.0,19.0,143.0,498.0,17.82,492.35,11.3,No,No,Autumn,Sunny,410.88,0.0,1.0,380.71,0.064,16
ORD104194,2023-01-04,P-GRO-005,Grocery,Masala Mix 200g,East,Guwahati,SUP-023,8.0,WH-EA-03,168.0,31.0,239.0,978.0,30.04,59.7,22.5,Yes,No,Winter,Sunny,63.26,,0.0,325.55,0.124,32
ORD104195,2023-12-03,P-CLO-008,Clothing,Denim Jeans,North,Delhi,SUP-010,4.0,WH-NO-05,462.0,12.0,158.0,748.0,24.43,1974.48,,No,No,Winter,,1954.78,0.0,2.0,276.44,0.087,22
ORD104196,2024-11-11,P-ELE-008,Electronics,Smartwatch,East,Kolkata,SUP-034,4.0,WH-EA-01,88.0,11.0,54.0,244.0,8.15,11486.45,6.3,No,No,Autumn,Cloudy,12328.92,0.0,3.0,192.31,0.082,10
ORD104197,2022-12-24,P-SPO-013,Sports,Gym Dumbbells 5kg,South,Kochi,SUP-023,28.0,WH-SO-05,1472.0,14.0,84.0,369.0,12.39,3770.8,27.0,No,No,Winter,Cloudy,3700.06,0.0,1.0,729.22,0.1,15
ORD104198,2021-11-27,P-ELE-009,Electronics,Smartwatch,South,Hyderabad,SUP-009,18.0,WH-SO-04,153.0,10.0,63.0,275.0,8.67,6611.64,12.3,No,No,Autumn,Stormy,6052.52,0.0,3.0,567.45,0.111,9
ORD104199,2022-08-11,P-ELE-015,Electronics,Laptop Stand,East,Guwahati,SUP-020,6.0,WH-EA-01,99.0,15.0,80.0,,9.99,6841.53,5.9,No,No,Autumn,Sunny,6209.53,0.0,0.0,345.4,0.094,11
ORD104200,2021-01-21,P-GRO-004,Grocery,Masala Mix 200g,North,Jaipur,SUP-033,6.0,WH-NO-02,733.0,42.0,285.0,1396.0,43.11,524.82,24.9,No,No,Winter,Sunny,511.72,0.0,0.0,297.51,0.119,54
ORD104201,2022-03-25,P-BEA-005,Beauty,Hair Oil 250ml,Central,Bhopal,SUP-017,8.0,WH-CE-05,136.0,29.0,131.0,760.0,24.53,112.88,7.8,No,Yes,Summer,Cloudy,111.18,,1.0,344.44,0.015,21
ORD104202,2024-07-20,P-ELE-004,Electronics,Home Router,South,Kochi,SUP-029,5.0,WH-SO-04,99.0,15.0,86.0,414.0,12.49,10432.75,11.6,No,No,Autumn,Sunny,11320.83,0.0,0.0,238.14,0.043,16
ORD104203,2021-05-26,P-FUR-010,Furniture,Dining Chair,South,Hyderabad,SUP-040,12.0,WH-SO-01,49.0,6.0,43.0,203.0,7.01,9378.47,,Yes,No,Summer,Sunny,,0.0,7.0,686.2,0.032,7
ORD104204,2024-07-21,P-BEA-001,Beauty,Moisturizer Cream,North,Kanpur,SUP-014,6.0,WH-NO-01,394.0,23.0,192.0,696.0,23.08,659.97,27.6,Yes,No,Autumn,Sunny,577.59,0.0,0.0,344.12,0.093,29
ORD104205,2023-04-02,P-BEA-013,Beauty,Sunscreen Lotion,West,Ahmedabad,SUP-040,6.0,WH-WE-05,128.0,24.0,,1031.0,30.96,460.48,1.8,No,No,Summer,Sunny,443.61,,0.0,347.89,0.012,20
ORD104206,2022-04-11,P-ELE-012,Electronics,Smartphone Charger,East,Bhubaneswar,SUP-017,6.0,WH-EA-01,105.0,2.0,58.0,188.0,7.09,952.95,8.0,Yes,No,Summer,Sunny,836.75,0.0,1.0,356.68,0.021,9
ORD104207,2022-11-22,P-ELE-015,Electronics,Home Router,South,Coimbatore,SUP-023,5.0,WH-SO-04,169.0,8.0,,333.0,9.91,6297.3,7.8,No,No,Autumn,Cloudy,6473.59,0.0,1.0,311.22,0.026,12
ORD104208,2024-07-07,P-CLO-015,Clothing,Woolen Sweater,South,Bengaluru,SUP-031,6.0,WH-SO-05,293.0,8.0,,414.0,14.18,1890.64,10.2,No,,Autumn,Rainy,1978.35,0.0,0.0,337.11,0.159,19
ORD104209,2021-06-23,P-GRO-002,Grocery,Masala Mix 200g,West,Surat,SUP-003,6.0,WH-WE-01,184.0,21.0,315.0,1243.0,38.41,308.73,12.4,Yes,No,Autumn,Rainy,327.26,0.0,0.0,244.64,0.111,37
ORD104210,2023-04-07,P-FUR-012,Furniture,Sofa Cushion Set,Central,Jabalpur,SUP-029,4.0,WH-CE-01,117.0,4.0,29.0,,4.64,4182.98,15.3,No,No,Summer,Sunny,4081.75,0.0,2.0,396.07,0.036,5
ORD104211,2022-01-27,P-GRO-008,Grocery,Instant Noodles Pack,South,Coimbatore,SUP-023,6.0,WH-SO-05,542.0,57.0,233.0,986.0,33.45,560.63,26.5,No,No,Winter,Sunny,529.24,0.0,0.0,225.62,0.194,45
ORD104212,2023-03-02,P-CLO-012,Clothing,Track Pants,North,Delhi,SUP-027,8.0,WH-NO-05,152.0,12.0,121.0,550.0,18.28,2347.69,6.0,No,No,Summer,Rainy,2251.77,0.0,0.0,364.3,0.057,14
ORD104213,2024-02-25,P-ELE-014,Electronics,Smartphone Charger,North,Jaipur,SUP-039,4.0,WH-NO-03,32.0,6.0,34.0,146.0,5.62,3357.93,1.2,,No,Spring,Stormy,3333.4,0.0,1.0,354.46,0.131,3
ORD104214,2024-09-08,P-CLO-009,Clothing,Denim Jeans,North,Delhi,SUP-020,8.0,WH-NO-02,431.0,11.0,181.0,610.0,24.78,670.85,3.2,No,,Autumn,Rainy,643.52,0.0,0.0,330.42,0.056,26
ORD104215,2022-01-09,P-ELE-001,Electronics,Smartwatch,West,Mumbai,SUP-038,11.0,WH-WE-01,,16.0,95.0,455.0,14.99,3367.05,12.2,No,No,Winter,Cloudy,3800.62,0.0,,459.2,0.032,21
ORD104216,2023-08-28,P-FUR-013,Furniture,Plastic Storage Rack,Central,Indore,SUP-023,10.0,WH-CE-05,18.0,4.0,22.0,122.0,3.63,10614.24,5.4,No,No,Autumn,Rainy,10303.41,0.0,2.0,443.47,0.111,3
ORD104217,2022-09-14,P-ELE-007,Electronics,Laptop Stand,Central,Indore,SUP-009,5.0,WH-CE-04,52.0,3.0,34.0,149.0,5.04,8618.38,13.0,No,No,Autumn,Cloudy,8547.84,0.0,0.0,255.61,0.085,4
ORD104218,2023-01-05,P-SPO-007,Sports,Running Shoes,West,Mumbai,SUP-027,12.0,WH-WE-05,91.0,15.0,115.0,432.0,18.17,3948.0,11.6,Yes,No,Winter,Sunny,3710.68,0.0,1.0,381.26,0.055,14
ORD104219,2021-08-24,P-FUR-009,Furniture,TV Unit,North,Delhi,SUP-008,14.0,WH-NO-04,165.0,6.0,50.0,219.0,7.68,18952.25,13.1,Yes,Yes,Autumn,Sunny,17847.24,0.0,3.0,551.96,0.019,9
ORD104220,2024-06-05,P-ELE-014,Electronics,Power Bank 10000mAh,Central,Gwalior,SUP-036,11.0,WH-CE-03,64.0,9.0,54.0,228.0,7.99,4292.19,10.1,Yes,No,Summer,Rainy,3855.06,0.0,3.0,483.91,0.044,9
ORD104221,2021-09-06,P-ELE-008,Electronics,Wireless Earbuds,South,Hyderabad,SUP-007,3.0,WH-SO-03,145.0,13.0,87.0,334.0,11.53,6127.61,30.7,No,No,Autumn,Rainy,5623.42,1.0,1.0,299.23,0.12,13
ORD104222,2021-02-28,P-GRO-004,Grocery,Wheat Flour 5kg,South,Bengaluru,SUP-020,5.0,WH-SO-02,778.0,57.0,296.0,1235.0,45.84,541.15,24.6,No,No,Winter,Cloudy,622.2,0.0,0.0,310.05,0.086,62
ORD104223,2024-01-11,P-ELE-011,Electronics,LED TV 43in,West,Ahmedabad,SUP-033,6.0,WH-WE-04,116.0,14.0,83.0,414.0,14.89,10985.88,17.1,No,No,Winter,Cloudy,11463.86,0.0,4.0,506.81,0.142,20
ORD104224,2022-08-16,P-GRO-010,Grocery,Sugar 1kg,North,,SUP-001,6.0,WH-NO-01,1059.0,31.0,438.0,1493.0,58.51,269.64,16.4,No,No,Autumn,Sunny,262.33,0.0,0.0,270.37,0.23,68
ORD104225,2021-04-08,P-SPO-001,Sports,Yoga Mat,West,Surat,SUP-020,5.0,WH-WE-01,341.0,16.0,148.0,846.0,23.38,1790.32,18.9,No,No,Summer,Cloudy,1696.28,0.0,3.0,351.77,0.066,28
ORD104226,2023-09-22,P-FUR-008,Furniture,TV Unit,Central,Indore,SUP-021,7.0,WH-CE-05,133.0,5.0,57.0,274.0,7.83,5801.14,23.9,No,No,Autumn,Sunny,6374.43,0.0,1.0,342.05,0.047,12
ORD104227,2022-02-21,P-ELE-012,Electronics,LED TV 43in,West,Mumbai,SUP-014,3.0,WH-WE-02,155.0,6.0,62.0,,7.69,9613.54,6.5,Yes,No,Spring,Sunny,8970.84,0.0,2.0,313.48,0.061,10
ORD104228,2024-11-27,P-CLO-014,Clothing,Formal Shirt,West,Nagpur,SUP-027,8.0,WH-WE-01,246.0,24.0,205.0,897.0,29.75,2251.89,6.4,No,No,Autumn,Sunny,1945.05,0.0,4.0,389.08,0.061,28
ORD104229,2024-12-04,P-GRO-005,Grocery,Instant Noodles Pack,South,Coimbatore,SUP-013,2.0,WH-SO-04,156.0,40.0,,1310.0,46.43,563.19,5.8,Yes,No,Winter,Cloudy,584.6,0.0,3.0,329.17,0.188,43
ORD104230,2023-03-16,P-SPO-008,Sports,Yoga Mat,North,Kanpur,SUP-015,10.0,WH-NO-02,48.0,7.0,52.0,231.0,7.82,2171.32,3.3,No,No,Spring,Rainy,2010.34,0.0,0.0,306.41,,3
ORD104231,2022-11-27,P-ELE-013,Electronics,Wireless Earbuds,West,Pune,SUP-012,17.0,WH-WE-02,192.0,5.0,71.0,359.0,11.52,5486.32,15.7,No,No,Autumn,Rainy,4922.99,0.0,0.0,435.37,0.053,12
ORD104232,2022-10-12,P-BEA-009,Beauty,Moisturizer Cream,East,Kolkata,SUP-025,15.0,WH-EA-03,265.0,23.0,111.0,557.0,18.21,362.76,9.6,No,No,Autumn,Sunny,331.06,0.0,1.0,482.03,0.136,23
ORD104233,2023-06-05,P-BEA-007,Beauty,Moisturizer Cream,Central,Indore,SUP-036,8.0,WH-CE-03,421.0,21.0,128.0,647.0,19.63,596.7,15.0,No,No,Summer,Sunny,616.51,,0.0,188.56,0.087,26
ORD104234,2024-08-21,P-ELE-003,Electronics,Smartwatch,North,Lucknow,SUP-008,11.0,WH-NO-04,27.0,6.0,37.0,189.0,6.63,1504.36,12.2,No,,Summer,Sunny,1491.81,0.0,3.0,1609.77,0.189,7
ORD104235,2023-07-26,P-ELE-001,Electronics,Laptop Stand,South,Coimbatore,SUP-017,9.0,WH-SO-05,57.0,11.0,,385.0,12.8,1178.66,11.2,No,No,Summer,Sunny,1085.83,0.0,0.0,381.66,0.137,9
ORD104236,2021-05-25,P-GRO-011,Grocery,Tea Powder 500g,South,Coimbatore,SUP-010,5.0,WH-SO-05,527.0,27.0,247.0,,32.31,82.22,29.8,No,No,Summer,Cloudy,85.31,0.0,1.0,340.0,0.009,37
ORD104237,2021-10-14,P-SPO-015,Sports,Badminton Racket,West,Mumbai,SUP-010,6.0,WH-WE-05,209.0,11.0,89.0,385.0,12.62,4935.41,15.0,No,No,Autumn,Cloudy,4608.67,0.0,2.0,322.83,0.066,7
ORD104238,2023-07-09,P-CLO-010,Clothing,Kids Winter Jacket,West,Ahmedabad,SUP-039,5.0,WH-WE-03,587.0,33.0,,686.0,28.9,2461.02,1.4,Yes,No,Summer,,2138.99,0.0,0.0,384.53,0.184,34
ORD104239,2022-06-24,P-FUR-012,Furniture,Office Chair,Central,Indore,SUP-029,11.0,WH-CE-03,49.0,,37.0,125.0,4.78,14168.0,3.5,Yes,No,Summer,Stormy,12685.63,0.0,2.0,381.11,0.079,5
ORD104240,2022-12-02,P-BEA-011,Beauty,Herbal Shampoo 200ml,South,Coimbatore,SUP-038,7.0,WH-SO-01,150.0,47.0,218.0,1474.0,43.58,287.07,13.2,No,No,Winter,Rainy,287.58,0.0,4.0,476.25,0.123,39
ORD104241,2022-08-09,P-BEA-006,Beauty,Sunscreen Lotion,East,Patna,SUP-026,20.0,WH-EA-03,633.0,28.0,179.0,920.0,27.19,453.78,6.0,,No,Autumn,Sunny,425.33,0.0,2.0,686.22,0.08,34
ORD104242,2023-05-21,P-CLO-008,Clothing,Track Pants,North,Chandigarh,SUP-027,7.0,WH-NO-04,279.0,21.0,222.0,705.0,26.13,1569.21,3.0,No,No,Summer,Cloudy,1582.42,0.0,,276.82,0.163,24
ORD104243,2021-12-04,P-CLO-005,Clothing,Kids Winter Jacket,South,Coimbatore,SUP-029,3.0,WH-SO-05,247.0,9.0,153.0,616.0,17.54,2282.28,,No,No,Winter,Sunny,2485.38,0.0,1.0,271.19,0.083,22
ORD104244,2021-04-18,P-FUR-004,Furniture,Study Table,South,Chennai,SUP-027,3.0,WH-SO-01,45.0,9.0,39.0,203.0,6.3,2202.68,8.8,No,No,Summer,Cloudy,2091.66,0.0,0.0,252.53,0.028,5
ORD104245,2021-12-08,P-GRO-009,Grocery,Masala Mix 200g,East,Kolkata,SUP-033,10.0,WH-EA-05,439.0,68.0,343.0,1799.0,57.21,414.28,25.8,Yes,No,Winter,Cloudy,502.65,0.0,4.0,544.34,0.132,83
ORD104246,2023-09-03,P-BEA-010,Beauty,Moisturizer Cream,South,Coimbatore,SUP-014,6.0,WH-SO-03,493.0,28.0,97.0,538.0,20.28,1118.79,33.2,No,No,Autumn,,1143.51,0.0,1.0,483.85,0.034,24
ORD104247,2023-06-08,P-ELE-015,Electronics,Laptop Stand,South,Kochi,SUP-005,12.0,WH-SO-01,62.0,8.0,60.0,328.0,9.26,7723.15,21.1,No,No,Summer,Cloudy,7614.23,1.0,0.0,397.7,0.006,6
ORD104248,2024-03-28,P-ELE-004,Electronics,Home Router,East,Bhubaneswar,SUP-020,10.0,WH-EA-05,144.0,8.0,53.0,226.0,7.02,6785.74,12.7,No,No,Spring,Stormy,6061.18,0.0,1.0,390.46,0.12,6
ORD104249,2021-06-08,P-BEA-005,Beauty,Talcum Powder,West,Nagpur,SUP-001,11.0,WH-WE-03,521.0,23.0,223.0,786.0,28.45,771.94,3.3,No,No,Summer,Cloudy,750.42,0.0,1.0,431.15,0.132,26
ORD104250,2021-07-26,P-GRO-003,Grocery,Basmati Rice 5kg,South,Bengaluru,SUP-002,9.0,WH-SO-03,990.0,58.0,271.0,1127.0,48.9,424.82,2.9,Yes,No,Summer,Cloudy,416.37,0.0,2.0,304.8,0.034,52
ORD104251,2021-07-08,P-ELE-015,Electronics,Smartphone Charger,South,Kochi,SUP-003,7.0,WH-SO-01,61.0,14.0,64.0,253.0,9.56,12109.53,7.0,No,No,Summer,Rainy,12845.54,1.0,,416.29,0.159,7
ORD104252,2023-04-03,P-ELE-012,Electronics,Laptop Stand,West,Nagpur,SUP-004,19.0,WH-WE-01,255.0,23.0,102.0,489.0,16.04,1964.76,11.3,No,No,Summer,Rainy,1871.12,,1.0,659.71,0.039,17
ORD104253,2023-04-18,P-CLO-005,Clothing,Track Pants,West,Pune,SUP-029,4.0,WH-WE-01,45.0,12.0,70.0,354.0,12.06,2086.27,13.6,No,,Summer,Rainy,2158.43,0.0,4.0,560.3,0.134,7
ORD104254,2021-08-21,P-BEA-015,Beauty,Body Lotion 400ml,West,Mumbai,SUP-024,6.0,WH-WE-02,233.0,17.0,85.0,468.0,13.57,1188.73,2.8,Yes,No,,Sunny,1192.73,0.0,1.0,352.75,0.032,23
ORD104255,2022-10-19,P-ELE-011,Electronics,Smartwatch,North,Jaipur,SUP-038,4.0,WH-NO-02,62.0,10.0,68.0,233.0,8.68,12868.98,9.8,No,No,Autumn,Sunny,13872.52,0.0,0.0,206.6,0.06,10
ORD104256,2021-03-17,P-ELE-008,Electronics,Smartphone Charger,East,Ranchi,SUP-012,7.0,WH-EA-03,36.0,10.0,73.0,,9.91,3817.96,8.4,Yes,No,,Rainy,4139.77,0.0,1.0,312.83,0.064,9
ORD104257,2023-06-14,P-CLO-006,Clothing,Cotton Saree,Central,Bhopal,SUP-014,17.0,WH-CE-04,409.0,,118.0,537.0,16.19,965.24,20.1,Yes,No,Autumn,Stormy,991.0,0.0,3.0,571.64,0.173,21
ORD104258,2023-04-13,P-SPO-009,Sports,Running Shoes,South,Coimbatore,SUP-020,7.0,WH-SO-05,56.0,10.0,104.0,325.0,12.47,1556.2,15.9,No,No,Summer,Cloudy,1651.44,0.0,1.0,326.87,0.011,7
ORD104259,2021-02-09,P-GRO-002,Grocery,Toor Dal 1kg,South,Kochi,SUP-032,25.0,WH-SO-04,251.0,15.0,187.0,877.0,27.54,512.07,6.2,Yes,No,Winter,Stormy,558.1,0.0,2.0,622.11,0.112,27
ORD104260,2021-05-10,P-SPO-003,Sports,Running Shoes,Central,Bhopal,SUP-038,13.0,WH-CE-03,119.0,11.0,67.0,297.0,9.92,705.33,,No,No,Summer,Cloudy,735.65,0.0,5.0,554.95,0.016,14
ORD104261,2023-10-27,P-SPO-015,Sports,Football,North,Chandigarh,SUP-030,4.0,WH-NO-05,,8.0,89.0,344.0,12.14,2128.37,2.4,No,No,Autumn,Sunny,2175.67,0.0,0.0,213.31,0.033,19
ORD104262,2024-08-06,P-GRO-004,Grocery,Instant Noodles Pack,West,Mumbai,SUP-021,7.0,WH-WE-03,472.0,32.0,248.0,994.0,42.44,309.29,4.2,No,No,Autumn,Rainy,319.42,1.0,3.0,344.67,0.108,29
ORD104263,2024-05-26,P-BEA-003,Beauty,Face Wash 100ml,West,Mumbai,SUP-040,12.0,WH-WE-03,504.0,22.0,199.0,804.0,25.64,790.67,2.1,No,No,Summer,Rainy,892.61,0.0,3.0,522.69,0.125,30
ORD104264,2023-04-09,P-FUR-013,Furniture,Dining Chair,North,Chandigarh,SUP-008,6.0,WH-NO-02,59.0,10.0,49.0,183.0,6.55,13410.48,5.3,No,No,Summer,Cloudy,13531.31,0.0,0.0,363.73,0.013,6
ORD104265,2023-02-05,P-CLO-015,Clothing,Track Pants,West,Pune,SUP-019,5.0,WH-WE-03,144.0,21.0,156.0,616.0,21.35,997.77,8.9,No,No,Winter,Cloudy,1055.96,0.0,0.0,303.42,0.018,25
ORD104266,2024-03-27,P-CLO-013,Clothing,Cotton Saree,South,Bengaluru,SUP-010,13.0,WH-SO-01,250.0,12.0,103.0,575.0,16.8,1770.58,22.2,No,No,Summer,Sunny,1674.79,0.0,0.0,493.76,0.06,19
ORD104267,2024-05-13,P-BEA-002,Beauty,Body Lotion 400ml,West,Nagpur,SUP-007,4.0,WH-WE-01,352.0,17.0,203.0,798.0,26.69,206.67,6.0,No,No,Summer,Cloudy,231.49,0.0,2.0,402.06,0.052,21
ORD104268,2024-08-17,P-BEA-013,Beauty,Talcum Powder,Central,Indore,SUP-016,20.0,WH-CE-05,196.0,19.0,178.0,629.0,20.47,832.4,23.2,Yes,No,Autumn,Sunny,862.33,0.0,1.0,594.06,0.062,31
ORD104269,2022-08-07,P-BEA-005,Beauty,Herbal Shampoo 200ml,West,Nagpur,SUP-031,14.0,WH-WE-01,151.0,19.0,153.0,734.0,20.48,1052.46,32.3,Yes,No,Autumn,Cloudy,1023.38,0.0,2.0,417.22,0.042,25
ORD104270,2022-11-27,P-SPO-001,Sports,Gym Dumbbells 5kg,North,Delhi,SUP-013,12.0,WH-NO-03,342.0,12.0,120.0,580.0,,3906.02,4.7,No,Yes,Autumn,Cloudy,3884.12,0.0,3.0,445.94,0.163,22
ORD104271,2021-04-26,P-CLO-014,Clothing,Cotton Saree,West,Ahmedabad,SUP-033,11.0,WH-WE-01,376.0,16.0,139.0,438.0,15.85,1492.31,8.7,No,No,Summer,Sunny,1466.24,0.0,3.0,458.3,0.03,14
ORD104272,2021-09-13,P-BEA-005,Beauty,Talcum Powder,Central,Gwalior,SUP-025,8.0,WH-CE-04,117.0,12.0,178.0,818.0,24.21,1103.98,5.7,No,No,Autumn,Sunny,1104.42,0.0,1.0,343.73,0.086,20
ORD104273,2022-07-06,P-SPO-010,Sports,Running Shoes,East,Bhubaneswar,SUP-029,14.0,WH-EA-05,80.0,7.0,91.0,315.0,10.42,2760.98,32.8,No,No,Autumn,Sunny,2807.31,0.0,1.0,382.76,0.119,11
ORD104274,2024-03-28,P-GRO-002,Grocery,Tea Powder 500g,East,Bhubaneswar,SUP-010,11.0,WH-EA-03,537.0,33.0,140.0,674.0,23.7,182.31,14.4,,No,Spring,Cloudy,179.44,0.0,3.0,570.75,0.073,25
ORD104275,2022-10-15,P-ELE-003,Electronics,Smartwatch,North,Jaipur,SUP-035,6.0,WH-NO-01,150.0,12.0,115.0,505.0,18.48,5780.38,5.8,No,No,,Sunny,5046.02,3.0,0.0,377.45,0.059,15
ORD104276,2023-05-09,P-GRO-014,Grocery,Sunflower Oil 1L,West,Mumbai,SUP-009,3.0,WH-WE-01,470.0,42.0,336.0,1265.0,43.4,74.3,10.5,Yes,No,Summer,,84.85,0.0,0.0,194.34,0.053,57
ORD104277,2024-06-18,P-BEA-009,Beauty,Moisturizer Cream,North,Kanpur,SUP-015,3.0,WH-NO-04,503.0,35.0,131.0,1038.0,31.59,709.98,9.2,No,No,,Cloudy,725.11,0.0,0.0,228.58,0.09,35
ORD104278,2022-11-26,P-GRO-015,Grocery,Toor Dal 1kg,South,Coimbatore,SUP-032,5.0,WH-SO-01,133.0,64.0,370.0,1178.0,41.58,307.01,19.0,No,No,Autumn,Sunny,313.67,0.0,0.0,220.61,0.044,46
ORD104279,2022-05-05,P-FUR-003,Furniture,TV Unit,Central,Gwalior,SUP-028,9.0,WH-CE-02,20.0,9.0,51.0,189.0,6.2,18844.09,12.9,No,No,Summer,Rainy,18771.69,0.0,0.0,286.37,0.062,4
ORD104280,2023-12-03,P-ELE-014,Electronics,Power Bank 10000mAh,Central,Raipur,SUP-012,10.0,WH-CE-05,66.0,11.0,58.0,258.0,9.4,13010.98,20.4,No,No,Winter,Cloudy,13956.15,0.0,1.0,457.27,0.129,8
ORD104281,2022-04-06,P-GRO-014,Grocery,Sugar 1kg,Central,Indore,SUP-011,11.0,WH-CE-03,618.0,20.0,239.0,999.0,29.16,299.3,6.7,No,No,Summer,Cloudy,300.45,0.0,1.0,350.07,0.008,31
ORD104282,2022-07-22,P-FUR-014,Furniture,Study Table,South,Hyderabad,SUP-018,7.0,WH-SO-05,21.0,5.0,51.0,190.0,7.36,6723.37,7.0,No,No,Summer,Sunny,6556.13,0.0,5.0,517.84,0.064,5
ORD104283,2024-07-21,P-ELE-001,Electronics,Laptop Stand,North,Jaipur,SUP-018,5.0,WH-NO-05,216.0,11.0,83.0,337.0,12.44,12694.7,12.0,No,No,Autumn,Cloudy,12443.85,0.0,1.0,142.68,0.043,12
ORD104284,2022-10-01,P-SPO-002,Sports,Badminton Racket,East,Ranchi,SUP-003,10.0,WH-EA-04,118.0,19.0,63.0,300.0,10.71,505.44,16.1,No,No,Autumn,Cloudy,556.04,0.0,0.0,454.0,0.131,15
ORD104285,2022-01-02,P-ELE-008,Electronics,Laptop Stand,North,Kanpur,SUP-010,8.0,WH-NO-05,74.0,11.0,77.0,249.0,9.62,8111.65,2.6,No,No,Winter,Rainy,8242.99,0.0,0.0,,0.03,9
ORD104286,2024-05-04,P-SPO-002,Sports,Badminton Racket,West,Mumbai,SUP-007,10.0,WH-WE-01,201.0,24.0,187.0,771.0,24.43,3424.2,1.1,No,No,Summer,Sunny,3414.58,0.0,3.0,522.11,0.06,19
ORD104287,2023-07-28,P-GRO-001,Grocery,Sugar 1kg,East,Kolkata,SUP-007,10.0,WH-EA-02,391.0,38.0,263.0,1166.0,36.4,246.01,7.4,No,No,Autumn,Cloudy,237.44,0.0,0.0,367.93,0.125,49
ORD104288,2024-01-27,P-SPO-013,Sports,Football,South,Kochi,SUP-015,14.0,WH-SO-02,319.0,28.0,115.0,640.0,20.05,3757.35,24.4,No,No,Winter,Stormy,3661.0,0.0,1.0,,0.152,23
ORD104289,2022-04-23,P-FUR-011,Furniture,Office Chair,North,Lucknow,SUP-002,4.0,WH-NO-05,135.0,6.0,51.0,217.0,6.78,16600.35,27.1,No,No,Summer,Rainy,18035.47,0.0,0.0,212.2,0.009,12
ORD104290,2024-02-17,P-ELE-013,Electronics,Smartphone Charger,South,Hyderabad,SUP-028,,WH-SO-04,171.0,12.0,92.0,295.0,11.56,1959.65,8.6,Yes,No,Spring,Rainy,1815.99,0.0,2.0,380.05,0.162,13
ORD104291,2024-10-22,P-ELE-015,Electronics,Home Router,West,Mumbai,SUP-027,4.0,WH-WE-02,1120.0,12.0,114.0,400.0,12.99,9184.78,25.3,Yes,No,Autumn,Sunny,9676.86,0.0,0.0,139.35,0.099,21
ORD104292,2021-08-27,P-ELE-003,Electronics,Wireless Earbuds,West,Mumbai,SUP-009,15.0,WH-WE-02,54.0,4.0,35.0,175.0,5.12,11616.76,,No,No,Autumn,Cloudy,12273.45,0.0,1.0,574.73,0.053,7
ORD104293,2021-10-05,P-CLO-013,Clothing,Denim Jeans,North,Chandigarh,SUP-036,11.0,WH-NO-05,358.0,17.0,117.0,528.0,18.22,1116.12,23.3,No,No,Autumn,Sunny,1135.37,0.0,0.0,445.63,0.057,18
ORD104294,2023-04-05,P-BEA-001,Beauty,Moisturizer Cream,North,,SUP-024,8.0,WH-NO-05,88.0,25.0,132.0,747.0,22.49,232.14,25.2,Yes,No,Summer,Cloudy,228.61,0.0,0.0,,0.093,24
ORD104295,2023-11-24,P-GRO-006,Grocery,Instant Noodles Pack,South,Coimbatore,SUP-013,7.0,WH-SO-01,338.0,50.0,,,45.57,400.03,,No,No,Autumn,Cloudy,352.6,0.0,1.0,325.18,0.062,39
ORD104296,2021-01-01,P-CLO-005,Clothing,Denim Jeans,North,Kanpur,SUP-008,2.0,WH-NO-02,281.0,25.0,137.0,517.0,17.44,355.87,10.4,No,No,Winter,Cloudy,374.78,0.0,0.0,273.87,0.013,23
ORD104297,2023-03-15,P-CLO-004,Clothing,Woolen Sweater,Central,Bhopal,SUP-018,4.0,WH-CE-03,254.0,13.0,141.0,413.0,15.64,301.63,18.9,No,No,Summer,Stormy,263.14,0.0,2.0,299.45,0.094,14
ORD104298,2021-07-06,P-CLO-011,Clothing,Woolen Sweater,East,Patna,SUP-039,7.0,WH-EA-02,235.0,14.0,98.0,372.0,13.02,470.47,13.4,No,,Autumn,Stormy,476.75,0.0,3.0,497.42,0.109,14
ORD104299,2024-11-30,P-FUR-002,Furniture,Sofa Cushion Set,North,Chandigarh,SUP-001,7.0,WH-NO-04,23.0,2.0,,118.0,3.49,3025.31,3.3,No,No,Autumn,Sunny,3037.92,0.0,0.0,298.03,0.021,3
ORD104300,2023-11-28,P-CLO-013,Clothing,Denim Jeans,West,Ahmedabad,SUP-001,4.0,WH-WE-04,1119.0,43.0,318.0,1252.0,44.56,1159.32,26.7,No,No,Autumn,Rainy,1230.55,0.0,0.0,234.82,0.14,50
ORD104301,2024-12-23,P-FUR-014,Furniture,Foldable Bed,South,Bengaluru,SUP-017,8.0,WH-SO-05,130.0,3.0,44.0,203.0,5.68,,8.9,No,No,Winter,Rainy,7544.98,0.0,0.0,265.89,0.038,5
ORD104302,2021-11-15,P-SPO-010,Sports,Running Shoes,South,Hyderabad,SUP-037,4.0,WH-SO-04,354.0,23.0,128.0,589.0,19.97,3133.05,6.2,No,No,Autumn,Cloudy,2896.15,0.0,3.0,369.86,0.027,20
ORD104303,2024-03-05,P-GRO-002,Grocery,Basmati Rice 5kg,East,Ranchi,SUP-012,10.0,WH-EA-05,368.0,61.0,286.0,1342.0,39.43,342.26,15.2,No,No,Spring,Sunny,356.9,,1.0,326.13,0.077,47
ORD104304,2022-07-13,P-ELE-009,Electronics,Power Bank 10000mAh,North,Delhi,SUP-030,11.0,WH-NO-02,167.0,,47.0,239.0,7.95,4524.83,18.8,Yes,No,Summer,Sunny,4463.0,0.0,1.0,312.28,0.206,10
ORD104305,2021-06-01,P-ELE-010,Electronics,Bluetooth Speaker,South,Kochi,SUP-023,15.0,WH-SO-02,205.0,12.0,115.0,327.0,14.17,3399.48,28.8,Yes,No,Autumn,,2850.91,0.0,1.0,437.74,0.066,19
ORD104306,2022-12-03,P-CLO-006,Clothing,Track Pants,West,Ahmedabad,SUP-008,,WH-WE-02,377.0,25.0,175.0,530.0,19.04,311.67,20.8,No,No,Winter,Sunny,311.52,0.0,0.0,326.01,0.102,21
ORD104307,2022-11-17,P-GRO-006,Grocery,Tea Powder 500g,Central,Raipur,SUP-037,6.0,WH-CE-05,346.0,18.0,230.0,894.0,32.12,113.55,16.1,No,No,Autumn,Sunny,129.97,0.0,0.0,269.54,0.094,50
ORD104308,2023-01-01,P-SPO-008,Sports,Skipping Rope,South,Coimbatore,SUP-007,6.0,WH-SO-04,,20.0,116.0,494.0,17.68,1105.29,14.9,No,No,,Sunny,1153.8,0.0,0.0,236.87,0.191,19
ORD104309,2024-06-02,P-FUR-015,Furniture,Study Table,East,Guwahati,SUP-021,9.0,WH-EA-02,,8.0,53.0,125.0,4.76,1623.99,12.3,No,No,Summer,Cloudy,1469.96,0.0,1.0,561.66,0.272,4
ORD104310,2022-02-13,P-CLO-001,Clothing,Men's Cotton T-Shirt,North,Jaipur,SUP-027,9.0,WH-NO-04,314.0,24.0,171.0,565.0,20.89,583.39,10.9,No,No,Winter,,605.31,2.0,1.0,349.17,,25
ORD104311,2023-07-22,P-BEA-008,Beauty,Face Wash 100ml,East,Kolkata,SUP-028,7.0,WH-EA-02,61.0,,137.0,,15.95,807.37,3.3,No,Yes,Summer,Sunny,870.85,0.0,0.0,381.76,0.019,16
ORD104312,2021-10-19,P-GRO-005,Grocery,Instant Noodles Pack,South,Chennai,SUP-035,19.0,WH-SO-02,,,381.0,1944.0,51.33,76.47,4.6,No,,Autumn,Rainy,65.92,0.0,2.0,444.78,0.194,54
ORD104313,2024-07-08,P-BEA-009,Beauty,Talcum Powder,East,Ranchi,SUP-029,8.0,WH-EA-01,576.0,28.0,155.0,800.0,26.13,257.27,13.2,No,No,Summer,Sunny,251.35,0.0,0.0,152.88,0.071,26
ORD104314,2022-11-01,P-ELE-001,Electronics,Home Router,North,Delhi,SUP-027,9.0,WH-NO-05,166.0,8.0,56.0,237.0,8.2,7858.0,0.8,Yes,No,Autumn,Sunny,8674.94,0.0,1.0,462.93,0.099,10
ORD104315,2024-03-13,P-FUR-014,Furniture,Wooden Bookshelf,Central,Gwalior,SUP-007,13.0,WH-CE-02,66.0,5.0,38.0,121.0,5.37,8069.52,12.8,No,No,Spring,Cloudy,7085.55,0.0,1.0,451.47,0.141,4
ORD104316,2022-01-28,P-SPO-007,Sports,Yoga Mat,West,Ahmedabad,SUP-013,22.0,WH-WE-04,202.0,16.0,118.0,607.0,16.9,1197.96,10.6,No,No,Winter,Cloudy,1171.13,0.0,3.0,704.35,0.137,26
ORD104317,2022-04-03,P-BEA-015,Beauty,Moisturizer Cream,South,Bengaluru,SUP-014,12.0,WH-SO-01,223.0,17.0,196.0,1112.0,33.5,161.64,7.5,No,No,Summer,,158.86,0.0,0.0,415.12,0.055,32
ORD104318,2024-12-07,P-BEA-003,Beauty,Body Lotion 400ml,West,Mumbai,SUP-015,9.0,WH-WE-01,757.0,43.0,247.0,1013.0,35.39,332.9,5.5,Yes,No,Winter,Cloudy,321.83,0.0,3.0,360.45,0.071,50
ORD104319,2021-10-12,P-GRO-009,Grocery,Wheat Flour 5kg,North,Kanpur,SUP-005,19.0,WH-NO-04,278.0,49.0,217.0,1161.0,37.53,539.87,17.0,No,No,Autumn,Sunny,599.29,0.0,1.0,540.66,,36
ORD104320,2023-04-01,P-BEA-011,Beauty,Sunscreen Lotion,West,Mumbai,SUP-004,6.0,WH-WE-01,197.0,54.0,251.0,1283.0,44.87,206.74,10.7,No,No,Summer,Sunny,226.96,0.0,2.0,,0.103,31
ORD104321,2022-04-17,P-CLO-012,Clothing,Cotton Saree,South,Bengaluru,SUP-018,3.0,WH-SO-01,294.0,15.0,103.0,440.0,16.64,2428.17,,Yes,No,Summer,Cloudy,2369.42,0.0,2.0,219.95,0.148,18
ORD104322,2022-07-24,P-FUR-001,Furniture,Wooden Bookshelf,North,Delhi,SUP-029,8.0,WH-NO-02,57.0,3.0,17.0,75.0,2.59,7232.04,4.2,No,No,Summer,Sunny,6643.57,1.0,1.0,334.77,0.061,1
ORD104323,2023-10-14,P-ELE-010,Electronics,Bluetooth Speaker,West,Surat,SUP-036,6.0,WH-WE-03,121.0,6.0,36.0,171.0,5.26,11440.14,6.6,No,No,Autumn,Stormy,12605.17,0.0,0.0,326.32,0.058,5
ORD104324,2024-02-17,P-GRO-003,Grocery,Sugar 1kg,South,Kochi,SUP-038,11.0,WH-SO-01,1154.0,45.0,339.0,1539.0,49.49,458.19,5.6,Yes,No,Winter,Cloudy,486.59,0.0,2.0,380.42,0.104,55
ORD104325,2022-12-04,P-CLO-007,Clothing,Track Pants,East,Kolkata,SUP-020,5.0,WH-EA-01,74.0,14.0,94.0,310.0,10.58,1263.8,35.0,Yes,No,,Sunny,1262.1,0.0,0.0,335.79,0.068,16
ORD104326,2023-07-22,P-ELE-001,Electronics,Smartphone Charger,East,Guwahati,SUP-036,9.0,WH-EA-02,158.0,8.0,46.0,216.0,6.76,7969.42,13.5,No,,Autumn,Rainy,8386.96,0.0,0.0,284.14,0.044,8
ORD104327,2021-03-06,P-BEA-001,Beauty,Sunscreen Lotion,North,Jaipur,SUP-019,6.0,WH-NO-04,151.0,40.0,154.0,887.0,30.56,589.94,14.9,Yes,No,Spring,Cloudy,620.5,0.0,1.0,201.37,0.041,37
ORD104328,2021-12-08,P-BEA-012,Beauty,Herbal Shampoo 200ml,North,Lucknow,SUP-019,4.0,WH-NO-01,292.0,16.0,94.0,478.0,14.18,1138.31,7.2,No,No,Winter,Sunny,1058.67,,5.0,,0.085,16
ORD104329,2023-12-21,P-SPO-011,Sports,Cricket Bat,East,Kolkata,SUP-009,14.0,WH-EA-02,204.0,6.0,78.0,314.0,11.69,2214.48,19.3,No,No,Winter,Stormy,2109.25,0.0,2.0,553.62,0.074,11
ORD104330,2023-08-31,P-ELE-014,Electronics,Laptop Stand,East,Bhubaneswar,SUP-026,10.0,WH-EA-01,80.0,2.0,34.0,215.0,7.42,4200.41,4.4,No,No,Summer,,4202.3,0.0,0.0,,0.147,6
ORD104331,2021-03-07,P-SPO-011,Sports,Badminton Racket,North,Delhi,SUP-013,11.0,WH-NO-02,170.0,8.0,62.0,291.0,,1983.57,4.5,No,No,Summer,,1676.78,0.0,0.0,471.43,0.204,9
ORD104332,2024-07-25,P-ELE-009,Electronics,LED TV 43in,South,Bengaluru,SUP-020,10.0,WH-SO-02,107.0,7.0,63.0,316.0,9.84,13138.61,16.6,Yes,No,Summer,Rainy,12778.43,0.0,0.0,,0.107,11
ORD104333,2022-08-21,P-CLO-002,Clothing,Men's Cotton T-Shirt,East,Bhubaneswar,SUP-038,13.0,WH-EA-04,45.0,17.0,116.0,475.0,16.98,2349.81,8.7,Yes,No,Autumn,Rainy,2200.86,0.0,1.0,434.27,0.05,10
ORD104334,2022-03-20,P-BEA-012,Beauty,Talcum Powder,East,Ranchi,SUP-022,7.0,WH-EA-01,265.0,19.0,207.0,790.0,28.86,826.44,9.6,No,Yes,Spring,Sunny,837.77,0.0,2.0,455.11,0.101,36
ORD104335,2022-11-07,P-ELE-004,Electronics,Power Bank 10000mAh,West,Nagpur,SUP-013,11.0,WH-WE-05,215.0,6.0,68.0,315.0,,13182.5,2.7,No,No,Autumn,Sunny,11994.86,0.0,1.0,444.96,0.056,12
ORD104336,2022-07-31,P-ELE-002,Electronics,Home Router,South,Coimbatore,SUP-027,6.0,WH-SO-02,74.0,3.0,56.0,281.0,8.18,10148.31,15.8,No,No,,Cloudy,10496.92,0.0,1.0,310.37,0.052,5
ORD104337,2023-01-05,P-ELE-011,Electronics,Wireless Earbuds,East,Patna,SUP-030,7.0,WH-EA-05,102.0,5.0,58.0,296.0,9.06,1854.91,4.7,No,No,Winter,Cloudy,1887.93,0.0,1.0,443.17,0.03,10
ORD104338,2021-08-28,P-CLO-009,Clothing,Men's Cotton T-Shirt,East,Patna,SUP-025,4.0,WH-EA-04,294.0,20.0,175.0,618.0,23.37,677.41,10.4,No,No,Summer,Sunny,671.89,1.0,0.0,300.03,0.04,24
ORD104339,2021-07-23,P-BEA-003,Beauty,Herbal Shampoo 200ml,South,Coimbatore,SUP-002,16.0,WH-SO-02,499.0,29.0,232.0,1004.0,35.88,863.92,24.0,No,No,Summer,Stormy,896.35,0.0,2.0,593.84,0.13,37
ORD104340,2024-12-16,P-ELE-009,Electronics,Wireless Earbuds,North,Delhi,SUP-010,,WH-NO-02,63.0,15.0,85.0,300.0,11.22,4096.17,18.7,Yes,No,Winter,Sunny,4290.28,0.0,0.0,347.74,0.013,14
ORD104341,2023-12-29,P-ELE-011,Electronics,Bluetooth Speaker,North,Chandigarh,SUP-006,21.0,WH-NO-05,251.0,,68.0,406.0,11.86,9585.03,8.1,No,No,Winter,Rainy,9402.6,0.0,1.0,531.98,0.023,15
ORD104342,2022-06-12,P-CLO-008,Clothing,Cotton Saree,West,Surat,SUP-039,5.0,WH-WE-05,127.0,9.0,119.0,550.0,,1056.69,,No,No,Summer,Rainy,1059.68,0.0,0.0,232.83,0.178,15
ORD104343,2024-05-25,P-GRO-011,Grocery,Sunflower Oil 1L,North,Kanpur,SUP-013,11.0,WH-NO-04,358.0,160.0,268.0,1051.0,36.14,304.76,6.3,No,No,Summer,Sunny,288.21,1.0,4.0,521.5,0.112,32
ORD104344,2024-03-08,P-BEA-008,Beauty,Lipstick Set,East,Kolkata,SUP-019,3.0,WH-EA-01,331.0,32.0,159.0,858.0,27.83,983.97,7.6,Yes,Yes,Spring,Cloudy,929.63,1.0,1.0,264.37,0.04,28
ORD104345,2023-10-17,P-SPO-006,Sports,Gym Dumbbells 5kg,East,Patna,SUP-037,7.0,WH-EA-05,85.0,4.0,80.0,,12.63,778.84,14.2,No,No,Autumn,Sunny,877.32,1.0,0.0,384.09,0.091,14
ORD104346,2023-11-20,P-BEA-004,Beauty,Moisturizer Cream,South,Chennai,SUP-040,5.0,WH-SO-03,639.0,42.0,232.0,894.0,31.01,363.16,3.6,Yes,No,Autumn,Cloudy,357.28,0.0,4.0,393.25,,50
ORD104347,2024-10-21,P-SPO-004,Sports,Badminton Racket,West,Ahmedabad,SUP-009,19.0,WH-WE-01,311.0,24.0,133.0,672.0,21.77,4338.9,17.0,Yes,No,Autumn,Cloudy,4334.83,0.0,1.0,510.7,0.114,26
ORD104348,2024-05-03,P-CLO-013,Clothing,Kids Winter Jacket,West,Mumbai,SUP-035,5.0,WH-WE-05,356.0,30.0,172.0,640.0,21.11,1760.22,20.3,Yes,No,Summer,Rainy,1749.35,2.0,,442.25,0.126,29
ORD104349,2022-01-12,P-BEA-006,Beauty,Talcum Powder,North,Kanpur,SUP-030,8.0,WH-NO-01,203.0,21.0,127.0,641.0,18.35,729.66,19.9,No,No,Winter,Cloudy,751.35,0.0,0.0,243.86,0.154,30
ORD104350,2023-11-28,P-ELE-011,Electronics,LED TV 43in,West,Nagpur,SUP-025,6.0,WH-WE-02,168.0,7.0,53.0,244.0,8.1,11894.51,27.4,No,No,Autumn,Sunny,11376.89,0.0,0.0,281.08,0.19,9
ORD104351,2021-08-23,P-ELE-006,Electronics,Wireless Earbuds,East,Patna,SUP-007,,WH-EA-01,102.0,8.0,60.0,248.0,7.96,7534.5,5.1,No,No,Summer,Sunny,7264.59,0.0,3.0,436.36,0.035,10
ORD104352,2023-01-05,P-FUR-008,Furniture,Dining Chair,South,Hyderabad,SUP-028,6.0,WH-SO-03,136.0,5.0,40.0,162.0,5.76,14315.98,4.3,Yes,No,Winter,Sunny,15389.11,1.0,3.0,384.06,,7
ORD104353,2021-04-09,P-ELE-010,Electronics,Smartwatch,West,Ahmedabad,SUP-025,10.0,WH-WE-05,166.0,9.0,49.0,200.0,,5117.43,4.1,Yes,No,Summer,Cloudy,4508.53,0.0,4.0,480.72,,8
ORD104354,2021-09-05,P-SPO-008,Sports,Badminton Racket,West,Mumbai,SUP-018,4.0,WH-WE-01,216.0,11.0,101.0,471.0,15.02,4645.71,21.9,No,No,Autumn,Rainy,4715.18,,2.0,357.84,0.002,15
ORD104355,2023-11-21,P-FUR-012,Furniture,Sofa Cushion Set,South,Kochi,SUP-024,18.0,WH-SO-01,98.0,6.0,34.0,,,6948.44,2.7,No,No,Autumn,Rainy,6492.11,0.0,1.0,2010.36,0.116,6
ORD104356,2022-06-27,P-SPO-014,Sports,Cycling Helmet,Central,Gwalior,SUP-009,11.0,WH-CE-05,55.0,17.0,75.0,403.0,12.99,975.95,24.0,No,No,Autumn,Sunny,819.09,0.0,1.0,419.92,0.063,7
ORD104357,2021-08-25,P-GRO-013,Grocery,Sunflower Oil 1L,East,Patna,SUP-025,7.0,WH-EA-01,1052.0,54.0,385.0,1484.0,50.67,322.83,2.6,No,No,Autumn,Stormy,320.73,0.0,,276.7,0.014,43
ORD104358,2024-12-01,P-CLO-014,Clothing,Track Pants,East,Bhubaneswar,SUP-007,7.0,WH-EA-01,124.0,25.0,157.0,794.0,24.94,2477.21,16.5,No,No,Winter,Sunny,2248.43,0.0,0.0,319.8,0.042,23
ORD104359,2024-10-02,P-BEA-001,Beauty,Hair Oil 250ml,North,Lucknow,SUP-012,13.0,WH-NO-03,252.0,28.0,200.0,608.0,25.19,884.23,2.2,No,Yes,Autumn,Stormy,789.91,1.0,,476.94,0.079,19
ORD104360,2021-12-01,P-GRO-012,Grocery,Tea Powder 500g,South,Chennai,SUP-020,8.0,WH-SO-02,443.0,30.0,225.0,1301.0,37.9,112.95,17.2,No,No,Winter,Sunny,136.41,0.0,1.0,386.87,0.066,53
ORD104361,2023-05-25,P-CLO-011,Clothing,Track Pants,South,Chennai,SUP-007,11.0,WH-SO-05,60.0,5.0,115.0,354.0,14.15,1824.64,5.6,Yes,No,Summer,Sunny,1903.77,0.0,2.0,428.6,0.047,15
ORD104362,2022-03-06,P-FUR-007,Furniture,Wooden Bookshelf,East,Kolkata,SUP-037,6.0,WH-EA-01,67.0,4.0,38.0,221.0,6.25,16727.25,26.2,No,No,Summer,Rainy,17485.49,0.0,1.0,473.27,0.052,7
ORD104363,2024-03-20,P-SPO-005,Sports,Skipping Rope,East,Ranchi,SUP-036,13.0,WH-EA-03,155.0,9.0,90.0,355.0,11.74,2943.02,31.1,No,No,Summer,Cloudy,2930.48,0.0,2.0,508.33,0.059,16
ORD104364,2023-10-03,P-BEA-001,Beauty,Sunscreen Lotion,West,Surat,SUP-019,9.0,WH-WE-05,815.0,46.0,269.0,1309.0,41.5,434.46,16.3,No,No,Autumn,Rainy,392.96,0.0,1.0,318.67,0.094,40
ORD104365,2022-09-28,P-ELE-013,Electronics,Home Router,South,Kochi,SUP-023,5.0,WH-SO-04,83.0,8.0,80.0,337.0,11.27,13360.21,7.1,No,No,Autumn,Cloudy,13183.32,0.0,,320.41,,11
ORD104366,2024-09-22,P-CLO-013,Clothing,Formal Shirt,West,Mumbai,SUP-012,9.0,WH-WE-01,131.0,16.0,128.0,616.0,20.37,2279.97,3.3,Yes,No,Autumn,Sunny,,0.0,1.0,353.68,0.087,23
ORD104367,2023-12-10,P-CLO-002,Clothing,Cotton Saree,West,,SUP-009,15.0,WH-WE-01,296.0,19.0,93.0,414.0,15.27,360.52,25.9,No,No,Winter,Sunny,305.02,0.0,,500.69,0.016,17
ORD104368,2021-08-10,P-ELE-009,Electronics,Bluetooth Speaker,West,Ahmedabad,SUP-039,7.0,WH-WE-01,58.0,15.0,89.0,435.0,13.66,,1.4,No,Yes,Autumn,Sunny,7105.53,0.0,0.0,326.55,0.177,18
ORD104369,2022-10-11,P-CLO-009,Clothing,Formal Shirt,West,Surat,SUP-017,10.0,WH-WE-05,640.0,52.0,292.0,1208.0,38.55,933.6,6.1,No,No,Autumn,Cloudy,926.92,0.0,2.0,442.19,0.037,39
ORD104370,2024-04-27,P-GRO-003,Grocery,Toor Dal 1kg,West,Nagpur,SUP-039,9.0,WH-WE-02,674.0,51.0,397.0,1636.0,52.31,194.93,3.6,Yes,No,Summer,Sunny,181.94,,0.0,362.81,0.116,64
ORD104371,2023-02-27,P-ELE-009,Electronics,Home Router,North,Lucknow,SUP-003,9.0,WH-NO-01,124.0,4.0,61.0,281.0,8.14,13810.61,12.0,Yes,No,Spring,Sunny,13946.68,0.0,3.0,381.23,0.135,11
ORD104372,2021-05-26,P-CLO-013,Clothing,Track Pants,West,Mumbai,SUP-005,,WH-WE-02,581.0,44.0,192.0,692.0,26.84,2236.28,10.2,No,No,Summer,Sunny,1989.64,0.0,2.0,341.94,0.048,25
ORD104373,2024-02-05,P-ELE-005,Electronics,Smartphone Charger,Central,Bhopal,SUP-020,6.0,WH-CE-02,185.0,11.0,85.0,284.0,9.39,8359.24,18.1,No,No,Winter,Cloudy,7732.06,0.0,0.0,252.95,0.111,12
ORD104374,2022-12-04,P-CLO-011,Clothing,Track Pants,East,Bhubaneswar,SUP-032,5.0,WH-EA-01,218.0,21.0,155.0,653.0,25.59,1427.24,20.9,No,No,Winter,Sunny,1602.67,0.0,0.0,246.89,0.106,45
ORD104375,2021-12-14,P-ELE-015,Electronics,Smartwatch,North,Delhi,SUP-017,7.0,WH-NO-03,167.0,10.0,53.0,261.0,7.8,9522.76,22.3,No,No,Winter,Sunny,9126.82,0.0,2.0,474.77,0.032,9
ORD104376,2024-04-06,P-BEA-007,Beauty,Face Wash 100ml,Central,Bhopal,SUP-034,8.0,WH-CE-05,189.0,23.0,95.0,705.0,21.89,526.32,3.9,No,No,Summer,Sunny,525.56,0.0,,550.29,0.038,19
ORD104377,2024-07-16,P-ELE-002,Electronics,Power Bank 10000mAh,North,Delhi,SUP-006,4.0,WH-NO-02,15.0,9.0,47.0,187.0,6.37,2574.39,11.7,Yes,No,Autumn,Rainy,2595.71,0.0,0.0,279.1,0.267,5
ORD104378,2023-05-09,P-SPO-005,Sports,Football,South,Chennai,SUP-035,15.0,WH-SO-05,79.0,9.0,52.0,284.0,8.68,2319.97,17.8,No,No,Summer,Cloudy,2287.66,0.0,3.0,541.66,0.009,8
ORD104379,2023-11-13,P-ELE-003,Electronics,Power Bank 10000mAh,North,Delhi,SUP-018,5.0,WH-NO-04,61.0,12.0,95.0,434.0,13.77,4599.7,13.4,No,Yes,,Sunny,4401.48,0.0,1.0,453.58,0.134,17
ORD104380,2021-12-19,P-CLO-006,Clothing,Formal Shirt,South,Hyderabad,SUP-012,2.0,WH-SO-02,726.0,34.0,191.0,795.0,31.11,632.2,,No,,Winter,Rainy,746.96,0.0,,231.67,0.059,44
ORD104381,2023-12-27,P-GRO-010,Grocery,Masala Mix 200g,South,Coimbatore,SUP-026,6.0,WH-SO-04,228.0,57.0,299.0,1417.0,44.32,503.63,7.9,Yes,No,Winter,Cloudy,473.77,0.0,,381.62,0.037,65
ORD104382,2024-08-14,P-GRO-004,Grocery,Toor Dal 1kg,East,,SUP-032,15.0,WH-EA-02,98.0,26.0,239.0,930.0,33.89,119.49,11.4,No,No,Autumn,Cloudy,110.95,0.0,1.0,518.55,0.233,28
ORD104383,2021-12-14,P-CLO-008,Clothing,Men's Cotton T-Shirt,Central,,SUP-038,9.0,WH-CE-02,353.0,19.0,119.0,585.0,19.2,632.06,16.3,No,No,Winter,Sunny,656.87,0.0,0.0,383.55,0.057,24
ORD104384,2024-10-09,P-BEA-015,Beauty,Body Lotion 400ml,South,Hyderabad,SUP-004,5.0,WH-SO-02,644.0,23.0,257.0,1166.0,35.53,871.47,7.3,No,No,Autumn,Sunny,781.89,0.0,1.0,292.91,0.074,40
ORD104385,2021-05-12,P-SPO-004,Sports,Running Shoes,East,Kolkata,SUP-029,8.0,WH-EA-01,306.0,16.0,92.0,428.0,14.19,2222.34,21.0,Yes,No,Summer,Rainy,2403.9,0.0,0.0,258.31,0.066,18
ORD104386,2022-10-14,P-GRO-014,Grocery,Wheat Flour 5kg,West,Surat,SUP-013,4.0,WH-WE-04,1051.0,49.0,300.0,1433.0,48.07,107.36,23.3,No,No,Autumn,Sunny,105.63,0.0,0.0,285.97,0.046,65
ORD104387,2021-04-17,P-ELE-005,Electronics,Smartphone Charger,West,Pune,SUP-021,5.0,WH-WE-01,214.0,14.0,87.0,393.0,11.47,14640.53,23.8,Yes,No,Summer,Cloudy,14791.65,0.0,1.0,320.98,0.041,27
ORD104388,2022-10-16,P-BEA-010,Beauty,Body Lotion 400ml,North,Chandigarh,SUP-019,8.0,WH-NO-01,310.0,41.0,223.0,,31.2,989.31,3.5,No,No,Autumn,Sunny,1012.7,0.0,4.0,,0.232,46
ORD104389,2023-08-04,P-CLO-003,Clothing,Track Pants,North,Lucknow,SUP-031,18.0,WH-NO-01,265.0,12.0,77.0,444.0,15.18,1956.98,3.0,Yes,No,Summer,Sunny,1903.82,0.0,2.0,525.64,0.281,22
ORD104390,2024-06-25,P-GRO-005,Grocery,Wheat Flour 5kg,East,Patna,SUP-016,19.0,WH-EA-01,716.0,42.0,,1001.0,39.63,,4.9,No,No,Autumn,Cloudy,383.13,0.0,1.0,575.59,0.055,50
ORD104391,2021-08-08,P-BEA-014,Beauty,Hair Oil 250ml,West,Mumbai,SUP-012,9.0,WH-WE-05,308.0,22.0,119.0,607.0,20.17,497.8,14.5,Yes,No,Autumn,Sunny,523.68,0.0,1.0,365.04,0.107,26
ORD104392,2024-07-20,P-CLO-009,Clothing,Women's Kurti,East,Bhubaneswar,SUP-020,6.0,WH-EA-01,234.0,19.0,194.0,749.0,23.33,605.41,20.2,Yes,No,Autumn,,630.42,0.0,2.0,315.36,0.038,31
ORD104393,2024-12-30,P-FUR-009,Furniture,Office Chair,North,Delhi,SUP-027,7.0,WH-NO-04,31.0,5.0,46.0,257.0,7.46,6891.95,1.1,No,No,Winter,Cloudy,6057.03,0.0,0.0,458.69,0.055,8
ORD104394,2021-04-08,P-GRO-008,Grocery,Sugar 1kg,West,Surat,SUP-034,10.0,WH-WE-02,207.0,63.0,268.0,1086.0,42.91,512.17,3.7,No,No,Summer,Sunny,497.88,0.0,9.0,796.46,0.209,30
ORD104395,2024-11-05,P-CLO-004,Clothing,Track Pants,West,,SUP-001,6.0,WH-WE-01,523.0,19.0,151.0,681.0,21.74,1369.76,16.9,No,No,Autumn,Rainy,1357.56,0.0,2.0,345.84,0.094,28
ORD104396,2024-08-17,P-ELE-014,Electronics,Home Router,East,Bhubaneswar,SUP-023,6.0,WH-EA-02,171.0,9.0,78.0,339.0,10.56,11005.08,10.7,Yes,No,Autumn,Cloudy,12534.95,0.0,0.0,398.16,0.13,15
ORD104397,2021-02-12,P-BEA-006,Beauty,Lipstick Set,West,Ahmedabad,SUP-003,5.0,WH-WE-01,,25.0,168.0,778.0,27.09,788.26,17.8,No,No,Spring,Rainy,699.09,0.0,0.0,191.76,0.162,24
ORD104398,2021-04-03,P-ELE-001,Electronics,Smartphone Charger,West,,SUP-025,6.0,WH-WE-02,109.0,12.0,73.0,360.0,10.3,7574.46,24.3,No,No,Summer,Rainy,7187.75,0.0,0.0,218.33,0.097,11
ORD104399,2023-11-26,P-BEA-014,Beauty,Sunscreen Lotion,West,Surat,SUP-025,7.0,WH-WE-05,249.0,26.0,218.0,832.0,30.26,830.74,21.2,No,No,Autumn,Sunny,902.62,0.0,0.0,275.9,0.083,32
ORD104400,2022-09-06,P-BEA-001,Beauty,Hair Oil 250ml,West,Ahmedabad,SUP-035,5.0,WH-WE-04,363.0,24.0,161.0,1094.0,30.83,1121.76,6.8,No,No,Autumn,Rainy,1037.51,0.0,1.0,1531.94,0.231,19
ORD104401,2022-01-16,P-BEA-014,Beauty,Talcum Powder,West,Nagpur,SUP-008,10.0,WH-WE-05,836.0,41.0,288.0,1186.0,38.98,966.21,,Yes,No,Winter,Stormy,915.37,0.0,4.0,470.87,0.088,42
ORD104402,2022-08-14,P-ELE-004,Electronics,Wireless Earbuds,East,Patna,SUP-032,5.0,WH-EA-04,96.0,6.0,34.0,171.0,5.3,8204.27,4.6,No,No,Autumn,Cloudy,9302.97,0.0,0.0,327.83,0.025,9
ORD104403,2022-05-14,P-GRO-002,Grocery,Sugar 1kg,South,Coimbatore,SUP-028,14.0,WH-SO-05,163.0,45.0,225.0,1130.0,39.28,258.52,25.0,Yes,No,Summer,Cloudy,266.08,0.0,1.0,394.38,0.128,49
ORD104404,2024-11-25,P-CLO-004,Clothing,Kids Winter Jacket,West,Pune,SUP-027,10.0,WH-WE-01,255.0,11.0,121.0,349.0,13.73,657.9,42.2,No,No,Autumn,Sunny,703.06,0.0,0.0,361.66,0.028,19
ORD104405,2021-12-18,P-CLO-010,Clothing,Kids Winter Jacket,East,Guwahati,SUP-026,12.0,WH-EA-01,324.0,14.0,124.0,611.0,20.59,718.64,14.0,Yes,No,Winter,Sunny,760.18,0.0,2.0,473.06,0.023,26
ORD104406,2021-05-10,P-SPO-009,Sports,Cricket Bat,East,Bhubaneswar,SUP-022,13.0,WH-EA-03,142.0,,74.0,309.0,9.66,3027.55,3.0,No,No,Summer,Sunny,3055.91,0.0,5.0,556.4,0.045,7
ORD104407,2024-04-28,P-GRO-003,Grocery,Basmati Rice 5kg,North,Kanpur,SUP-003,7.0,WH-NO-03,410.0,44.0,296.0,1135.0,39.99,405.23,7.8,No,,Summer,Sunny,408.19,0.0,0.0,335.58,0.064,51
ORD104408,2024-05-11,P-SPO-005,Sports,Gym Dumbbells 5kg,West,Pune,SUP-033,11.0,WH-WE-04,296.0,14.0,62.0,348.0,11.95,2438.1,5.0,No,No,Summer,Cloudy,2611.04,,1.0,351.51,0.112,12
ORD104409,2024-07-29,P-ELE-004,Electronics,Smartphone Charger,East,Bhubaneswar,SUP-016,10.0,WH-EA-01,66.0,6.0,40.0,195.0,6.45,2046.69,1.7,Yes,No,Autumn,Cloudy,1908.01,0.0,0.0,278.52,0.103,5
ORD104410,2024-11-19,P-GRO-010,Grocery,Tea Powder 500g,South,Bengaluru,SUP-005,8.0,WH-SO-01,878.0,32.0,220.0,967.0,37.99,546.18,9.3,No,No,Autumn,Sunny,621.95,0.0,0.0,287.94,0.096,44
ORD104411,2021-03-01,P-ELE-013,Electronics,Wireless Earbuds,South,Coimbatore,SUP-025,,WH-SO-04,55.0,6.0,74.0,,,11923.29,12.9,No,No,Summer,Sunny,11413.87,0.0,0.0,176.16,0.036,7
ORD104412,2024-01-29,P-BEA-004,Beauty,Body Lotion 400ml,South,Bengaluru,SUP-038,7.0,WH-SO-03,219.0,32.0,255.0,1012.0,33.04,313.98,6.2,No,No,Winter,Sunny,339.68,0.0,0.0,230.21,0.108,44
ORD104413,2022-01-30,P-ELE-014,Electronics,LED TV 43in,Central,Raipur,SUP-029,4.0,WH-CE-03,99.0,8.0,56.0,185.0,6.5,1813.4,11.3,Yes,No,Winter,Stormy,1886.79,0.0,2.0,442.09,0.057,12
ORD104414,2022-09-09,P-GRO-007,Grocery,Toor Dal 1kg,West,Mumbai,SUP-010,9.0,WH-WE-02,,37.0,271.0,1545.0,45.83,540.19,5.7,No,No,Autumn,Rainy,516.54,0.0,1.0,362.96,0.154,37
ORD104415,2022-10-18,P-BEA-002,Beauty,Moisturizer Cream,East,Patna,SUP-033,9.0,WH-EA-04,536.0,32.0,225.0,739.0,24.1,788.21,19.9,No,No,Autumn,Sunny,818.7,0.0,0.0,325.6,0.058,46
ORD104416,2024-12-10,P-CLO-005,Clothing,Formal Shirt,South,Hyderabad,SUP-034,7.0,WH-SO-05,310.0,14.0,159.0,475.0,20.14,1143.89,1.1,No,No,Winter,Rainy,1155.56,0.0,2.0,368.94,0.179,21
ORD104417,2023-02-02,P-ELE-014,Electronics,Smartwatch,West,Pune,SUP-014,5.0,WH-WE-01,165.0,8.0,87.0,288.0,10.12,6295.29,12.7,No,No,Spring,Rainy,5406.1,0.0,0.0,245.54,0.182,9
ORD104418,2021-11-22,P-ELE-013,Electronics,Laptop Stand,East,Patna,SUP-021,5.0,WH-EA-01,99.0,5.0,41.0,160.0,5.73,6631.26,1.9,No,No,Autumn,Rainy,6585.24,2.0,1.0,,0.185,6
ORD104419,2021-05-09,P-CLO-011,Clothing,Cotton Saree,Central,Bhopal,SUP-034,2.0,WH-CE-04,204.0,13.0,85.0,352.0,12.82,515.69,9.7,No,No,Summer,Rainy,464.17,,0.0,288.27,0.06,12
ORD104420,2023-05-11,P-GRO-006,Grocery,Masala Mix 200g,North,Jaipur,SUP-007,12.0,WH-NO-05,804.0,47.0,304.0,1741.0,50.29,307.33,14.7,Yes,No,Summer,Cloudy,319.81,0.0,0.0,505.28,0.021,55
ORD104421,2024-04-27,P-ELE-012,Electronics,Smartphone Charger,North,Jaipur,SUP-015,7.0,WH-NO-02,123.0,5.0,42.0,161.0,5.05,9363.81,1.5,No,No,Summer,Sunny,9257.79,0.0,1.0,315.47,0.085,6
ORD104422,2023-11-04,P-FUR-011,Furniture,Dining Chair,East,Bhubaneswar,SUP-019,20.0,WH-EA-04,70.0,5.0,31.0,131.0,4.55,5631.41,13.3,No,No,Autumn,Rainy,6026.7,0.0,3.0,627.71,0.122,3
ORD104423,2024-09-26,P-GRO-012,Grocery,Tea Powder 500g,North,Delhi,SUP-001,10.0,WH-NO-05,590.0,56.0,280.0,1176.0,41.13,212.57,4.7,No,No,,Rainy,200.72,0.0,2.0,447.4,,32
ORD104424,2021-03-03,P-CLO-009,Clothing,Denim Jeans,East,Kolkata,SUP-007,13.0,WH-EA-01,87.0,18.0,140.0,500.0,17.22,1733.49,24.7,No,No,Spring,Sunny,1553.78,0.0,1.0,408.65,0.044,16
ORD104425,2022-08-12,P-GRO-008,Grocery,Masala Mix 200g,West,Surat,SUP-025,5.0,WH-WE-01,649.0,41.0,,1281.0,,365.36,4.9,Yes,No,Summer,Cloudy,,0.0,0.0,862.31,0.071,51
ORD104426,2023-06-13,P-ELE-015,Electronics,Laptop Stand,North,Kanpur,SUP-011,15.0,WH-NO-01,138.0,10.0,59.0,244.0,8.74,6700.57,3.5,No,No,Autumn,Cloudy,7783.44,0.0,0.0,447.56,0.068,7
ORD104427,2024-06-06,P-ELE-015,Electronics,Smartphone Charger,South,Kochi,SUP-010,3.0,WH-SO-04,97.0,4.0,62.0,277.0,8.8,,29.9,Yes,No,Autumn,Cloudy,17941.74,0.0,0.0,165.1,0.006,10
ORD104428,2022-04-02,P-GRO-009,Grocery,Sunflower Oil 1L,West,Ahmedabad,SUP-012,7.0,WH-WE-04,528.0,20.0,248.0,814.0,34.19,558.31,5.1,No,No,Summer,Cloudy,647.7,0.0,1.0,397.61,0.048,30
ORD104429,2023-09-16,P-ELE-004,Electronics,Laptop Stand,West,Ahmedabad,SUP-005,11.0,WH-WE-01,315.0,19.0,105.0,470.0,14.9,12130.22,15.7,No,No,Autumn,Sunny,10635.66,0.0,0.0,336.38,0.176,13
ORD104430,2021-10-31,P-GRO-007,Grocery,Sugar 1kg,East,Kolkata,SUP-026,9.0,WH-EA-01,815.0,35.0,343.0,1068.0,42.0,424.47,4.1,No,No,Autumn,Cloudy,377.71,0.0,1.0,242.12,0.035,36
ORD104431,2023-05-15,P-SPO-008,Sports,Cricket Bat,North,Delhi,SUP-011,3.0,WH-NO-04,315.0,11.0,107.0,449.0,14.23,2422.07,16.4,No,No,Summer,,2215.69,,2.0,259.99,0.122,17
ORD104432,2024-02-07,P-BEA-011,Beauty,Hair Oil 250ml,East,Guwahati,SUP-027,2.0,WH-EA-05,327.0,22.0,,646.0,19.45,1153.51,5.3,No,No,Spring,Sunny,1224.95,0.0,0.0,210.17,0.08,26
ORD104433,2024-04-11,P-GRO-005,Grocery,Tea Powder 500g,South,Hyderabad,SUP-034,5.0,WH-SO-04,211.0,42.0,361.0,1170.0,43.52,575.34,8.0,No,Yes,,Cloudy,672.36,0.0,6.0,567.36,0.026,35
ORD104434,2022-10-23,P-CLO-001,Clothing,Woolen Sweater,West,Ahmedabad,SUP-020,7.0,WH-WE-01,370.0,29.0,142.0,625.0,22.49,623.77,29.2,No,No,Autumn,Sunny,668.92,0.0,0.0,386.55,0.096,29
ORD104435,2022-11-23,P-CLO-013,Clothing,Cotton Saree,East,Patna,SUP-037,4.0,WH-EA-02,103.0,12.0,96.0,461.0,13.99,1942.03,13.7,,No,Autumn,Sunny,1971.54,0.0,1.0,348.56,0.105,20
ORD104436,2024-07-12,P-BEA-015,Beauty,Talcum Powder,South,Chennai,SUP-008,11.0,WH-SO-01,462.0,49.0,240.0,1040.0,35.79,516.09,15.7,No,No,Summer,Sunny,477.92,0.0,1.0,430.83,0.15,37
ORD104437,2023-03-12,P-GRO-002,Grocery,Basmati Rice 5kg,West,Nagpur,SUP-039,10.0,WH-WE-02,740.0,29.0,211.0,893.0,32.3,368.54,4.5,No,No,Spring,Cloudy,360.12,0.0,0.0,398.81,0.042,34
ORD104438,2022-05-27,P-GRO-005,Grocery,Instant Noodles Pack,East,Ranchi,SUP-013,3.0,WH-EA-03,120.0,31.0,160.0,673.0,24.19,61.67,20.9,No,No,Summer,Sunny,62.11,0.0,1.0,247.23,0.043,23
ORD104439,2022-02-06,P-GRO-007,Grocery,Wheat Flour 5kg,North,Jaipur,SUP-013,11.0,WH-NO-02,1531.0,79.0,616.0,2880.0,77.31,296.36,5.0,No,,Spring,Sunny,317.29,0.0,1.0,439.73,0.131,78
ORD104440,2023-11-06,P-ELE-012,Electronics,Smartwatch,East,Patna,SUP-040,3.0,WH-EA-04,87.0,6.0,54.0,218.0,7.64,14422.42,16.5,No,No,Autumn,Rainy,13846.6,0.0,0.0,313.58,0.038,5
ORD104441,2023-11-07,P-GRO-012,Grocery,Masala Mix 200g,Central,Gwalior,SUP-019,6.0,WH-CE-02,520.0,26.0,231.0,831.0,26.35,546.8,8.3,Yes,No,Autumn,Cloudy,564.35,1.0,1.0,279.6,0.044,40
ORD104442,2023-02-25,P-SPO-006,Sports,Skipping Rope,West,Pune,SUP-030,10.0,WH-WE-03,124.0,17.0,108.0,534.0,16.71,975.07,20.2,No,No,Spring,Cloudy,996.53,0.0,0.0,304.1,0.08,14
ORD104443,2021-08-21,P-SPO-005,Sports,Football,South,Hyderabad,SUP-033,14.0,WH-SO-04,54.0,10.0,63.0,345.0,9.93,3640.0,12.9,Yes,No,,Cloudy,3669.22,0.0,1.0,421.54,0.123,11
ORD104444,2021-08-24,P-ELE-007,Electronics,Smartphone Charger,West,Mumbai,SUP-018,5.0,WH-WE-01,1276.0,6.0,46.0,291.0,8.12,8166.03,17.9,Yes,No,Summer,Sunny,7907.69,,2.0,266.07,0.026,11
ORD104445,2021-12-22,P-CLO-004,Clothing,Cotton Saree,South,Coimbatore,SUP-013,3.0,WH-SO-01,469.0,40.0,156.0,678.0,27.83,1422.94,22.8,Yes,No,Winter,Sunny,1436.71,0.0,0.0,320.2,0.155,52
ORD104446,2021-01-18,P-GRO-007,Grocery,Masala Mix 200g,East,,SUP-020,7.0,WH-EA-02,1459.0,66.0,382.0,2127.0,61.91,68.57,29.3,No,No,Winter,Sunny,68.04,0.0,1.0,313.97,0.012,68
ORD104447,2022-12-03,P-CLO-004,Clothing,Kids Winter Jacket,East,Guwahati,SUP-016,3.0,WH-EA-01,272.0,8.0,147.0,732.0,24.07,1029.61,1.3,No,No,Winter,Rainy,965.21,0.0,3.0,266.98,0.015,19
ORD104448,2022-08-30,P-CLO-001,Clothing,Men's Cotton T-Shirt,South,Coimbatore,SUP-017,12.0,WH-SO-01,342.0,28.0,166.0,703.0,26.12,1632.04,11.2,No,No,Autumn,Cloudy,1747.53,0.0,1.0,279.12,0.106,23
ORD104449,2022-07-17,P-ELE-011,Electronics,Smartphone Charger,South,Bengaluru,SUP-010,9.0,WH-SO-02,240.0,16.0,98.0,452.0,13.72,5091.74,17.5,No,No,Autumn,Rainy,5733.17,0.0,1.0,467.7,0.014,20
ORD104450,2024-09-28,P-BEA-012,Beauty,Hair Oil 250ml,Central,,SUP-037,5.0,WH-CE-02,118.0,8.0,117.0,523.0,,941.82,21.0,Yes,No,,Rainy,954.64,0.0,1.0,377.56,0.159,20
ORD104451,2021-12-17,P-SPO-005,Sports,Running Shoes,South,Chennai,SUP-023,11.0,WH-SO-02,36.0,8.0,92.0,357.0,10.53,3025.67,16.6,No,No,,Sunny,3014.54,0.0,1.0,356.08,0.031,13
ORD104452,2024-03-27,P-FUR-007,Furniture,TV Unit,West,Ahmedabad,SUP-032,4.0,WH-WE-01,99.0,,33.0,139.0,4.83,10648.74,11.3,No,No,Spring,Rainy,11295.13,0.0,0.0,301.1,0.033,6
ORD104453,2021-10-08,P-FUR-007,Furniture,Foldable Bed,West,Mumbai,SUP-027,6.0,WH-WE-01,116.0,9.0,70.0,296.0,8.92,13644.47,7.4,No,No,Autumn,Cloudy,13846.72,0.0,0.0,220.33,0.067,9
ORD104454,2023-06-13,P-CLO-001,Clothing,Formal Shirt,East,Guwahati,SUP-015,9.0,WH-EA-05,299.0,13.0,77.0,407.0,12.64,1167.15,13.2,No,No,Summer,Cloudy,1273.63,0.0,,370.93,0.116,12
ORD104455,2024-06-11,P-GRO-009,Grocery,Basmati Rice 5kg,North,Chandigarh,SUP-013,8.0,WH-NO-04,195.0,24.0,245.0,983.0,37.26,389.9,6.7,,No,Summer,Cloudy,393.22,0.0,2.0,354.72,0.078,32
ORD104456,2024-05-09,P-ELE-007,Electronics,Power Bank 10000mAh,North,Lucknow,SUP-040,16.0,WH-NO-03,62.0,7.0,65.0,230.0,8.92,14734.61,4.3,No,No,Summer,Cloudy,15425.56,2.0,2.0,450.3,0.055,8
ORD104457,2023-05-14,P-CLO-015,Clothing,Woolen Sweater,North,Kanpur,SUP-001,3.0,WH-NO-01,92.0,13.0,164.0,673.0,22.07,435.62,1.1,Yes,No,Summer,,496.03,0.0,0.0,299.05,0.049,19
ORD104458,2021-10-30,P-ELE-006,Electronics,Wireless Earbuds,East,Guwahati,SUP-012,3.0,WH-EA-02,221.0,4.0,73.0,263.0,9.22,1953.38,,Yes,No,Autumn,Sunny,2151.48,0.0,0.0,267.5,0.115,11
ORD104459,2022-07-06,P-BEA-012,Beauty,Lipstick Set,Central,Gwalior,SUP-030,15.0,WH-CE-05,478.0,5.0,130.0,740.0,23.12,693.13,33.4,Yes,No,Summer,Sunny,684.43,0.0,1.0,444.12,0.084,25
ORD104460,2022-09-13,P-CLO-006,Clothing,Denim Jeans,West,Mumbai,SUP-022,21.0,WH-WE-05,1168.0,78.0,465.0,1399.0,47.76,945.49,23.0,No,No,Autumn,Sunny,1027.29,0.0,1.0,597.69,0.039,67
ORD104461,2024-05-20,P-GRO-003,Grocery,Sugar 1kg,North,Chandigarh,SUP-025,12.0,WH-NO-04,1099.0,37.0,405.0,1282.0,46.78,257.86,19.9,Yes,No,Summer,Sunny,235.83,0.0,3.0,507.98,0.231,53
ORD104462,2022-07-06,P-GRO-006,Grocery,Instant Noodles Pack,South,Coimbatore,SUP-001,4.0,WH-SO-02,463.0,66.0,439.0,1889.0,60.85,272.0,19.0,No,No,Autumn,Sunny,267.63,0.0,0.0,213.68,0.103,71
ORD104463,2024-04-20,P-SPO-014,Sports,Football,North,Kanpur,SUP-009,7.0,WH-NO-03,304.0,18.0,99.0,320.0,13.44,563.21,14.5,No,No,Summer,,600.77,0.0,0.0,248.18,0.12,14
ORD104464,2024-10-22,P-ELE-004,Electronics,Home Router,Central,Gwalior,SUP-024,8.0,WH-CE-01,239.0,13.0,89.0,321.0,12.34,13964.53,17.6,No,No,Autumn,Sunny,15673.55,0.0,0.0,368.56,0.104,15
ORD104465,2021-06-12,P-ELE-013,Electronics,Smartphone Charger,North,Delhi,SUP-013,11.0,WH-NO-05,60.0,7.0,43.0,195.0,7.27,2160.1,13.4,No,No,Summer,Stormy,2030.25,0.0,4.0,532.13,0.091,4
ORD104466,2024-09-29,P-ELE-010,Electronics,Power Bank 10000mAh,North,Jaipur,SUP-019,5.0,WH-NO-01,164.0,13.0,66.0,272.0,11.94,12258.07,9.1,No,No,Autumn,Cloudy,12231.28,0.0,1.0,299.24,0.083,18
ORD104467,2023-04-09,P-FUR-012,Furniture,Sofa Cushion Set,East,Kolkata,SUP-039,5.0,WH-EA-04,77.0,7.0,27.0,143.0,,17941.45,14.0,Yes,No,Summer,Sunny,17945.82,0.0,0.0,261.03,0.058,7
ORD104468,2023-05-28,P-SPO-012,Sports,Football,East,Patna,SUP-026,4.0,WH-EA-02,135.0,15.0,82.0,399.0,14.54,2064.54,5.2,No,No,Summer,Sunny,2049.31,0.0,2.0,407.27,0.05,15
ORD104469,2022-03-23,P-GRO-008,Grocery,Sugar 1kg,North,Kanpur,SUP-026,15.0,WH-NO-03,442.0,25.0,388.0,1362.0,44.35,362.17,16.1,No,No,Summer,Sunny,326.93,0.0,0.0,467.84,0.11,34
ORD104470,2022-05-03,P-SPO-010,Sports,Yoga Mat,West,Nagpur,SUP-008,2.0,WH-WE-05,409.0,13.0,129.0,645.0,20.01,1323.57,9.3,No,No,Summer,Sunny,1376.59,0.0,4.0,1207.54,0.128,27
ORD104471,2023-03-02,P-GRO-002,Grocery,Wheat Flour 5kg,North,Kanpur,SUP-024,3.0,WH-NO-02,443.0,30.0,340.0,1412.0,41.78,276.37,33.7,No,No,Spring,Sunny,248.17,0.0,1.0,422.88,0.209,38
ORD104472,2021-10-18,P-FUR-011,Furniture,Study Table,North,Lucknow,SUP-039,8.0,WH-NO-01,64.0,5.0,38.0,185.0,5.72,16549.92,11.1,Yes,No,Autumn,Rainy,18056.34,0.0,1.0,359.06,0.022,7
ORD104473,2023-11-15,P-ELE-011,Electronics,Laptop Stand,North,Jaipur,SUP-026,17.0,WH-NO-04,283.0,8.0,82.0,300.0,11.91,11875.03,3.9,Yes,No,Autumn,Sunny,13157.34,0.0,2.0,566.93,0.079,14
ORD104474,2023-09-02,P-CLO-002,Clothing,Track Pants,South,Coimbatore,SUP-032,8.0,WH-SO-03,387.0,15.0,120.0,485.0,17.77,1430.51,13.6,No,No,Autumn,,1357.44,0.0,1.0,405.39,0.176,19
ORD104475,2021-01-13,P-FUR-008,Furniture,Foldable Bed,Central,Indore,SUP-039,9.0,WH-CE-01,24.0,3.0,20.0,78.0,3.15,11203.32,,No,No,Winter,Cloudy,10065.88,1.0,0.0,232.05,0.272,4
ORD104476,2021-11-04,P-CLO-008,Clothing,Track Pants,East,Ranchi,SUP-037,9.0,WH-EA-01,64.0,13.0,91.0,281.0,10.31,484.56,18.9,No,No,Autumn,Cloudy,483.31,0.0,1.0,360.43,0.173,8
ORD104477,2023-01-21,P-GRO-005,Grocery,Wheat Flour 5kg,West,Nagpur,SUP-014,10.0,WH-WE-03,642.0,53.0,520.0,2514.0,73.08,556.08,2.6,Yes,No,Winter,Stormy,532.95,0.0,1.0,383.25,,67
ORD104478,2023-12-21,P-BEA-001,Beauty,Sunscreen Lotion,South,Bengaluru,SUP-012,12.0,WH-SO-04,543.0,35.0,252.0,919.0,29.75,581.59,13.7,Yes,No,Winter,Sunny,571.83,0.0,1.0,274.24,0.05,48
ORD104479,2022-03-03,P-SPO-001,Sports,Skipping Rope,West,Surat,SUP-012,6.0,WH-WE-01,167.0,17.0,113.0,514.0,15.59,,26.2,No,No,Spring,Sunny,2148.45,0.0,3.0,429.08,0.018,15
ORD104480,2024-07-19,P-CLO-004,Clothing,Formal Shirt,Central,Raipur,SUP-031,18.0,WH-CE-03,199.0,18.0,125.0,383.0,14.74,1897.79,8.8,Yes,No,Summer,Stormy,1756.56,0.0,0.0,361.4,0.015,15
ORD104481,2023-02-20,P-FUR-004,Furniture,Foldable Bed,South,Coimbatore,SUP-016,9.0,WH-SO-03,27.0,2.0,49.0,202.0,6.87,19598.39,15.9,No,No,Winter,Stormy,22199.57,1.0,0.0,500.16,0.208,7
ORD104482,2023-02-27,P-BEA-004,Beauty,Herbal Shampoo 200ml,Central,Raipur,SUP-033,10.0,WH-CE-01,235.0,8.0,121.0,574.0,18.06,727.29,11.8,Yes,No,Winter,Rainy,689.98,0.0,2.0,478.36,0.101,23
ORD104483,2021-06-10,P-GRO-010,Grocery,Tea Powder 500g,East,Patna,SUP-033,8.0,WH-EA-04,313.0,19.0,188.0,932.0,34.55,217.03,4.6,No,No,Autumn,Rainy,233.27,0.0,,307.01,0.053,34
ORD104484,2023-07-07,P-SPO-007,Sports,Skipping Rope,West,Mumbai,SUP-027,2.0,WH-WE-04,97.0,14.0,75.0,,9.7,858.64,13.9,Yes,No,Autumn,Sunny,797.51,1.0,3.0,487.96,0.088,13
ORD104485,2024-04-09,P-GRO-002,Grocery,Instant Noodles Pack,South,Hyderabad,SUP-005,9.0,WH-SO-01,113.0,19.0,218.0,831.0,25.31,467.6,18.4,No,No,Summer,Cloudy,469.9,2.0,1.0,444.71,0.109,21
ORD104486,2021-11-05,P-BEA-002,Beauty,Moisturizer Cream,East,Ranchi,SUP-029,8.0,WH-EA-04,223.0,,126.0,519.0,15.74,567.64,5.2,Yes,No,Autumn,Sunny,588.09,0.0,0.0,358.83,0.115,24
ORD104487,2023-03-06,P-ELE-010,Electronics,Smartwatch,East,Ranchi,SUP-009,,WH-EA-02,110.0,6.0,40.0,193.0,6.12,10167.72,7.6,No,No,Summer,Cloudy,10278.05,2.0,24.0,456.08,0.102,5
ORD104488,2021-01-10,P-GRO-015,Grocery,Tea Powder 500g,Central,Indore,SUP-023,5.0,WH-CE-03,574.0,78.0,378.0,1442.0,48.27,100.64,7.9,No,No,Winter,Rainy,98.6,0.0,0.0,257.79,0.196,47
ORD104489,2021-11-05,P-CLO-013,Clothing,Woolen Sweater,Central,Jabalpur,SUP-010,10.0,WH-CE-05,157.0,25.0,187.0,964.0,31.77,1052.02,16.3,No,No,Autumn,Sunny,1010.53,2.0,0.0,,0.058,32
ORD104490,2021-04-14,P-CLO-012,Clothing,Track Pants,South,Chennai,SUP-003,6.0,WH-SO-05,323.0,22.0,164.0,739.0,27.74,710.77,20.8,No,No,Summer,Cloudy,687.64,1.0,1.0,366.22,0.077,18
ORD104491,2024-01-30,P-BEA-005,Beauty,Body Lotion 400ml,Central,Raipur,SUP-026,18.0,WH-CE-02,112.0,16.0,76.0,433.0,12.16,449.83,16.1,No,Yes,Winter,Rainy,425.53,0.0,1.0,637.62,0.045,21
ORD104492,2024-12-25,P-SPO-011,Sports,Skipping Rope,West,Pune,SUP-019,4.0,WH-WE-02,353.0,33.0,194.0,808.0,30.93,3169.56,,No,Yes,Winter,Sunny,3254.0,0.0,0.0,309.3,0.022,41
ORD104493,2021-02-25,P-ELE-002,Electronics,LED TV 43in,East,Bhubaneswar,SUP-026,8.0,WH-EA-01,129.0,7.0,50.0,222.0,6.55,11912.26,20.6,No,No,Spring,Cloudy,13657.41,0.0,1.0,,0.103,12
ORD104494,2023-10-23,P-GRO-003,Grocery,Toor Dal 1kg,North,Chandigarh,SUP-020,10.0,WH-NO-05,655.0,23.0,215.0,663.0,27.38,233.06,3.5,Yes,No,Autumn,Rainy,239.76,0.0,,362.7,0.087,31
ORD104495,2023-05-17,P-GRO-003,Grocery,Toor Dal 1kg,North,,SUP-015,9.0,WH-NO-02,1029.0,67.0,408.0,1815.0,62.21,136.83,28.1,No,No,Summer,Sunny,143.35,0.0,4.0,465.16,0.036,81
ORD104496,2023-10-23,P-CLO-003,Clothing,Formal Shirt,North,,SUP-001,5.0,WH-NO-05,222.0,4.0,163.0,586.0,18.82,268.12,21.0,Yes,No,Autumn,Sunny,291.33,0.0,,383.76,0.111,22
ORD104497,2023-01-04,P-CLO-006,Clothing,Woolen Sweater,North,Chandigarh,SUP-012,12.0,WH-NO-05,235.0,18.0,111.0,476.0,17.11,441.09,24.1,No,No,Winter,,425.17,0.0,0.0,500.65,0.033,21
ORD104498,2024-12-19,P-BEA-001,Beauty,Talcum Powder,Central,Gwalior,SUP-036,4.0,WH-CE-03,419.0,12.0,155.0,480.0,18.82,937.23,9.5,No,No,Winter,Sunny,801.94,0.0,1.0,236.23,0.086,15
ORD104499,2021-02-27,P-BEA-013,Beauty,Talcum Powder,North,Chandigarh,SUP-031,6.0,WH-NO-04,468.0,31.0,141.0,587.0,21.32,685.95,7.3,No,No,Spring,Cloudy,686.11,0.0,0.0,287.69,0.131,25
ORD104500,2021-08-06,P-ELE-011,Electronics,Smartwatch,West,Ahmedabad,SUP-019,10.0,WH-WE-03,257.0,15.0,83.0,345.0,11.8,2050.42,32.8,Yes,No,Autumn,Cloudy,2190.66,,2.0,501.22,0.089,26
ORD104501,2021-12-31,P-CLO-010,Clothing,Women's Kurti,East,Kolkata,SUP-002,8.0,WH-EA-03,461.0,24.0,139.0,599.0,19.65,783.88,30.8,Yes,No,Winter,Sunny,909.95,0.0,5.0,489.02,0.068,42
ORD104502,2024-02-18,P-FUR-003,Furniture,Office Chair,East,Ranchi,SUP-040,3.0,WH-EA-02,81.0,6.0,30.0,113.0,3.83,6985.55,13.4,No,No,Spring,Cloudy,6437.76,,1.0,276.62,0.051,4
ORD104503,2021-04-23,P-CLO-014,Clothing,Denim Jeans,North,Delhi,SUP-030,17.0,WH-NO-05,141.0,22.0,83.0,371.0,12.21,1075.68,3.2,No,No,Summer,Sunny,1170.32,,1.0,,0.097,16
ORD104504,2021-06-30,P-ELE-001,Electronics,Laptop Stand,East,Ranchi,SUP-001,3.0,WH-EA-01,98.0,6.0,33.0,193.0,6.22,6103.85,,No,No,Summer,Rainy,6231.31,0.0,1.0,294.69,0.255,6
ORD104505,2023-12-07,P-GRO-015,Grocery,Wheat Flour 5kg,East,Guwahati,SUP-009,2.0,WH-EA-04,512.0,39.0,301.0,1235.0,38.58,170.9,10.7,No,No,Winter,Sunny,165.58,0.0,0.0,218.03,0.066,68
ORD104506,2022-09-04,P-GRO-011,Grocery,Sugar 1kg,East,Ranchi,SUP-007,14.0,WH-EA-05,434.0,35.0,202.0,827.0,28.89,360.47,14.3,Yes,No,Autumn,Cloudy,330.31,0.0,4.0,599.85,0.084,28
ORD104507,2023-10-29,P-ELE-004,Electronics,Home Router,North,Delhi,SUP-037,9.0,WH-NO-05,144.0,11.0,85.0,297.0,9.59,5578.21,9.1,Yes,No,Autumn,Sunny,5317.64,0.0,0.0,382.13,0.155,17
ORD104508,2022-06-20,P-BEA-003,Beauty,Moisturizer Cream,West,Pune,SUP-039,7.0,WH-WE-04,602.0,8.0,157.0,738.0,27.89,1128.36,1.9,No,No,Autumn,Rainy,1180.11,0.0,3.0,,0.097,24
ORD104509,2021-05-11,P-GRO-011,Grocery,Masala Mix 200g,North,Delhi,SUP-017,9.0,WH-NO-04,1088.0,47.0,349.0,1294.0,51.42,238.12,31.9,No,No,Summer,,261.41,0.0,6.0,707.75,0.094,53
ORD104510,2023-05-23,P-CLO-013,Clothing,Kids Winter Jacket,East,Bhubaneswar,SUP-008,10.0,WH-EA-05,227.0,13.0,97.0,523.0,18.28,594.94,9.4,Yes,No,Summer,Stormy,465.28,0.0,3.0,487.13,0.095,15
ORD104511,2021-06-09,P-CLO-007,Clothing,Track Pants,South,Kochi,SUP-026,8.0,WH-SO-05,366.0,29.0,184.0,1018.0,25.89,1476.21,21.3,No,No,Summer,Sunny,1536.73,0.0,2.0,462.04,0.139,37
ORD104512,2022-12-01,P-SPO-001,Sports,Cricket Bat,South,Coimbatore,SUP-011,7.0,WH-SO-02,219.0,16.0,102.0,431.0,14.37,3033.16,,Yes,No,Winter,Rainy,2893.99,0.0,0.0,376.15,0.067,20
ORD104513,2024-07-10,P-ELE-008,Electronics,LED TV 43in,West,Surat,SUP-005,11.0,WH-WE-04,279.0,15.0,129.0,497.0,15.27,14737.74,3.5,Yes,No,Autumn,Sunny,14171.58,0.0,1.0,345.13,0.143,21
ORD104514,2021-09-25,P-ELE-008,Electronics,Home Router,North,Kanpur,SUP-011,6.0,WH-NO-03,128.0,6.0,62.0,277.0,8.25,7510.0,5.1,No,No,Autumn,Sunny,7760.24,0.0,0.0,177.32,0.091,6
ORD104515,2021-10-21,P-GRO-005,Grocery,Masala Mix 200g,Central,Bhopal,SUP-011,20.0,WH-CE-02,539.0,22.0,172.0,771.0,26.53,76.81,7.7,No,No,Autumn,Cloudy,88.61,0.0,2.0,643.49,0.007,28
ORD104516,2024-10-17,P-CLO-014,Clothing,Kids Winter Jacket,West,Surat,SUP-003,13.0,WH-WE-05,326.0,49.0,226.0,1097.0,31.84,687.39,13.2,Yes,No,Autumn,Sunny,647.91,0.0,0.0,459.89,0.051,48
ORD104517,2022-03-20,P-GRO-006,Grocery,Basmati Rice 5kg,South,Chennai,SUP-029,5.0,WH-SO-01,574.0,9.0,278.0,1088.0,34.57,524.87,20.6,No,No,Summer,Rainy,520.85,0.0,0.0,230.15,0.036,31
ORD104518,2022-06-29,P-BEA-004,Beauty,Face Wash 100ml,South,Coimbatore,SUP-015,9.0,WH-SO-01,462.0,37.0,100.0,644.0,19.36,109.62,30.6,Yes,No,Summer,Sunny,95.8,0.0,2.0,,0.019,27
ORD104519,2023-09-27,P-GRO-011,Grocery,Toor Dal 1kg,North,Jaipur,SUP-023,7.0,WH-NO-01,340.0,48.0,231.0,935.0,30.57,421.47,15.1,Yes,No,Autumn,Rainy,436.26,0.0,1.0,295.12,0.019,39
ORD104520,2021-07-07,P-ELE-010,Electronics,Home Router,Central,Gwalior,SUP-023,14.0,WH-CE-02,39.0,6.0,41.0,203.0,6.61,1505.03,23.9,No,No,Autumn,Cloudy,1421.95,0.0,2.0,463.7,0.143,7
ORD104521,2021-03-30,P-GRO-010,Grocery,Toor Dal 1kg,East,Bhubaneswar,SUP-031,13.0,WH-EA-03,,37.0,,1061.0,30.95,575.37,7.8,Yes,No,Summer,Cloudy,647.92,0.0,1.0,432.32,0.028,42
ORD104522,2024-05-17,P-BEA-008,Beauty,Talcum Powder,North,Jaipur,SUP-031,13.0,WH-NO-05,524.0,26.0,189.0,768.0,26.92,946.29,15.1,No,No,Summer,Cloudy,973.57,0.0,0.0,327.37,0.04,41
ORD104523,2024-10-16,P-BEA-005,Beauty,Sunscreen Lotion,East,Bhubaneswar,SUP-023,,WH-EA-05,378.0,25.0,143.0,819.0,26.42,273.07,10.5,Yes,No,Autumn,Cloudy,266.88,0.0,5.0,480.14,0.044,31
ORD104524,2024-12-13,P-BEA-004,Beauty,Herbal Shampoo 200ml,North,Jaipur,SUP-034,8.0,WH-NO-05,191.0,23.0,145.0,811.0,26.77,937.33,,No,No,Winter,Cloudy,916.61,0.0,2.0,427.27,0.132,23
ORD104525,2021-02-03,P-CLO-002,Clothing,Kids Winter Jacket,East,Bhubaneswar,SUP-023,10.0,WH-EA-04,217.0,16.0,158.0,625.0,20.54,2397.99,3.1,Yes,No,Spring,Cloudy,2467.96,0.0,0.0,421.02,0.035,30
ORD104526,2023-02-14,P-BEA-003,Beauty,Moisturizer Cream,East,Patna,SUP-002,11.0,WH-EA-03,598.0,34.0,183.0,897.0,27.93,1057.25,6.1,Yes,No,Winter,Cloudy,1115.7,0.0,2.0,,,58
ORD104527,2024-05-25,P-FUR-009,Furniture,Office Chair,North,Lucknow,SUP-035,8.0,WH-NO-04,85.0,3.0,30.0,136.0,4.38,19990.07,18.1,No,No,Summer,Rainy,18120.86,0.0,1.0,344.13,0.081,2
ORD104528,2024-05-19,P-GRO-007,Grocery,Sugar 1kg,West,Pune,SUP-031,,WH-WE-02,339.0,34.0,240.0,988.0,33.12,490.25,11.0,No,No,Summer,Sunny,484.42,0.0,1.0,269.38,0.151,29
ORD104529,2022-06-12,P-CLO-012,Clothing,Women's Kurti,South,Coimbatore,SUP-017,4.0,WH-SO-04,150.0,17.0,111.0,684.0,19.49,1520.8,10.7,Yes,No,Autumn,Sunny,1520.48,0.0,0.0,256.93,0.069,32
ORD104530,2022-12-18,P-BEA-013,Beauty,Talcum Powder,East,Ranchi,SUP-016,9.0,WH-EA-01,101.0,21.0,83.0,415.0,13.31,962.47,16.4,No,No,Winter,Cloudy,978.77,0.0,1.0,325.43,,17
ORD104531,2021-08-08,P-GRO-009,Grocery,Instant Noodles Pack,East,Kolkata,SUP-036,,WH-EA-05,386.0,45.0,205.0,950.0,33.76,357.66,9.0,No,No,Summer,Cloudy,395.02,0.0,,319.89,0.218,43
ORD104532,2021-07-23,P-FUR-002,Furniture,Dining Chair,Central,Bhopal,SUP-018,5.0,WH-CE-05,41.0,3.0,19.0,127.0,4.22,8625.92,8.9,No,No,Summer,Rainy,7642.2,0.0,1.0,264.23,0.044,3
ORD104533,2022-07-06,P-CLO-001,Clothing,Men's Cotton T-Shirt,East,,SUP-015,4.0,WH-EA-04,357.0,35.0,174.0,769.0,25.58,2042.4,6.5,No,No,Summer,Stormy,2198.59,0.0,,278.21,0.136,33
ORD104534,2021-12-03,P-CLO-004,Clothing,Woolen Sweater,Central,Gwalior,SUP-030,6.0,WH-CE-01,151.0,26.0,158.0,658.0,23.17,1199.1,0.1,No,No,Winter,Rainy,1234.06,,1.0,355.77,0.149,20
ORD104535,2024-11-22,P-ELE-005,Electronics,Bluetooth Speaker,South,Bengaluru,SUP-014,7.0,WH-SO-02,120.0,12.0,67.0,258.0,8.99,4482.25,5.6,No,No,Autumn,Cloudy,4303.75,0.0,0.0,295.87,0.026,9
ORD104536,2021-04-28,P-FUR-002,Furniture,Sofa Cushion Set,West,Pune,SUP-017,12.0,WH-WE-04,116.0,10.0,57.0,229.0,7.71,6354.55,12.8,No,No,Summer,,,0.0,1.0,490.21,0.072,9
ORD104537,2023-02-12,P-SPO-012,Sports,Football,North,Delhi,SUP-032,,WH-NO-03,52.0,8.0,72.0,439.0,13.92,3086.04,1.1,No,No,Winter,Sunny,2991.45,0.0,2.0,536.68,0.042,11
ORD104538,2023-03-25,P-ELE-006,Electronics,Power Bank 10000mAh,West,Mumbai,SUP-009,12.0,WH-WE-03,129.0,13.0,57.0,290.0,10.87,12785.99,32.2,Yes,No,Summer,Sunny,10932.17,0.0,1.0,368.76,0.095,12
ORD104539,2021-03-28,P-GRO-012,Grocery,Wheat Flour 5kg,North,Delhi,SUP-001,8.0,WH-NO-03,483.0,22.0,,720.0,22.69,303.21,7.7,No,No,Spring,Rainy,219.92,0.0,1.0,453.74,0.02,16
ORD104540,2022-10-06,P-ELE-004,Electronics,Laptop Stand,Central,Gwalior,SUP-014,3.0,WH-CE-05,77.0,13.0,59.0,239.0,8.14,13461.38,6.1,No,Yes,Autumn,Rainy,12151.41,0.0,0.0,115.11,0.038,12
ORD104541,2024-10-07,P-ELE-001,Electronics,LED TV 43in,Central,Jabalpur,SUP-007,4.0,WH-CE-01,187.0,6.0,50.0,209.0,7.8,13968.47,14.2,Yes,No,Autumn,Sunny,13360.36,0.0,0.0,316.12,0.063,10
ORD104542,2021-06-10,P-SPO-003,Sports,Cycling Helmet,South,Hyderabad,SUP-015,5.0,WH-SO-03,63.0,16.0,84.0,429.0,13.59,2020.7,7.5,No,No,Autumn,,2048.46,0.0,0.0,289.92,0.128,11
ORD104543,2021-07-29,P-CLO-008,Clothing,Cotton Saree,East,Kolkata,SUP-003,10.0,WH-EA-02,446.0,16.0,207.0,763.0,24.64,710.98,0.5,No,No,Autumn,Rainy,744.95,0.0,2.0,408.25,0.03,26
ORD104544,2021-08-30,P-GRO-008,Grocery,Toor Dal 1kg,East,Ranchi,SUP-024,5.0,WH-EA-04,497.0,63.0,288.0,1204.0,37.92,570.64,13.0,No,No,Autumn,Sunny,558.86,0.0,0.0,254.66,,41
ORD104545,2021-03-21,P-GRO-007,Grocery,Toor Dal 1kg,South,Chennai,SUP-021,11.0,WH-SO-02,919.0,55.0,365.0,1573.0,47.14,283.19,,No,No,Summer,Sunny,251.24,0.0,0.0,385.81,0.078,60
ORD104546,2024-07-16,P-SPO-015,Sports,Cricket Bat,West,Mumbai,SUP-011,11.0,WH-WE-02,233.0,13.0,118.0,570.0,16.03,3693.6,3.3,Yes,No,Autumn,Rainy,3581.16,0.0,1.0,379.7,0.032,23
ORD104547,2021-03-08,P-GRO-010,Grocery,Wheat Flour 5kg,West,Mumbai,SUP-026,8.0,WH-WE-01,379.0,76.0,310.0,1608.0,53.09,349.69,16.8,No,Yes,Summer,Sunny,343.58,0.0,1.0,401.55,0.08,86
ORD104548,2022-02-15,P-BEA-011,Beauty,Body Lotion 400ml,East,Patna,SUP-006,9.0,WH-EA-05,615.0,,223.0,838.0,28.68,753.23,8.1,No,No,Winter,Sunny,857.93,0.0,2.0,287.53,0.126,33
ORD104549,2024-04-22,P-GRO-002,Grocery,Instant Noodles Pack,North,Jaipur,SUP-001,5.0,WH-NO-02,1361.0,68.0,582.0,1792.0,60.35,233.55,5.5,No,No,Summer,Cloudy,243.95,0.0,,291.3,0.349,71
ORD104550,2024-12-25,P-ELE-007,Electronics,Home Router,Central,Indore,SUP-020,5.0,WH-CE-05,103.0,5.0,44.0,168.0,5.8,2846.48,5.8,,Yes,Winter,Rainy,2469.27,0.0,0.0,299.52,0.197,5
ORD104551,2021-08-12,P-FUR-010,Furniture,Study Table,North,Chandigarh,SUP-007,10.0,WH-NO-05,45.0,3.0,29.0,122.0,4.28,8581.76,3.5,Yes,No,Summer,Rainy,8365.47,0.0,2.0,428.04,0.051,5
ORD104552,2022-06-11,P-ELE-009,Electronics,LED TV 43in,East,Patna,SUP-035,9.0,WH-EA-05,,5.0,41.0,231.0,7.67,10570.83,29.0,Yes,No,Summer,Cloudy,11159.83,0.0,1.0,311.3,0.088,9
ORD104553,2021-09-19,P-FUR-015,Furniture,Dining Chair,North,Kanpur,SUP-013,,WH-NO-02,48.0,5.0,50.0,206.0,8.09,12337.63,8.1,No,No,Autumn,Rainy,12358.36,0.0,0.0,258.25,0.031,7
ORD104554,2021-10-09,P-GRO-008,Grocery,Wheat Flour 5kg,North,Jaipur,SUP-018,13.0,WH-NO-04,,66.0,381.0,1603.0,49.23,204.35,21.4,Yes,No,Autumn,Cloudy,177.8,0.0,0.0,424.51,0.056,72
ORD104555,2024-10-11,P-BEA-006,Beauty,Herbal Shampoo 200ml,North,Jaipur,SUP-012,4.0,WH-NO-05,176.0,28.0,159.0,645.0,20.73,234.98,19.9,No,No,Autumn,Cloudy,250.36,0.0,0.0,283.89,0.194,32
ORD104556,2022-05-09,P-BEA-015,Beauty,Moisturizer Cream,South,Hyderabad,SUP-018,10.0,WH-SO-01,390.0,15.0,136.0,798.0,23.05,1156.43,27.6,No,No,Summer,Sunny,1190.06,0.0,1.0,373.35,0.104,24
ORD104557,2023-06-13,P-BEA-006,Beauty,Talcum Powder,East,Bhubaneswar,SUP-004,9.0,WH-EA-01,,34.0,188.0,690.0,25.1,458.98,6.6,No,No,Summer,Sunny,453.22,0.0,2.0,452.4,0.217,31
ORD104558,2021-08-17,P-ELE-009,Electronics,Power Bank 10000mAh,East,Ranchi,SUP-038,19.0,WH-EA-02,80.0,6.0,39.0,224.0,6.51,,2.2,No,,Summer,Cloudy,6092.99,0.0,4.0,620.56,0.067,4
ORD104559,2022-02-21,P-FUR-001,Furniture,Study Table,West,Surat,SUP-007,6.0,WH-WE-05,127.0,6.0,56.0,234.0,7.1,10267.81,16.3,No,No,Winter,Sunny,11100.18,0.0,1.0,310.06,0.083,9
ORD104560,2022-06-12,P-SPO-003,Sports,Skipping Rope,West,Nagpur,SUP-016,14.0,WH-WE-01,112.0,14.0,93.0,333.0,12.22,4260.44,0.2,Yes,No,Summer,Sunny,3642.17,3.0,1.0,503.4,0.039,11
ORD104561,2023-05-07,P-GRO-001,Grocery,Tea Powder 500g,North,Delhi,SUP-034,11.0,WH-NO-04,531.0,42.0,350.0,1168.0,43.6,515.06,2.4,No,No,Summer,Sunny,451.02,1.0,4.0,465.14,0.044,33
ORD104562,2024-08-07,P-GRO-007,Grocery,Instant Noodles Pack,North,Kanpur,SUP-018,8.0,WH-NO-05,591.0,21.0,307.0,1473.0,47.4,185.86,14.3,No,No,Autumn,Sunny,174.93,0.0,,326.32,0.13,55
ORD104563,2021-12-22,P-BEA-014,Beauty,Sunscreen Lotion,East,Ranchi,SUP-029,4.0,WH-EA-05,179.0,10.0,90.0,370.0,11.62,131.05,7.6,Yes,No,Winter,Cloudy,134.22,,7.0,465.46,0.01,17
ORD104564,2023-08-01,P-ELE-002,Electronics,Laptop Stand,East,Guwahati,SUP-003,5.0,WH-EA-03,188.0,7.0,84.0,384.0,11.85,11243.74,17.0,No,No,Summer,Sunny,10016.74,0.0,2.0,410.78,0.006,13
ORD104565,2022-12-24,P-FUR-015,Furniture,Foldable Bed,East,Ranchi,SUP-012,4.0,WH-EA-03,106.0,4.0,62.0,235.0,8.34,2428.47,8.2,,,Winter,Sunny,2322.64,0.0,2.0,358.09,0.096,7
ORD104566,2024-03-07,P-BEA-014,Beauty,Hair Oil 250ml,South,Hyderabad,SUP-031,9.0,WH-SO-04,58.0,12.0,108.0,569.0,15.28,102.07,7.4,No,No,Summer,Rainy,99.28,2.0,0.0,414.41,0.14,12
ORD104567,2022-05-04,P-ELE-001,Electronics,Power Bank 10000mAh,West,Pune,SUP-011,9.0,WH-WE-04,127.0,9.0,56.0,243.0,9.12,12506.22,8.7,,No,Summer,Rainy,12849.57,0.0,1.0,461.31,0.169,10
ORD104568,2022-09-11,P-CLO-001,Clothing,Kids Winter Jacket,North,Jaipur,SUP-017,4.0,WH-NO-04,186.0,8.0,102.0,464.0,13.83,1261.5,17.5,Yes,No,Autumn,Cloudy,1233.56,,0.0,265.92,0.131,14
ORD104569,2023-06-29,P-CLO-014,Clothing,Men's Cotton T-Shirt,East,Guwahati,SUP-004,6.0,WH-EA-02,191.0,11.0,78.0,260.0,10.46,1177.72,15.0,Yes,No,Autumn,Sunny,1151.99,0.0,1.0,252.9,0.042,10
ORD104570,2022-10-10,P-GRO-009,Grocery,Basmati Rice 5kg,North,,SUP-021,9.0,WH-NO-05,350.0,50.0,289.0,1372.0,49.51,129.23,20.6,Yes,,Autumn,Cloudy,121.93,0.0,1.0,347.72,0.097,53
ORD104571,2024-01-14,P-SPO-003,Sports,Badminton Racket,East,Patna,SUP-014,8.0,WH-EA-03,494.0,24.0,148.0,639.0,19.54,2256.83,23.5,No,No,Winter,Cloudy,2453.45,0.0,0.0,285.81,0.119,28
ORD104572,2021-01-21,P-ELE-015,Electronics,Bluetooth Speaker,South,Chennai,SUP-035,7.0,WH-SO-02,237.0,9.0,76.0,355.0,10.06,4509.82,3.2,Yes,No,Winter,Sunny,4747.85,1.0,2.0,502.76,0.005,15
ORD104573,2022-05-25,P-GRO-009,Grocery,Instant Noodles Pack,West,Ahmedabad,SUP-016,3.0,WH-WE-04,1219.0,76.0,393.0,2088.0,62.46,450.42,10.7,Yes,No,Summer,Sunny,,0.0,1.0,311.66,0.036,67
ORD104574,2021-09-12,P-BEA-010,Beauty,Face Wash 100ml,North,Delhi,SUP-034,7.0,WH-NO-04,231.0,27.0,157.0,637.0,21.53,912.49,6.0,No,No,Autumn,Sunny,855.69,0.0,0.0,350.1,0.169,26
ORD104575,2021-07-30,P-ELE-011,Electronics,Home Router,East,Guwahati,SUP-037,16.0,WH-EA-01,85.0,3.0,35.0,147.0,5.51,7904.8,6.5,Yes,No,Autumn,Sunny,,0.0,1.0,575.46,,7
ORD104576,2021-03-19,P-BEA-004,Beauty,Face Wash 100ml,North,Delhi,SUP-034,1.0,WH-NO-01,303.0,32.0,160.0,710.0,20.96,1016.32,16.6,No,No,Spring,Sunny,1055.05,0.0,1.0,293.81,0.137,30
ORD104577,2022-06-04,P-ELE-006,Electronics,Bluetooth Speaker,West,Nagpur,SUP-030,3.0,WH-WE-01,202.0,14.0,63.0,307.0,10.4,5447.46,9.5,No,Yes,Autumn,Sunny,5191.43,0.0,1.0,304.36,0.065,18
ORD104578,2021-11-14,P-CLO-002,Clothing,Formal Shirt,North,Jaipur,SUP-024,9.0,WH-NO-03,293.0,21.0,194.0,796.0,23.14,1653.23,4.0,No,No,Autumn,Cloudy,1530.69,0.0,3.0,516.51,0.156,16
ORD104579,2024-01-13,P-ELE-008,Electronics,Smartwatch,North,Lucknow,SUP-020,5.0,WH-NO-05,168.0,9.0,106.0,425.0,12.68,7274.04,12.9,No,No,Winter,Cloudy,7442.04,0.0,2.0,242.52,0.07,17
ORD104580,2023-01-04,P-FUR-015,Furniture,Study Table,West,Pune,SUP-004,4.0,WH-WE-02,100.0,6.0,,157.0,4.96,8086.13,33.0,No,No,Winter,Cloudy,7240.07,0.0,1.0,231.16,0.067,5
ORD104581,2024-02-24,P-BEA-010,Beauty,Body Lotion 400ml,North,Jaipur,SUP-006,16.0,WH-NO-01,239.0,15.0,171.0,524.0,18.94,983.34,27.0,No,,Winter,Stormy,966.87,0.0,1.0,,0.037,24
ORD104582,2024-07-17,P-BEA-011,Beauty,Herbal Shampoo 200ml,North,Delhi,SUP-016,5.0,WH-NO-05,623.0,21.0,269.0,881.0,31.65,714.94,0.3,No,No,Autumn,Sunny,765.97,0.0,1.0,376.47,0.087,47
ORD104583,2024-02-22,P-SPO-003,Sports,Skipping Rope,West,Surat,SUP-027,11.0,WH-WE-04,260.0,13.0,116.0,464.0,14.54,2335.35,26.1,No,No,Winter,Rainy,2362.49,0.0,2.0,449.99,0.149,17
ORD104584,2022-09-07,P-FUR-009,Furniture,Foldable Bed,West,Ahmedabad,SUP-001,7.0,WH-WE-03,120.0,10.0,66.0,235.0,7.68,10598.67,36.2,No,No,Autumn,Sunny,9710.83,0.0,1.0,354.81,0.041,16
ORD104585,2024-11-24,P-BEA-015,Beauty,Talcum Powder,West,Pune,SUP-038,11.0,WH-WE-01,253.0,33.0,156.0,810.0,22.65,795.07,4.8,No,No,Autumn,,825.13,0.0,1.0,296.91,0.238,31
ORD104586,2022-07-17,P-CLO-002,Clothing,Woolen Sweater,South,Kochi,SUP-040,8.0,WH-SO-04,355.0,29.0,119.0,590.0,18.48,2298.9,17.9,No,No,Autumn,Cloudy,2188.37,0.0,1.0,431.88,0.1,20
ORD104587,2024-04-20,P-SPO-004,Sports,Skipping Rope,East,Guwahati,SUP-004,6.0,WH-EA-02,256.0,14.0,118.0,464.0,14.65,4522.7,3.1,No,No,Summer,Cloudy,4828.67,3.0,1.0,434.23,,14
ORD104588,2021-09-10,P-FUR-011,Furniture,Plastic Storage Rack,West,Mumbai,SUP-004,7.0,WH-WE-02,166.0,7.0,53.0,270.0,7.77,13770.93,11.9,No,No,Autumn,Cloudy,14331.84,0.0,1.0,265.0,0.074,8
ORD104589,2024-11-16,P-SPO-001,Sports,Badminton Racket,North,Jaipur,SUP-034,,WH-NO-02,222.0,19.0,156.0,554.0,19.63,3144.29,,No,No,Autumn,Cloudy,3056.97,0.0,3.0,252.93,0.049,20
ORD104590,2022-03-20,P-GRO-004,Grocery,Sugar 1kg,West,Ahmedabad,SUP-008,3.0,WH-WE-01,354.0,32.0,248.0,1272.0,40.11,512.64,10.4,No,No,Summer,Cloudy,481.89,0.0,0.0,294.53,0.182,38
ORD104591,2023-07-05,P-CLO-015,Clothing,Cotton Saree,North,Jaipur,SUP-008,4.0,WH-NO-03,103.0,22.0,173.0,757.0,27.43,783.76,36.7,No,No,Summer,Sunny,730.51,0.0,0.0,,0.073,19
ORD104592,2022-06-02,P-BEA-001,Beauty,Body Lotion 400ml,Central,Raipur,SUP-008,3.0,WH-CE-04,345.0,20.0,,755.0,22.99,1097.49,6.7,No,No,Autumn,Sunny,1324.86,0.0,2.0,123.22,0.094,35
ORD104593,2021-12-02,P-GRO-007,Grocery,Toor Dal 1kg,East,Ranchi,SUP-029,12.0,WH-EA-05,793.0,63.0,234.0,1399.0,40.09,560.25,4.5,No,No,Winter,Rainy,457.55,0.0,1.0,451.39,0.023,46
ORD104594,2022-04-27,P-GRO-005,Grocery,Toor Dal 1kg,East,Ranchi,SUP-006,6.0,WH-EA-04,463.0,20.0,197.0,821.0,26.72,416.86,19.6,No,No,Summer,Cloudy,358.16,0.0,0.0,273.71,0.047,31
ORD104595,2023-06-08,P-SPO-006,Sports,Cricket Bat,East,Kolkata,SUP-008,19.0,WH-EA-05,255.0,15.0,77.0,352.0,14.01,2695.5,13.5,No,No,Autumn,Sunny,2933.24,0.0,,490.27,0.032,14
ORD104596,2021-06-13,P-CLO-004,Clothing,Women's Kurti,North,Chandigarh,SUP-016,14.0,WH-NO-05,,23.0,116.0,648.0,19.51,467.23,7.1,No,No,Autumn,Stormy,500.37,1.0,0.0,320.5,0.082,25
ORD104597,2021-10-17,P-ELE-005,Electronics,Power Bank 10000mAh,South,Chennai,SUP-025,7.0,WH-SO-02,375.0,25.0,95.0,535.0,15.41,4926.74,13.1,Yes,No,Autumn,Stormy,5068.76,0.0,0.0,322.24,0.055,22
ORD104598,2024-09-05,P-GRO-012,Grocery,Masala Mix 200g,West,Ahmedabad,SUP-040,8.0,WH-WE-03,150.0,48.0,291.0,1236.0,44.26,241.61,9.6,No,No,Autumn,Cloudy,203.11,0.0,1.0,322.69,0.071,41
ORD104599,2021-05-05,P-GRO-001,Grocery,Tea Powder 500g,East,Kolkata,SUP-010,12.0,WH-EA-02,164.0,29.0,224.0,890.0,31.61,330.87,15.1,No,,Summer,Cloudy,345.13,1.0,1.0,402.31,0.178,23
ORD104600,2023-11-22,P-FUR-002,Furniture,Wooden Bookshelf,East,Bhubaneswar,SUP-011,8.0,WH-EA-04,131.0,5.0,62.0,225.0,6.81,19131.43,2.3,No,,Autumn,Sunny,17632.05,0.0,1.0,483.0,0.062,10
ORD104601,2022-03-17,P-SPO-004,Sports,Cricket Bat,North,Delhi,SUP-022,18.0,WH-NO-05,125.0,10.0,106.0,370.0,13.51,3764.58,29.9,No,No,Summer,Cloudy,3734.82,0.0,2.0,660.04,0.133,14
ORD104602,2022-04-12,P-SPO-013,Sports,Cricket Bat,West,Surat,SUP-017,6.0,WH-WE-05,80.0,12.0,,314.0,11.71,1757.67,12.2,No,No,Summer,,1814.88,0.0,1.0,394.46,0.053,12
ORD104603,2022-06-15,P-FUR-006,Furniture,Sofa Cushion Set,South,Hyderabad,SUP-025,6.0,WH-SO-01,47.0,4.0,29.0,113.0,4.13,19184.22,5.6,No,No,Autumn,Sunny,19961.7,0.0,3.0,,0.074,3
ORD104604,2022-07-14,P-FUR-001,Furniture,Sofa Cushion Set,North,Kanpur,SUP-010,7.0,WH-NO-03,18.0,4.0,,127.0,4.41,11009.62,31.2,No,No,Summer,Sunny,10436.51,0.0,0.0,270.78,0.056,3
ORD104605,2023-11-02,P-GRO-008,Grocery,Wheat Flour 5kg,Central,Jabalpur,SUP-025,5.0,WH-CE-01,334.0,24.0,164.0,672.0,20.73,152.45,4.5,No,No,Autumn,Rainy,168.12,0.0,0.0,268.49,0.037,18
ORD104606,2024-03-21,P-BEA-010,Beauty,Herbal Shampoo 200ml,East,Guwahati,SUP-038,2.0,WH-EA-02,252.0,16.0,147.0,593.0,19.34,829.99,4.2,No,No,Spring,Sunny,883.97,0.0,1.0,336.04,0.126,22
ORD104607,2022-06-15,P-GRO-007,Grocery,Basmati Rice 5kg,East,Bhubaneswar,SUP-028,8.0,WH-EA-03,310.0,46.0,264.0,1354.0,41.0,166.66,21.1,Yes,No,,Stormy,153.86,0.0,2.0,324.04,0.063,43
ORD104608,2021-09-08,P-ELE-002,Electronics,Laptop Stand,Central,,SUP-030,9.0,WH-CE-04,135.0,9.0,48.0,207.0,6.49,5622.83,3.4,No,No,Autumn,,5407.02,0.0,1.0,332.34,0.211,7
ORD104609,2021-01-05,P-SPO-014,Sports,Gym Dumbbells 5kg,South,Coimbatore,SUP-003,8.0,WH-SO-04,548.0,13.0,214.0,979.0,28.59,453.96,2.7,,No,Winter,Sunny,426.41,0.0,3.0,451.04,0.12,27
ORD104610,2023-11-25,P-SPO-013,Sports,Yoga Mat,Central,Bhopal,SUP-037,9.0,WH-CE-05,146.0,8.0,56.0,262.0,7.87,3599.03,21.5,No,No,Autumn,Stormy,3581.0,2.0,3.0,437.08,0.02,9
ORD104611,2024-09-01,P-GRO-014,Grocery,Sugar 1kg,West,Pune,SUP-029,6.0,WH-WE-02,1190.0,72.0,375.0,1357.0,50.55,542.94,7.5,Yes,No,Autumn,Sunny,570.27,0.0,1.0,279.49,0.072,80
ORD104612,2021-02-20,P-FUR-015,Furniture,Dining Chair,East,Ranchi,SUP-026,10.0,WH-EA-03,63.0,6.0,44.0,168.0,5.77,12028.18,6.0,Yes,No,Winter,Cloudy,10247.33,0.0,1.0,403.05,0.127,7
ORD104613,2023-05-12,P-CLO-005,Clothing,Kids Winter Jacket,North,Lucknow,SUP-007,6.0,WH-NO-01,172.0,14.0,165.0,607.0,17.85,1859.42,2.6,No,No,Summer,Sunny,1564.27,0.0,,255.3,0.103,16
ORD104614,2021-11-15,P-GRO-007,Grocery,Wheat Flour 5kg,North,Delhi,SUP-023,8.0,WH-NO-01,758.0,46.0,321.0,1221.0,38.88,516.86,4.0,Yes,No,Autumn,Cloudy,482.46,0.0,5.0,509.15,0.03,67
ORD104615,2021-11-04,P-GRO-015,Grocery,Basmati Rice 5kg,South,Kochi,SUP-028,8.0,WH-SO-05,482.0,54.0,384.0,1835.0,64.18,203.44,2.6,No,No,Autumn,Sunny,225.46,0.0,1.0,269.22,0.094,56
ORD104616,2024-04-25,P-ELE-007,Electronics,Power Bank 10000mAh,North,Kanpur,SUP-025,8.0,WH-NO-05,273.0,15.0,84.0,335.0,11.53,4666.31,19.9,No,No,Summer,Rainy,4754.99,0.0,1.0,404.33,0.121,17
ORD104617,2022-01-04,P-CLO-013,Clothing,Kids Winter Jacket,North,Jaipur,SUP-005,,WH-NO-05,228.0,31.0,254.0,900.0,27.46,250.88,8.6,No,,Winter,Stormy,282.53,0.0,3.0,453.32,0.07,34
ORD104618,2022-03-20,P-CLO-010,Clothing,Denim Jeans,East,Guwahati,SUP-002,7.0,WH-EA-02,85.0,20.0,95.0,373.0,12.82,2037.86,16.7,No,No,Spring,Sunny,2012.47,,0.0,202.69,0.077,14
ORD104619,2021-07-01,P-CLO-014,Clothing,Men's Cotton T-Shirt,West,Pune,SUP-020,2.0,WH-WE-04,307.0,24.0,220.0,826.0,24.6,1887.75,8.7,No,No,Summer,Sunny,1760.59,0.0,3.0,301.74,0.034,28
ORD104620,2024-08-13,P-GRO-001,Grocery,Instant Noodles Pack,North,Lucknow,SUP-029,15.0,WH-NO-02,170.0,54.0,462.0,1398.0,47.33,259.23,10.5,No,No,Summer,Cloudy,224.46,0.0,1.0,370.66,0.151,46
ORD104621,2024-08-17,P-SPO-011,Sports,Cycling Helmet,West,Nagpur,SUP-016,9.0,WH-WE-04,323.0,16.0,108.0,623.0,17.99,3336.51,24.6,No,No,Summer,Stormy,3115.19,0.0,0.0,316.54,0.033,13
ORD104622,2024-08-27,P-FUR-013,Furniture,Plastic Storage Rack,Central,Jabalpur,SUP-028,7.0,WH-CE-03,66.0,,23.0,111.0,3.3,40049.0,7.2,No,No,Autumn,,13698.51,0.0,0.0,272.99,0.202,9
ORD104623,2021-12-03,P-SPO-003,Sports,Yoga Mat,West,Ahmedabad,SUP-039,7.0,WH-WE-05,188.0,13.0,122.0,491.0,17.28,2314.14,21.2,No,No,Winter,Stormy,1865.16,1.0,0.0,328.36,0.158,16
ORD104624,2021-10-02,P-ELE-012,Electronics,Smartwatch,West,Pune,SUP-036,18.0,WH-WE-02,145.0,19.0,77.0,446.0,13.74,5037.88,10.7,Yes,Yes,Autumn,Rainy,4698.9,0.0,1.0,485.09,0.071,22
ORD104625,2024-10-06,P-FUR-003,Furniture,Dining Chair,West,Mumbai,SUP-026,7.0,WH-WE-04,153.0,9.0,71.0,218.0,8.37,16953.55,29.2,,No,Autumn,Cloudy,,0.0,0.0,327.01,0.113,10
ORD104626,2023-06-15,P-BEA-014,Beauty,Sunscreen Lotion,North,Delhi,SUP-030,14.0,WH-NO-04,329.0,,175.0,720.0,23.79,486.31,4.3,Yes,No,Autumn,Sunny,487.16,0.0,4.0,555.91,0.207,27
ORD104627,2022-01-22,P-GRO-014,Grocery,Basmati Rice 5kg,South,Hyderabad,SUP-004,11.0,WH-SO-04,438.0,42.0,175.0,997.0,33.18,577.34,12.7,Yes,No,Winter,Cloudy,575.39,0.0,4.0,667.94,0.071,67
ORD104628,2021-03-10,P-ELE-001,Electronics,Smartphone Charger,Central,Raipur,SUP-004,12.0,WH-CE-01,78.0,8.0,39.0,134.0,5.36,9007.1,5.6,No,No,Spring,Cloudy,9237.7,0.0,1.0,341.02,0.025,6
ORD104629,2024-03-13,P-GRO-008,Grocery,Basmati Rice 5kg,West,Surat,SUP-029,5.0,WH-WE-03,972.0,74.0,272.0,1091.0,44.08,265.59,18.5,No,No,Spring,Cloudy,231.11,0.0,1.0,218.85,0.116,55
ORD104630,2024-03-18,P-GRO-006,Grocery,Toor Dal 1kg,West,Nagpur,SUP-033,11.0,WH-WE-03,193.0,,394.0,1901.0,56.51,230.09,27.9,No,No,Summer,Sunny,209.2,0.0,2.0,444.35,0.061,58
ORD104631,2021-01-16,P-CLO-014,Clothing,Formal Shirt,Central,Indore,SUP-008,5.0,WH-CE-02,250.0,19.0,70.0,480.0,16.06,2108.06,37.0,No,No,Winter,Cloudy,2264.21,0.0,0.0,203.39,0.226,25
ORD104632,2022-11-30,P-GRO-005,Grocery,Tea Powder 500g,North,Delhi,SUP-024,5.0,WH-NO-05,599.0,56.0,296.0,1326.0,43.49,160.34,23.3,Yes,No,Autumn,Rainy,157.02,0.0,0.0,261.27,0.144,58
ORD104633,2022-12-08,P-GRO-011,Grocery,Instant Noodles Pack,South,Kochi,SUP-012,6.0,WH-SO-05,239.0,26.0,209.0,773.0,26.53,274.21,10.2,No,No,Winter,Cloudy,292.79,1.0,3.0,479.96,0.049,26
ORD104634,2022-11-10,P-FUR-002,Furniture,Study Table,East,Guwahati,SUP-005,15.0,WH-EA-01,27.0,2.0,19.0,98.0,2.91,15286.7,20.0,Yes,No,Autumn,Cloudy,15114.01,0.0,1.0,484.61,0.05,3
ORD104635,2022-06-24,P-ELE-004,Electronics,Home Router,North,Chandigarh,SUP-016,4.0,WH-NO-04,,13.0,51.0,253.0,9.93,9324.03,20.4,No,No,Summer,Sunny,9463.65,0.0,0.0,303.74,0.212,11
ORD104636,2022-04-25,P-GRO-015,Grocery,Wheat Flour 5kg,East,Kolkata,SUP-018,13.0,WH-EA-05,126.0,27.0,257.0,1207.0,37.09,249.99,17.7,No,,Summer,Sunny,260.56,0.0,1.0,397.16,0.022,28
ORD104637,2022-05-04,P-FUR-006,Furniture,Foldable Bed,West,Ahmedabad,SUP-032,3.0,WH-WE-02,94.0,8.0,49.0,259.0,7.22,14829.47,6.9,No,No,Summer,Sunny,14169.28,1.0,1.0,242.33,0.086,7
ORD104638,2024-09-06,P-ELE-012,Electronics,Smartphone Charger,East,Guwahati,SUP-035,9.0,WH-EA-04,135.0,5.0,51.0,,5.87,13874.46,32.5,No,Yes,Autumn,Sunny,13133.99,0.0,0.0,385.51,0.108,4
ORD104639,2024-12-20,P-GRO-015,Grocery,Wheat Flour 5kg,South,Kochi,SUP-038,,WH-SO-04,1262.0,65.0,475.0,1726.0,63.69,454.14,6.4,Yes,No,Winter,Cloudy,429.44,0.0,1.0,204.4,0.084,105
ORD104640,2021-06-13,P-GRO-015,Grocery,Instant Noodles Pack,West,Ahmedabad,SUP-005,13.0,WH-WE-01,332.0,20.0,248.0,1145.0,36.74,240.84,6.1,No,No,,Rainy,239.34,0.0,0.0,,0.018,40
ORD104641,2023-11-20,P-ELE-001,Electronics,Wireless Earbuds,North,Chandigarh,SUP-037,9.0,WH-NO-05,34.0,5.0,46.0,254.0,7.94,6346.24,10.2,No,No,Autumn,Sunny,6637.76,0.0,0.0,312.02,0.109,6
ORD104642,2023-04-18,P-CLO-004,Clothing,Formal Shirt,West,Pune,SUP-021,13.0,WH-WE-04,313.0,12.0,179.0,672.0,25.68,453.9,27.0,No,No,Summer,Sunny,439.13,0.0,1.0,389.34,0.064,27
ORD104643,2022-01-09,P-ELE-011,Electronics,Smartwatch,North,Chandigarh,SUP-007,11.0,WH-NO-02,100.0,18.0,89.0,285.0,9.86,10136.07,6.7,Yes,No,Winter,Rainy,11072.71,0.0,1.0,389.14,0.045,17
ORD104644,2021-09-29,P-GRO-014,Grocery,Tea Powder 500g,West,Mumbai,SUP-026,7.0,WH-WE-02,323.0,38.0,500.0,2336.0,67.6,302.07,9.4,No,No,Autumn,Sunny,344.35,0.0,1.0,322.87,0.172,57
ORD104645,2024-01-05,P-SPO-015,Sports,Badminton Racket,East,Kolkata,SUP-003,5.0,WH-EA-04,136.0,19.0,114.0,532.0,14.87,515.48,19.4,,No,Winter,Stormy,479.25,0.0,1.0,341.99,0.207,15
ORD104646,2022-06-17,P-SPO-011,Sports,Badminton Racket,South,Coimbatore,SUP-019,12.0,WH-SO-05,516.0,17.0,94.0,630.0,21.35,4718.32,7.7,Yes,No,Autumn,Cloudy,5166.91,0.0,0.0,389.23,0.095,30
ORD104647,2021-07-09,P-GRO-002,Grocery,Masala Mix 200g,East,Patna,SUP-034,6.0,WH-EA-01,763.0,9.0,249.0,949.0,31.22,226.75,30.5,No,No,Autumn,Rainy,226.43,0.0,0.0,231.05,0.137,23
ORD104648,2024-11-16,P-GRO-012,Grocery,Sunflower Oil 1L,North,Kanpur,SUP-039,16.0,WH-NO-02,428.0,,390.0,1701.0,54.93,225.66,5.0,No,No,Autumn,Cloudy,232.53,0.0,3.0,632.66,0.19,57
ORD104649,2024-09-14,P-CLO-005,Clothing,Formal Shirt,South,Chennai,SUP-012,3.0,WH-SO-04,99.0,22.0,88.0,271.0,12.5,708.35,10.2,No,No,Autumn,Stormy,700.76,0.0,0.0,331.01,0.057,15
ORD104650,2022-09-04,P-BEA-013,Beauty,Moisturizer Cream,West,Nagpur,SUP-007,5.0,WH-WE-01,610.0,21.0,196.0,756.0,27.25,1145.44,5.9,No,No,Autumn,Cloudy,1257.15,0.0,2.0,370.4,0.161,28
ORD104651,2022-09-15,P-BEA-009,Beauty,Body Lotion 400ml,West,Mumbai,SUP-024,12.0,WH-WE-05,,31.0,143.0,,19.89,1162.14,40.9,Yes,No,Autumn,Sunny,1194.44,0.0,0.0,438.54,0.05,40
ORD104652,2022-09-07,P-ELE-003,Electronics,Power Bank 10000mAh,North,Delhi,SUP-007,19.0,WH-NO-02,195.0,15.0,64.0,354.0,9.55,14509.66,17.7,No,No,Autumn,Rainy,14106.06,0.0,1.0,522.76,0.101,13
ORD104653,2021-10-06,P-ELE-013,Electronics,Power Bank 10000mAh,West,Ahmedabad,SUP-040,2.0,WH-WE-05,157.0,7.0,69.0,332.0,10.6,7422.33,1.9,No,No,Autumn,Sunny,7174.48,0.0,2.0,252.23,0.196,8
ORD104654,2021-06-04,P-GRO-015,Grocery,Basmati Rice 5kg,West,Nagpur,SUP-014,4.0,WH-WE-01,758.0,27.0,311.0,1934.0,56.24,188.17,25.6,No,No,Autumn,Cloudy,170.09,0.0,1.0,338.53,0.094,46
ORD104655,2022-02-03,P-SPO-008,Sports,Cricket Bat,West,Mumbai,SUP-008,7.0,WH-WE-05,78.0,11.0,97.0,433.0,14.71,3734.61,8.1,Yes,No,Spring,Sunny,3563.83,0.0,5.0,502.13,0.036,12
ORD104656,2022-07-20,P-SPO-013,Sports,Badminton Racket,South,,SUP-010,12.0,WH-SO-01,275.0,16.0,99.0,379.0,12.1,2112.06,,Yes,No,Autumn,Rainy,2318.25,0.0,2.0,468.43,0.032,17
ORD104657,2021-08-15,P-ELE-001,Electronics,Bluetooth Speaker,North,Lucknow,SUP-015,14.0,WH-NO-04,233.0,4.0,63.0,267.0,9.84,11863.96,9.2,Yes,Yes,Summer,Rainy,12891.85,0.0,0.0,403.78,0.119,13
ORD104658,2021-02-21,P-CLO-005,Clothing,Men's Cotton T-Shirt,Central,Gwalior,SUP-030,13.0,WH-CE-02,183.0,19.0,126.0,412.0,16.11,1491.22,8.8,Yes,No,Spring,Rainy,1414.86,0.0,3.0,569.9,0.181,15
ORD104659,2024-09-21,P-ELE-002,Electronics,Home Router,South,Hyderabad,SUP-035,24.0,WH-SO-03,60.0,8.0,48.0,219.0,,14570.48,14.6,No,No,Autumn,Sunny,13290.59,0.0,1.0,591.71,0.045,6
ORD104660,2024-07-06,P-FUR-005,Furniture,TV Unit,South,Coimbatore,SUP-030,10.0,WH-SO-01,100.0,6.0,43.0,223.0,7.79,9774.58,5.7,No,No,Summer,Stormy,10518.84,0.0,3.0,471.66,0.051,7
ORD104661,2022-03-23,P-SPO-006,Sports,Badminton Racket,West,Pune,SUP-026,8.0,WH-WE-04,326.0,11.0,87.0,392.0,13.21,1244.95,18.3,,No,Summer,Rainy,1287.69,0.0,,409.06,0.028,17
ORD104662,2023-06-17,P-CLO-007,Clothing,Track Pants,South,Chennai,SUP-011,7.0,WH-SO-04,340.0,25.0,214.0,754.0,26.89,986.42,7.8,Yes,No,Summer,Sunny,830.48,0.0,0.0,,0.072,37
ORD104663,2021-07-28,P-ELE-005,Electronics,Smartwatch,West,Surat,SUP-038,8.0,WH-WE-02,181.0,8.0,45.0,187.0,8.16,,3.7,No,No,Summer,Sunny,14782.77,0.0,2.0,384.76,0.068,12
ORD104664,2024-09-15,P-CLO-009,Clothing,Cotton Saree,North,Lucknow,SUP-040,7.0,WH-NO-03,388.0,36.0,216.0,777.0,24.32,2153.12,20.5,No,No,Autumn,Sunny,2155.13,0.0,2.0,510.19,0.122,28
ORD104665,2024-04-02,P-GRO-004,Grocery,Instant Noodles Pack,West,Surat,SUP-026,9.0,WH-WE-03,556.0,35.0,371.0,1094.0,40.12,323.96,15.7,,No,Summer,Sunny,368.06,0.0,1.0,442.29,0.142,58
ORD104666,2021-09-15,P-BEA-006,Beauty,Face Wash 100ml,Central,Bhopal,SUP-032,8.0,WH-CE-04,514.0,27.0,213.0,822.0,27.54,790.68,18.9,No,No,Autumn,Cloudy,801.7,0.0,0.0,347.32,0.232,40
ORD104667,2021-11-08,P-GRO-013,Grocery,Sunflower Oil 1L,Central,Indore,SUP-013,11.0,WH-CE-03,1260.0,63.0,340.0,1454.0,52.82,285.96,5.8,No,No,Autumn,Sunny,262.15,0.0,3.0,532.7,0.094,67
ORD104668,2022-05-02,P-SPO-009,Sports,Badminton Racket,Central,Bhopal,SUP-018,3.0,WH-CE-01,228.0,8.0,73.0,370.0,11.29,2910.12,15.4,No,No,Summer,Sunny,2955.3,0.0,0.0,349.21,0.109,13
ORD104669,2021-05-18,P-GRO-001,Grocery,Masala Mix 200g,West,Mumbai,SUP-033,13.0,WH-WE-03,1624.0,101.0,427.0,1662.0,68.0,81.67,6.7,Yes,No,Summer,Cloudy,72.08,0.0,0.0,,0.192,130
ORD104670,2022-05-22,P-ELE-005,Electronics,Smartwatch,South,Chennai,SUP-017,12.0,WH-SO-02,101.0,7.0,56.0,288.0,8.9,1943.15,5.3,No,No,Summer,Cloudy,1923.57,0.0,2.0,343.77,0.108,9
ORD104671,2023-09-04,P-GRO-013,Grocery,Toor Dal 1kg,Central,Raipur,SUP-031,10.0,WH-CE-03,167.0,39.0,233.0,974.0,34.41,561.8,20.2,No,No,,Rainy,512.9,0.0,0.0,261.46,0.023,25
ORD104672,2023-11-27,P-ELE-003,Electronics,Wireless Earbuds,Central,Bhopal,SUP-035,4.0,WH-CE-02,,7.0,37.0,209.0,7.28,3542.2,9.0,No,No,Autumn,Sunny,3484.27,0.0,0.0,205.07,0.114,5
ORD104673,2021-01-11,P-GRO-014,Grocery,Tea Powder 500g,East,Kolkata,SUP-038,7.0,WH-EA-02,203.0,28.0,208.0,838.0,28.19,241.84,2.5,No,No,Winter,Cloudy,246.64,0.0,0.0,343.0,0.085,33
ORD104674,2022-05-30,P-FUR-005,Furniture,Wooden Bookshelf,South,Kochi,SUP-012,8.0,WH-SO-02,159.0,13.0,48.0,245.0,8.33,17575.57,11.2,No,No,Summer,Rainy,17991.08,1.0,0.0,315.57,0.206,8
ORD104675,2024-05-01,P-ELE-010,Electronics,LED TV 43in,North,Chandigarh,SUP-020,4.0,WH-NO-02,84.0,10.0,56.0,310.0,9.17,4987.35,2.3,No,No,Summer,,4404.9,1.0,1.0,407.3,0.073,6
ORD104676,2024-06-25,P-ELE-008,Electronics,Home Router,East,Guwahati,SUP-016,7.0,WH-EA-04,51.0,,44.0,225.0,7.13,10544.26,27.9,Yes,No,Autumn,Cloudy,10000.34,0.0,0.0,359.81,0.076,8
ORD104677,2023-04-03,P-ELE-010,Electronics,Smartwatch,West,Surat,SUP-021,17.0,WH-WE-02,182.0,6.0,60.0,272.0,8.08,10334.42,5.3,Yes,No,Summer,Rainy,8701.37,0.0,0.0,459.73,0.005,12
ORD104678,2023-12-11,P-ELE-012,Electronics,Smartphone Charger,South,,SUP-030,7.0,WH-SO-04,362.0,22.0,133.0,505.0,16.25,2747.56,6.5,No,No,Winter,Cloudy,2884.03,0.0,1.0,344.4,0.139,25
ORD104679,2021-12-27,P-SPO-003,Sports,Cricket Bat,South,Coimbatore,SUP-013,9.0,WH-SO-03,59.0,17.0,87.0,428.0,14.65,399.93,12.4,Yes,No,Winter,Rainy,406.42,0.0,1.0,354.74,0.214,14
ORD104680,2024-06-22,P-SPO-006,Sports,Badminton Racket,East,Ranchi,SUP-010,8.0,WH-EA-04,188.0,9.0,90.0,319.0,10.91,2448.86,4.9,No,No,Summer,Rainy,2218.69,0.0,0.0,301.27,0.23,9
ORD104681,2022-11-23,P-ELE-009,Electronics,Wireless Earbuds,North,Chandigarh,SUP-011,14.0,WH-NO-01,140.0,16.0,69.0,296.0,11.94,7180.74,3.9,No,No,Autumn,Sunny,7988.37,0.0,,455.04,0.128,21
ORD104682,2023-10-08,P-BEA-004,Beauty,Lipstick Set,Central,Jabalpur,SUP-031,4.0,WH-CE-02,278.0,23.0,189.0,1069.0,30.29,722.71,10.7,No,No,Autumn,Rainy,749.69,0.0,2.0,,0.058,28
ORD104683,2022-01-19,P-BEA-006,Beauty,Lipstick Set,South,Kochi,SUP-040,5.0,WH-SO-05,287.0,18.0,194.0,714.0,24.47,1130.54,13.0,Yes,No,,Cloudy,1121.02,0.0,3.0,302.82,0.048,30
ORD104684,2021-09-10,P-SPO-014,Sports,Cycling Helmet,North,,SUP-005,10.0,WH-NO-05,257.0,15.0,85.0,393.0,16.21,4945.45,14.5,Yes,No,Autumn,Stormy,4758.19,0.0,1.0,380.43,0.17,17
ORD104685,2023-02-18,P-GRO-004,Grocery,Wheat Flour 5kg,North,Delhi,SUP-040,8.0,WH-NO-01,953.0,39.0,276.0,1138.0,42.95,466.65,16.6,No,No,Spring,Cloudy,,0.0,2.0,410.43,0.054,31
ORD104686,2023-02-03,P-GRO-003,Grocery,Wheat Flour 5kg,West,Surat,SUP-002,11.0,WH-WE-05,596.0,18.0,232.0,958.0,38.53,548.81,15.5,No,No,Spring,Rainy,514.16,0.0,1.0,393.52,0.086,25
ORD104687,2023-04-16,P-CLO-009,Clothing,Kids Winter Jacket,West,Nagpur,SUP-022,4.0,WH-WE-05,430.0,17.0,129.0,541.0,19.75,1281.26,9.4,No,No,Summer,Sunny,1401.59,0.0,0.0,223.72,0.028,22
ORD104688,2024-03-26,P-BEA-002,Beauty,Hair Oil 250ml,North,Chandigarh,SUP-006,22.0,WH-NO-01,134.0,23.0,125.0,620.0,19.84,955.88,38.4,No,No,Spring,Cloudy,976.87,0.0,2.0,690.7,0.063,15
ORD104689,2024-02-02,P-BEA-001,Beauty,Face Wash 100ml,North,Kanpur,SUP-039,8.0,WH-NO-02,324.0,30.0,178.0,806.0,34.45,230.59,11.7,No,No,Winter,Rainy,211.24,0.0,1.0,,0.362,27
ORD104690,2022-03-17,P-CLO-014,Clothing,Men's Cotton T-Shirt,South,Hyderabad,SUP-031,8.0,WH-SO-01,479.0,22.0,169.0,743.0,22.15,1216.34,15.6,No,No,Summer,Stormy,1342.53,0.0,1.0,352.33,0.112,35
ORD104691,2022-11-12,P-GRO-005,Grocery,Sunflower Oil 1L,North,Chandigarh,SUP-015,14.0,WH-NO-05,568.0,36.0,380.0,1427.0,51.55,56.27,4.8,No,Yes,Autumn,Sunny,55.86,0.0,3.0,489.96,0.047,76
ORD104692,2021-05-05,P-BEA-002,Beauty,Body Lotion 400ml,West,Nagpur,SUP-028,6.0,WH-WE-05,166.0,24.0,176.0,643.0,22.22,1153.99,14.7,No,No,Summer,Sunny,1069.15,0.0,7.0,516.79,0.073,16
ORD104693,2024-02-24,P-BEA-010,Beauty,Herbal Shampoo 200ml,North,Delhi,SUP-034,9.0,WH-NO-04,653.0,34.0,197.0,880.0,29.97,896.8,4.9,No,No,Spring,Stormy,1038.53,0.0,2.0,460.78,0.024,31
ORD104694,2021-07-17,P-GRO-008,Grocery,Masala Mix 200g,East,Bhubaneswar,SUP-009,13.0,WH-EA-02,127.0,51.0,247.0,941.0,35.81,117.82,26.9,No,No,Summer,Cloudy,107.5,0.0,1.0,381.18,0.055,34
ORD104695,2021-04-12,P-FUR-007,Furniture,Plastic Storage Rack,South,Bengaluru,SUP-026,9.0,WH-SO-05,74.0,,37.0,148.0,4.65,13757.12,27.5,No,No,Summer,Sunny,12848.89,0.0,0.0,417.39,0.052,5
ORD104696,2023-01-31,P-GRO-007,Grocery,Masala Mix 200g,South,Coimbatore,SUP-012,9.0,WH-SO-05,452.0,37.0,294.0,1029.0,40.6,154.8,15.4,No,No,Winter,Cloudy,154.8,0.0,0.0,372.81,0.104,39
ORD104697,2024-09-08,P-CLO-003,Clothing,Women's Kurti,South,Kochi,SUP-029,15.0,WH-SO-05,284.0,39.0,262.0,1126.0,32.93,665.69,27.3,No,Yes,Autumn,Rainy,682.85,0.0,0.0,413.94,0.12,53
ORD104698,2022-07-04,P-CLO-013,Clothing,Formal Shirt,North,Kanpur,SUP-023,14.0,WH-NO-02,325.0,13.0,105.0,353.0,13.39,1514.56,19.5,No,No,Autumn,Stormy,1423.34,0.0,2.0,445.51,0.029,15
ORD104699,2021-09-29,P-BEA-001,Beauty,Herbal Shampoo 200ml,North,Lucknow,SUP-029,20.0,WH-NO-04,388.0,30.0,178.0,742.0,,912.91,3.3,No,No,Autumn,,751.45,0.0,1.0,564.5,0.055,20
ORD104700,2021-09-27,P-SPO-008,Sports,Skipping Rope,North,Jaipur,SUP-026,6.0,WH-NO-04,377.0,21.0,121.0,470.0,17.08,3774.23,22.5,No,No,Autumn,Rainy,3784.04,0.0,0.0,,0.253,20
ORD104701,2024-05-07,P-CLO-005,Clothing,Kids Winter Jacket,North,Kanpur,SUP-026,10.0,WH-NO-01,293.0,14.0,146.0,694.0,21.12,1028.38,19.6,No,No,Summer,Cloudy,942.33,0.0,1.0,363.2,0.212,17
ORD104702,2023-08-23,P-GRO-010,Grocery,Basmati Rice 5kg,Central,Jabalpur,SUP-004,4.0,WH-CE-03,778.0,25.0,267.0,983.0,37.57,537.2,5.4,,No,Summer,Sunny,521.77,0.0,0.0,224.45,0.047,41
ORD104703,2022-12-24,P-GRO-009,Grocery,Sugar 1kg,South,Hyderabad,SUP-035,3.0,WH-SO-03,225.0,22.0,169.0,888.0,26.28,350.12,3.8,No,No,Winter,Rainy,327.43,0.0,3.0,379.76,0.025,20
ORD104704,2024-09-16,P-ELE-006,Electronics,Home Router,South,Bengaluru,SUP-007,9.0,WH-SO-03,83.0,3.0,51.0,252.0,6.99,6789.83,10.5,Yes,No,Autumn,Sunny,6201.22,0.0,3.0,412.93,0.121,12
ORD104705,2021-06-02,P-GRO-009,Grocery,Sugar 1kg,North,Chandigarh,SUP-016,5.0,WH-NO-02,546.0,79.0,364.0,1285.0,50.58,221.02,4.9,No,No,Autumn,Sunny,216.31,0.0,0.0,280.5,,51
ORD104706,2023-06-20,P-ELE-004,Electronics,Power Bank 10000mAh,West,Surat,SUP-021,10.0,WH-WE-04,154.0,9.0,89.0,334.0,13.99,10596.13,21.6,No,Yes,Autumn,Sunny,10060.3,0.0,0.0,414.89,0.097,9
ORD104707,2022-06-10,P-CLO-002,Clothing,Denim Jeans,Central,Gwalior,SUP-034,4.0,WH-CE-05,217.0,20.0,111.0,432.0,15.03,1263.69,7.7,No,No,Summer,Sunny,1178.76,0.0,0.0,223.01,0.052,20
ORD104708,2021-12-08,P-ELE-014,Electronics,Bluetooth Speaker,West,Pune,SUP-026,14.0,WH-WE-04,41.0,8.0,94.0,,11.34,4505.46,23.3,No,No,Winter,Sunny,4853.5,1.0,,429.68,0.064,10
ORD104709,2024-09-03,P-GRO-010,Grocery,Instant Noodles Pack,East,Patna,SUP-008,12.0,WH-EA-05,658.0,53.0,282.0,1165.0,40.3,74.26,28.6,No,No,Autumn,Stormy,68.35,0.0,1.0,534.25,0.052,38
ORD104710,2024-10-29,P-BEA-010,Beauty,Sunscreen Lotion,West,Surat,SUP-012,7.0,WH-WE-04,142.0,33.0,174.0,709.0,24.65,541.03,12.1,Yes,No,Autumn,Sunny,,3.0,1.0,331.48,0.043,30
ORD104711,2024-05-04,P-GRO-015,Grocery,Tea Powder 500g,South,Hyderabad,SUP-008,5.0,WH-SO-02,365.0,20.0,306.0,1345.0,42.5,69.52,7.0,No,Yes,Summer,Cloudy,69.31,0.0,3.0,440.21,0.198,43
ORD104712,2021-08-05,P-FUR-014,Furniture,Dining Chair,West,Ahmedabad,SUP-024,12.0,WH-WE-04,72.0,4.0,23.0,139.0,4.53,,9.6,No,,Autumn,Sunny,3843.97,0.0,1.0,411.61,0.023,4
ORD104713,2023-11-22,P-SPO-009,Sports,Gym Dumbbells 5kg,West,Nagpur,SUP-029,4.0,WH-WE-04,518.0,33.0,145.0,542.0,21.84,4929.17,8.6,No,No,Autumn,Rainy,4488.42,0.0,0.0,239.17,,24
ORD104714,2022-06-08,P-CLO-012,Clothing,Women's Kurti,North,Delhi,SUP-029,7.0,WH-NO-05,430.0,22.0,200.0,581.0,21.18,860.41,3.4,Yes,No,Autumn,Cloudy,857.69,0.0,2.0,436.84,0.017,31
ORD104715,2022-07-09,P-ELE-008,Electronics,Smartphone Charger,East,Patna,SUP-031,13.0,WH-EA-02,102.0,14.0,78.0,372.0,11.06,4176.41,8.1,Yes,No,Summer,Stormy,4150.68,0.0,1.0,508.03,0.219,13
ORD104716,2021-10-11,P-GRO-004,Grocery,Instant Noodles Pack,South,Kochi,SUP-029,10.0,WH-SO-01,755.0,33.0,184.0,912.0,30.3,367.63,1.5,Yes,No,Autumn,Sunny,344.45,0.0,2.0,361.67,,42
ORD104717,2023-05-11,P-CLO-010,Clothing,Women's Kurti,North,Kanpur,SUP-037,10.0,WH-NO-04,85.0,26.0,143.0,605.0,20.5,1619.91,6.9,Yes,No,Summer,Cloudy,1616.54,0.0,0.0,219.24,0.068,19
ORD104718,2024-06-06,P-CLO-014,Clothing,Cotton Saree,West,Pune,SUP-037,6.0,WH-WE-04,51.0,22.0,103.0,417.0,16.14,2135.64,9.7,No,No,Summer,Sunny,2181.38,0.0,2.0,407.77,0.088,12
ORD104719,2021-12-06,P-ELE-014,Electronics,Bluetooth Speaker,North,Kanpur,SUP-011,14.0,WH-NO-04,107.0,14.0,108.0,478.0,15.0,9273.49,17.0,No,No,Winter,,9708.85,0.0,1.0,529.09,0.022,20
ORD104720,2023-02-25,P-CLO-008,Clothing,Kids Winter Jacket,West,Pune,SUP-013,8.0,WH-WE-04,451.0,41.0,294.0,1212.0,40.91,296.25,17.5,No,No,Spring,Cloudy,312.04,0.0,1.0,360.39,0.007,36
ORD104721,2023-08-05,P-CLO-015,Clothing,Women's Kurti,Central,Bhopal,SUP-003,12.0,WH-CE-03,516.0,21.0,160.0,682.0,23.03,769.56,1.2,No,No,Autumn,Rainy,844.0,0.0,2.0,440.82,0.052,27
ORD104722,2023-07-11,P-GRO-003,Grocery,Wheat Flour 5kg,East,Patna,SUP-011,2.0,WH-EA-01,542.0,16.0,198.0,815.0,25.0,436.72,8.6,No,No,Summer,Sunny,440.48,0.0,0.0,232.11,0.097,27
ORD104723,2022-01-17,P-FUR-001,Furniture,Sofa Cushion Set,South,Hyderabad,SUP-021,13.0,WH-SO-05,76.0,6.0,27.0,126.0,4.74,12569.97,1.2,No,No,Winter,Cloudy,11173.24,0.0,2.0,527.23,0.073,6
ORD104724,2021-02-12,P-ELE-007,Electronics,Smartphone Charger,East,Kolkata,SUP-027,8.0,WH-EA-02,94.0,8.0,59.0,268.0,8.08,1976.18,9.8,Yes,No,Winter,Cloudy,1929.43,0.0,1.0,393.56,0.072,11
ORD104725,2024-04-26,P-GRO-004,Grocery,Wheat Flour 5kg,West,Mumbai,SUP-036,7.0,WH-WE-02,207.0,60.0,354.0,1339.0,43.76,262.06,8.5,No,No,Summer,Cloudy,235.45,0.0,0.0,247.79,0.128,42
ORD104726,2023-05-22,P-BEA-015,Beauty,Talcum Powder,South,Coimbatore,SUP-024,16.0,WH-SO-05,251.0,46.0,194.0,959.0,28.94,109.29,33.7,No,No,Summer,Rainy,116.68,0.0,0.0,362.36,0.024,40
ORD104727,2023-10-27,P-GRO-002,Grocery,Sunflower Oil 1L,South,Coimbatore,SUP-039,11.0,WH-SO-04,684.0,40.0,374.0,1375.0,47.69,208.17,12.1,No,No,Autumn,Cloudy,231.04,0.0,1.0,307.83,0.04,49
ORD104728,2023-02-17,P-FUR-009,Furniture,Foldable Bed,East,Guwahati,SUP-023,3.0,WH-EA-03,22.0,4.0,,152.0,4.52,7245.34,15.5,No,No,Spring,Rainy,7241.79,0.0,1.0,291.17,0.077,4
ORD104729,2022-07-19,P-GRO-012,Grocery,Sunflower Oil 1L,Central,Jabalpur,SUP-035,13.0,WH-CE-04,502.0,24.0,173.0,626.0,,493.61,14.7,No,No,Summer,Rainy,539.51,0.0,1.0,527.44,0.023,36
ORD104730,2022-01-03,P-GRO-002,Grocery,Sugar 1kg,South,Chennai,SUP-033,13.0,WH-SO-01,760.0,52.0,180.0,921.0,36.06,526.05,16.5,No,No,Winter,Rainy,572.09,0.0,0.0,253.18,0.081,47
ORD104731,2023-08-22,P-SPO-001,Sports,Football,South,Kochi,SUP-020,15.0,WH-SO-02,98.0,10.0,105.0,442.0,16.42,2161.27,9.8,No,No,Summer,Sunny,2213.78,0.0,0.0,367.17,0.177,15
ORD104732,2024-04-29,P-GRO-009,Grocery,Tea Powder 500g,Central,Indore,SUP-035,3.0,WH-CE-02,266.0,19.0,115.0,472.0,17.23,260.92,16.0,Yes,No,Summer,Rainy,271.91,0.0,0.0,302.67,0.19,23
ORD104733,2022-04-21,P-GRO-014,Grocery,Toor Dal 1kg,North,Kanpur,SUP-035,3.0,WH-NO-03,492.0,22.0,368.0,1305.0,39.56,461.51,7.9,No,No,Summer,Stormy,496.54,0.0,1.0,234.97,,45
ORD104734,2021-02-05,P-SPO-001,Sports,Running Shoes,North,Jaipur,SUP-013,2.0,WH-NO-02,213.0,22.0,108.0,366.0,15.34,709.49,,Yes,No,Winter,Sunny,630.25,0.0,0.0,267.52,0.092,20
ORD104735,2021-08-16,P-BEA-001,Beauty,Face Wash 100ml,East,Patna,SUP-009,5.0,WH-EA-01,99.0,24.0,126.0,637.0,19.67,398.91,28.1,Yes,No,Summer,Cloudy,406.82,0.0,4.0,391.11,0.125,28
ORD104736,2023-04-27,P-FUR-014,Furniture,Foldable Bed,North,Lucknow,SUP-005,7.0,WH-NO-04,123.0,5.0,51.0,200.0,6.76,5256.74,24.8,Yes,No,Summer,Rainy,5489.76,0.0,0.0,,0.155,9
ORD104737,2021-12-10,P-ELE-010,Electronics,Smartwatch,North,Chandigarh,SUP-037,8.0,WH-NO-03,211.0,19.0,81.0,325.0,12.36,10297.73,26.2,No,No,Winter,Sunny,9115.96,1.0,1.0,390.95,0.09,11
ORD104738,2024-04-04,P-ELE-011,Electronics,Smartphone Charger,East,Bhubaneswar,SUP-018,7.0,WH-EA-02,74.0,6.0,64.0,,7.96,7039.89,12.3,No,No,Summer,Cloudy,8116.84,0.0,5.0,429.15,0.02,9
ORD104739,2022-02-01,P-FUR-005,Furniture,Wooden Bookshelf,East,Patna,SUP-023,12.0,WH-EA-05,94.0,8.0,69.0,206.0,8.02,13503.71,9.9,No,No,Spring,Cloudy,14683.95,0.0,0.0,370.91,0.066,9
ORD104740,2022-12-23,P-GRO-005,Grocery,Sugar 1kg,East,Patna,SUP-011,3.0,WH-EA-02,676.0,10.0,218.0,986.0,30.44,528.2,20.1,No,No,Winter,Rainy,574.71,0.0,1.0,274.98,0.138,37
ORD104741,2021-11-28,P-GRO-008,Grocery,Tea Powder 500g,South,Kochi,SUP-016,9.0,WH-SO-01,469.0,45.0,194.0,1269.0,37.72,259.31,14.8,No,No,Autumn,Sunny,267.79,0.0,3.0,563.36,0.057,37
ORD104742,2022-10-27,P-BEA-004,Beauty,Sunscreen Lotion,East,Guwahati,SUP-017,5.0,WH-EA-05,483.0,18.0,135.0,472.0,19.63,464.22,14.4,No,No,Autumn,Sunny,428.99,0.0,2.0,315.21,0.053,16
ORD104743,2023-09-19,P-GRO-007,Grocery,Masala Mix 200g,East,Kolkata,SUP-024,21.0,WH-EA-01,1348.0,54.0,392.0,1525.0,57.44,138.41,32.7,,Yes,Autumn,Sunny,124.36,0.0,1.0,518.48,0.009,73
ORD104744,2024-03-08,P-ELE-015,Electronics,Bluetooth Speaker,West,Surat,SUP-008,8.0,WH-WE-01,320.0,9.0,115.0,446.0,13.22,8416.1,3.4,No,Yes,Summer,Sunny,8349.3,0.0,1.0,398.33,0.062,21
ORD104745,2023-12-17,P-ELE-012,Electronics,Power Bank 10000mAh,West,Mumbai,SUP-032,5.0,WH-WE-03,17.0,,49.0,198.0,6.54,12188.24,4.5,Yes,No,Winter,Sunny,12867.68,0.0,1.0,334.44,0.149,5
ORD104746,2023-01-12,P-CLO-014,Clothing,Woolen Sweater,West,Ahmedabad,SUP-016,10.0,WH-WE-03,483.0,18.0,144.0,695.0,21.92,1774.03,1.9,No,No,Winter,Cloudy,,0.0,0.0,304.03,0.078,23
ORD104747,2022-10-30,P-FUR-008,Furniture,Foldable Bed,West,Mumbai,SUP-010,18.0,WH-WE-02,79.0,8.0,46.0,163.0,5.44,13381.63,12.0,No,No,Autumn,Rainy,15212.48,0.0,4.0,589.61,0.069,9
ORD104748,2022-04-21,P-SPO-012,Sports,Football,West,Surat,SUP-001,5.0,WH-WE-05,95.0,25.0,152.0,709.0,22.12,4836.02,29.9,No,No,Summer,Stormy,4715.81,0.0,2.0,300.49,0.021,21
ORD104749,2024-12-14,P-ELE-007,Electronics,Bluetooth Speaker,North,Delhi,SUP-005,5.0,WH-NO-02,123.0,6.0,54.0,206.0,7.89,3369.8,17.1,No,No,Winter,Stormy,3272.74,0.0,1.0,296.98,0.058,8
ORD104750,2023-12-08,P-ELE-010,Electronics,Wireless Earbuds,Central,Indore,SUP-011,6.0,WH-CE-05,154.0,,50.0,,7.79,3781.24,28.4,Yes,No,Winter,Stormy,3783.59,0.0,1.0,354.76,0.066,8
ORD104751,2024-07-25,P-CLO-011,Clothing,Cotton Saree,West,Mumbai,SUP-030,15.0,WH-WE-04,191.0,23.0,120.0,428.0,14.66,1839.94,12.1,No,No,Summer,Sunny,1669.75,1.0,1.0,,0.145,14
ORD104752,2023-12-17,P-GRO-013,Grocery,Wheat Flour 5kg,South,Bengaluru,SUP-035,5.0,WH-SO-01,919.0,,296.0,1339.0,46.05,252.63,5.9,No,No,Winter,Sunny,282.98,0.0,0.0,235.47,0.101,44
ORD104753,2021-05-08,P-CLO-014,Clothing,Woolen Sweater,North,Delhi,SUP-039,7.0,WH-NO-03,681.0,43.0,244.0,814.0,31.77,912.12,15.2,No,No,Summer,Sunny,893.87,0.0,0.0,392.29,,37
ORD104754,2022-01-23,P-SPO-002,Sports,Running Shoes,East,Bhubaneswar,SUP-012,3.0,WH-EA-01,136.0,12.0,75.0,253.0,10.09,4366.66,8.5,No,No,Winter,Cloudy,4455.12,0.0,5.0,433.27,0.076,14
ORD104755,2022-11-04,P-CLO-012,Clothing,Formal Shirt,South,Kochi,SUP-026,17.0,WH-SO-05,424.0,26.0,194.0,805.0,27.49,893.91,9.8,No,No,Autumn,Stormy,952.14,0.0,3.0,620.04,0.101,36
ORD104756,2022-04-05,P-GRO-011,Grocery,Sunflower Oil 1L,West,Pune,SUP-011,6.0,WH-WE-04,784.0,33.0,319.0,1341.0,40.14,84.22,4.9,No,No,Summer,Sunny,79.15,0.0,1.0,343.28,0.085,37
ORD104757,2024-08-20,P-SPO-012,Sports,Cricket Bat,East,Guwahati,SUP-006,16.0,WH-EA-03,33.0,14.0,97.0,342.0,11.28,2943.93,13.7,No,No,Summer,,3009.26,0.0,1.0,475.39,0.113,12
ORD104758,2022-12-20,P-ELE-001,Electronics,Laptop Stand,North,Chandigarh,SUP-022,12.0,WH-NO-04,236.0,15.0,64.0,302.0,11.28,13595.34,9.8,Yes,No,Winter,Cloudy,13587.0,0.0,2.0,,0.028,18
ORD104759,2021-11-18,P-SPO-008,Sports,Skipping Rope,South,Chennai,SUP-026,12.0,WH-SO-04,61.0,14.0,72.0,310.0,10.61,1380.26,3.4,No,No,Autumn,Sunny,1487.96,0.0,1.0,400.57,0.053,14
ORD104760,2023-05-24,P-CLO-015,Clothing,Denim Jeans,West,Mumbai,SUP-031,18.0,WH-WE-03,316.0,24.0,121.0,518.0,17.94,1930.33,5.3,No,No,Summer,Rainy,1931.63,1.0,1.0,518.68,0.097,22
ORD104761,2022-07-07,P-CLO-014,Clothing,Men's Cotton T-Shirt,North,Jaipur,SUP-005,5.0,WH-NO-02,147.0,9.0,113.0,431.0,,1506.31,4.7,No,No,Summer,Sunny,1162.04,0.0,4.0,357.3,0.124,9
ORD104762,2021-07-06,P-SPO-004,Sports,Yoga Mat,West,Mumbai,SUP-030,17.0,WH-WE-02,557.0,18.0,148.0,718.0,23.17,3772.11,2.7,No,No,Autumn,Sunny,3490.12,0.0,1.0,421.58,0.015,32
ORD104763,2024-10-15,P-CLO-008,Clothing,Track Pants,South,Hyderabad,SUP-013,8.0,WH-SO-02,696.0,23.0,168.0,760.0,28.35,1125.13,25.8,No,No,Autumn,Stormy,990.14,0.0,3.0,371.81,0.052,26
ORD104764,2024-10-13,P-CLO-013,Clothing,Kids Winter Jacket,South,Bengaluru,SUP-012,10.0,WH-SO-04,185.0,28.0,192.0,771.0,27.88,374.71,13.6,Yes,No,Autumn,Sunny,432.48,0.0,2.0,351.55,0.116,43
ORD104765,2024-02-08,P-GRO-014,Grocery,Basmati Rice 5kg,East,Guwahati,SUP-002,10.0,WH-EA-03,742.0,51.0,376.0,1233.0,46.63,69.56,8.5,No,No,Winter,Sunny,77.43,0.0,1.0,467.9,0.024,67
ORD104766,2022-04-04,P-FUR-005,Furniture,Study Table,South,Kochi,SUP-009,3.0,WH-SO-03,19.0,9.0,48.0,194.0,7.07,19162.27,7.9,No,No,Summer,Rainy,15865.77,0.0,0.0,196.68,0.301,5
ORD104767,2024-05-01,P-CLO-013,Clothing,Men's Cotton T-Shirt,East,Patna,SUP-020,12.0,WH-EA-04,270.0,11.0,84.0,389.0,11.34,1719.29,28.0,No,No,Summer,Cloudy,1580.3,0.0,1.0,404.81,0.045,12
ORD104768,2022-02-26,P-GRO-013,Grocery,Instant Noodles Pack,West,Pune,SUP-008,3.0,WH-WE-03,965.0,49.0,343.0,1101.0,39.88,503.69,10.0,No,No,Winter,Cloudy,447.88,0.0,1.0,333.95,0.049,49
ORD104769,2024-07-08,P-FUR-003,Furniture,Dining Chair,North,Chandigarh,SUP-013,12.0,WH-NO-05,73.0,5.0,37.0,148.0,5.22,19560.09,1.1,Yes,No,Summer,Cloudy,19898.78,0.0,2.0,547.69,0.146,5
ORD104770,2024-07-15,P-FUR-001,Furniture,Plastic Storage Rack,South,Hyderabad,SUP-022,10.0,WH-SO-02,68.0,10.0,50.0,201.0,6.25,9062.58,8.4,No,No,Autumn,Sunny,8369.55,0.0,0.0,338.16,0.028,8
ORD104771,2021-09-08,P-GRO-001,Grocery,Sugar 1kg,West,Pune,SUP-004,9.0,WH-WE-01,582.0,28.0,279.0,1128.0,34.33,519.02,21.0,No,No,Autumn,Sunny,508.0,0.0,0.0,324.0,0.036,41
ORD104772,2022-04-06,P-ELE-003,Electronics,Wireless Earbuds,West,Pune,SUP-036,3.0,WH-WE-03,141.0,5.0,57.0,193.0,6.83,11321.89,9.1,No,No,Summer,Rainy,10074.5,0.0,1.0,207.1,0.042,6
ORD104773,2023-10-19,P-CLO-012,Clothing,Kids Winter Jacket,East,Kolkata,SUP-013,7.0,WH-EA-03,326.0,15.0,126.0,,13.69,909.12,15.1,No,No,Autumn,Sunny,940.42,0.0,0.0,194.3,0.117,28
ORD104774,2021-12-09,P-ELE-006,Electronics,LED TV 43in,West,Pune,SUP-031,6.0,WH-WE-05,119.0,12.0,60.0,234.0,8.75,4530.29,10.3,No,No,Winter,Stormy,3921.68,0.0,1.0,389.29,0.197,6
ORD104775,2024-03-18,P-ELE-011,Electronics,Power Bank 10000mAh,North,Chandigarh,SUP-026,10.0,WH-NO-04,94.0,6.0,64.0,256.0,8.05,11034.35,11.8,No,No,Summer,Sunny,13243.94,2.0,2.0,424.06,0.042,9
ORD104776,2023-09-20,P-CLO-002,Clothing,Formal Shirt,North,Jaipur,SUP-031,12.0,WH-NO-05,328.0,21.0,167.0,683.0,23.13,1548.46,17.3,No,No,Autumn,Rainy,1734.81,0.0,0.0,413.14,0.053,25
ORD104777,2021-11-27,P-ELE-010,Electronics,Power Bank 10000mAh,East,Guwahati,SUP-012,8.0,WH-EA-01,57.0,7.0,57.0,237.0,7.62,7292.08,28.0,,,Autumn,Rainy,8739.81,0.0,4.0,502.46,0.15,7
ORD104778,2024-02-08,P-GRO-012,Grocery,Tea Powder 500g,West,Ahmedabad,SUP-007,6.0,WH-WE-03,179.0,38.0,406.0,1723.0,54.58,406.03,12.9,No,,,Sunny,425.73,0.0,1.0,271.43,0.074,41
ORD104779,2021-03-05,P-FUR-015,Furniture,Plastic Storage Rack,West,Surat,SUP-006,6.0,WH-WE-05,150.0,6.0,55.0,199.0,6.72,4802.6,33.3,Yes,No,Spring,Cloudy,5400.81,0.0,1.0,276.24,0.104,14
ORD104780,2022-07-15,P-GRO-005,Grocery,Masala Mix 200g,North,Chandigarh,SUP-010,14.0,WH-NO-03,485.0,30.0,242.0,1171.0,37.4,521.19,23.6,No,No,Autumn,Rainy,558.41,,2.0,518.88,0.103,37
ORD104781,2021-09-18,P-SPO-009,Sports,Cycling Helmet,East,Patna,SUP-022,11.0,WH-EA-02,249.0,19.0,99.0,427.0,13.29,390.39,,No,No,Autumn,Cloudy,359.02,0.0,0.0,384.78,0.084,18
ORD104782,2021-01-01,P-SPO-008,Sports,Badminton Racket,West,Pune,SUP-025,8.0,WH-WE-04,312.0,16.0,88.0,385.0,15.46,4597.82,23.0,Yes,No,Winter,Rainy,4460.89,0.0,1.0,421.94,0.115,19
ORD104783,2023-12-20,P-CLO-006,Clothing,Denim Jeans,North,Chandigarh,SUP-031,18.0,WH-NO-05,223.0,16.0,116.0,509.0,18.76,,12.5,No,,Winter,Sunny,1938.98,0.0,1.0,462.34,0.119,25
ORD104784,2021-08-12,P-SPO-010,Sports,Running Shoes,East,Patna,SUP-039,19.0,WH-EA-02,131.0,19.0,77.0,392.0,12.06,3576.75,18.5,No,No,Autumn,Rainy,3906.45,0.0,1.0,468.56,0.182,18
ORD104785,2023-10-12,P-SPO-009,Sports,Football,East,Guwahati,SUP-034,8.0,WH-EA-03,326.0,20.0,100.0,316.0,13.18,1126.22,24.3,No,No,Autumn,Cloudy,1125.63,0.0,1.0,367.87,0.085,21
ORD104786,2021-04-21,P-GRO-013,Grocery,Toor Dal 1kg,North,Delhi,SUP-015,5.0,WH-NO-05,1050.0,75.0,369.0,1307.0,49.59,564.51,21.2,No,No,Summer,Sunny,589.56,0.0,1.0,395.12,0.174,56
ORD104787,2024-07-26,P-BEA-001,Beauty,Body Lotion 400ml,South,Bengaluru,SUP-019,6.0,WH-SO-01,888.0,40.0,391.0,1589.0,46.2,601.48,12.2,No,No,,Cloudy,585.47,0.0,1.0,417.49,0.078,66
ORD104788,2024-11-29,P-ELE-004,Electronics,Home Router,North,Chandigarh,SUP-039,22.0,WH-NO-01,82.0,17.0,102.0,364.0,12.7,9565.44,26.4,No,No,Autumn,Sunny,9249.86,0.0,4.0,626.9,0.015,14
ORD104789,2022-04-09,P-FUR-009,Furniture,Plastic Storage Rack,Central,Bhopal,SUP-029,11.0,WH-CE-04,34.0,6.0,24.0,,3.48,4098.48,18.2,No,No,Summer,Cloudy,3615.99,0.0,0.0,367.49,0.307,0
ORD104790,2022-12-12,P-CLO-009,Clothing,Formal Shirt,North,Delhi,SUP-017,12.0,WH-NO-04,350.0,13.0,148.0,452.0,14.59,1292.36,33.1,No,No,Winter,Sunny,,0.0,1.0,496.7,,22
ORD104791,2023-06-28,P-ELE-014,Electronics,Power Bank 10000mAh,North,Lucknow,SUP-034,18.0,WH-NO-01,160.0,11.0,88.0,380.0,12.19,11970.37,7.5,No,No,Summer,Rainy,11499.06,0.0,1.0,550.69,0.085,12
ORD104792,2023-05-12,P-GRO-011,Grocery,Sunflower Oil 1L,North,Delhi,SUP-006,12.0,WH-NO-03,146.0,33.0,207.0,1057.0,37.41,427.54,15.3,Yes,No,Summer,,383.59,1.0,0.0,286.88,0.029,33
ORD104793,2021-02-09,P-SPO-001,Sports,Cricket Bat,North,Lucknow,SUP-027,4.0,WH-NO-04,269.0,13.0,69.0,349.0,12.15,1073.32,6.0,No,No,Winter,Cloudy,1022.41,0.0,0.0,313.41,0.074,14
ORD104794,2024-12-01,P-GRO-008,Grocery,Basmati Rice 5kg,North,Chandigarh,SUP-038,15.0,WH-NO-05,248.0,98.0,491.0,2303.0,63.55,551.4,14.5,Yes,No,Winter,Rainy,563.98,0.0,,458.38,0.207,92
ORD104795,2024-09-28,P-ELE-013,Electronics,Wireless Earbuds,East,Patna,SUP-022,14.0,WH-EA-05,86.0,8.0,41.0,195.0,7.56,1435.53,23.6,No,No,Autumn,Rainy,1512.26,1.0,0.0,429.88,0.053,10
ORD104796,2022-12-13,P-ELE-014,Electronics,Home Router,North,,SUP-025,10.0,WH-NO-02,98.0,8.0,,260.0,9.4,,18.4,No,No,Winter,Rainy,9338.9,0.0,,416.15,0.054,10
ORD104797,2023-03-22,P-CLO-013,Clothing,Men's Cotton T-Shirt,South,,SUP-003,7.0,WH-SO-03,173.0,17.0,118.0,466.0,17.72,819.87,4.5,Yes,No,Summer,Sunny,889.93,0.0,2.0,430.34,0.094,21
ORD104798,2021-09-06,P-BEA-008,Beauty,Moisturizer Cream,North,Jaipur,SUP-025,11.0,WH-NO-04,,21.0,138.0,446.0,15.28,871.47,19.1,No,No,Autumn,Rainy,975.37,2.0,0.0,360.3,0.109,20
ORD104799,2023-12-30,P-BEA-002,Beauty,Sunscreen Lotion,South,Hyderabad,SUP-012,6.0,WH-SO-02,,3.0,128.0,597.0,22.1,595.67,7.4,No,No,Winter,,582.01,0.0,0.0,308.93,0.106,18
ORD104800,2023-01-22,P-CLO-004,Clothing,Kids Winter Jacket,North,Jaipur,SUP-040,11.0,WH-NO-01,120.0,21.0,149.0,623.0,18.54,731.84,6.7,No,No,Winter,Sunny,788.85,0.0,0.0,364.37,0.047,25
ORD104801,2022-02-19,P-GRO-013,Grocery,Instant Noodles Pack,East,Guwahati,SUP-013,5.0,WH-EA-03,270.0,20.0,139.0,722.0,20.91,555.77,2.7,No,No,Spring,Rainy,526.1,0.0,3.0,403.36,0.016,20
ORD104802,2022-03-25,P-ELE-006,Electronics,Home Router,West,Mumbai,SUP-013,4.0,WH-WE-04,236.0,8.0,64.0,292.0,9.85,5606.2,24.1,Yes,No,Summer,Sunny,5023.0,2.0,1.0,382.79,0.075,12
ORD104803,2021-04-30,P-CLO-012,Clothing,Formal Shirt,West,Surat,SUP-016,8.0,WH-WE-03,96.0,11.0,200.0,621.0,23.23,1836.07,5.2,No,No,Summer,Sunny,1697.3,1.0,1.0,380.72,0.095,15
ORD104804,2024-02-27,P-BEA-001,Beauty,Herbal Shampoo 200ml,North,Lucknow,SUP-028,4.0,WH-NO-04,689.0,40.0,215.0,1176.0,33.35,509.34,24.2,No,No,Winter,Cloudy,474.11,0.0,0.0,204.44,0.062,40
ORD104805,2021-04-02,P-BEA-008,Beauty,Face Wash 100ml,West,Surat,SUP-039,16.0,WH-WE-04,531.0,20.0,133.0,,21.99,372.94,11.3,No,No,Summer,Cloudy,359.88,0.0,0.0,454.56,0.051,23
ORD104806,2023-04-04,P-GRO-015,Grocery,Masala Mix 200g,West,,SUP-014,14.0,WH-WE-05,86.0,30.0,172.0,805.0,26.46,200.95,0.5,No,No,Summer,Sunny,232.82,0.0,1.0,427.74,0.047,21
ORD104807,2024-04-05,P-CLO-004,Clothing,Denim Jeans,North,Lucknow,SUP-009,15.0,WH-NO-04,136.0,12.0,,564.0,18.28,2255.97,7.8,No,No,Summer,Rainy,2161.47,0.0,1.0,517.2,0.034,10
ORD104808,2021-03-18,P-CLO-001,Clothing,Woolen Sweater,South,Coimbatore,SUP-031,8.0,WH-SO-01,69.0,6.0,78.0,388.0,14.48,2454.94,19.9,No,No,Spring,Rainy,2381.01,0.0,0.0,362.12,0.037,7
ORD104809,2021-08-10,P-CLO-005,Clothing,Denim Jeans,West,Nagpur,SUP-022,15.0,WH-WE-03,338.0,14.0,140.0,645.0,22.62,6190.09,18.3,No,No,Autumn,Stormy,2082.64,0.0,3.0,575.02,0.142,18
ORD104810,2024-01-19,P-CLO-001,Clothing,Track Pants,South,Kochi,SUP-019,8.0,WH-SO-01,675.0,117.0,150.0,999.0,28.29,1606.09,1.2,No,No,Winter,Sunny,1436.4,0.0,0.0,242.39,0.044,31
ORD104811,2024-04-18,P-FUR-010,Furniture,Sofa Cushion Set,South,Coimbatore,SUP-040,3.0,WH-SO-04,113.0,2.0,31.0,155.0,,19523.78,30.4,No,No,Summer,Cloudy,19751.68,0.0,0.0,1018.29,0.136,5
ORD104812,2021-04-29,P-CLO-003,Clothing,Cotton Saree,East,Bhubaneswar,SUP-020,8.0,WH-EA-05,281.0,17.0,101.0,522.0,,,27.7,No,No,Summer,Rainy,2310.03,0.0,1.0,292.31,0.127,19
ORD104813,2022-01-23,P-SPO-004,Sports,Running Shoes,North,Chandigarh,SUP-025,13.0,WH-NO-04,215.0,13.0,63.0,280.0,8.68,572.49,8.8,No,No,Winter,Sunny,640.39,0.0,0.0,330.21,0.007,15
ORD104814,2023-06-05,P-CLO-009,Clothing,Denim Jeans,Central,Jabalpur,SUP-040,12.0,WH-CE-02,199.0,4.0,82.0,453.0,14.58,1126.73,26.9,No,No,Summer,Cloudy,1245.16,0.0,2.0,448.1,0.024,11
ORD104815,2023-03-02,P-ELE-005,Electronics,Wireless Earbuds,North,Lucknow,SUP-009,13.0,WH-NO-04,303.0,10.0,96.0,412.0,12.55,21658.19,22.3,No,No,Spring,Sunny,8365.46,0.0,1.0,467.53,0.049,13
ORD104816,2023-01-25,P-GRO-010,Grocery,Basmati Rice 5kg,North,Kanpur,SUP-037,4.0,WH-NO-01,366.0,46.0,230.0,1526.0,48.59,572.47,,No,No,Winter,Sunny,562.24,0.0,1.0,315.41,0.134,51
ORD104817,2022-01-18,P-CLO-014,Clothing,Formal Shirt,North,Jaipur,SUP-039,8.0,WH-NO-02,373.0,17.0,108.0,525.0,17.88,2234.92,8.1,No,No,Winter,Sunny,2205.32,0.0,1.0,,0.058,22
ORD104818,2023-02-27,P-CLO-014,Clothing,Woolen Sweater,South,Coimbatore,SUP-019,19.0,WH-SO-02,73.0,21.0,101.0,587.0,14.96,1218.04,25.5,No,No,,Cloudy,1257.75,0.0,1.0,527.83,0.071,11
ORD104819,2021-03-15,P-CLO-011,Clothing,Cotton Saree,West,Ahmedabad,SUP-014,7.0,WH-WE-03,59.0,,142.0,,21.6,1589.51,14.5,No,No,Summer,Cloudy,1583.58,0.0,0.0,397.52,0.077,20
ORD104820,2024-06-29,P-FUR-015,Furniture,Sofa Cushion Set,West,Nagpur,SUP-007,12.0,WH-WE-02,92.0,6.0,48.0,196.0,6.86,8823.92,17.0,No,No,Summer,Sunny,8759.87,0.0,0.0,341.06,0.164,5
ORD104821,2023-03-04,P-GRO-012,Grocery,Wheat Flour 5kg,Central,Gwalior,SUP-002,12.0,WH-CE-03,522.0,23.0,,875.0,25.78,591.11,5.4,Yes,No,Summer,Cloudy,546.92,0.0,2.0,347.67,0.022,26
ORD104822,2022-06-29,P-FUR-002,Furniture,Plastic Storage Rack,East,Kolkata,SUP-040,4.0,WH-EA-01,23.0,,42.0,152.0,4.72,7841.48,4.9,No,No,Autumn,Sunny,8262.2,0.0,0.0,256.34,0.02,5
ORD104823,2022-06-21,P-FUR-015,Furniture,Plastic Storage Rack,South,Coimbatore,SUP-018,21.0,WH-SO-05,74.0,6.0,32.0,107.0,3.73,12991.21,13.5,No,No,Autumn,Sunny,13300.66,0.0,1.0,492.76,0.169,6
ORD104824,2022-06-25,P-GRO-009,Grocery,Sunflower Oil 1L,South,Coimbatore,SUP-027,11.0,WH-SO-02,1224.0,,222.0,1471.0,51.89,203.87,2.0,No,No,Autumn,Rainy,191.54,0.0,0.0,381.04,0.078,42
ORD104825,2022-09-28,P-GRO-001,Grocery,Tea Powder 500g,North,Kanpur,SUP-010,10.0,WH-NO-05,126.0,48.0,249.0,973.0,32.63,395.1,11.2,No,No,Autumn,Sunny,442.16,0.0,0.0,255.13,0.049,50
ORD104826,2021-10-09,P-ELE-010,Electronics,LED TV 43in,Central,Jabalpur,SUP-013,16.0,WH-CE-01,46.0,9.0,58.0,270.0,8.76,5965.31,10.8,No,No,Autumn,Rainy,6064.83,0.0,1.0,357.74,0.066,11
ORD104827,2023-05-29,P-GRO-004,Grocery,Toor Dal 1kg,East,Ranchi,SUP-033,2.0,WH-EA-05,761.0,22.0,248.0,,36.09,171.11,9.9,No,No,Summer,Sunny,151.62,0.0,1.0,225.75,0.065,55
ORD104828,2021-09-26,P-BEA-009,Beauty,Sunscreen Lotion,South,Bengaluru,SUP-027,3.0,WH-SO-04,195.0,40.0,206.0,845.0,29.88,,6.5,No,No,Autumn,Sunny,1016.81,0.0,0.0,306.78,0.149,31
ORD104829,2022-04-04,P-SPO-010,Sports,Cricket Bat,East,Guwahati,SUP-009,7.0,WH-EA-02,60.0,11.0,65.0,339.0,10.63,3921.3,4.8,No,No,Summer,Rainy,3710.28,0.0,0.0,271.51,0.194,7
ORD104830,2024-06-26,P-CLO-001,Clothing,Woolen Sweater,West,Nagpur,SUP-001,2.0,WH-WE-04,475.0,47.0,225.0,985.0,32.79,632.33,11.6,No,No,Summer,Sunny,611.6,0.0,0.0,276.44,0.154,46
ORD104831,2023-04-04,P-GRO-007,Grocery,Sunflower Oil 1L,North,Kanpur,SUP-033,8.0,WH-NO-04,,41.0,282.0,1065.0,32.79,266.57,0.5,No,No,Summer,Sunny,262.58,0.0,1.0,358.69,,30
ORD104832,2024-08-12,P-FUR-001,Furniture,Sofa Cushion Set,West,Ahmedabad,SUP-004,14.0,WH-WE-04,85.0,12.0,81.0,277.0,9.14,2560.31,11.9,No,,Summer,Cloudy,2737.12,0.0,1.0,346.16,,11
ORD104833,2023-08-20,P-BEA-002,Beauty,Body Lotion 400ml,West,Nagpur,SUP-002,6.0,WH-WE-05,412.0,22.0,194.0,717.0,28.3,966.25,0.2,No,No,Summer,Cloudy,961.79,0.0,4.0,448.61,0.076,23
ORD104834,2024-02-19,P-GRO-004,Grocery,Sunflower Oil 1L,West,Nagpur,SUP-013,17.0,WH-WE-05,318.0,34.0,252.0,1496.0,47.74,393.23,11.7,No,No,Winter,Rainy,412.68,0.0,4.0,688.74,0.079,34
ORD104835,2021-05-11,P-BEA-012,Beauty,Herbal Shampoo 200ml,North,Delhi,SUP-038,5.0,WH-NO-01,74.0,23.0,154.0,751.0,22.9,499.53,19.0,Yes,No,Summer,Stormy,436.65,0.0,4.0,452.65,0.045,16
ORD104836,2023-01-07,P-ELE-007,Electronics,Bluetooth Speaker,North,Kanpur,SUP-026,3.0,WH-NO-02,48.0,6.0,66.0,309.0,9.93,14162.9,5.1,No,No,Winter,Sunny,12912.79,0.0,0.0,314.49,0.193,8
ORD104837,2022-05-27,P-ELE-001,Electronics,Power Bank 10000mAh,South,Coimbatore,SUP-002,10.0,WH-SO-01,121.0,6.0,79.0,233.0,9.26,9279.63,2.6,No,No,Summer,Sunny,9303.36,0.0,1.0,398.86,0.12,7
ORD104838,2021-01-25,P-ELE-012,Electronics,Laptop Stand,West,Ahmedabad,SUP-037,18.0,WH-WE-01,106.0,13.0,94.0,503.0,16.36,12821.71,6.9,No,No,Winter,Cloudy,12077.88,0.0,2.0,624.45,0.197,15
ORD104839,2021-05-12,P-ELE-009,Electronics,Bluetooth Speaker,Central,Bhopal,SUP-038,8.0,WH-CE-01,92.0,3.0,26.0,150.0,5.27,4445.5,9.6,No,,Summer,Sunny,4372.82,0.0,0.0,336.83,0.072,4
ORD104840,2021-10-05,P-SPO-003,Sports,Skipping Rope,East,Ranchi,SUP-028,3.0,WH-EA-04,169.0,11.0,71.0,341.0,11.32,900.91,16.9,No,No,Autumn,Cloudy,954.67,0.0,3.0,267.84,0.092,15
ORD104841,2021-01-11,P-CLO-009,Clothing,Formal Shirt,North,Lucknow,SUP-003,4.0,WH-NO-04,279.0,17.0,132.0,539.0,17.16,1368.7,3.2,Yes,No,Winter,Sunny,1280.76,0.0,0.0,202.38,0.077,29
ORD104842,2022-10-01,P-GRO-004,Grocery,Masala Mix 200g,North,Chandigarh,SUP-001,20.0,WH-NO-01,192.0,29.0,210.0,1022.0,35.01,70.59,17.1,Yes,No,Autumn,Rainy,66.44,0.0,1.0,605.71,0.039,27
ORD104843,2021-03-16,P-CLO-010,Clothing,Track Pants,East,Patna,SUP-035,6.0,WH-EA-03,368.0,10.0,109.0,518.0,16.27,1018.36,7.1,No,No,Spring,Rainy,1027.3,0.0,2.0,327.42,0.131,17
ORD104844,2024-04-19,P-GRO-015,Grocery,Sunflower Oil 1L,North,Kanpur,SUP-033,14.0,WH-NO-01,1239.0,42.0,437.0,1763.0,56.21,405.53,5.0,Yes,No,Summer,Sunny,336.55,0.0,2.0,490.49,0.072,66
ORD104845,2023-05-16,P-GRO-005,Grocery,Toor Dal 1kg,East,Bhubaneswar,SUP-034,8.0,WH-EA-01,422.0,40.0,200.0,1157.0,37.32,317.32,28.2,Yes,No,Summer,Sunny,342.9,4.0,0.0,340.15,0.149,46
ORD104846,2024-11-07,P-ELE-012,Electronics,Wireless Earbuds,West,Mumbai,SUP-020,11.0,WH-WE-01,102.0,7.0,55.0,230.0,7.97,5977.47,11.9,No,No,Autumn,,6039.7,0.0,0.0,355.31,0.15,11
ORD104847,2021-05-04,P-FUR-001,Furniture,Office Chair,South,Bengaluru,SUP-024,7.0,WH-SO-03,70.0,6.0,39.0,177.0,5.37,13465.01,4.2,Yes,No,Summer,Sunny,13565.25,1.0,2.0,358.35,0.062,7
ORD104848,2021-04-27,P-ELE-007,Electronics,Wireless Earbuds,South,Kochi,SUP-007,6.0,WH-SO-01,155.0,9.0,94.0,424.0,12.33,11976.35,8.0,No,No,Summer,Sunny,11459.62,0.0,0.0,317.26,0.233,17
ORD104849,2024-06-22,P-BEA-014,Beauty,Face Wash 100ml,North,Lucknow,SUP-002,6.0,WH-NO-04,252.0,24.0,137.0,627.0,20.96,339.32,8.9,No,No,Summer,,358.03,0.0,1.0,325.36,0.017,27
ORD104850,2022-07-27,P-GRO-002,Grocery,Basmati Rice 5kg,South,Coimbatore,SUP-009,9.0,WH-SO-05,589.0,52.0,359.0,1192.0,41.81,118.08,1.0,Yes,No,Summer,Sunny,116.56,0.0,0.0,386.06,0.224,55
ORD104851,2024-01-15,P-BEA-014,Beauty,Hair Oil 250ml,West,Mumbai,SUP-025,3.0,WH-WE-05,679.0,24.0,260.0,1158.0,40.28,342.05,28.7,Yes,Yes,Winter,Sunny,375.6,0.0,0.0,178.95,0.037,100
ORD104852,2021-10-05,P-BEA-002,Beauty,Lipstick Set,South,Kochi,SUP-017,6.0,WH-SO-05,326.0,22.0,197.0,815.0,25.2,829.1,9.9,Yes,No,Autumn,Sunny,715.62,0.0,1.0,298.38,0.095,24
ORD104853,2021-01-13,P-ELE-008,Electronics,Bluetooth Speaker,North,Jaipur,SUP-025,19.0,WH-NO-04,58.0,4.0,63.0,233.0,7.69,4129.06,10.1,Yes,No,Winter,Sunny,4149.96,0.0,1.0,627.89,0.112,10
ORD104854,2022-12-29,P-ELE-003,Electronics,Power Bank 10000mAh,North,Lucknow,SUP-018,10.0,WH-NO-05,173.0,13.0,44.0,301.0,10.29,14999.91,1.1,No,No,Winter,Rainy,15050.77,0.0,8.0,769.57,0.008,7
ORD104855,2023-04-18,P-SPO-001,Sports,Skipping Rope,North,Kanpur,SUP-023,7.0,WH-NO-05,235.0,39.0,202.0,654.0,23.54,2744.33,11.5,No,No,Summer,Sunny,2812.67,0.0,4.0,459.2,0.036,29
ORD104856,2021-06-12,P-CLO-006,Clothing,Kids Winter Jacket,East,Patna,SUP-039,11.0,WH-EA-02,80.0,20.0,93.0,494.0,15.86,1074.64,26.5,No,No,Autumn,Rainy,1195.31,2.0,0.0,299.55,0.053,15
ORD104857,2021-01-15,P-FUR-009,Furniture,Plastic Storage Rack,East,Ranchi,SUP-026,12.0,WH-EA-04,72.0,5.0,37.0,180.0,5.66,,21.5,No,Yes,Winter,Cloudy,15770.1,0.0,0.0,445.67,0.012,6
ORD104858,2021-11-06,P-ELE-011,Electronics,Laptop Stand,East,Bhubaneswar,SUP-039,4.0,WH-EA-02,152.0,10.0,77.0,284.0,9.53,10173.13,24.2,Yes,No,Autumn,,9038.16,0.0,1.0,439.27,0.025,15
ORD104859,2021-06-09,P-GRO-005,Grocery,Toor Dal 1kg,East,,SUP-039,14.0,WH-EA-05,528.0,70.0,391.0,1849.0,60.02,426.53,6.5,No,No,Summer,Stormy,414.48,0.0,1.0,364.32,0.125,52
ORD104860,2024-12-26,P-CLO-008,Clothing,Formal Shirt,North,Delhi,SUP-025,5.0,WH-NO-01,440.0,11.0,121.0,553.0,17.57,1595.91,3.1,No,No,Winter,Sunny,1354.29,0.0,0.0,330.54,0.055,19
ORD104861,2024-12-14,P-SPO-003,Sports,Yoga Mat,East,Patna,SUP-040,5.0,WH-EA-03,215.0,9.0,73.0,303.0,,1983.48,8.9,Yes,No,Winter,Sunny,2349.48,0.0,1.0,348.13,0.121,16
ORD104862,2021-01-24,P-GRO-011,Grocery,Sunflower Oil 1L,North,Delhi,SUP-010,14.0,WH-NO-02,,51.0,369.0,1411.0,51.57,568.36,6.9,No,No,Winter,Cloudy,610.8,0.0,1.0,395.7,0.013,50
ORD104863,2022-10-30,P-BEA-003,Beauty,Herbal Shampoo 200ml,Central,Jabalpur,SUP-021,14.0,WH-CE-05,579.0,24.0,150.0,703.0,25.25,949.83,6.9,Yes,No,Autumn,Sunny,989.13,0.0,1.0,508.87,0.151,37
ORD104864,2022-07-16,P-FUR-013,Furniture,Sofa Cushion Set,North,Delhi,SUP-003,3.0,WH-NO-02,34.0,4.0,37.0,130.0,4.52,14898.98,12.7,Yes,No,Autumn,Sunny,15832.12,,1.0,223.92,0.14,8
ORD104865,2021-02-09,P-ELE-003,Electronics,Power Bank 10000mAh,South,Bengaluru,SUP-004,11.0,WH-SO-05,169.0,8.0,60.0,246.0,8.17,13534.83,30.5,No,No,Spring,Rainy,14911.08,0.0,1.0,381.15,0.179,11
ORD104866,2023-09-01,P-GRO-010,Grocery,Toor Dal 1kg,North,Delhi,SUP-006,12.0,WH-NO-03,237.0,21.0,162.0,865.0,30.26,51.24,26.6,No,No,Autumn,Rainy,48.72,0.0,1.0,405.87,0.1,30
ORD104867,2024-05-27,P-GRO-005,Grocery,Basmati Rice 5kg,West,Nagpur,SUP-006,12.0,WH-WE-04,410.0,30.0,264.0,1124.0,38.56,290.77,6.6,No,No,Summer,Cloudy,282.37,0.0,0.0,310.27,0.085,49
ORD104868,2023-06-13,P-CLO-015,Clothing,Kids Winter Jacket,North,Kanpur,SUP-017,13.0,WH-NO-03,393.0,21.0,142.0,622.0,19.34,2234.23,30.9,Yes,No,Autumn,Cloudy,2295.41,0.0,0.0,391.95,,41
ORD104869,2024-09-02,P-FUR-005,Furniture,TV Unit,Central,Gwalior,SUP-029,10.0,WH-CE-03,90.0,6.0,39.0,152.0,5.93,9222.88,23.4,Yes,No,Autumn,Cloudy,8850.84,1.0,3.0,399.04,,9
ORD104870,2023-07-21,P-CLO-015,Clothing,Kids Winter Jacket,North,Delhi,SUP-040,14.0,WH-NO-02,193.0,28.0,149.0,779.0,28.23,2108.39,7.6,Yes,No,Autumn,Sunny,1951.94,1.0,1.0,421.77,0.07,25
ORD104871,2023-03-13,P-GRO-013,Grocery,Basmati Rice 5kg,West,Ahmedabad,SUP-040,7.0,WH-WE-02,952.0,53.0,228.0,1152.0,41.26,119.38,9.7,No,No,Summer,Sunny,114.32,,1.0,424.97,0.076,35
ORD104872,2024-10-16,P-FUR-008,Furniture,Study Table,East,Ranchi,SUP-008,5.0,WH-EA-04,105.0,7.0,45.0,243.0,7.21,3648.62,1.7,No,No,Autumn,Cloudy,3760.04,0.0,0.0,323.14,0.021,8
ORD104873,2023-10-29,P-CLO-008,Clothing,Kids Winter Jacket,South,Bengaluru,SUP-018,8.0,WH-SO-02,437.0,26.0,204.0,836.0,27.68,1035.17,9.2,Yes,No,Autumn,Sunny,1110.65,0.0,1.0,399.43,0.063,36
ORD104874,2024-01-23,P-CLO-006,Clothing,Track Pants,North,Jaipur,SUP-018,7.0,WH-NO-05,337.0,19.0,128.0,479.0,15.63,1901.14,27.6,Yes,No,Winter,Sunny,1707.86,0.0,1.0,405.39,0.161,28
ORD104875,2024-02-14,P-CLO-007,Clothing,Men's Cotton T-Shirt,South,,SUP-004,13.0,WH-SO-01,304.0,40.0,145.0,722.0,26.28,1482.15,19.9,No,No,Spring,Cloudy,1459.65,0.0,3.0,,0.103,21
ORD104876,2021-02-16,P-GRO-007,Grocery,Instant Noodles Pack,West,Nagpur,SUP-002,2.0,WH-WE-02,471.0,42.0,314.0,1404.0,49.27,163.85,16.2,No,No,Spring,Cloudy,163.14,0.0,0.0,128.77,0.129,57
ORD104877,2023-12-10,P-FUR-003,Furniture,Dining Chair,West,Ahmedabad,SUP-015,7.0,WH-WE-01,259.0,12.0,51.0,238.0,10.69,5962.99,18.0,No,No,Winter,Sunny,5299.58,0.0,1.0,362.83,0.155,10
ORD104878,2023-12-30,P-GRO-005,Grocery,Basmati Rice 5kg,North,Kanpur,SUP-035,5.0,WH-NO-05,211.0,42.0,314.0,1361.0,45.18,320.38,7.1,Yes,No,Winter,Rainy,331.88,0.0,1.0,255.95,0.176,38
ORD104879,2022-12-24,P-GRO-014,Grocery,Sunflower Oil 1L,South,Hyderabad,SUP-016,12.0,WH-SO-03,1052.0,49.0,590.0,1927.0,68.97,210.22,14.3,No,No,Winter,Rainy,208.42,1.0,,338.02,0.077,80
ORD104880,2023-04-05,P-ELE-015,Electronics,Wireless Earbuds,North,Jaipur,SUP-016,7.0,WH-NO-01,69.0,6.0,46.0,144.0,5.72,2284.11,14.5,No,No,Summer,Cloudy,2112.61,0.0,,310.4,0.144,6
ORD104881,2024-05-01,P-CLO-001,Clothing,Kids Winter Jacket,North,Kanpur,SUP-040,6.0,WH-NO-01,157.0,21.0,,548.0,17.76,1033.67,10.5,No,No,Summer,Sunny,993.78,0.0,1.0,458.1,0.104,15
ORD104882,2021-07-27,P-FUR-011,Furniture,Office Chair,East,Patna,SUP-016,11.0,WH-EA-05,12.0,2.0,19.0,78.0,2.88,6410.36,9.5,No,No,Summer,Cloudy,6684.86,2.0,2.0,331.78,0.16,1
ORD104883,2023-02-10,P-GRO-004,Grocery,Masala Mix 200g,South,Coimbatore,SUP-028,9.0,WH-SO-05,796.0,48.0,235.0,1078.0,35.65,407.04,19.6,Yes,No,Spring,Cloudy,,0.0,2.0,425.15,0.013,47
ORD104884,2024-01-31,P-BEA-010,Beauty,Face Wash 100ml,North,Chandigarh,SUP-040,18.0,WH-NO-02,525.0,24.0,184.0,853.0,27.69,963.48,2.0,No,No,Winter,Cloudy,989.65,0.0,2.0,652.56,0.121,36
ORD104885,2022-01-15,P-BEA-010,Beauty,Hair Oil 250ml,West,Ahmedabad,SUP-005,6.0,WH-WE-04,,25.0,202.0,1106.0,28.91,1057.73,7.7,,No,Winter,Cloudy,1219.02,0.0,1.0,325.65,0.072,44
ORD104886,2022-01-21,P-ELE-014,Electronics,Power Bank 10000mAh,West,Surat,SUP-021,4.0,WH-WE-02,282.0,16.0,88.0,384.0,13.35,6676.38,17.9,Yes,No,Winter,Sunny,7272.12,1.0,1.0,139.43,0.028,22
ORD104887,2021-01-06,P-FUR-011,Furniture,Office Chair,West,Pune,SUP-014,6.0,WH-WE-05,169.0,13.0,86.0,,12.29,8621.07,15.0,No,No,Winter,Sunny,9001.32,0.0,1.0,463.75,0.121,15
ORD104888,2022-04-02,P-GRO-013,Grocery,Wheat Flour 5kg,North,Delhi,SUP-005,13.0,WH-NO-04,860.0,28.0,204.0,1051.0,35.28,195.22,9.9,No,No,Summer,Rainy,184.24,1.0,1.0,554.79,0.051,27
ORD104889,2022-06-08,P-SPO-013,Sports,Skipping Rope,Central,Raipur,SUP-002,5.0,WH-CE-03,97.0,9.0,115.0,426.0,15.42,2880.66,12.6,No,No,Autumn,Sunny,3141.34,0.0,3.0,332.32,0.135,15
ORD104890,2024-10-23,P-GRO-010,Grocery,Basmati Rice 5kg,East,Ranchi,SUP-026,12.0,WH-EA-05,988.0,63.0,315.0,1264.0,41.39,476.94,3.5,Yes,No,Autumn,Cloudy,447.61,0.0,1.0,485.85,0.043,62
ORD104891,2021-05-01,P-GRO-007,Grocery,Toor Dal 1kg,East,Kolkata,SUP-027,9.0,WH-EA-02,6976.0,38.0,348.0,1171.0,36.3,150.91,26.9,Yes,No,Summer,Rainy,159.93,0.0,5.0,555.54,0.116,60
ORD104892,2023-08-03,P-CLO-006,Clothing,Denim Jeans,North,Lucknow,SUP-023,9.0,WH-NO-05,609.0,40.0,193.0,813.0,25.75,2293.13,3.5,No,No,Autumn,Sunny,1844.77,2.0,1.0,292.36,0.04,28
ORD104893,2021-04-03,P-GRO-006,Grocery,Basmati Rice 5kg,West,Surat,SUP-027,7.0,WH-WE-02,190.0,33.0,264.0,1242.0,38.81,548.99,11.6,No,No,Summer,Stormy,527.3,0.0,0.0,368.05,0.066,37
ORD104894,2024-03-13,P-FUR-006,Furniture,Plastic Storage Rack,East,Bhubaneswar,SUP-029,4.0,WH-EA-05,57.0,6.0,51.0,161.0,5.86,3966.92,12.3,No,No,Spring,,3523.35,0.0,1.0,269.16,,5
ORD104895,2022-11-17,P-CLO-005,Clothing,Formal Shirt,West,Surat,SUP-003,6.0,WH-WE-05,301.0,10.0,134.0,479.0,15.88,612.83,9.4,No,No,Autumn,Cloudy,598.8,0.0,0.0,295.07,,24
ORD104896,2022-09-15,P-GRO-005,Grocery,Wheat Flour 5kg,East,Bhubaneswar,SUP-002,9.0,WH-EA-03,503.0,25.0,224.0,907.0,36.05,270.08,3.9,No,No,Autumn,Cloudy,236.82,0.0,3.0,498.0,0.076,31
ORD104897,2024-10-10,P-CLO-009,Clothing,Track Pants,West,Nagpur,SUP-014,6.0,WH-WE-01,439.0,18.0,186.0,522.0,21.1,2061.59,17.4,No,No,Autumn,Rainy,2066.3,0.0,0.0,321.8,0.05,27
ORD104898,2023-12-31,P-SPO-005,Sports,Cricket Bat,West,Nagpur,SUP-023,3.0,WH-WE-04,420.0,44.0,217.0,1036.0,29.57,3565.6,13.5,No,No,Winter,,3698.83,0.0,0.0,279.62,0.1,67
ORD104899,2021-06-04,P-BEA-006,Beauty,Lipstick Set,Central,Raipur,SUP-037,16.0,WH-CE-04,111.0,17.0,87.0,476.0,15.72,929.92,8.3,No,No,Autumn,,881.56,0.0,2.0,450.39,0.064,16
ORD104900,2022-01-24,P-CLO-011,Clothing,Women's Kurti,North,Chandigarh,SUP-040,12.0,WH-NO-05,203.0,33.0,153.0,783.0,24.59,727.52,21.9,No,No,Winter,,708.89,0.0,4.0,,0.04,29
ORD104901,2022-02-04,P-GRO-005,Grocery,Instant Noodles Pack,North,Lucknow,SUP-034,9.0,WH-NO-02,1143.0,81.0,319.0,1605.0,50.42,80.5,5.2,No,No,Spring,Rainy,81.91,0.0,1.0,330.23,0.098,65
ORD104902,2023-06-10,P-ELE-002,Electronics,Smartwatch,West,Ahmedabad,SUP-012,,WH-WE-02,95.0,11.0,72.0,251.0,8.4,5570.08,0.4,No,No,Summer,Cloudy,5549.09,0.0,0.0,448.1,0.075,10
ORD104903,2024-04-27,P-SPO-001,Sports,Running Shoes,East,Ranchi,SUP-023,5.0,WH-EA-02,147.0,15.0,82.0,389.0,11.45,1286.82,10.0,Yes,No,Summer,Rainy,1425.58,0.0,3.0,321.88,0.067,23
ORD104904,2023-07-21,P-FUR-012,Furniture,Study Table,East,Bhubaneswar,SUP-005,7.0,WH-EA-02,92.0,5.0,31.0,129.0,4.36,12149.6,17.1,No,No,Autumn,Sunny,11483.43,0.0,1.0,338.09,0.077,4
ORD104905,2022-08-11,P-CLO-015,Clothing,Formal Shirt,West,Surat,SUP-020,4.0,WH-WE-01,425.0,28.0,135.0,458.0,19.51,2258.02,12.7,Yes,No,Summer,Sunny,2355.07,0.0,1.0,316.87,0.061,25
ORD104906,2023-12-27,P-SPO-011,Sports,Cricket Bat,East,Bhubaneswar,SUP-004,6.0,WH-EA-01,190.0,21.0,172.0,577.0,18.95,1242.33,3.5,No,No,Winter,Rainy,1268.19,0.0,1.0,323.98,0.037,19
ORD104907,2024-01-14,P-ELE-001,Electronics,LED TV 43in,West,Surat,SUP-040,11.0,WH-WE-03,38.0,9.0,45.0,,6.6,,21.7,No,,Winter,Sunny,12733.59,0.0,2.0,524.99,0.043,5
ORD104908,2021-04-28,P-FUR-009,Furniture,TV Unit,South,Coimbatore,SUP-019,10.0,WH-SO-05,40.0,,41.0,159.0,6.19,8276.76,33.0,Yes,No,Summer,Cloudy,8334.55,2.0,1.0,356.95,0.146,7
ORD104909,2023-03-04,P-GRO-005,Grocery,Sugar 1kg,West,Ahmedabad,SUP-029,21.0,WH-WE-01,546.0,29.0,197.0,696.0,23.91,104.85,9.1,Yes,No,Spring,Cloudy,104.12,0.0,1.0,547.01,0.059,28
ORD104910,2023-11-05,P-ELE-005,Electronics,Wireless Earbuds,North,Kanpur,SUP-005,6.0,WH-NO-02,178.0,13.0,84.0,390.0,11.73,2855.44,1.4,No,No,Autumn,Sunny,2742.96,0.0,1.0,344.78,0.058,16
ORD104911,2023-06-02,P-CLO-014,Clothing,Denim Jeans,East,Ranchi,SUP-039,13.0,WH-EA-05,,15.0,137.0,528.0,16.2,1873.01,8.7,No,No,Autumn,Sunny,2138.88,0.0,1.0,444.52,0.009,25
ORD104912,2021-12-24,P-GRO-013,Grocery,Instant Noodles Pack,West,Mumbai,SUP-021,18.0,WH-WE-01,363.0,17.0,197.0,,30.09,343.12,21.4,No,No,Winter,Sunny,378.39,0.0,1.0,418.53,0.1,52
ORD104913,2021-08-24,P-SPO-012,Sports,Football,South,Chennai,SUP-003,6.0,WH-SO-01,243.0,100.0,96.0,369.0,13.37,1886.72,6.7,Yes,No,Summer,Rainy,1771.61,0.0,0.0,377.57,0.055,15
ORD104914,2022-03-01,P-GRO-008,Grocery,Instant Noodles Pack,South,Kochi,SUP-015,23.0,WH-SO-05,249.0,32.0,253.0,852.0,28.49,551.07,2.8,No,No,Spring,Sunny,579.08,0.0,3.0,726.2,0.011,32
ORD104915,2022-05-30,P-BEA-009,Beauty,Moisturizer Cream,South,Hyderabad,SUP-009,11.0,WH-SO-02,575.0,23.0,211.0,1000.0,,634.53,12.3,No,No,Summer,Sunny,672.29,0.0,1.0,351.81,0.076,35
ORD104916,2024-09-08,P-BEA-014,Beauty,Lipstick Set,East,Patna,SUP-003,6.0,WH-EA-02,361.0,30.0,227.0,909.0,28.27,394.1,16.4,No,No,Autumn,Stormy,398.7,0.0,1.0,363.1,0.188,27
ORD104917,2023-06-28,P-FUR-010,Furniture,TV Unit,South,Coimbatore,SUP-002,12.0,WH-SO-01,47.0,5.0,23.0,128.0,4.34,10682.86,7.3,No,No,Summer,Rainy,9744.39,0.0,0.0,357.23,0.119,3
ORD104918,2024-05-06,P-SPO-009,Sports,Running Shoes,North,Jaipur,SUP-029,7.0,WH-NO-03,231.0,20.0,118.0,525.0,15.18,4695.39,,No,No,Summer,Cloudy,4337.66,1.0,1.0,397.35,0.096,23
ORD104919,2021-02-09,P-GRO-002,Grocery,Wheat Flour 5kg,West,Mumbai,SUP-035,12.0,WH-WE-05,610.0,37.0,,1050.0,34.28,333.44,23.8,No,No,Spring,,347.52,0.0,1.0,510.06,0.189,42
ORD104920,2024-02-20,P-GRO-015,Grocery,Basmati Rice 5kg,North,Delhi,SUP-027,5.0,WH-NO-05,483.0,41.0,271.0,988.0,34.22,297.6,25.6,No,No,Spring,Rainy,309.67,0.0,6.0,,0.065,38
ORD104921,2021-10-03,P-ELE-013,Electronics,Smartphone Charger,East,Ranchi,SUP-028,6.0,WH-EA-04,254.0,12.0,76.0,369.0,13.05,11423.92,15.2,No,No,Autumn,Rainy,11163.12,0.0,3.0,517.87,0.08,14
ORD104922,2023-04-07,P-GRO-006,Grocery,Toor Dal 1kg,East,Guwahati,SUP-002,,WH-EA-04,315.0,27.0,243.0,825.0,30.15,475.04,17.0,No,No,Summer,Rainy,525.04,0.0,1.0,474.38,0.146,46
ORD104923,2022-07-19,P-SPO-004,Sports,Football,North,Lucknow,SUP-008,2.0,WH-NO-04,172.0,19.0,139.0,661.0,20.02,2386.95,,Yes,No,Autumn,Cloudy,2672.13,0.0,0.0,172.06,0.086,29
ORD104924,2024-06-15,P-CLO-015,Clothing,Woolen Sweater,North,Kanpur,SUP-002,,WH-NO-04,484.0,28.0,240.0,950.0,32.39,1296.12,10.5,No,No,Autumn,Cloudy,1449.75,0.0,1.0,290.79,0.076,38
ORD104925,2023-09-13,P-GRO-015,Grocery,Basmati Rice 5kg,Central,Bhopal,SUP-039,10.0,WH-CE-03,327.0,28.0,215.0,647.0,30.29,174.74,20.6,Yes,No,Autumn,Rainy,195.51,0.0,1.0,392.68,0.041,37
ORD104926,2022-11-04,P-GRO-007,Grocery,Tea Powder 500g,West,Nagpur,SUP-030,13.0,WH-WE-02,1096.0,55.0,327.0,1370.0,47.63,422.15,8.0,Yes,No,Autumn,Rainy,421.62,0.0,4.0,575.36,0.036,63
ORD104927,2023-01-15,P-CLO-004,Clothing,Woolen Sweater,North,Delhi,SUP-039,6.0,WH-NO-05,323.0,23.0,122.0,651.0,19.37,423.97,20.2,No,No,Winter,Cloudy,378.7,0.0,2.0,309.74,0.149,26
ORD104928,2023-10-30,P-FUR-012,Furniture,Wooden Bookshelf,West,Surat,SUP-037,9.0,WH-WE-05,81.0,7.0,38.0,182.0,6.37,6775.02,15.3,Yes,No,Autumn,Sunny,6600.28,0.0,0.0,282.16,0.092,8
ORD104929,2023-11-17,P-GRO-010,Grocery,Tea Powder 500g,East,Ranchi,SUP-009,6.0,WH-EA-01,881.0,45.0,316.0,1061.0,40.99,170.05,8.5,Yes,No,Autumn,Rainy,168.49,0.0,2.0,,0.042,56
ORD104930,2023-04-18,P-BEA-014,Beauty,Face Wash 100ml,North,Jaipur,SUP-021,5.0,WH-NO-01,560.0,33.0,138.0,679.0,23.83,511.16,12.5,No,No,Summer,Sunny,485.41,0.0,2.0,354.4,0.2,23
ORD104931,2023-11-28,P-FUR-009,Furniture,Sofa Cushion Set,West,Surat,SUP-026,4.0,WH-WE-04,87.0,10.0,48.0,222.0,7.0,9896.47,11.6,No,No,Autumn,Sunny,9594.97,0.0,1.0,255.65,0.154,11
ORD104932,2024-02-27,P-BEA-009,Beauty,Talcum Powder,East,Patna,SUP-030,12.0,WH-EA-01,292.0,17.0,99.0,488.0,16.71,412.1,8.4,No,No,Spring,Sunny,374.01,0.0,1.0,464.96,0.06,12
ORD104933,2021-02-15,P-GRO-003,Grocery,Instant Noodles Pack,North,Lucknow,SUP-027,11.0,WH-NO-05,361.0,50.0,224.0,919.0,33.91,514.93,6.1,No,No,Winter,Sunny,544.36,0.0,2.0,449.28,0.021,32
ORD104934,2022-06-21,P-FUR-010,Furniture,Office Chair,West,Pune,SUP-019,9.0,WH-WE-05,79.0,8.0,28.0,175.0,5.53,14684.02,7.0,No,No,Summer,Cloudy,16596.82,0.0,0.0,454.71,0.098,5
ORD104935,2024-08-10,P-ELE-006,Electronics,LED TV 43in,South,,SUP-001,11.0,WH-SO-01,184.0,13.0,103.0,420.0,12.59,9758.02,7.3,Yes,Yes,Autumn,Sunny,11617.5,0.0,1.0,540.75,0.197,28
ORD104936,2022-04-15,P-GRO-004,Grocery,Sugar 1kg,South,Chennai,SUP-038,11.0,WH-SO-04,,46.0,434.0,1923.0,56.07,534.73,14.3,Yes,No,Summer,Cloudy,545.35,0.0,2.0,460.69,0.187,75
ORD104937,2024-04-19,P-BEA-012,Beauty,Body Lotion 400ml,South,Chennai,SUP-028,7.0,WH-SO-01,512.0,22.0,169.0,744.0,24.38,209.44,5.0,No,No,Summer,Stormy,206.56,0.0,2.0,377.65,0.024,19
ORD104938,2023-03-14,P-FUR-006,Furniture,Plastic Storage Rack,West,Surat,SUP-034,7.0,WH-WE-02,39.0,7.0,46.0,188.0,6.4,3132.14,10.8,Yes,No,Spring,Sunny,3122.88,0.0,5.0,509.04,0.094,6
ORD104939,2022-02-01,P-ELE-004,Electronics,Home Router,West,Pune,SUP-009,5.0,WH-WE-03,178.0,8.0,69.0,262.0,8.4,12889.28,2.0,No,No,Winter,Sunny,14292.86,1.0,0.0,233.97,0.014,11
ORD104940,2022-05-27,P-BEA-015,Beauty,Herbal Shampoo 200ml,Central,Bhopal,SUP-005,6.0,WH-CE-04,138.0,17.0,157.0,823.0,24.45,258.29,7.8,Yes,No,Summer,,286.07,2.0,1.0,356.38,0.051,22
ORD104941,2022-12-09,P-ELE-015,Electronics,Laptop Stand,North,Jaipur,SUP-037,12.0,WH-NO-01,182.0,6.0,74.0,291.0,8.8,14677.48,22.7,No,No,Winter,Rainy,14394.98,0.0,0.0,326.74,0.148,15
ORD104942,2021-07-02,P-CLO-008,Clothing,Formal Shirt,West,Ahmedabad,SUP-033,14.0,WH-WE-01,,19.0,135.0,643.0,21.64,655.38,11.8,Yes,No,,Sunny,,0.0,0.0,424.32,0.074,28
ORD104943,2022-03-27,P-SPO-005,Sports,Running Shoes,East,Patna,SUP-034,4.0,WH-EA-02,,10.0,80.0,313.0,11.57,1507.7,,Yes,No,Summer,Sunny,1527.19,0.0,4.0,377.78,0.124,13
ORD104944,2023-09-22,P-CLO-003,Clothing,Kids Winter Jacket,South,Coimbatore,SUP-018,9.0,WH-SO-04,407.0,8.0,105.0,585.0,19.1,621.16,16.4,Yes,No,Autumn,Sunny,584.61,0.0,0.0,287.26,0.042,27
ORD104945,2024-08-17,P-BEA-010,Beauty,Lipstick Set,North,Lucknow,SUP-037,3.0,WH-NO-03,147.0,24.0,163.0,578.0,19.34,113.96,15.2,No,No,Autumn,Sunny,112.55,0.0,0.0,215.82,0.121,26
ORD104946,2024-10-20,P-CLO-010,Clothing,Track Pants,West,Surat,SUP-009,12.0,WH-WE-02,332.0,34.0,171.0,802.0,25.63,1963.5,12.7,No,No,Autumn,Cloudy,2231.02,0.0,1.0,392.18,0.037,29
ORD104947,2022-07-14,P-BEA-010,Beauty,Body Lotion 400ml,South,Bengaluru,SUP-031,5.0,WH-SO-01,514.0,38.0,,853.0,32.02,316.41,13.9,No,No,Summer,Cloudy,334.68,0.0,0.0,296.38,,35
ORD104948,2024-03-06,P-FUR-012,Furniture,Dining Chair,East,,SUP-020,,WH-EA-05,73.0,1.0,20.0,91.0,3.24,10936.74,,No,No,Spring,Sunny,10493.35,1.0,1.0,384.28,0.041,2
ORD104949,2022-08-02,P-FUR-008,Furniture,Study Table,East,Bhubaneswar,SUP-007,9.0,WH-EA-04,60.0,5.0,36.0,172.0,5.29,12939.07,14.3,Yes,No,Autumn,Sunny,13909.32,0.0,0.0,337.23,0.11,5
ORD104950,2024-03-24,P-GRO-011,Grocery,Toor Dal 1kg,North,Lucknow,SUP-029,2.0,WH-NO-05,283.0,47.0,243.0,1253.0,41.09,157.02,12.1,No,No,Summer,Cloudy,165.99,0.0,0.0,244.52,0.164,44
ORD104951,2024-08-25,P-BEA-010,Beauty,Hair Oil 250ml,Central,Gwalior,SUP-015,14.0,WH-CE-03,425.0,25.0,110.0,476.0,18.02,1018.73,30.2,No,No,Summer,,993.47,0.0,1.0,480.08,0.007,28
ORD104952,2022-10-14,P-GRO-012,Grocery,Instant Noodles Pack,West,,SUP-007,8.0,WH-WE-05,417.0,67.0,214.0,1374.0,40.59,128.96,15.2,No,No,Autumn,Cloudy,121.26,0.0,,269.35,0.123,43
ORD104953,2023-05-28,P-SPO-012,Sports,Yoga Mat,East,Guwahati,SUP-029,5.0,WH-EA-04,313.0,15.0,100.0,432.0,14.88,2741.89,,No,No,Summer,Rainy,2498.13,0.0,2.0,361.29,0.149,12
ORD104954,2024-06-20,P-GRO-001,Grocery,Sugar 1kg,West,Pune,SUP-031,16.0,WH-WE-03,1860.0,80.0,476.0,2376.0,76.46,447.84,4.9,No,No,Autumn,Stormy,388.93,0.0,0.0,425.07,0.066,73
ORD104955,2021-07-21,P-GRO-010,Grocery,Tea Powder 500g,South,Hyderabad,SUP-013,6.0,WH-SO-03,1283.0,67.0,547.0,1676.0,58.85,409.07,6.0,No,No,Autumn,Sunny,387.66,0.0,0.0,246.36,0.066,48
ORD104956,2021-12-27,P-BEA-015,Beauty,Herbal Shampoo 200ml,West,Surat,SUP-039,,WH-WE-03,261.0,28.0,194.0,1029.0,33.45,690.84,9.4,No,No,Winter,Sunny,681.02,0.0,1.0,325.2,0.254,34
ORD104957,2023-07-04,P-GRO-009,Grocery,Masala Mix 200g,North,Kanpur,SUP-029,,WH-NO-03,187.0,42.0,340.0,1847.0,54.54,391.91,6.6,Yes,No,Autumn,Cloudy,431.42,0.0,1.0,443.59,0.17,47
ORD104958,2021-09-19,P-GRO-008,Grocery,Toor Dal 1kg,South,Chennai,SUP-001,11.0,WH-SO-04,1107.0,61.0,371.0,1621.0,47.85,330.16,,No,No,Autumn,Sunny,351.93,0.0,2.0,515.61,0.222,88
ORD104959,2024-03-06,P-FUR-010,Furniture,Foldable Bed,South,Hyderabad,SUP-014,8.0,WH-SO-03,110.0,6.0,27.0,161.0,4.65,13852.01,18.2,No,No,Spring,Sunny,14069.77,0.0,3.0,491.26,0.015,7
ORD104960,2022-01-25,P-ELE-009,Electronics,LED TV 43in,South,Hyderabad,SUP-039,1.0,WH-SO-05,105.0,10.0,76.0,317.0,11.12,12243.65,27.3,No,No,Winter,Cloudy,10408.27,0.0,0.0,235.38,0.059,9
ORD104961,2022-05-09,P-ELE-007,Electronics,Wireless Earbuds,South,Kochi,SUP-008,5.0,WH-SO-05,110.0,4.0,51.0,211.0,6.63,4380.57,8.8,No,No,Summer,Cloudy,4484.05,0.0,0.0,289.41,0.106,7
ORD104962,2024-03-30,P-CLO-015,Clothing,Formal Shirt,North,Kanpur,SUP-039,10.0,WH-NO-03,73.0,6.0,126.0,,16.53,1649.53,8.2,No,No,Summer,Sunny,1432.39,0.0,1.0,411.55,0.034,10
ORD104963,2023-02-09,P-GRO-002,Grocery,Sugar 1kg,Central,Gwalior,SUP-021,15.0,WH-CE-02,594.0,37.0,263.0,1167.0,37.75,120.98,9.6,Yes,No,Spring,Cloudy,129.43,0.0,1.0,493.04,0.113,57
ORD104964,2024-03-01,P-GRO-013,Grocery,Wheat Flour 5kg,North,Kanpur,SUP-028,7.0,WH-NO-04,697.0,36.0,252.0,1309.0,36.89,445.71,,Yes,No,Summer,Sunny,477.85,0.0,0.0,374.33,0.046,58
ORD104965,2023-07-05,P-ELE-003,Electronics,Home Router,North,Delhi,SUP-028,6.0,WH-NO-04,68.0,7.0,60.0,198.0,7.53,12646.29,14.7,No,No,Autumn,Sunny,12697.79,0.0,1.0,314.55,0.034,7
ORD104966,2023-01-22,P-GRO-004,Grocery,Instant Noodles Pack,South,Coimbatore,SUP-021,2.0,WH-SO-02,270.0,48.0,,1047.0,38.16,139.28,14.4,No,No,Winter,,148.38,0.0,2.0,318.03,0.123,48
ORD104967,2023-01-16,P-GRO-010,Grocery,Sugar 1kg,East,Ranchi,SUP-021,8.0,WH-EA-05,304.0,28.0,187.0,789.0,26.74,348.56,25.3,No,No,Winter,Sunny,,0.0,1.0,427.24,0.065,42
ORD104968,2024-03-18,P-ELE-010,Electronics,Power Bank 10000mAh,North,Jaipur,SUP-023,11.0,WH-NO-04,230.0,4.0,68.0,266.0,9.12,8279.98,1.8,No,No,Spring,Stormy,8352.56,0.0,1.0,,0.05,6
ORD104969,2024-12-30,P-FUR-014,Furniture,Dining Chair,East,Bhubaneswar,SUP-026,6.0,WH-EA-04,21.0,7.0,30.0,151.0,4.66,18571.66,0.6,Yes,No,Winter,Sunny,18356.39,0.0,3.0,380.2,0.063,3
ORD104970,2021-02-05,P-FUR-005,Furniture,Sofa Cushion Set,West,Nagpur,SUP-030,10.0,WH-WE-04,64.0,,51.0,201.0,6.23,15950.75,2.6,Yes,No,Winter,Rainy,14255.19,0.0,1.0,357.46,0.032,8
ORD104971,2023-01-11,P-ELE-001,Electronics,Power Bank 10000mAh,North,Jaipur,SUP-018,10.0,WH-NO-02,33.0,9.0,83.0,256.0,10.72,10077.0,9.2,Yes,No,Winter,Stormy,9790.76,,0.0,328.49,0.05,9
ORD104972,2024-02-19,P-GRO-004,Grocery,Sugar 1kg,Central,Jabalpur,SUP-018,3.0,WH-CE-04,457.0,23.0,213.0,869.0,32.42,240.64,18.2,No,No,Spring,Sunny,221.45,0.0,1.0,344.38,0.109,36
ORD104973,2023-07-29,P-SPO-009,Sports,Skipping Rope,South,Bengaluru,SUP-032,3.0,WH-SO-01,256.0,12.0,69.0,318.0,10.8,1147.75,11.2,Yes,No,Autumn,Sunny,1055.32,0.0,2.0,440.75,0.034,16
ORD104974,2022-12-09,P-CLO-006,Clothing,Men's Cotton T-Shirt,East,Guwahati,SUP-031,5.0,WH-EA-04,326.0,9.0,123.0,394.0,13.97,739.64,17.9,Yes,No,Winter,Rainy,696.27,0.0,0.0,230.91,0.115,13
ORD104975,2024-03-05,P-GRO-004,Grocery,Wheat Flour 5kg,North,Chandigarh,SUP-026,6.0,WH-NO-03,646.0,45.0,242.0,1178.0,37.93,232.41,21.9,No,No,Summer,Sunny,195.94,0.0,0.0,203.63,0.132,43
ORD104976,2022-11-16,P-CLO-014,Clothing,Woolen Sweater,West,Nagpur,SUP-019,14.0,WH-WE-03,110.0,30.0,224.0,1044.0,33.49,1077.26,14.0,Yes,Yes,Autumn,Cloudy,1161.66,0.0,0.0,377.19,0.031,41
ORD104977,2021-07-19,P-GRO-009,Grocery,Toor Dal 1kg,West,Nagpur,SUP-023,6.0,WH-WE-04,223.0,57.0,262.0,1088.0,46.83,507.74,16.9,Yes,Yes,Autumn,Sunny,516.64,0.0,0.0,295.66,0.058,56
ORD104978,2022-02-02,P-BEA-011,Beauty,Face Wash 100ml,North,Kanpur,SUP-023,14.0,WH-NO-02,211.0,6.0,162.0,588.0,20.24,528.39,12.7,No,No,Spring,Rainy,577.46,0.0,1.0,426.71,0.125,20
ORD104979,2021-03-06,P-SPO-012,Sports,Skipping Rope,North,Lucknow,SUP-018,13.0,WH-NO-04,273.0,13.0,87.0,376.0,13.71,3896.4,7.4,No,No,Summer,,4146.38,1.0,0.0,419.7,0.067,14
ORD104980,2023-10-23,P-SPO-007,Sports,Running Shoes,South,Hyderabad,SUP-008,8.0,WH-SO-01,200.0,18.0,104.0,454.0,14.97,1800.58,20.7,No,No,Autumn,Cloudy,1872.44,0.0,8.0,633.26,0.1,17
ORD104981,2024-11-22,P-GRO-012,Grocery,Masala Mix 200g,North,Delhi,SUP-022,5.0,WH-NO-04,677.0,26.0,273.0,1276.0,39.91,300.92,16.4,No,No,Autumn,Sunny,320.04,0.0,1.0,372.89,0.099,50
ORD104982,2022-07-09,P-GRO-015,Grocery,Basmati Rice 5kg,Central,Jabalpur,SUP-018,4.0,WH-CE-04,756.0,38.0,324.0,1009.0,34.39,321.4,14.7,No,No,Summer,Cloudy,325.28,0.0,0.0,284.17,0.048,46
ORD104983,2023-12-06,P-ELE-011,Electronics,Smartphone Charger,East,Patna,SUP-003,3.0,WH-EA-01,26.0,7.0,58.0,173.0,6.6,4782.28,9.2,Yes,,Winter,Cloudy,5281.58,0.0,0.0,95.27,0.043,10
ORD104984,2024-12-06,P-GRO-005,Grocery,Tea Powder 500g,East,Guwahati,SUP-039,,WH-EA-04,604.0,57.0,385.0,1795.0,52.89,542.91,4.0,No,No,Winter,,520.77,1.0,1.0,368.32,,62
ORD104985,2022-07-29,P-GRO-012,Grocery,Sunflower Oil 1L,Central,Raipur,SUP-027,3.0,WH-CE-04,421.0,26.0,181.0,801.0,28.98,357.15,1.1,Yes,No,Summer,Rainy,356.57,0.0,1.0,267.54,0.079,33
ORD104986,2024-07-13,P-FUR-004,Furniture,Foldable Bed,West,,SUP-005,6.0,WH-WE-03,208.0,11.0,65.0,261.0,9.19,15171.4,2.4,No,No,Summer,Sunny,14832.54,0.0,1.0,238.8,0.026,10
ORD104987,2021-01-26,P-ELE-002,Electronics,LED TV 43in,West,Nagpur,SUP-009,12.0,WH-WE-04,136.0,8.0,53.0,187.0,7.68,12387.43,2.8,No,Yes,Winter,Sunny,14386.32,0.0,0.0,407.4,0.058,12
ORD104988,2023-09-18,P-SPO-007,Sports,Football,South,Coimbatore,SUP-023,4.0,WH-SO-01,229.0,,82.0,300.0,9.51,4918.4,1.3,Yes,No,Autumn,Sunny,4669.79,0.0,0.0,313.06,0.14,13
ORD104989,2021-09-01,P-ELE-008,Electronics,Power Bank 10000mAh,South,Coimbatore,SUP-035,8.0,WH-SO-05,115.0,8.0,91.0,285.0,9.48,7111.36,18.8,,No,Autumn,Cloudy,7843.97,0.0,5.0,535.24,0.102,13
ORD104990,2024-02-16,P-ELE-008,Electronics,Wireless Earbuds,South,Bengaluru,SUP-020,5.0,WH-SO-05,128.0,9.0,95.0,,13.0,12278.82,3.9,No,No,Winter,Rainy,10939.59,0.0,0.0,,0.014,14
ORD104991,2021-01-15,P-BEA-004,Beauty,Body Lotion 400ml,South,Kochi,SUP-033,6.0,WH-SO-04,174.0,34.0,230.0,813.0,29.5,361.13,,No,No,Winter,Sunny,364.03,0.0,1.0,318.92,0.046,26
ORD104992,2024-05-01,P-FUR-005,Furniture,Office Chair,South,Bengaluru,SUP-006,8.0,WH-SO-01,64.0,4.0,51.0,180.0,5.62,17558.0,20.2,No,No,Summer,Sunny,17302.93,0.0,,315.6,0.237,8
ORD104993,2022-08-03,P-GRO-014,Grocery,Tea Powder 500g,North,Chandigarh,SUP-022,3.0,WH-NO-03,443.0,59.0,311.0,1419.0,41.44,490.72,11.6,Yes,No,Summer,Stormy,450.64,0.0,7.0,519.44,0.099,42
ORD104994,2021-12-13,P-CLO-005,Clothing,Woolen Sweater,South,Chennai,SUP-034,16.0,WH-SO-05,294.0,36.0,138.0,524.0,22.65,946.0,11.8,No,No,Winter,Sunny,895.71,1.0,1.0,414.14,0.047,29
ORD104995,2023-03-22,P-GRO-012,Grocery,Basmati Rice 5kg,South,Chennai,SUP-034,6.0,WH-SO-04,1186.0,52.0,452.0,2069.0,66.03,524.58,4.2,No,No,Summer,Rainy,545.69,0.0,0.0,262.17,0.019,64
ORD104996,2024-12-16,P-ELE-004,Electronics,Home Router,South,Kochi,SUP-010,6.0,WH-SO-05,,7.0,62.0,228.0,8.9,6867.01,9.7,No,No,Winter,,6682.17,0.0,0.0,245.73,0.203,7
ORD104997,2021-08-23,P-CLO-002,Clothing,Denim Jeans,North,Lucknow,SUP-027,9.0,WH-NO-04,696.0,32.0,177.0,896.0,28.59,1718.1,2.6,No,No,Autumn,Rainy,1585.44,0.0,0.0,291.45,0.017,29
ORD104998,2022-03-29,P-GRO-001,Grocery,Sugar 1kg,South,,SUP-002,2.0,WH-SO-04,201.0,35.0,224.0,1063.0,32.0,432.35,2.3,Yes,No,Spring,Sunny,463.4,0.0,0.0,360.04,0.02,40
ORD104999,2023-07-24,P-FUR-004,Furniture,Dining Chair,East,Patna,SUP-006,10.0,WH-EA-02,114.0,4.0,24.0,118.0,4.39,18416.83,4.0,No,No,Summer,Cloudy,18385.61,0.0,3.0,452.79,0.021,4
